blockname,experiment,date,subject,cohort,procedure,solution,exclude,exclude_note,block_set,stim_set,deprivation,imaging
2022_04_25_abb01,abb,04/25/2022,abb01,1,multi_s,multi_s,NA,NA,"{4,1,0,2,1,4,3,3,2,0,4,4,0,1,3,2,1,0,2,3,3,4,2,1,3,0,4,0,2,1,4,2,1,0,2,1,0,4,3,3,2,1,4,0,2,3,3,4,1,0,4,2,0,1,4,1,3,0,2,3,1,2,0,3,2,3,4,0,1,4,0,0,2,4,4,3,3,1,2,1,3,0,1,1,0,3,2,4,4,2,0,4,1,2,1,4,3,3,2,0};",NA,fr,tdt
2022_04_25_abb03,abb,04/25/2022,abb03,1,multi_s,multi_s,NA,NA,"{1,0,3,4,4,1,3,0,2,2,3,1,4,0,2,3,0,1,2,4,0,3,0,4,3,2,2,1,1,4,1,2,3,0,4,2,0,1,3,4,0,2,2,3,3,1,4,0,4,1,1,3,0,1,2,0,4,2,4,3,3,3,0,4,4,2,1,1,2,0,4,3,1,0,2,2,1,4,0,3,1,4,1,3,4,3,0,2,2,0,2,3,0,4,1,1,0,3,4,2};",NA,wr,tdt
2022_04_25_abb04,abb,04/25/2022,abb04,1,multi_s,multi_s,NA, ,"{3,4,4,2,1,1,3,2,0,0,4,3,3,1,2,4,2,0,1,0,1,1,3,2,4,3,2,0,0,4,1,3,4,0,0,1,4,2,2,3,0,1,2,4,4,1,3,2,3,0,3,1,4,2,2,0,3,0,1,4,4,4,3,0,3,1,2,1,2,0,2,0,2,4,4,0,3,1,1,3,0,3,4,3,2,2,0,4,1,1,4,1,3,4,2,3,1,0,2,0};",NA,fr,tdt
2022_04_25_abb05,abb,04/25/2022,abb05,1,multi_s,multi_s,NA,NA,"{3,3,0,1,1,2,0,4,2,4,3,4,2,2,0,4,1,1,0,3,0,1,2,4,1,0,3,3,2,4,1,3,2,3,4,1,0,2,4,0,2,3,2,1,3,4,0,4,1,0,1,3,2,0,1,4,3,4,2,0,4,1,1,2,2,0,3,4,3,0,0,4,1,2,3,1,4,0,2,3,2,3,0,4,4,0,1,2,3,1,4,1,2,1,3,4,3,0,2,0};",NA,wr,tdt
2022_04_25_abb06,abb,04/25/2022,abb06,1,multi_s,multi_s,NA,NA,"{0,4,3,1,2,4,1,3,2,0,2,4,0,3,2,3,1,4,1,0,1,4,0,3,2,0,3,4,2,1,0,3,4,1,2,1,4,0,2,3,4,4,1,0,2,2,3,3,0,1,0,4,2,1,1,3,3,0,2,4,4,1,2,0,0,3,2,1,3,4,2,0,4,3,2,0,3,1,4,1,1,4,0,0,4,1,3,2,3,2,4,1,0,0,4,3,1,2,2,3};",NA,fr,tdt
2022_04_26_abb01,abb,04/26/2022,abb01,1,multi_s,multi_s,NA,NA,"{2,4,2,4,0,1,3,1,3,0,4,1,0,3,2,0,1,3,4,2,3,3,0,4,0,2,1,4,2,1,4,2,1,3,0,2,3,0,1,4,4,2,2,3,3,1,0,4,1,0,2,0,2,1,4,4,3,3,1,0,0,2,4,2,3,3,1,1,0,4,2,0,2,3,3,1,0,4,1,4,1,3,2,0,1,0,2,4,3,4,1,0,2,4,2,3,3,0,4,1};",NA,fr,tdt
2022_04_26_abb03,abb,04/26/2022,abb03,1,multi_s,multi_s,NA,NA,"{3,0,1,1,4,2,4,3,0,2,4,1,1,2,3,2,4,0,3,0,3,2,1,0,4,0,1,3,4,2,0,4,2,3,2,4,1,3,0,1,3,1,2,4,4,3,0,2,0,1,4,1,0,1,0,3,2,4,3,2,3,1,3,0,4,2,4,0,1,2,0,2,4,1,0,3,4,3,2,1,2,1,4,4,0,3,1,2,3,0,2,3,1,4,0,1,4,2,3,0};",NA,wr,tdt
2022_04_26_abb04,abb,04/26/2022,abb04,1,multi_s,multi_s,NA, ,"{1,1,3,0,2,0,3,4,4,2,4,4,1,0,2,0,3,2,1,3,1,4,3,2,1,2,0,4,3,0,0,3,4,2,3,1,2,1,4,0,0,0,4,3,2,1,2,3,4,1,1,4,1,2,0,3,2,0,4,3,3,3,0,2,4,1,2,4,0,1,4,3,4,2,3,0,2,1,0,1,3,3,1,0,1,4,0,2,2,4,4,1,4,2,1,3,3,0,0,2};",NA,fr,tdt
2022_04_26_abb05,abb,04/26/2022,abb05,1,multi_s,multi_s,NA, ,"{2,1,1,3,0,3,2,0,4,4,1,4,3,2,4,1,3,0,2,0,3,4,0,3,2,1,1,4,0,2,4,4,3,2,1,0,2,1,3,0,0,4,2,3,0,1,4,3,2,1,4,0,3,1,0,2,4,3,2,1,4,1,4,2,2,0,3,1,3,0,0,3,4,2,2,3,1,1,0,4,3,1,0,2,4,3,2,1,4,0,3,1,3,4,0,4,2,2,0,1};",NA,wr,tdt
2022_04_26_abb06,abb,04/26/2022,abb06,1,multi_s,multi_s,NA, ,"{0,3,1,2,0,2,4,3,4,1,0,2,4,0,1,2,4,3,3,1,2,3,0,0,1,2,1,4,4,3,4,0,0,3,1,2,1,3,4,2,4,2,0,3,3,1,1,0,4,2,0,1,4,2,2,4,3,1,0,3,2,3,0,2,0,1,4,1,3,4,1,4,0,1,2,2,3,4,3,0,1,3,4,0,0,1,3,2,2,4,1,0,4,3,2,3,1,0,4,2};",NA,fr,tdt
2022_04_27_abb01,abb,04/27/2022,abb01,1,multi_s,multi_s,NA, ,"{1,2,3,2,0,4,4,3,1,0,4,3,1,1,4,2,3,0,0,2,4,4,1,3,2,3,2,0,1,0,3,1,4,1,3,2,0,0,2,4,1,2,0,0,2,4,3,4,3,1,2,2,4,4,3,0,1,3,0,1,4,1,1,2,2,3,0,4,0,3,4,1,0,1,2,4,2,3,3,0,2,1,3,4,0,3,4,0,2,1,2,3,1,4,0,1,4,2,0,3};",NA,fr,tdt
2022_04_27_abb03,abb,04/27/2022,abb03,1,multi_s,multi_s,NA, ,"{3,1,2,0,3,1,4,0,2,4,4,2,3,0,2,1,1,4,0,3,3,4,4,0,2,3,2,0,1,1,0,1,3,4,2,2,0,4,1,3,2,1,3,4,4,0,0,3,2,1,0,2,4,4,0,1,1,3,3,2,4,4,1,2,0,3,2,1,3,0,3,1,2,4,0,4,1,2,0,3,0,1,2,3,2,4,3,1,0,4,4,0,4,1,3,3,0,2,1,2};",NA,wr,tdt
2022_04_27_abb04,abb,04/27/2022,abb04,1,multi_s,multi_s,NA, ,"{3,1,2,0,3,1,4,0,2,4,4,2,3,0,2,1,1,4,0,3,3,4,4,0,2,3,2,0,1,1,0,1,3,4,2,2,0,4,1,3,2,1,3,4,4,0,0,3,2,1,0,2,4,4,0,1,1,3,3,2,4,4,1,2,0,3,2,1,3,0,3,1,2,4,0,4,1,2,0,3,0,1,2,3,2,4,3,1,0,4,4,0,4,1,3,3,0,2,1,2};",NA,fr,tdt
2022_04_27_abb05,abb,04/27/2022,abb05,1,multi_s,multi_s,NA, ,"{4,3,1,2,4,1,2,3,0,0,3,4,0,2,1,1,2,3,0,4,4,4,3,2,1,0,3,2,1,0,3,3,0,4,2,1,1,0,4,2,2,2,1,4,3,4,0,0,3,1,4,2,4,1,1,3,2,3,0,0,0,3,4,3,1,2,2,0,1,4,1,2,0,3,1,4,0,2,4,3,0,1,1,4,2,4,3,2,0,3,0,4,3,2,0,2,3,4,1,1};",NA,wr,tdt
2022_04_27_abb06,abb,04/27/2022,abb06,1,multi_s,multi_s,NA, ,"{4,0,1,0,2,4,2,1,3,3,0,1,2,3,3,0,2,4,1,4,1,3,0,1,4,2,4,3,0,2,4,4,1,1,3,0,2,0,2,3,3,2,2,4,0,1,0,4,3,1,2,0,1,0,4,1,4,2,3,3,4,0,2,2,1,4,1,3,3,0,1,1,4,3,2,0,2,0,3,4,2,1,4,0,3,1,2,0,3,4,0,3,0,1,2,4,3,4,2,1};",NA,fr,tdt
2022_04_28_abb01,abb,04/28/2022,abb01,1,multi_s,multi_s,NA, ,"{1,2,2,1,3,4,4,3,0,0,3,2,2,1,0,4,4,3,1,0,3,3,0,1,1,4,0,2,4,2,1,1,3,2,0,4,2,0,4,3,4,4,2,2,0,3,3,1,0,1,4,1,3,0,2,4,2,1,0,3,3,1,2,3,4,4,0,2,1,0,0,4,2,3,0,1,4,1,2,3,3,4,3,2,2,0,1,4,0,1,0,4,4,1,2,1,3,2,0,3};",NA,fr,tdt
2022_04_28_abb03,abb,04/28/2022,abb03,1,multi_s,multi_s,NA, ,"{1,4,3,2,4,2,0,1,3,0,1,1,0,3,3,2,0,4,4,2,0,0,2,3,3,4,2,4,1,1,2,4,1,2,0,3,1,4,0,3,0,4,4,0,2,2,1,3,3,1,2,1,2,4,4,0,1,0,3,3,1,0,4,1,2,3,0,4,3,2,0,2,1,4,0,2,4,3,1,3,1,0,3,3,2,2,1,4,0,4,0,4,2,3,4,2,1,3,0,1};",NA,wr,tdt
2022_04_28_abb04,abb,04/28/2022,abb04,1,multi_s,multi_s,NA, ,"{0,1,2,3,0,1,4,3,4,2,1,0,4,0,3,4,3,2,1,2,2,1,4,0,4,3,0,1,3,2,2,4,3,1,1,0,2,3,0,4,3,0,1,1,4,4,0,2,2,3,3,1,3,0,2,2,1,4,0,4,1,1,4,2,3,4,0,3,2,0,0,2,3,1,2,3,0,1,4,4,4,3,0,1,4,1,0,2,2,3,0,4,3,2,4,3,2,1,1,0};",NA,fr,tdt
2022_04_28_abb05,abb,04/28/2022,abb05,1,multi_s,multi_s,NA, ,"{3,4,4,3,2,0,0,1,1,2,3,2,4,0,4,1,1,3,2,0,4,3,1,0,3,2,4,0,1,2,0,2,1,1,3,4,2,4,3,0,0,2,0,3,4,1,2,3,4,1,1,3,0,4,1,4,3,0,2,2,0,3,4,0,3,1,2,1,2,4,0,3,4,2,0,4,3,1,1,2,3,4,0,3,4,2,1,1,2,0,2,1,0,4,3,0,1,4,3,2};",NA,wr,tdt
2022_04_28_abb06,abb,04/28/2022,abb06,1,multi_s,multi_s,NA, ,"{1,0,3,2,0,3,4,2,1,4,1,0,1,3,3,4,4,0,2,2,0,3,4,1,2,3,0,4,1,2,0,1,2,2,4,3,3,1,4,0,0,2,4,3,1,2,3,1,4,0,1,0,0,4,3,2,3,2,4,1,1,3,0,4,3,4,0,1,2,2,0,3,2,0,1,4,4,1,2,3,0,3,3,1,4,1,0,4,2,2,4,2,1,4,1,3,3,0,0,2};",NA,fr,tdt
2022_05_04_abb01,abb,05/04/2022,abb01,1,multi_s,multi_s,NA, ,"{2,1,1,3,4,0,2,4,3,0,0,3,2,1,4,4,1,2,0,3,4,3,4,0,0,1,2,2,1,3,4,3,1,4,3,0,1,2,0,2,3,0,3,2,1,0,4,1,2,4,3,3,0,2,0,1,2,4,4,1,1,2,2,4,3,0,1,0,4,3,4,1,1,2,4,2,3,0,0,3,4,1,4,0,1,3,3,2,2,0,1,2,0,4,0,3,2,3,4,1};",NA,wr,tdt
2022_05_04_abb03,abb,05/04/2022,abb03,1,multi_s,multi_s,NA, ,"{2,1,1,3,4,0,2,4,3,0,0,3,2,1,4,4,1,2,0,3,4,3,4,0,0,1,2,2,1,3,4,3,1,4,3,0,1,2,0,2,3,0,3,2,1,0,4,1,2,4,3,3,0,2,0,1,2,4,4,1,1,2,2,4,3,0,1,0,4,3,4,1,1,2,4,2,3,0,0,3,4,1,4,0,1,3,3,2,2,0,1,2,0,4,0,3,2,3,4,1};",NA,fr,tdt
2022_05_04_abb04,abb,05/04/2022,abb04,1,multi_s,multi_s,NA, ,"{4,2,3,1,3,0,4,2,0,1,2,3,2,3,0,1,1,4,0,4,2,1,2,4,3,0,0,4,1,3,3,2,0,3,1,4,4,2,1,0,3,0,3,2,4,1,1,4,0,2,4,2,0,1,2,3,3,1,4,0,3,2,1,2,4,0,3,0,4,1,0,3,3,2,4,1,4,2,0,1,2,4,2,0,3,3,0,4,1,1,0,3,1,2,2,1,3,0,4,4};",NA,wr,tdt
2022_05_04_abb05,abb,05/04/2022,abb05,1,multi_s,multi_s,NA, ,"{4,0,2,3,4,3,1,0,2,1,3,0,3,2,2,1,0,4,4,1,1,0,3,4,2,0,2,1,3,4,1,4,1,0,3,0,4,2,3,2,2,1,3,4,1,0,0,4,3,2,4,1,3,0,2,1,0,2,3,4,1,3,3,2,0,2,4,4,1,0,2,4,0,0,4,3,2,3,1,1,1,2,3,0,3,2,0,4,4,1,0,4,3,2,4,0,1,1,3,2};",NA,fr,tdt
2022_05_04_abb06,abb,05/04/2022,abb06,1,multi_s,multi_s,NA, ,"{0,4,2,2,0,3,1,3,4,1,3,0,2,1,2,0,4,3,1,4,4,2,1,1,2,3,4,3,0,0,4,1,2,0,3,4,2,3,1,0,4,3,0,4,3,2,1,0,2,1,4,1,2,0,0,3,3,2,4,1,2,2,3,4,4,1,0,0,3,1,2,3,3,4,1,4,0,1,0,2,0,1,4,0,3,1,2,3,4,2,2,3,2,1,1,4,0,3,0,4};",NA,wr,tdt
2022_05_05_abb01,abb,05/05/2022,abb01,1,multi_s,multi_s,NA, ,"{4,2,0,4,1,3,0,2,1,3,0,0,4,3,1,1,3,2,4,2,4,4,3,0,2,0,1,3,1,2,1,2,2,0,4,3,0,1,4,3,0,2,4,3,3,0,1,1,4,2,2,3,4,1,0,4,3,1,0,2,0,2,4,0,1,4,2,3,1,3,2,1,3,4,3,2,1,0,0,4,1,3,0,0,1,4,3,4,2,2,2,1,0,1,4,3,2,0,4,3};",NA,wr,tdt
2022_05_05_abb03,abb,05/05/2022,abb03,1,multi_s,multi_s,NA, ,"{3,0,2,1,3,2,4,1,0,4,1,3,0,4,4,2,1,0,2,3,0,0,4,3,3,1,4,2,1,2,2,4,0,3,0,1,4,2,3,1,4,2,2,3,1,0,3,1,4,0,0,0,2,4,3,4,3,1,1,2,4,0,3,4,2,2,1,1,0,3,0,3,1,2,4,1,3,2,4,0,4,2,3,3,1,0,2,4,0,1,2,3,3,4,4,0,2,1,1,0};",NA,fr,tdt
2022_05_05_abb04,abb,05/05/2022,abb04,1,multi_s,multi_s,NA, ,"{3,4,1,0,0,3,1,2,4,2,3,3,1,2,0,4,4,2,1,0,3,2,4,0,4,1,1,2,3,0,3,4,2,0,1,4,1,2,0,3,4,1,1,0,3,0,2,3,4,2,3,2,2,3,1,4,4,0,1,0,2,0,0,2,3,4,1,3,4,1,4,2,0,3,4,2,1,3,0,1,4,4,2,3,2,1,1,3,0,0,4,0,3,1,2,3,2,4,0,1};",NA,wr,tdt
2022_05_05_abb05,abb,05/05/2022,abb05,1,multi_s,multi_s,NA, ,"{1,2,1,4,2,3,4,0,3,0,4,3,3,2,1,0,4,0,1,2,1,1,0,3,4,3,0,4,2,2,4,2,3,1,0,0,2,1,3,4,2,0,4,4,3,2,1,0,1,3,2,2,1,3,0,0,1,4,3,4,2,3,4,3,0,4,1,0,2,1,2,1,0,3,2,4,3,4,0,1,0,2,4,3,1,2,0,4,1,3,1,0,0,4,3,2,3,4,1,2};",NA,fr,tdt
2022_05_05_abb06,abb,05/05/2022,abb06,1,multi_s,multi_s,NA, ,"{4,1,0,2,3,1,4,3,2,0,4,3,0,1,0,3,2,1,2,4,1,2,4,1,3,2,4,3,0,0,3,2,0,3,1,4,2,0,4,1,2,1,0,3,3,2,1,4,4,0,3,4,1,2,2,0,3,0,4,1,3,0,4,1,2,1,0,3,2,4,0,0,2,3,4,4,2,1,1,3,0,4,2,3,3,1,1,4,2,0,0,3,0,4,2,3,1,1,2,4};",NA,wr,tdt
2022_05_06_abb01,abb,05/06/2022,abb01,1,multi_s,multi_s,NA, ,"{4,2,3,0,3,4,1,0,2,1,1,4,0,2,0,2,3,3,4,1,2,1,3,4,0,3,0,4,2,1,1,4,3,0,1,0,2,3,2,4,0,1,3,0,3,4,1,2,2,4,3,2,3,1,0,4,0,1,2,4,2,0,4,3,1,0,4,1,2,3,3,0,3,4,0,1,2,2,1,4,0,1,0,3,2,3,2,4,4,1,4,1,2,3,3,2,4,0,0,1};",NA,wr,tdt
2022_05_06_abb03,abb,05/06/2022,abb03,1,multi_s,multi_s,NA, ,"{4,1,0,4,2,3,1,0,2,3,1,3,1,4,2,0,4,3,0,2,0,3,4,0,4,1,3,2,1,2,4,3,0,1,0,2,2,4,3,1,3,1,0,4,4,0,3,2,1,2,4,1,2,0,0,3,1,4,3,2,1,4,3,0,4,3,0,2,1,2,4,2,3,0,0,4,1,3,1,2,0,3,3,4,1,2,1,2,0,4,3,3,0,0,4,2,4,1,2,1};",NA,fr,tdt
2022_05_06_abb04,abb,05/06/2022,abb04,1,multi_s,multi_s,NA, ,"{4,1,1,2,2,0,4,0,3,3,4,0,2,0,1,3,1,4,3,2,2,4,4,0,2,0,1,1,3,3,1,2,4,1,3,0,3,2,0,4,0,4,2,0,4,3,1,1,3,2,1,4,4,3,2,2,1,0,0,3,0,2,3,1,1,3,2,4,0,4,2,1,4,2,4,0,3,1,0,3,4,2,3,3,2,0,0,1,4,1,1,2,1,4,0,0,3,2,3,4};",NA,wr,tdt
2022_05_06_abb05,abb,05/06/2022,abb05,1,multi_s,multi_s,NA, ,"{4,3,2,2,1,3,4,0,0,1,0,2,4,1,3,4,0,2,3,1,3,4,1,0,1,4,2,2,0,3,0,4,1,3,2,1,4,3,2,0,0,4,2,3,2,3,1,1,0,4,4,0,0,3,2,1,1,4,3,2,0,2,4,2,0,1,3,4,3,1,0,4,1,3,4,3,0,1,2,2,0,1,4,2,0,2,4,3,1,3,0,2,4,3,0,1,3,4,2,1};",NA,fr,tdt
2022_05_06_abb06,abb,05/06/2022,abb06,1,multi_s,multi_s,NA, ,"{2,2,0,1,0,4,3,1,4,3,1,1,2,2,4,0,0,4,3,3,4,0,0,2,3,3,1,4,1,2,2,4,1,2,4,3,0,1,3,0,0,1,3,3,1,4,4,2,0,2,4,0,1,3,2,3,2,4,1,0,4,3,4,1,0,2,3,1,0,2,2,1,0,3,0,2,3,1,4,4,3,4,1,4,1,0,3,2,2,0,2,4,3,4,3,1,0,1,2,0};",NA,wr,tdt
2022_05_11_abb01,abb,05/11/2022,abb01,1,multi_nacl,multi_nacl,NA, ,"{3,4,1,0,0,3,1,2,4,2,3,3,1,2,0,4,4,2,1,0,3,2,4,0,4,1,1,2,3,0,3,4,2,0,1,4,1,2,0,3,4,1,1,0,3,0,2,3,4,2,3,2,2,3,1,4,4,0,1,0,2,0,0,2,3,4,1,3,4,1,4,2,0,3,4,2,1,3,0,1,4,4,2,3,2,1,1,3,0,0,4,0,3,1,2,3,2,4,0,1};",NA,wr,tdt
2022_05_11_abb03,abb,05/11/2022,abb03,1,multi_nacl,multi_nacl,NA, ,"{1,2,1,4,2,3,4,0,3,0,4,3,3,2,1,0,4,0,1,2,1,1,0,3,4,3,0,4,2,2,4,2,3,1,0,0,2,1,3,4,2,0,4,4,3,2,1,0,1,3,2,2,1,3,0,0,1,4,3,4,2,3,4,3,0,4,1,0,2,1,2,1,0,3,2,4,3,4,0,1,0,2,4,3,1,2,0,4,1,3,1,0,0,4,3,2,3,4,1,2};",NA,wr,tdt
2022_05_11_abb04,abb,05/11/2022,abb04,1,multi_nacl,multi_nacl,NA, ,"{4,1,0,2,3,1,4,3,2,0,4,3,0,1,0,3,2,1,2,4,1,2,4,1,3,2,4,3,0,0,3,2,0,3,1,4,2,0,4,1,2,1,0,3,3,2,1,4,4,0,3,4,1,2,2,0,3,0,4,1,3,0,4,1,2,1,0,3,2,4,0,0,2,3,4,4,2,1,1,3,0,4,2,3,3,1,1,4,2,0,0,3,0,4,2,3,1,1,2,4};",NA,wr,tdt
2022_05_11_abb05,abb,05/11/2022,abb05,1,multi_nacl,multi_nacl,NA, ,"{4,2,0,4,1,3,0,2,1,3,0,0,4,3,1,1,3,2,4,2,4,4,3,0,2,0,1,3,1,2,1,2,2,0,4,3,0,1,4,3,0,2,4,3,3,0,1,1,4,2,2,3,4,1,0,4,3,1,0,2,0,2,4,0,1,4,2,3,1,3,2,1,3,4,3,2,1,0,0,4,1,3,0,0,1,4,3,4,2,2,2,1,0,1,4,3,2,0,4,3};",NA,wr,tdt
2022_05_11_abb06,abb,05/11/2022,abb06,1,multi_nacl,multi_nacl,NA, ,"{3,0,2,1,3,2,4,1,0,4,1,3,0,4,4,2,1,0,2,3,0,0,4,3,3,1,4,2,1,2,2,4,0,3,0,1,4,2,3,1,4,2,2,3,1,0,3,1,4,0,0,0,2,4,3,4,3,1,1,2,4,0,3,4,2,2,1,1,0,3,0,3,1,2,4,1,3,2,4,0,4,2,3,3,1,0,2,4,0,1,2,3,3,4,4,0,2,1,1,0};",NA,wr,tdt
2022_05_12_abb01,abb,05/12/2022,abb01,1,multi_nacl,multi_nacl,NA, ,"{0,1,0,4,3,4,2,2,1,3,3,2,4,2,0,3,1,4,0,1,4,1,0,2,0,2,3,1,4,3,3,1,4,0,1,0,3,2,4,2,1,2,4,3,2,4,0,1,0,3,0,0,4,4,1,2,2,1,3,3,1,1,3,4,2,3,0,4,0,2,2,3,0,1,0,3,2,4,1,4,1,2,4,0,1,3,4,3,0,2,1,0,1,4,2,0,4,2,3,3};",NA,wr,tdt
2022_05_12_abb03,abb,05/12/2022,abb03,1,multi_nacl,multi_nacl,NA, ,"{0,2,1,1,4,0,3,3,4,2,3,1,0,4,2,3,1,2,4,0,2,3,4,3,0,1,0,4,1,2,0,1,2,4,3,3,1,4,2,0,4,3,3,0,4,2,2,0,1,1,1,2,3,0,2,0,4,1,3,4,3,3,0,4,2,4,1,1,2,0,3,4,4,2,0,3,0,2,1,1,4,3,1,2,0,0,4,1,2,3,2,4,3,0,1,1,4,2,3,0};",NA,wr,tdt
2022_05_12_abb04,abb,05/12/2022,abb04,1,multi_nacl,multi_nacl,NA, ,"{1,3,4,0,2,1,3,2,4,0,3,4,0,4,3,0,2,2,1,1,4,0,3,0,1,3,1,2,4,2,3,4,3,2,1,0,4,0,2,1,1,0,0,4,3,4,1,2,3,2,2,3,4,1,0,1,4,2,3,0,0,3,2,4,2,1,0,1,4,3,2,1,3,3,0,4,1,2,4,0,0,4,2,2,0,1,1,4,3,3,4,0,0,2,2,1,4,3,1,3};",NA,wr,tdt
2022_05_12_abb05,abb,05/12/2022,abb05,1,multi_nacl,multi_nacl,NA, ,"{1,1,2,2,3,0,3,0,4,4,4,2,1,0,3,4,2,0,1,3,3,2,4,4,1,3,0,1,2,0,0,4,3,2,2,1,0,3,1,4,0,4,0,1,2,2,1,4,3,3,1,2,1,3,0,3,4,4,0,2,0,4,3,0,2,4,2,1,3,1,0,2,1,0,3,4,4,2,1,3,4,1,1,0,3,3,2,4,0,2,2,2,1,0,4,3,0,4,1,3};",NA,wr,tdt
2022_05_12_abb06,abb,05/12/2022,abb06,1,multi_nacl,multi_nacl,NA, ,"{1,2,1,2,3,0,4,4,3,0,0,3,1,3,1,4,2,2,0,4,3,1,0,4,2,2,3,4,1,0,3,4,0,3,1,1,0,2,4,2,1,2,0,3,4,1,3,0,2,4,4,4,0,2,1,1,3,0,3,2,2,1,0,4,4,1,0,3,2,3,1,0,4,3,1,3,2,0,4,2,4,3,1,2,1,0,3,4,2,0,2,1,2,1,0,3,0,4,3,4};",NA,wr,tdt
2022_05_13_abb01,abb,05/13/2022,abb01,1,multi_nacl,multi_nacl,NA, ,"{4,0,2,3,2,0,4,3,1,1,3,1,0,3,4,0,2,1,2,4,0,4,2,3,2,3,1,1,0,4,4,0,3,1,2,1,3,2,0,4,4,1,2,4,1,0,0,2,3,3,1,4,3,4,3,0,0,2,2,1,2,0,3,2,4,0,1,1,4,3,1,4,2,3,0,4,2,0,3,1,2,3,4,2,3,1,0,4,0,1,4,3,1,0,0,4,1,2,2,3};",NA,wr,tdt
2022_05_13_abb03,abb,05/13/2022,abb03,1,multi_nacl,multi_nacl,NA, ,"{0,1,3,2,4,3,2,1,0,4,0,2,1,3,2,0,3,4,4,1,0,2,4,1,3,4,0,1,3,2,1,0,2,0,4,3,2,3,1,4,1,2,3,0,2,1,4,4,0,3,2,4,1,2,3,0,4,0,1,3,4,0,3,2,1,1,0,4,2,3,0,2,4,4,0,1,3,3,2,1,4,2,2,3,1,4,3,0,0,1,2,3,3,2,4,0,0,1,4,1};",NA,wr,tdt
2022_05_13_abb04,abb,05/13/2022,abb04,1,multi_nacl,multi_nacl,NA, ,"{0,2,2,3,4,3,0,1,1,4,1,3,3,4,4,2,0,0,1,2,2,3,0,0,3,4,1,1,2,4,0,2,4,4,2,1,3,0,1,3,3,0,0,3,2,4,1,1,4,2,0,3,4,3,2,1,2,0,4,1,3,4,4,1,2,0,3,2,1,0,1,0,2,3,4,3,0,4,2,1,4,0,3,1,2,4,0,3,2,1,0,2,3,3,4,1,4,1,2,0};",NA,wr,tdt
2022_05_13_abb05,abb,05/13/2022,abb05,1,multi_nacl,multi_nacl,NA, ,"{2,3,1,0,4,3,1,0,4,2,3,4,0,3,2,0,4,1,1,2,2,1,3,0,2,4,3,4,0,1,1,3,2,3,4,0,1,2,4,0,0,2,0,4,1,1,4,3,3,2,1,0,2,4,3,1,4,2,3,0,2,3,4,0,1,1,3,4,2,0,0,1,2,3,2,3,0,4,1,4,4,0,1,4,2,3,0,1,3,2,0,4,1,1,3,2,0,2,4,3};",NA,wr,tdt
2022_05_13_abb06,abb,05/13/2022,abb06,1,multi_nacl,multi_nacl,NA, ,"{0,4,2,3,0,2,3,1,4,1,2,1,2,4,4,0,0,3,1,3,3,3,0,1,4,1,2,4,2,0,3,2,3,4,2,1,1,0,0,4,0,2,2,3,1,4,4,1,0,3,2,0,0,2,1,1,3,4,4,3,1,0,0,2,4,3,4,1,2,3,2,3,1,3,4,1,0,4,2,0,1,2,3,2,1,3,0,4,0,4,1,2,1,4,2,0,3,3,4,0};",NA,wr,tdt
2022_05_25_aaw08,aaw,05/25/2022,aaw08,3,multi_s,multi_s,NA,NA,"{3,4,1,1,0,2,4,0,2,3,1,1,4,2,0,0,4,2,3,3,4,1,3,2,1,0,3,2,0,4,1,4,0,3,3,2,1,0,2,4,0,2,3,3,2,4,1,4,0,1,0,2,2,3,1,3,4,1,4,0,0,1,3,3,1,4,2,0,4,2,1,3,2,4,1,2,0,3,0,4,0,0,1,1,3,4,4,2,2,3,0,4,2,3,3,1,0,1,2,4};",NA,fr,fp
2022_05_25_aaw09,aaw,05/25/2022,aaw09,3,multi_s,multi_s,NA,NA,"{1,3,2,0,4,3,4,2,1,0,0,4,2,4,1,3,2,0,3,1,3,1,2,2,4,1,0,0,4,3,2,0,2,4,0,1,1,3,3,4,3,1,2,0,3,4,2,0,1,4,4,3,1,2,0,4,2,1,3,0,1,1,3,2,3,4,4,0,2,0,3,0,3,2,0,2,1,1,4,4,4,2,4,0,1,3,0,1,3,2,1,2,4,3,3,0,0,4,1,2};",NA,wr,fp
2022_05_25_aaw10,aaw,05/25/2022,aaw10,3,multi_s,multi_s,NA,NA,"{4,4,1,2,3,0,2,1,0,3,4,2,3,2,1,3,0,1,0,4,0,3,3,2,0,4,4,1,2,1,1,1,3,4,4,0,2,3,0,2,2,2,0,0,1,4,4,3,1,3,2,4,3,4,1,3,1,0,2,0,1,1,0,2,0,4,4,3,2,3,4,0,0,1,2,3,2,1,4,3,1,2,3,0,3,4,4,0,2,1,1,2,1,3,3,4,4,2,0,0};",NA,fr,fp
2022_05_25_aaw11,aaw,05/25/2022,aaw11,3,multi_s,multi_s,NA,NA,"{2,4,0,3,3,4,2,1,1,0,2,3,0,4,0,3,4,1,1,2,4,0,3,2,4,1,2,1,3,0,3,2,0,3,4,0,1,2,4,1,0,4,3,2,0,1,2,3,1,4,2,2,0,1,0,3,4,1,4,3,3,1,3,0,0,4,1,2,2,4,1,4,1,4,2,3,0,2,0,3,4,4,2,3,2,1,1,3,0,0,2,0,3,0,2,1,4,1,3,4};",NA,wr,fp
2022_05_25_abb07,abb,05/25/2022,abb07,2,multi_s,multi_s,NA, ,"{2,4,0,4,3,1,0,3,1,2,0,4,0,1,3,4,2,1,2,3,4,3,4,2,1,0,1,0,3,2,1,4,2,2,3,1,0,0,4,3,4,0,1,0,2,1,2,3,4,3,1,3,1,4,2,4,0,3,2,0,2,0,4,3,2,1,4,3,1,0,1,0,3,0,1,4,2,4,3,2,2,1,4,0,3,0,2,3,1,4,1,3,4,0,4,0,2,2,1,3};",NA,fr,tdt
2022_05_25_abb08,abb,05/25/2022,abb08,2,multi_s,multi_s,NA, ,"{3,2,1,0,0,4,1,2,4,3,4,1,4,2,3,1,0,3,2,0,3,1,3,2,0,0,2,4,1,4,3,4,2,1,2,0,0,4,1,3,2,2,1,4,3,0,1,4,3,0,2,2,1,4,3,0,1,0,3,4,3,4,3,1,2,2,4,1,0,0,2,4,1,0,3,0,3,2,4,1,3,1,4,2,0,1,0,2,3,4,1,2,0,2,3,0,3,4,4,1};",NA,wr,tdt
2022_05_25_abb09,abb,05/25/2022,abb09,2,multi_s,multi_s,NA, ,"{1,2,0,2,3,4,1,3,0,4,3,2,0,1,0,4,2,4,3,1,0,1,4,1,0,3,4,3,2,2,3,4,1,2,0,2,1,0,3,4,3,0,4,3,0,4,1,2,2,1,3,1,0,3,2,4,0,2,1,4,4,0,2,3,2,3,4,1,1,0,4,1,2,3,1,3,4,0,0,2,2,3,3,2,1,4,0,4,0,1,2,3,4,2,3,0,1,4,1,0};",NA,fr,tdt
2022_05_25_abb10,abb,05/25/2022,abb10,2,multi_s,multi_s,NA, ,"{2,3,2,4,1,3,4,1,0,0,2,3,4,2,1,1,0,4,0,3,2,1,4,1,0,3,0,2,4,3,3,1,2,4,1,3,0,0,2,4,1,2,3,3,2,4,4,0,0,1,0,0,4,3,1,2,4,1,2,3,2,3,0,3,0,4,4,2,1,1,3,4,0,2,2,1,3,1,4,0,1,4,4,3,1,2,3,0,0,2,4,0,3,1,1,3,0,2,2,4};",NA,wr,tdt
2022_05_25_abb11,abb,05/25/2022,abb11,2,multi_s,multi_s,NA, ,"{4,1,2,0,1,3,3,0,2,4,1,1,4,3,4,0,0,2,2,3,4,3,0,1,2,1,0,3,4,2,0,4,1,0,3,2,4,3,1,2,0,4,1,0,1,3,2,3,4,2,1,3,0,2,3,4,1,2,4,0,3,4,0,2,4,1,3,1,2,0,1,4,3,2,4,0,2,0,3,1,2,3,0,2,4,1,3,0,1,4,0,3,0,2,2,1,4,1,3,4};",NA,fr,tdt
2022_05_25_abb12,abb,05/25/2022,abb12,2,multi_s,multi_s,NA, ,"{0,0,1,4,2,3,1,2,3,4,3,0,2,3,4,0,1,4,2,1,0,1,3,2,2,4,1,3,4,0,2,3,1,0,2,4,0,4,3,1,4,2,3,1,1,0,0,4,2,3,0,0,1,4,3,2,3,2,1,4,4,3,0,2,1,1,4,3,0,2,1,1,2,4,4,3,0,3,0,2,0,1,0,3,3,1,2,4,2,4,1,3,0,4,1,4,0,2,2,3};",NA,wr,tdt
2022_05_26_aaw08,aaw,05/26/2022,aaw08,3,multi_s,multi_s,NA,NA,"{4,0,2,2,3,0,1,4,1,3,4,3,1,0,1,0,4,2,2,3,4,3,1,0,2,3,2,0,4,1,0,2,4,2,0,3,1,4,1,3,3,2,4,3,4,0,0,1,2,1,1,4,2,2,3,1,4,3,0,0,0,1,4,0,3,3,2,1,4,2,2,2,4,3,4,3,1,0,0,1,4,2,4,2,3,0,0,1,1,3,3,1,2,2,0,4,0,4,1,3};",NA,fr,fp
2022_05_26_aaw09,aaw,05/26/2022,aaw09,3,multi_s,multi_s,NA,NA,"{1,2,2,3,0,0,3,4,1,4,0,0,2,1,4,1,3,4,3,2,1,4,1,4,0,3,2,3,0,2,3,2,0,4,3,2,1,1,4,0,2,3,1,2,0,0,4,4,3,1,4,4,1,0,1,3,2,2,3,0,3,2,2,3,1,0,4,1,4,0,0,4,3,1,1,0,3,2,2,4,3,4,0,2,2,1,4,3,1,0,1,3,1,2,3,4,0,0,2,4};",NA,wr,fp
2022_05_26_aaw10,aaw,05/26/2022,aaw10,3,multi_s,multi_s,NA,NA,"{0,3,3,1,0,1,4,2,4,2,4,3,3,2,1,0,1,2,4,0,0,3,4,2,2,4,1,3,1,0,4,4,3,2,3,2,1,0,0,1,1,2,2,4,3,0,0,3,1,4,0,4,2,2,0,3,4,1,1,3,1,1,3,0,2,4,3,0,2,4,0,3,2,3,1,4,2,4,1,0,2,2,1,0,3,4,0,4,3,1,3,2,2,0,0,4,1,4,3,1};",NA,fr,fp
2022_05_26_aaw11,aaw,05/26/2022,aaw11,3,multi_s,multi_s,NA,NA,"{1,3,1,3,0,2,4,4,0,2,0,4,2,3,0,4,1,1,3,2,4,4,3,2,0,1,2,3,1,0,1,2,3,3,4,4,2,0,0,1,3,4,0,1,0,1,4,3,2,2,2,4,4,3,1,0,1,3,0,2,4,3,2,0,3,4,2,1,0,1,1,4,2,2,0,0,3,3,1,4,0,1,2,2,1,0,4,4,3,3,0,2,4,2,1,3,3,0,1,4};",NA,wr,fp
2022_05_26_abb07,abb,05/26/2022,abb07,2,multi_s,multi_s,NA, ,"{4,0,2,2,1,3,3,1,0,4,3,4,2,4,1,0,2,0,1,3,1,3,0,1,4,0,3,4,2,2,2,3,4,1,2,3,0,0,4,1,0,1,3,2,3,4,4,2,0,1,0,1,4,2,2,3,1,4,0,3,0,2,2,4,1,0,3,1,4,3,3,0,0,3,2,2,4,4,1,1,0,3,2,1,0,4,1,3,4,2,4,2,1,1,2,3,0,0,4,3};",NA,fr,tdt
2022_05_26_abb08,abb,05/26/2022,abb08,2,multi_s,multi_s,NA, ,"{4,1,3,4,1,2,0,3,2,0,0,2,3,3,2,1,4,1,4,0,0,1,0,4,2,3,2,3,4,1,4,0,4,3,3,0,2,2,1,1,4,0,4,1,2,0,1,2,3,3,4,2,1,4,1,3,2,3,0,0,1,4,2,0,3,2,4,3,0,1,4,0,0,2,2,3,3,1,1,4,1,1,4,3,0,4,0,2,2,3,4,1,4,3,0,0,2,3,2,1};",NA,wr,tdt
2022_05_26_abb09,abb,05/26/2022,abb09,2,multi_s,multi_s,NA, ,"{2,3,3,1,0,1,2,0,4,4,2,2,1,4,3,4,0,1,3,0,2,1,0,4,3,4,3,0,1,2,3,0,2,1,4,3,0,4,2,1,2,2,4,0,4,3,1,3,0,1,1,3,4,3,0,4,2,2,1,0,4,0,1,4,1,2,3,0,2,3,0,2,4,0,1,1,3,3,4,2,3,1,2,3,4,2,0,4,0,1,2,0,2,4,1,4,1,3,3,0};",NA,fr,tdt
2022_05_26_abb10,abb,05/26/2022,abb10,2,multi_s,multi_s,NA, ,"{2,4,1,4,3,0,0,3,2,1,1,1,3,3,4,4,0,0,2,2,3,1,2,4,1,2,4,3,0,0,1,2,4,3,2,1,3,4,0,0,2,1,3,4,1,0,4,0,2,3,1,2,2,0,3,3,0,4,1,4,0,2,0,3,1,4,3,2,1,4,3,2,2,1,4,0,4,1,3,0,1,3,1,3,4,0,2,2,4,0,1,0,3,4,0,1,2,3,4,2};",NA,wr,tdt
2022_05_26_abb11,abb,05/26/2022,abb11,2,multi_s,multi_s,NA, ,"{0,3,1,3,0,2,4,1,2,4,0,1,2,0,3,3,4,4,2,1,2,0,2,4,4,0,1,1,3,3,0,1,3,4,2,3,4,0,1,2,3,4,3,0,1,2,0,4,1,2,1,2,0,1,2,3,4,3,0,4,2,3,3,0,4,2,1,4,0,1,1,2,3,3,4,0,4,2,1,0,1,0,3,4,3,0,1,4,2,2,0,3,4,1,0,1,4,2,3,2};",NA,fr,tdt
2022_05_26_abb12,abb,05/26/2022,abb12,2,multi_s,multi_s,NA, ,"{0,1,3,3,0,1,2,4,2,4,0,4,3,0,1,4,2,3,2,1,4,0,3,0,2,4,1,1,2,3,2,0,2,1,0,4,1,3,4,3,3,2,0,1,4,4,0,1,2,3,3,4,4,3,1,0,0,2,2,1,2,4,3,0,4,3,1,1,2,0,1,1,2,4,0,2,4,0,3,3,2,2,1,3,0,3,0,1,4,4,4,2,0,1,4,2,0,3,3,1};",NA,wr,tdt
2022_05_27_aaw08,aaw,05/27/2022,aaw08,3,multi_s,multi_s,NA,NA,"{1,0,0,4,4,3,1,2,3,2,1,4,0,0,1,3,2,2,4,3,1,0,2,0,4,2,3,4,1,3,0,4,1,2,2,3,4,3,1,0,0,4,1,2,2,1,3,3,4,0,3,1,4,0,0,1,2,4,2,3,3,4,1,4,2,3,2,1,0,0,1,3,4,1,3,2,0,0,4,2,3,1,4,0,1,2,0,2,3,4,4,0,0,1,2,2,3,1,4,3};",NA,fr,fp
2022_05_27_aaw09,aaw,05/27/2022,aaw09,3,multi_s,multi_s,NA,NA,"{4,4,1,3,0,1,2,0,3,2,1,2,4,0,2,3,0,1,4,3,2,3,1,3,1,4,0,2,0,4,1,1,0,3,2,4,0,3,4,2,2,1,4,0,0,3,4,3,2,1,1,0,3,2,3,0,1,4,4,2,1,3,1,0,3,2,0,4,4,2,0,0,1,4,2,2,3,3,4,1,4,1,1,2,0,3,3,0,2,4,3,4,2,0,1,4,3,2,1,0};",NA,wr,fp
2022_05_27_aaw10,aaw,05/27/2022,aaw10,3,multi_s,multi_s,NA,NA,"{3,0,2,0,2,4,4,1,1,3,4,4,1,3,0,1,3,2,0,2,4,1,2,0,3,2,0,1,4,3,4,2,1,3,0,3,2,0,4,1,0,1,1,0,3,2,2,4,4,3,2,3,0,0,4,1,2,1,4,3,0,2,3,3,1,2,4,1,0,4,2,1,3,3,4,4,0,1,0,2,1,0,4,4,0,2,3,1,3,2,3,2,2,3,1,4,0,1,0,4};",NA,fr,fp
2022_05_27_aaw11,aaw,05/27/2022,aaw11,3,multi_s,multi_s,1,NA,"{4,2,3,1,4,1,0,2,3,0,2,3,1,4,4,0,2,3,0,1,3,2,4,4,1,1,0,2,3,0,0,1,1,3,2,0,4,4,2,3,1,3,0,4,2,2,0,1,3,4,4,4,3,1,0,2,1,3,2,0,1,4,0,1,2,3,0,2,4,3,0,1,4,0,3,2,1,4,3,2,0,1,1,3,4,2,0,3,2,4,2,1,3,3,4,1,0,2,4,0};",NA,wr,fp
2022_05_27_abb07,abb,05/27/2022,abb07,2,multi_s,multi_s,NA, ,"{1,2,3,1,4,0,2,3,0,4,1,4,0,3,4,1,3,2,0,2,3,2,2,1,0,4,4,3,1,0,0,4,4,1,1,2,0,3,2,3,4,3,0,2,1,4,2,3,1,0,0,2,3,0,4,1,2,4,3,1,2,1,2,0,1,4,3,0,4,3,3,0,4,0,3,2,1,2,1,4,3,2,0,2,3,1,4,4,0,1,1,3,2,4,0,2,1,4,0,3};",NA,fr,tdt
2022_05_27_abb08,abb,05/27/2022,abb08,2,multi_s,multi_s,NA, ,"{4,3,1,4,0,0,3,2,2,1,3,3,4,2,1,2,0,0,4,1,4,0,2,3,3,0,1,2,1,4,3,2,1,1,2,3,4,0,0,4,1,2,0,4,2,4,0,3,1,3,2,0,1,4,1,3,4,3,0,2,0,4,1,2,1,0,2,3,4,3,4,3,0,1,0,2,2,1,3,4,2,2,1,0,4,4,1,0,3,3,3,4,2,2,4,0,1,3,1,0};",NA,wr,tdt
2022_05_27_abb09,abb,05/27/2022,abb09,2,multi_s,multi_s,NA, ,"{3,0,2,0,3,1,2,4,1,4,1,4,2,3,0,4,0,3,2,1,0,4,3,3,0,1,1,2,2,4,1,3,4,0,3,1,2,0,2,4,4,2,0,3,4,2,0,1,1,3,4,3,1,0,2,4,3,2,1,0,3,2,4,1,0,0,2,4,1,3,0,1,2,3,2,4,3,1,0,4,0,4,1,2,2,3,0,3,4,1,3,2,1,3,4,0,4,2,1,0};",NA,fr,tdt
2022_05_27_abb10,abb,05/27/2022,abb10,2,multi_s,multi_s,NA, ,"{2,3,4,1,1,2,4,0,3,0,3,4,1,3,2,4,0,2,0,1,1,3,4,4,0,2,2,1,0,3,3,4,0,1,2,1,3,4,2,0,2,3,0,1,2,1,3,4,0,4,0,3,1,1,0,4,4,3,2,2,1,0,4,1,4,0,2,2,3,3,4,0,0,1,1,3,2,3,4,2,2,2,0,3,0,1,4,4,3,1,2,0,0,4,4,2,1,3,3,1};",NA,wr,tdt
2022_05_27_abb11,abb,05/27/2022,abb11,2,multi_s,multi_s,NA, ,"{2,1,4,0,2,0,3,4,1,3,2,1,1,4,3,4,3,0,0,2,0,1,2,4,1,3,4,2,3,0,4,1,3,1,2,2,0,4,3,0,4,1,0,3,4,1,3,2,0,2,0,2,1,3,4,4,1,2,0,3,4,1,3,0,4,3,2,1,0,2,0,3,0,3,4,2,4,1,1,2,2,0,4,3,3,0,1,1,4,2,2,3,1,4,2,0,3,0,1,4};",NA,fr,tdt
2022_05_27_abb12,abb,05/27/2022,abb12,2,multi_s,multi_s,NA, ,"{0,4,1,2,4,1,2,3,3,0,3,1,4,4,0,3,2,0,1,2,3,1,2,1,4,2,3,0,4,0,4,2,1,3,4,1,0,2,3,0,1,3,0,2,2,3,4,1,0,4,1,3,1,4,0,0,4,2,3,2,2,0,1,2,4,0,4,3,3,1,0,2,3,1,4,4,2,1,0,3,0,1,2,1,0,4,3,3,2,4,0,1,2,1,2,3,4,4,3,0};",NA,wr,tdt
2022_06_08_aaw08,aaw,06/08/2022,aaw08,3,multi_s,multi_s,NA,NA,"{4,2,2,1,0,3,1,4,0,3,4,4,0,3,2,1,3,0,1,2,1,2,4,2,0,3,4,1,0,3,0,4,3,1,3,2,0,4,1,2,3,3,2,4,1,0,1,4,2,0,4,3,2,0,4,1,1,0,3,2,0,1,1,0,3,4,4,2,2,3,3,0,2,0,1,2,3,4,4,1,1,2,3,3,2,0,4,1,4,0,0,1,3,4,0,3,4,2,1,2};",NA,wr,fp
2022_06_08_aaw09,aaw,06/08/2022,aaw09,3,multi_s,multi_s,NA,NA,"{0,1,2,3,2,4,1,4,3,0,2,4,3,2,1,1,0,4,3,0,1,3,4,0,1,4,2,0,3,2,3,1,4,1,0,3,0,4,2,2,0,2,3,3,1,4,1,0,4,2,2,1,1,4,3,2,0,0,4,3,3,0,2,1,4,1,4,3,0,2,0,3,1,0,2,2,3,4,1,4,4,2,4,0,3,1,0,1,3,2,1,3,2,4,1,2,3,4,0,0};",NA,fr,fp
2022_06_08_aaw10,aaw,06/08/2022,aaw10,3,multi_s,multi_s,NA,NA,"{1,2,1,3,0,3,4,4,2,0,1,3,0,4,4,2,2,1,3,0,2,3,4,2,1,4,1,0,3,0,0,2,0,1,3,4,1,3,2,4,2,0,1,3,4,4,3,0,1,2,1,0,0,2,4,2,1,4,3,3,3,0,2,4,3,2,1,0,1,4,4,3,1,2,4,0,2,0,1,3,2,2,4,1,0,1,0,4,3,3,1,1,0,3,3,2,4,4,0,2};",NA,wr,fp
2022_06_08_aaw11,aaw,06/08/2022,aaw11,3,multi_s,multi_s,1,NA,"{1,4,1,0,2,4,2,0,3,3,1,1,3,4,4,2,0,3,2,0,3,1,3,0,0,2,4,1,4,2,0,2,1,4,3,3,0,4,1,2,3,1,4,0,1,0,4,2,3,2,1,3,2,0,4,2,0,3,4,1,3,1,0,2,1,4,4,0,2,3,1,3,2,3,4,4,0,0,1,2,3,1,0,2,0,2,4,3,4,1,0,0,4,2,4,2,1,3,3,1};",NA,fr,fp
2022_06_08_abb07,abb,06/08/2022,abb07,2,multi_s,multi_s,1,missing access marker,"{4,4,1,0,2,2,0,3,3,1,3,1,2,4,0,3,4,1,2,0,2,4,4,1,1,3,0,2,3,0,1,1,0,4,2,3,4,3,0,2,1,1,3,3,2,0,2,4,4,0,3,4,2,1,0,2,4,0,3,1,4,2,3,0,4,1,3,0,2,1,4,1,1,4,3,3,2,0,0,2,0,1,1,2,0,2,3,4,3,4,4,2,4,3,0,0,2,1,1,3};",NA,wr,tdt
2022_06_08_abb08,abb,06/08/2022,abb08,2,multi_s,multi_s,NA, ,"{4,1,0,2,4,1,2,3,3,0,4,3,0,0,1,1,4,3,2,2,2,0,1,3,0,4,2,4,3,1,0,0,2,1,4,2,1,4,3,3,3,3,2,4,1,0,1,0,2,4,3,4,2,2,4,1,1,3,0,0,4,3,2,1,0,1,2,0,3,4,1,3,2,1,4,4,3,2,0,0,0,3,1,2,4,4,3,0,1,2,3,4,3,2,1,2,0,1,4,0};",NA,fr,tdt
2022_06_08_abb09,abb,06/08/2022,abb09,2,multi_s,multi_s,NA, ,"{1,4,1,0,2,3,3,4,0,2,4,3,2,1,3,2,0,1,0,4,0,0,4,1,3,2,3,1,4,2,0,3,4,0,4,3,1,1,2,2,2,4,4,1,2,0,1,3,3,0,3,4,0,0,4,1,2,1,2,3,3,1,4,2,1,2,0,3,4,0,4,0,3,0,4,2,1,1,3,2,3,2,4,3,1,1,0,2,4,0,4,1,3,2,2,4,0,1,3,0};",NA,wr,tdt
2022_06_08_abb10,abb,06/08/2022,abb10,2,multi_s,multi_s,NA, ,"{1,4,1,2,2,0,3,4,3,0,0,1,2,4,3,0,3,1,2,4,2,1,4,2,3,1,0,0,4,3,0,3,3,2,2,0,4,1,1,4,0,0,2,2,3,1,1,3,4,4,3,1,3,1,4,0,4,2,2,0,0,1,1,3,4,2,2,0,3,4,4,4,1,3,3,2,1,2,0,0,4,0,3,1,2,0,2,3,4,1,1,2,0,3,2,3,4,1,0,4};",NA,fr,tdt
2022_06_08_abb11,abb,06/08/2022,abb11,2,multi_s,multi_s,NA, ,"{0,1,2,2,3,4,1,3,4,0,2,1,3,0,3,1,2,4,0,4,2,1,3,1,4,0,3,0,2,4,0,4,2,0,4,2,3,3,1,1,4,4,1,0,2,3,1,2,3,0,1,2,0,3,0,3,2,1,4,4,3,0,2,2,1,3,4,4,0,1,1,4,0,2,1,3,2,0,4,3,4,4,2,2,1,3,0,1,0,3,2,3,4,1,1,0,3,2,0,4};",NA,wr,tdt
2022_06_08_abb12,abb,06/08/2022,abb12,2,multi_s,multi_s,NA, ,"{2,0,3,1,0,4,1,3,2,4,4,4,1,0,2,3,1,2,3,0,2,2,0,1,4,1,0,3,4,3,2,1,3,0,3,4,1,4,2,0,2,3,0,1,0,4,3,1,2,4,4,4,1,0,0,3,2,2,3,1,4,1,2,0,2,4,1,3,0,3,0,4,2,2,0,4,1,1,3,3,2,3,1,0,3,4,4,2,1,0,0,3,1,4,4,0,3,2,1,2};",NA,fr,tdt
2022_06_09_aaw08,aaw,06/09/2022,aaw08,3,multi_s,multi_s,NA,NA,"{4,0,4,1,3,0,2,3,2,1,0,1,1,3,3,2,4,4,0,2,0,1,1,4,3,0,2,2,4,3,3,4,0,2,2,0,1,3,4,1,4,1,2,3,2,0,3,4,0,1,0,3,4,1,0,2,1,4,3,2,2,3,0,0,3,4,4,1,1,2,1,2,1,0,3,4,2,3,4,0,4,2,3,3,1,2,4,0,1,0,3,4,2,2,0,3,1,1,0,4};",NA,wr,fp
2022_06_09_aaw09,aaw,06/09/2022,aaw09,3,multi_s,multi_s,NA,NA,"{2,1,0,1,2,0,4,3,4,3,3,1,4,0,3,4,0,2,1,2,4,4,1,3,0,2,1,3,0,2,0,1,2,3,3,2,4,1,0,4,2,2,1,3,0,0,1,3,4,4,3,1,4,4,0,1,3,2,2,0,0,2,3,4,0,3,2,4,1,1,1,4,3,4,1,0,2,3,2,0,4,3,1,0,1,4,2,3,0,2,2,1,1,2,4,3,4,3,0,0};",NA,fr,fp
2022_06_09_aaw10,aaw,06/09/2022,aaw10,3,multi_s,multi_s,NA,NA,"{0,2,4,2,3,1,0,4,1,3,1,1,3,0,4,3,4,0,2,2,4,0,2,3,3,0,2,1,4,1,3,0,1,4,1,0,2,2,4,3,2,4,2,1,0,3,1,3,4,0,1,4,2,2,0,3,1,0,4,3,4,2,4,0,1,1,0,3,3,2,1,4,3,2,2,1,3,4,0,0,0,1,4,0,2,3,3,1,4,2,0,4,1,3,1,4,3,2,2,0};",NA,wr,fp
2022_06_09_aaw11,aaw,06/09/2022,aaw11,3,multi_s,multi_s,NA,NA,"{3,4,1,0,2,0,4,3,2,1,4,1,0,2,3,0,1,3,4,2,3,3,2,1,4,4,0,0,2,1,0,1,1,4,0,2,3,4,3,2,3,0,2,4,1,1,3,4,0,2,4,3,1,0,3,2,4,1,0,2,0,0,3,1,4,3,4,1,2,2,0,4,3,3,1,4,2,2,0,1,2,3,4,2,1,3,4,0,0,1,4,4,0,0,2,1,2,3,1,3};",NA,fr,fp
2022_06_09_abb07,abb,06/09/2022,abb07,2,multi_s,multi_s,NA, ,"{4,2,3,1,4,0,2,3,0,1,4,2,1,0,4,2,3,0,3,1,2,3,2,1,4,0,3,4,0,1,1,3,2,0,4,1,2,0,4,3,3,2,1,1,4,0,2,3,4,0,1,3,4,2,0,1,3,0,2,4,1,4,2,3,4,2,0,3,1,0,4,0,0,3,2,4,1,2,1,3,3,2,1,2,4,3,0,1,0,4,2,3,1,3,0,4,0,2,4,1};",NA,wr,tdt
2022_06_09_abb08,abb,06/09/2022,abb08,2,multi_s,multi_s,NA, ,"{2,4,0,1,4,1,3,3,0,2,3,2,3,4,0,1,4,0,1,2,2,3,1,4,1,0,2,0,4,3,2,3,4,4,1,0,2,1,0,3,2,0,3,0,1,1,3,4,4,2,1,1,0,2,3,4,2,3,4,0,4,0,2,1,2,0,4,3,3,1,3,2,1,0,2,4,1,0,3,4,4,2,1,3,4,0,3,2,1,0,3,4,0,0,2,4,3,1,1,2};",NA,fr,tdt
2022_06_09_abb09,abb,06/09/2022,abb09,2,multi_s,multi_s,NA, ,"{0,4,2,2,1,0,1,4,3,3,2,3,2,4,1,1,0,3,0,4,2,4,1,4,0,1,2,3,0,3,0,0,3,4,2,3,1,1,2,4,3,0,0,2,1,4,4,2,3,1,0,4,4,0,3,2,3,2,1,1,0,3,4,4,0,1,2,1,2,3,2,3,2,3,1,4,4,1,0,0,2,2,4,0,1,0,3,3,1,4,0,4,4,2,2,0,1,1,3,3};",NA,wr,tdt
2022_06_09_abb10,abb,06/09/2022,abb10,2,multi_s,multi_s,NA, ,"{3,2,1,4,2,4,3,1,0,0,1,2,2,3,4,3,1,0,0,4,0,3,3,1,2,0,4,1,2,4,4,3,0,1,3,1,2,0,2,4,1,2,2,3,0,1,0,3,4,4,4,0,3,4,3,0,2,1,1,2,4,3,4,2,1,0,1,3,2,0,3,4,2,1,2,1,0,3,4,0,0,0,3,2,1,4,2,1,4,3,1,0,2,0,3,4,2,4,3,1};",NA,fr,tdt
2022_06_09_abb11,abb,06/09/2022,abb11,2,multi_s,multi_s,NA, ,"{4,3,0,2,1,2,0,4,1,3,3,2,1,0,4,0,3,4,2,1,3,4,1,1,2,0,3,0,2,4,2,1,1,3,4,4,0,0,3,2,4,0,3,4,3,0,2,1,1,2,1,1,0,3,0,2,4,2,4,3,2,2,1,4,0,4,3,3,0,1,4,1,2,0,2,4,3,3,0,1,0,1,4,3,3,2,0,2,4,1,2,0,2,4,3,1,4,0,1,3};",NA,wr,tdt
2022_06_09_abb12,abb,06/09/2022,abb12,2,multi_s,multi_s,NA, ,"{0,0,3,1,3,4,2,2,4,1,2,0,1,4,1,0,3,4,3,2,4,4,2,0,1,1,3,3,2,0,3,3,1,0,2,0,2,1,4,4,2,0,3,0,4,2,1,4,3,1,4,4,2,1,3,3,1,2,0,0,2,1,2,3,1,0,0,4,3,4,1,2,4,3,0,2,0,1,3,4,0,0,4,1,3,3,2,4,2,1,3,4,0,4,2,3,0,1,2,1};",NA,fr,tdt
2022_06_10_aaw08,aaw,06/10/2022,aaw08,3,multi_s,multi_s,NA,NA,"{1,2,0,0,4,1,3,4,2,3,3,4,1,4,2,0,2,0,1,3,4,4,2,1,3,2,1,3,0,0,3,1,0,2,2,0,4,4,1,3,4,2,3,2,0,4,0,3,1,1,0,3,2,1,4,4,3,0,1,2,1,0,2,3,1,2,4,0,3,4,1,4,2,4,2,1,0,3,3,0,3,2,0,4,4,1,3,2,0,1,4,3,1,2,2,3,1,4,0,0};",NA,wr,fp
2022_06_10_aaw09,aaw,06/10/2022,aaw09,3,multi_s,multi_s,NA,NA,"{1,0,0,4,1,4,3,2,2,3,3,4,2,1,1,3,0,0,2,4,3,1,3,0,4,2,0,4,1,2,4,1,4,3,2,0,3,0,2,1,1,2,3,3,4,0,1,4,0,2,0,4,0,2,1,3,3,4,2,1,4,0,0,2,3,1,1,2,4,3,1,4,0,2,0,1,2,3,4,3,0,3,0,1,2,4,1,4,2,3,4,1,0,3,2,3,1,0,2,4};",NA,fr,fp
2022_06_10_aaw10,aaw,06/10/2022,aaw10,3,multi_s,multi_s,NA,NA,"{4,0,3,1,3,2,2,0,1,4,0,1,2,4,0,3,2,1,4,3,4,3,3,2,0,1,1,4,2,0,0,3,1,3,0,1,2,2,4,4,1,2,4,0,4,0,3,2,1,3,1,4,3,1,0,2,3,0,4,2,2,4,0,1,2,1,0,3,3,4,2,2,4,0,1,3,0,3,1,4,3,0,0,4,4,2,1,2,1,3,0,3,1,1,2,3,4,2,4,0};",NA,wr,fp
2022_06_10_aaw11,aaw,06/10/2022,aaw11,3,multi_s,multi_s,NA,NA,"{0,3,2,2,0,1,1,4,4,3,4,4,2,2,3,3,0,0,1,1,0,4,2,4,3,1,3,1,0,2,0,4,2,3,3,0,2,4,1,1,3,2,0,1,4,1,0,3,2,4,3,2,1,1,0,0,3,4,2,4,4,3,2,0,1,4,3,1,2,0,4,3,0,2,0,1,3,1,2,4,0,2,1,3,3,4,1,4,0,2,2,1,0,1,2,0,4,3,3,4};",NA,fr,fp
2022_06_10_abb07,abb,06/10/2022,abb07,2,multi_s,multi_s,NA, ,"{1,0,4,3,2,4,2,3,1,0,3,3,4,0,2,1,2,4,1,0,2,4,4,1,0,1,0,2,3,3,1,2,0,4,4,3,2,3,0,1,1,4,2,3,0,4,2,0,1,3,3,2,4,0,3,2,1,0,4,1,2,0,4,0,3,3,1,4,1,2,4,4,2,1,3,0,0,1,3,2,2,0,3,1,0,4,4,2,1,3,4,2,2,0,1,1,0,3,4,3};",NA,wr,tdt
2022_06_10_abb08,abb,06/10/2022,abb08,2,multi_s,multi_s,NA, ,"{0,4,0,2,4,3,1,2,1,3,2,3,2,4,0,1,0,3,4,1,0,0,4,3,2,1,1,3,2,4,1,2,4,0,3,2,3,0,4,1,0,4,2,0,4,2,3,3,1,1,1,1,3,4,2,3,0,2,4,0,3,0,4,1,2,2,1,3,4,0,4,3,0,4,1,0,1,3,2,2,1,2,0,3,4,1,2,0,4,3,1,2,0,1,4,4,3,2,0,3};",NA,fr,tdt
2022_06_10_abb09,abb,06/10/2022,abb09,2,multi_s,multi_s,NA, ,"{0,4,0,2,4,3,1,2,1,3,2,3,2,4,0,1,0,3,4,1,0,0,4,3,2,1,1,3,2,4,1,2,4,0,3,2,3,0,4,1,0,4,2,0,4,2,3,3,1,1,1,1,3,4,2,3,0,2,4,0,3,0,4,1,2,2,1,3,4,0,4,3,0,4,1,0,1,3,2,2,1,2,0,3,4,1,2,0,4,3,1,2,0,1,4,4,3,2,0,3};",NA,wr,tdt
2022_06_10_abb10,abb,06/10/2022,abb10,2,multi_s,multi_s,NA, ,"{4,2,1,3,0,2,0,3,1,4,0,1,2,4,0,4,3,3,1,2,1,0,2,3,0,1,3,4,4,2,1,0,3,2,1,4,3,2,0,4,2,4,3,0,1,0,1,4,2,3,3,2,4,3,1,0,1,4,0,2,0,3,2,1,4,4,1,0,2,3,3,0,2,4,4,0,2,3,1,1,1,2,2,3,0,1,3,0,4,4,0,2,0,3,3,2,4,1,4,1};",NA,fr,tdt
2022_06_10_abb11,abb,06/10/2022,abb11,2,multi_s,multi_s,NA, ,"{3,4,1,0,3,2,2,0,1,4,0,0,3,1,4,2,2,4,1,3,2,3,2,1,3,1,4,0,4,0,0,1,1,0,4,3,2,3,2,4,1,3,0,2,3,1,2,0,4,4,0,2,4,3,3,1,1,4,0,2,0,2,4,4,1,3,2,1,0,3,2,3,2,1,0,0,3,1,4,4,3,4,3,0,2,4,1,1,2,0,2,1,4,3,2,0,0,3,1,4};",NA,wr,tdt
2022_06_10_abb12,abb,06/10/2022,abb12,2,multi_s,multi_s,NA, ,"{3,0,1,0,2,4,3,1,4,2,4,1,0,3,4,2,1,2,3,0,2,0,1,3,0,4,1,3,4,2,4,2,0,2,4,1,1,3,0,3,0,2,3,0,4,3,1,4,1,2,3,4,2,1,4,2,0,1,0,3,0,2,2,0,1,4,3,1,4,3,4,1,3,4,2,2,0,0,1,3,4,2,4,3,1,0,3,0,1,2,1,0,2,3,2,4,3,4,1,0};",NA,fr,tdt
2022_06_15_aaw08,aaw,06/15/2022,aaw08,3,multi_nacl,multi_nacl,NA,NA,"{4,2,1,3,3,1,0,4,2,0,0,1,3,1,4,2,2,0,4,3,4,1,2,3,0,3,0,2,1,4,1,3,4,2,3,4,0,2,1,0,4,0,3,1,2,2,0,4,1,3,2,2,4,3,1,0,4,3,1,0,3,4,2,3,4,0,1,2,0,1,2,1,1,4,0,4,2,3,3,0,4,2,1,2,1,3,0,3,4,0,1,2,0,4,3,1,0,2,3,4};",NA,wr,fp
2022_06_15_aaw09,aaw,06/15/2022,aaw09,3,multi_nacl,multi_nacl,NA,NA,"{0,1,3,0,1,4,3,2,2,4,0,2,0,4,4,1,1,3,2,3,1,0,4,2,0,3,3,4,2,1,3,0,4,3,2,1,0,2,4,1,4,2,3,1,4,3,0,0,1,2,0,3,4,2,3,1,0,1,4,2,1,3,2,1,4,0,3,0,2,4,4,4,1,0,1,0,2,3,3,2,2,3,0,1,4,3,4,0,1,2,1,4,1,4,0,0,2,3,2,3};",NA,wr,fp
2022_06_15_aaw10,aaw,06/15/2022,aaw10,3,multi_nacl,multi_nacl,NA,NA,"{1,2,4,4,1,2,0,3,0,3,1,4,3,3,2,4,0,0,2,1,4,1,2,0,3,3,1,2,0,4,0,0,3,2,1,4,2,1,4,3,2,1,2,0,3,4,3,1,4,0,0,4,2,1,4,1,0,2,3,3,0,3,2,4,2,3,1,0,1,4,3,3,0,4,1,2,1,4,0,2,2,0,4,4,3,0,1,1,2,3,1,0,3,4,2,2,3,1,4,0};",NA,wr,fp
2022_06_15_aaw11,aaw,06/15/2022,aaw11,3,multi_nacl,multi_nacl,NA,NA,"{4,1,0,3,0,2,1,3,4,2,3,1,1,4,0,3,4,0,2,2,4,3,4,2,0,1,3,2,1,0,0,4,2,3,2,3,0,1,1,4,1,4,3,2,3,2,4,0,1,0,2,4,3,3,2,0,1,1,0,4,4,4,1,2,0,0,1,3,3,2,3,0,0,4,1,2,4,2,3,1,4,3,1,0,2,4,0,3,1,2,1,0,4,4,3,2,0,2,1,3};",NA,wr,fp
2022_06_15_abb07,abb,06/15/2022,abb07,2,multi_nacl,multi_nacl,NA, ,"{1,4,0,2,1,2,4,3,3,0,0,2,2,0,4,3,3,1,4,1,2,1,0,3,4,4,1,2,3,0,1,4,2,2,4,0,0,3,1,3,0,4,4,2,1,3,2,3,0,1,0,2,2,1,4,4,1,3,0,3,3,2,1,2,0,3,4,4,0,1,2,4,0,1,3,2,1,3,0,4,3,2,4,0,4,1,0,3,1,2,0,4,2,1,0,2,3,1,3,4};",NA,wr,tdt
2022_06_15_abb08,abb,06/15/2022,abb08,2,multi_nacl,multi_nacl,NA, ,"{0,3,1,4,1,2,4,3,2,0,3,1,0,0,3,4,2,1,4,2,3,1,0,3,4,0,1,4,2,2,2,2,0,4,4,1,0,1,3,3,1,0,0,2,1,4,3,4,3,2,3,1,4,0,3,1,2,4,0,2,3,0,2,2,0,1,1,4,3,4,1,3,0,4,3,4,2,1,2,0,1,4,3,0,1,2,3,0,4,2,3,4,3,1,0,1,2,0,4,2};",NA,wr,tdt
2022_06_15_abb09,abb,06/15/2022,abb09,2,multi_nacl,multi_nacl,NA, ,"{1,0,4,0,2,4,3,2,1,3,0,3,1,2,4,0,4,1,3,2,4,1,2,4,3,2,0,1,0,3,0,1,0,2,3,1,3,4,2,4,4,0,3,2,3,1,0,4,2,1,1,3,2,4,3,0,0,2,4,1,0,0,4,2,3,2,3,1,1,4,2,4,0,0,1,2,4,1,3,3,0,3,4,0,4,1,3,2,2,1,1,3,2,4,1,2,0,3,4,0};",NA,wr,tdt
2022_06_15_abb10,abb,06/15/2022,abb10,2,multi_nacl,multi_nacl,NA, ,"{0,3,1,0,4,2,2,4,1,3,1,4,0,1,3,3,2,4,0,2,2,2,1,3,1,4,0,3,4,0,0,1,2,3,1,0,4,4,3,2,1,3,0,1,0,2,2,4,4,3,2,3,1,1,4,2,4,3,0,0,1,1,4,3,2,3,4,0,2,0,2,0,3,1,4,2,4,3,0,1,1,4,3,3,0,1,2,0,4,2,1,3,0,1,4,2,4,2,0,3};",NA,wr,tdt
2022_06_15_abb11,abb,06/15/2022,abb11,2,multi_nacl,multi_nacl,NA, ,"{2,1,3,4,0,2,1,0,3,4,0,1,4,2,4,1,0,3,3,2,4,3,2,0,0,3,1,4,1,2,1,3,4,2,1,2,3,0,0,4,1,0,3,4,2,3,0,1,2,4,2,0,2,4,3,1,4,3,0,1,1,3,2,0,1,4,4,0,2,3,1,0,3,1,2,0,4,3,2,4,4,3,0,0,2,2,1,3,4,1,4,2,0,1,2,1,0,3,4,3};",NA,wr,tdt
2022_06_15_abb12,abb,06/15/2022,abb12,2,multi_nacl,multi_nacl,NA, ,"{3,4,0,4,2,2,1,0,3,1,3,3,1,0,4,2,1,4,0,2,4,3,1,2,0,3,4,0,1,2,4,0,3,4,2,0,2,3,1,1,0,1,0,4,3,2,4,2,1,3,3,4,3,1,1,0,4,0,2,2,2,0,4,1,4,0,3,2,3,1,3,4,3,2,4,2,0,1,1,0,2,4,0,2,3,4,1,0,3,1,4,4,1,0,2,1,0,2,3,3};",NA,wr,tdt
2022_06_16_aaw08,aaw,06/16/2022,aaw08,3,multi_nacl,multi_nacl,NA,NA,"{1,2,4,4,3,0,1,3,0,2,1,3,1,0,0,3,4,2,4,2,0,4,0,3,2,1,2,3,4,1,3,1,4,0,3,0,2,4,1,2,2,4,3,1,4,0,1,2,0,3,0,2,3,4,1,3,4,0,2,1,0,1,3,4,1,3,2,2,0,4,0,4,2,3,1,4,3,2,1,0,3,4,3,4,1,2,1,0,2,0,1,3,3,0,1,4,4,0,2,2};",NA,wr,fp
2022_06_16_aaw10,aaw,06/16/2022,aaw10,3,multi_nacl,multi_nacl,NA,NA,"{0,0,4,1,3,3,1,4,2,2,1,3,0,2,4,3,2,4,0,1,1,1,3,4,0,2,2,0,3,4,2,4,0,1,1,3,3,4,2,0,4,1,2,4,0,2,3,3,0,1,2,3,1,4,1,4,3,0,0,2,2,0,4,3,1,2,0,3,1,4,2,4,2,4,0,3,1,0,3,1,0,3,2,3,2,4,1,0,1,4,1,3,4,0,1,3,4,2,2,0};",NA,wr,fp
2022_06_16_abb07,abb,06/16/2022,abb07,2,multi_nacl,multi_nacl,NA, ,"{0,1,4,0,3,1,2,2,4,3,2,1,4,0,1,3,4,3,2,0,2,4,3,2,1,3,4,0,1,0,0,3,4,3,0,2,4,1,1,2,2,4,3,0,1,3,2,1,0,4,3,2,1,0,4,3,4,0,2,1,1,2,3,4,0,3,4,1,2,0,3,2,0,2,0,1,4,4,1,3,2,4,3,0,4,1,2,3,1,0,0,0,1,1,3,4,4,3,2,2};",NA,wr,tdt
2022_06_16_abb08,abb,06/16/2022,abb08,2,multi_nacl,multi_nacl,NA, ,"{2,1,0,4,1,3,3,2,4,0,0,3,0,1,3,2,4,2,1,4,2,4,1,0,2,3,1,4,3,0,4,3,2,0,3,1,4,2,1,0,2,3,1,0,0,4,4,2,1,3,1,0,4,3,0,2,3,1,2,4,4,0,3,4,1,3,1,0,2,2,4,4,0,0,1,2,1,3,3,2,3,4,2,1,1,0,0,2,3,4,2,3,1,3,0,4,2,1,4,0};",NA,wr,tdt
2022_06_16_abb09,abb,06/16/2022,abb09,2,multi_nacl,multi_nacl,NA, ,"{4,2,0,3,3,0,2,1,4,1,3,0,2,2,4,3,1,0,1,4,1,1,3,0,4,2,3,4,2,0,3,0,1,3,2,1,2,4,4,0,3,0,0,4,3,1,1,4,2,2,0,1,3,3,4,1,2,0,2,4,2,3,1,0,0,1,2,4,4,3,1,3,1,0,3,4,2,2,0,4,1,3,3,0,4,2,0,1,2,4,0,2,4,0,2,3,1,4,1,3};",NA,wr,tdt
2022_06_16_abb10,abb,06/16/2022,abb10,2,multi_nacl,multi_nacl,NA, ,"{2,1,3,4,2,4,3,1,0,0,2,0,4,2,0,3,1,1,3,4,0,0,2,3,1,2,3,4,4,1,2,3,1,4,1,2,0,3,0,4,0,3,4,1,4,0,2,3,2,1,4,3,0,0,1,3,2,1,4,2,2,3,2,0,4,1,0,3,1,4,2,0,3,3,0,4,4,1,2,1,4,2,1,3,2,0,1,4,3,0,1,4,3,2,2,0,0,4,3,1};",NA,wr,tdt
2022_06_16_abb11,abb,06/16/2022,abb11,2,multi_nacl,multi_nacl,NA, ,"{4,3,2,0,2,3,0,4,1,1,4,0,4,3,2,3,2,1,1,0,4,4,3,2,3,2,1,0,1,0,4,0,0,3,2,1,4,1,2,3,3,2,2,1,4,0,1,0,4,3,0,3,4,0,2,2,3,1,1,4,2,2,1,4,3,4,3,0,1,0,0,2,4,3,2,0,4,3,1,1,4,1,0,2,3,1,4,2,0,3,3,4,1,1,2,0,4,2,0,3};",NA,wr,tdt
2022_06_16_abb12,abb,06/16/2022,abb12,2,multi_nacl,multi_nacl,NA, ,"{0,0,2,4,3,1,3,4,2,1,1,0,3,2,2,4,3,1,4,0,0,3,3,4,0,2,1,1,2,4,3,3,0,4,2,0,4,1,1,2,0,1,3,1,4,2,4,0,2,3,0,4,4,0,1,3,3,2,2,1,0,1,4,3,4,1,2,3,2,0,4,0,3,0,2,1,2,4,3,1,4,0,1,0,2,1,2,3,3,4,1,4,1,3,3,2,0,4,2,0};",NA,wr,tdt
2022_06_17_aaw08,aaw,06/17/2022,aaw08,3,multi_nacl,multi_nacl,NA,NA,"{0,1,4,2,4,0,3,3,1,2,0,2,1,2,4,4,1,3,0,3,3,0,2,3,1,4,0,2,1,4,3,0,1,0,3,4,1,2,4,2,2,4,1,3,0,2,0,1,4,3,3,1,2,2,0,0,1,4,3,4,3,1,2,3,4,0,4,0,2,1,1,4,0,3,0,4,2,3,2,1,2,4,2,1,3,4,0,1,3,0,4,3,1,2,0,3,4,2,1,0};",NA,wr,fp
2022_06_17_aaw09,aaw,06/17/2022,aaw09,3,multi_nacl,multi_nacl,NA,NA,"{0,2,0,1,3,3,4,2,4,1,1,4,3,0,3,1,0,2,2,4,1,2,3,4,0,2,0,1,4,3,3,3,1,2,4,4,0,0,1,2,2,2,4,1,0,3,1,3,4,0,0,1,3,0,3,1,2,2,4,4,0,0,2,4,3,4,1,3,2,1,1,1,2,3,2,4,4,0,0,3,0,3,4,1,1,0,2,2,3,4,2,2,1,3,4,3,0,4,0,1};",NA,wr,fp
2022_06_17_aaw10,aaw,06/17/2022,aaw10,3,multi_nacl,multi_nacl,NA,NA,"{4,4,3,1,3,2,2,0,0,1,0,1,3,4,4,2,3,1,0,2,0,1,2,1,3,2,4,0,4,3,1,2,0,4,3,0,4,3,1,2,4,0,1,1,2,4,2,3,3,0,3,4,1,0,2,0,1,4,3,2,2,2,0,4,3,3,0,1,1,4,0,0,3,1,4,4,3,2,2,1,0,4,1,1,2,2,3,0,4,3,0,4,1,3,4,1,2,2,0,3};",NA,wr,fp
2022_06_17_aaw11,aaw,06/17/2022,aaw11,3,multi_nacl,multi_nacl,NA,NA,"{3,1,4,0,2,3,4,2,1,0,2,4,2,1,3,4,0,0,1,3,3,4,1,2,0,1,2,3,0,4,1,2,4,3,0,0,2,1,4,3,4,3,2,0,4,1,0,1,3,2,4,0,0,1,3,4,2,1,3,2,0,0,3,3,1,2,4,4,2,1,4,3,0,2,1,3,2,1,0,4,2,0,1,0,2,3,4,1,3,4,0,3,2,0,4,1,3,1,4,2};",NA,wr,fp
2022_06_17_abb07,abb,06/17/2022,abb07,2,multi_nacl,multi_nacl,NA, ,"{3,4,2,0,4,0,1,1,3,2,3,1,0,3,1,4,0,4,2,2,4,0,0,2,1,3,4,1,3,2,1,2,3,0,0,2,4,1,4,3,3,0,2,3,4,0,2,1,1,4,0,1,2,4,3,2,0,4,3,1,0,1,3,4,3,2,2,1,0,4,3,2,4,0,1,1,2,0,3,4,2,3,1,3,2,0,4,4,0,1,0,1,1,0,3,4,2,3,2,4};",NA,wr,tdt
2022_06_17_abb08,abb,06/17/2022,abb08,2,multi_nacl,multi_nacl,NA, ,"{2,0,1,3,4,4,0,1,2,3,4,3,2,1,0,1,2,4,3,0,1,4,1,3,2,4,0,2,3,0,2,1,0,4,3,2,4,3,1,0,2,3,0,0,1,4,3,2,4,1,3,0,2,1,1,4,0,4,2,3,3,3,2,0,4,2,4,0,1,1,2,1,4,4,0,3,1,0,2,3,1,0,2,4,2,4,3,3,1,0,3,3,4,2,0,1,2,4,0,1};",NA,wr,tdt
2022_06_17_abb09,abb,06/17/2022,abb09,2,multi_nacl,multi_nacl,NA, ,"{3,2,4,0,4,2,1,3,1,0,4,3,1,2,1,2,3,4,0,0,2,0,0,3,2,4,3,1,4,1,3,2,0,4,0,3,1,2,4,1,0,4,2,0,3,4,3,1,2,1,2,4,1,2,1,4,3,3,0,0,3,2,0,2,1,4,0,4,3,1,2,1,4,4,2,3,0,3,1,0,3,0,2,4,1,4,1,3,0,2,2,4,1,2,0,1,3,3,0,4};",NA,wr,tdt
2022_06_17_abb10,abb,06/17/2022,abb10,2,multi_nacl,multi_nacl,NA, ,"{4,3,2,2,1,1,4,0,0,3,1,0,1,2,0,2,4,3,4,3,1,2,2,1,4,3,0,4,3,0,4,3,3,0,4,0,1,2,1,2,0,2,1,2,4,4,3,3,0,1,2,0,2,0,4,1,1,4,3,3,3,0,4,1,2,1,4,3,0,2,1,3,1,2,3,2,4,4,0,0,3,0,4,2,1,2,3,0,4,1,3,3,0,1,0,4,1,2,2,4};",NA,wr,tdt
2022_06_17_abb11,abb,06/17/2022,abb11,2,multi_nacl,multi_nacl,NA, ,"{0,2,3,3,4,0,2,4,1,1,2,0,1,2,4,4,3,3,1,0,3,0,3,1,0,2,4,2,1,4,4,3,0,2,2,1,1,4,0,3,3,4,1,4,0,1,2,3,0,2,1,2,4,2,1,4,3,0,3,0,1,3,2,4,0,2,3,4,1,0,1,0,3,2,1,0,4,4,2,3,4,1,0,1,4,2,3,0,2,3,2,0,1,4,2,0,4,3,1,3};",NA,wr,tdt
2022_06_17_abb12,abb,06/17/2022,abb12,2,multi_nacl,multi_nacl,NA, ,"{1,0,2,4,3,4,1,0,3,2,2,4,0,4,0,3,3,2,1,1,1,1,0,2,2,3,3,0,4,4,0,4,3,4,2,1,3,2,1,0,0,3,2,1,0,3,1,4,4,2,1,4,2,3,0,3,0,1,2,4,4,3,4,0,1,3,0,2,1,2,2,4,0,1,1,2,3,3,4,0,3,0,3,2,1,0,1,2,4,4,0,4,2,4,3,1,0,3,1,2};",NA,wr,tdt
2022_06_18_abb07,abb,06/18/2022,abb07,2,multi_s,multi_s,NA, ,"{4,4,1,0,2,2,0,3,3,1,3,1,2,4,0,3,4,1,2,0,2,4,4,1,1,3,0,2,3,0,1,1,0,4,2,3,4,3,0,2,1,1,3,3,2,0,2,4,4,0,3,4,2,1,0,2,4,0,3,1,4,2,3,0,4,1,3,0,2,1,4,1,1,4,3,3,2,0,0,2,0,1,1,2,0,2,3,4,3,4,4,2,4,3,0,0,2,1,1,3};",NA,wr,tdt
2022_06_18_aaw09,aaw,06/18/2022,aaw09,3,multi_nacl,multi_nacl,NA,NA,"{4,0,1,3,4,2,2,1,3,0,2,3,4,2,3,0,1,1,4,0,3,4,4,2,1,3,2,1,0,0,1,3,4,0,0,2,1,2,4,3,3,4,0,0,1,3,2,1,2,4,3,1,1,4,2,0,3,0,4,2,2,3,1,2,0,0,4,4,3,1,1,0,2,0,3,2,4,1,3,4,2,3,2,0,1,0,3,1,4,4,2,4,2,3,1,4,1,3,0,0};",NA,wr,fp
2022_06_18_aaw11,aaw,06/18/2022,aaw11,3,multi_nacl,multi_nacl,NA,NA,"{2,4,1,0,4,1,0,2,3,3,0,2,4,1,0,1,2,3,4,3,1,2,4,4,1,2,3,0,0,3,1,2,0,0,3,4,4,1,3,2,0,4,2,4,3,1,2,1,0,3,2,1,3,4,1,0,4,0,2,3,3,2,3,2,0,0,1,4,1,4,0,3,1,4,2,2,4,0,1,3,3,1,0,0,4,2,1,2,3,4,2,3,1,4,2,4,0,1,0,3};",NA,wr,fp
2022_07_09_aaw13,aaw,07/09/2022,aaw13,4,multi_s,multi_s,NA,NA,"{3,1,4,2,0,1,3,4,0,2,0,0,2,3,1,4,4,1,3,2,1,3,2,0,4,4,2,0,3,1,3,0,2,1,2,4,1,3,4,0,4,3,2,2,1,4,0,1,3,0,0,2,4,4,1,1,3,3,0,2,3,4,2,1,2,1,3,4,0,0,1,0,3,2,2,1,4,4,0,3,4,0,1,0,3,1,4,3,2,2,1,3,4,3,0,2,2,1,0,4};",NA,fr,tdt
2022_07_09_aaw14,aaw,07/09/2022,aaw14,4,multi_s,multi_s,NA,NA,"{4,0,1,3,1,2,3,0,4,2,0,1,2,3,4,3,0,4,1,2,3,0,0,2,2,1,4,3,4,1,4,0,3,4,2,3,1,2,1,0,1,0,4,0,2,1,3,4,3,2,1,1,3,0,3,4,2,4,2,0,4,1,4,3,2,1,3,0,2,0,3,3,2,0,4,0,1,1,4,2,0,4,2,4,2,1,3,1,3,0,1,3,0,4,0,2,3,4,1,2};",NA,fr,tdt
2022_07_09_aaw15,aaw,07/09/2022,aaw15,4,multi_s,multi_s,NA,NA,"{0,1,0,1,4,3,3,2,2,4,3,2,1,0,2,4,1,4,3,0,3,2,1,0,0,4,3,4,1,2,3,3,4,0,1,2,4,1,0,2,3,0,1,3,0,1,2,2,4,4,1,3,2,4,0,3,4,1,2,0,4,0,2,1,4,3,2,1,0,3,4,0,1,3,2,1,2,3,4,0,0,2,0,1,4,2,3,3,4,1,4,2,4,3,1,0,0,2,1,3};",NA,wr,tdt
2022_07_10_aaw13,aaw,07/10/2022,aaw13,4,multi_s,multi_s,NA,NA,"{4,2,1,1,3,0,0,4,2,3,1,0,1,3,0,4,3,2,2,4,2,4,0,1,2,4,3,3,1,0,0,3,1,1,4,2,4,3,2,0,3,1,4,1,0,3,2,0,4,2,3,2,4,0,1,4,2,1,0,3,1,2,0,1,4,4,2,3,3,0,4,1,3,3,0,1,2,2,0,4,4,0,2,0,1,3,2,3,4,1,4,0,3,1,2,2,4,1,0,3};",NA,fr,tdt
2022_07_10_aaw14,aaw,07/10/2022,aaw14,4,multi_s,multi_s,NA,NA,"{0,3,4,1,2,1,0,2,4,3,0,4,3,1,4,2,3,2,0,1,4,0,4,1,3,3,2,1,0,2,4,1,2,3,4,2,0,0,1,3,3,2,1,0,3,4,1,0,4,2,4,0,4,1,3,2,0,3,2,1,2,0,1,3,1,0,4,2,4,3,2,0,2,1,4,4,3,1,0,3,0,1,1,2,0,3,3,4,2,4,4,2,2,3,3,0,1,4,0,1};",NA,fr,tdt
2022_07_10_aaw15,aaw,07/10/2022,aaw15,4,multi_s,multi_s,NA,NA,"{2,0,0,3,4,1,1,4,3,2,3,4,0,3,1,1,0,4,2,2,4,0,4,2,3,2,1,1,0,3,2,4,0,3,1,0,2,1,4,3,3,2,1,4,0,0,2,4,1,3,0,1,3,4,4,0,2,3,2,1,4,3,1,3,1,2,0,0,2,4,2,0,3,1,4,0,2,4,1,3,1,4,0,3,0,1,3,2,4,2,2,1,4,0,0,2,1,3,3,4};",NA,wr,tdt
2022_07_11_aaw13,aaw,07/11/2022,aaw13,4,multi_s,multi_s,NA,NA,"{0,3,0,2,2,1,3,4,1,4,1,0,3,4,0,2,3,2,1,4,4,1,3,1,2,2,3,0,4,0,0,3,1,0,3,2,4,1,2,4,3,0,0,4,2,2,3,1,4,1,4,3,1,2,2,3,0,4,1,0,2,3,4,0,1,4,2,1,0,3,2,0,4,2,3,4,0,1,3,1,2,4,0,1,3,1,0,4,2,3,0,2,1,4,4,2,1,3,0,3};",NA,fr,tdt
2022_07_11_aaw14,aaw,07/11/2022,aaw14,4,multi_s,multi_s,NA,NA,"{1,2,1,0,0,2,4,3,3,4,4,0,4,2,2,3,3,1,0,1,0,4,2,0,1,2,3,4,3,1,0,1,4,2,4,3,0,1,3,2,0,3,1,2,0,2,1,4,3,4,0,3,1,3,4,2,1,2,4,0,4,0,1,1,0,2,3,2,3,4,2,2,1,3,1,0,0,4,3,4,4,1,3,4,0,1,2,0,3,2,0,3,1,2,4,0,2,4,3,1};",NA,fr,tdt
2022_07_11_aaw15,aaw,07/11/2022,aaw15,4,multi_s,multi_s,NA,NA,"{0,2,2,1,1,4,0,3,3,4,3,1,4,3,0,0,2,2,1,4,0,2,3,4,2,0,1,3,4,1,4,3,4,0,0,2,3,1,1,2,3,4,3,1,1,0,0,4,2,2,0,3,0,3,4,1,2,4,2,1,4,3,0,2,0,2,4,1,1,3,3,1,0,3,4,2,2,0,1,4,3,2,1,2,0,3,0,4,1,4,1,4,4,3,2,0,3,0,1,2};",NA,wr,tdt
2022_07_15_aaw13,aaw,07/15/2022,aaw13,4,multi_s,multi_s,NA,NA,"{0,3,4,1,4,0,3,2,1,2,3,2,1,4,0,2,0,1,4,3,3,0,3,4,4,2,1,2,0,1,0,1,4,0,4,3,2,1,2,3,2,3,4,1,3,0,0,4,2,1,1,2,0,3,1,2,4,0,3,4,1,3,2,4,0,1,4,2,3,0,3,2,4,0,2,1,3,0,1,4,2,0,3,2,4,0,1,3,4,1,0,4,3,2,3,1,2,4,1,0};",NA,wr,tdt
2022_07_15_aaw14,aaw,07/15/2022,aaw14,4,multi_s,multi_s,NA,NA,"{1,3,0,4,2,4,2,3,0,1,3,1,2,0,4,0,1,3,2,4,3,2,1,2,0,4,1,4,3,0,1,3,4,4,0,3,1,2,0,2,0,4,2,3,4,0,1,1,3,2,0,2,0,2,3,3,4,4,1,1,3,2,4,4,3,2,1,1,0,0,4,3,4,0,3,0,1,2,2,1,1,0,1,3,4,0,3,4,2,2,1,1,2,3,0,4,2,4,3,0};",NA,wr,tdt
2022_07_15_aaw15,aaw,07/15/2022,aaw15,4,multi_s,multi_s,NA,NA,"{1,3,2,2,1,0,4,4,3,0,0,2,2,0,4,3,4,1,1,3,1,2,4,3,2,4,0,0,3,1,4,3,4,3,1,1,2,0,2,0,4,3,1,0,2,1,3,0,4,2,2,1,1,0,0,3,4,4,2,3,2,0,0,3,1,4,2,3,1,4,2,2,3,4,1,0,3,4,0,1,4,2,4,3,2,3,1,1,0,0,0,3,0,4,3,1,1,2,2,4};",NA,fr,tdt
2022_07_16_aaw13,aaw,07/16/2022,aaw13,4,multi_s,multi_s,NA,NA,"{1,4,0,3,2,0,4,1,2,3,0,2,4,1,1,3,3,4,0,2,2,4,4,2,3,1,1,3,0,0,1,0,0,2,4,3,3,4,2,1,0,1,4,2,3,3,1,0,4,2,1,4,3,1,3,2,0,2,4,0,1,3,2,4,1,2,3,0,4,0,2,3,2,4,0,1,4,0,3,1,2,0,2,3,1,4,1,3,4,0,0,1,3,4,1,2,2,3,0,4};",NA,wr,tdt
2022_07_16_aaw14,aaw,07/16/2022,aaw14,4,multi_s,multi_s,NA,NA,"{1,3,3,0,4,0,1,2,4,2,2,0,4,1,3,4,2,1,0,3,3,4,2,2,4,1,0,1,0,3,1,4,2,3,0,2,4,3,1,0,3,1,2,3,2,0,0,4,4,1,1,4,3,2,0,0,3,1,4,2,2,0,0,1,4,2,3,4,3,1,1,3,2,4,0,2,4,0,1,3,3,0,2,1,2,0,3,4,1,4,0,1,2,4,3,4,2,3,0,1};",NA,wr,tdt
2022_07_16_aaw15,aaw,07/16/2022,aaw15,4,multi_s,multi_s,NA,NA,"{2,3,0,1,4,4,0,2,1,3,1,3,4,2,1,4,2,0,3,0,0,2,3,4,4,3,1,0,1,2,3,2,1,0,3,2,4,0,1,4,0,0,2,2,4,1,3,4,3,1,0,3,1,4,2,4,0,1,2,3,4,3,1,3,0,4,1,2,0,2,1,3,4,4,1,2,0,2,0,3,3,0,4,4,3,1,0,2,2,1,1,0,1,2,3,4,3,2,0,4};",NA,fr,tdt
2022_07_17_aaw13,aaw,07/17/2022,aaw13,4,multi_s,multi_s,NA,NA,"{1,4,0,3,2,0,4,1,2,3,0,2,4,1,1,3,3,4,0,2,2,4,4,2,3,1,1,3,0,0,1,0,0,2,4,3,3,4,2,1,0,1,4,2,3,3,1,0,4,2,1,4,3,1,3,2,0,2,4,0,1,3,2,4,1,2,3,0,4,0,2,3,2,4,0,1,4,0,3,1,2,0,2,3,1,4,1,3,4,0,0,1,3,4,1,2,2,3,0,4};",NA,wr,tdt
2022_07_17_aaw14,aaw,07/17/2022,aaw14,4,multi_s,multi_s,NA,NA,"{1,3,3,0,4,0,1,2,4,2,2,0,4,1,3,4,2,1,0,3,3,4,2,2,4,1,0,1,0,3,1,4,2,3,0,2,4,3,1,0,3,1,2,3,2,0,0,4,4,1,1,4,3,2,0,0,3,1,4,2,2,0,0,1,4,2,3,4,3,1,1,3,2,4,0,2,4,0,1,3,3,0,2,1,2,0,3,4,1,4,0,1,2,4,3,4,2,3,0,1};",NA,wr,tdt
2022_07_17_aaw15,aaw,07/17/2022,aaw15,4,multi_s,multi_s,NA,NA,"{2,3,0,1,4,4,0,2,1,3,1,3,4,2,1,4,2,0,3,0,0,2,3,4,4,3,1,0,1,2,3,2,1,0,3,2,4,0,1,4,0,0,2,2,4,1,3,4,3,1,0,3,1,4,2,4,0,1,2,3,4,3,1,3,0,4,1,2,0,2,1,3,4,4,1,2,0,2,0,3,3,0,4,4,3,1,0,2,2,1,1,0,1,2,3,4,3,2,0,4};",NA,fr,tdt
2022_07_20_aaw13,aaw,07/20/2022,aaw13,4,multi_nacl,multi_nacl,NA,NA,"{1,1,0,2,4,3,3,2,4,0,4,4,0,3,1,0,2,3,2,1,4,1,2,2,3,3,4,1,0,0,2,1,4,0,0,3,2,3,1,4,1,2,2,1,4,0,4,3,3,0,2,3,3,0,4,1,1,0,4,2,1,1,3,3,2,4,0,2,4,0,0,0,2,4,1,3,4,2,3,1,0,1,2,3,1,4,2,4,3,0,4,2,1,0,2,4,3,1,0,3};",NA,wr,tdt
2022_07_20_aaw14,aaw,07/20/2022,aaw14,4,multi_nacl,multi_nacl,NA,NA,"{4,4,0,3,0,1,1,2,3,2,4,1,0,3,3,4,2,0,1,2,1,2,1,2,4,3,3,4,0,0,0,2,1,0,2,4,4,3,1,3,0,3,1,4,1,2,4,2,0,3,2,3,0,4,0,2,3,1,1,4,2,3,1,0,2,0,1,4,3,4,0,1,4,2,3,0,1,3,4,2,2,3,1,0,4,4,0,3,1,2,2,4,4,2,3,3,0,1,0,1};",NA,wr,tdt
2022_07_20_aaw15,aaw,07/20/2022,aaw15,4,multi_nacl,multi_nacl,NA,NA,"{3,0,1,3,1,4,2,0,4,2,4,1,3,4,1,2,0,0,2,3,0,4,3,2,1,2,1,3,0,4,1,3,1,2,3,0,4,0,2,4,4,0,0,2,3,1,1,4,2,3,1,4,1,2,2,4,0,3,3,0,1,1,3,4,2,2,4,0,3,0,2,0,3,2,1,0,1,3,4,4,0,1,4,3,1,0,2,3,4,2,4,1,4,0,1,3,3,2,0,2};",NA,wr,tdt
2022_07_21_aaw13,aaw,07/21/2022,aaw13,4,multi_nacl,multi_nacl,NA,NA,"{4,0,0,1,2,2,3,1,3,4,2,2,1,3,4,0,1,4,0,3,4,1,1,0,2,3,3,0,2,4,4,0,3,1,0,1,2,3,4,2,2,0,2,1,3,3,4,0,1,4,3,0,4,1,2,0,1,3,4,2,0,2,0,4,3,1,1,4,2,3,3,2,3,1,4,1,2,0,4,0,4,2,1,3,0,1,2,0,3,4,0,4,4,2,1,2,1,0,3,3};",NA,wr,tdt
2022_07_21_aaw14,aaw,07/21/2022,aaw14,4,multi_nacl,multi_nacl,NA,NA,"{2,1,2,4,3,3,0,1,4,0,4,4,0,3,1,2,1,0,2,3,2,2,3,0,1,4,0,4,3,1,1,0,3,4,2,2,4,1,3,0,3,4,3,0,0,2,2,4,1,1,3,2,1,1,3,0,2,4,0,4,0,4,1,2,3,3,2,1,4,0,0,4,2,0,1,3,4,2,1,3,3,4,2,1,2,0,4,0,3,1,0,1,0,4,3,2,2,4,1,3};",NA,wr,tdt
2022_07_21_aaw15,aaw,07/21/2022,aaw15,4,multi_nacl,multi_nacl,NA,NA,"{4,4,3,0,1,2,0,1,2,3,2,3,1,2,1,3,4,0,0,4,3,3,2,4,1,0,0,2,1,4,0,3,2,2,3,1,4,4,0,1,0,3,1,3,4,2,2,4,0,1,3,0,4,3,1,4,0,2,2,1,0,0,1,3,4,2,3,4,1,2,4,4,2,3,2,0,1,0,1,3,4,1,2,1,3,0,3,2,0,4,2,3,1,4,0,0,1,3,2,4};",NA,wr,tdt
2022_07_22_aaw13,aaw,07/22/2022,aaw13,4,multi_nacl,multi_nacl,NA,NA,"{2,1,4,0,4,1,3,3,2,0,2,4,1,0,3,0,2,3,4,1,4,2,1,1,3,0,3,4,2,0,2,0,2,1,4,3,4,3,1,0,4,1,3,0,1,2,0,3,4,2,2,1,0,2,4,3,3,0,4,1,1,2,0,4,4,3,1,0,3,2,1,0,3,4,4,2,3,1,2,0,1,0,3,3,2,2,4,4,0,1,3,0,2,4,2,3,1,1,0,4};",NA,wr,tdt
2022_07_22_aaw14,aaw,07/22/2022,aaw14,4,multi_nacl,multi_nacl,NA,NA,"{2,1,0,4,2,4,0,3,1,3,1,0,0,4,2,2,1,3,3,4,0,0,2,2,1,4,3,3,4,1,2,0,1,3,0,4,2,4,1,3,0,1,4,3,4,3,2,0,2,1,2,0,1,4,0,1,3,3,4,2,4,3,0,2,0,1,2,3,1,4,3,0,4,0,1,1,2,3,2,4,4,0,4,3,3,1,2,0,2,1,3,0,0,3,4,4,2,2,1,1};",NA,wr,tdt
2022_07_22_aaw15,aaw,07/22/2022,aaw15,4,multi_nacl,multi_nacl,NA,NA,"{2,1,4,1,3,2,0,3,0,4,4,0,3,1,3,2,4,0,1,2,4,3,2,3,4,1,2,0,0,1,2,1,1,0,0,3,4,2,4,3,2,1,4,3,0,2,3,4,0,1,3,1,0,3,4,0,4,2,2,1,4,0,1,2,3,0,4,3,1,2,2,3,4,2,1,3,1,4,0,0,1,4,0,4,2,3,1,2,3,0,1,4,4,0,1,3,2,2,3,0};",NA,wr,tdt
2023_03_15_aaw17,aaw,03/15/2023,aaw17,5,multi_sucrose,multi_sucrose,NA,NA,"{4,1,1,3,0,4,2,3,2,0,2,1,0,3,3,0,2,4,4,1,4,3,2,1,0,2,3,1,4,0,0,1,1,2,4,2,3,4,0,3,1,2,3,4,4,3,0,1,0,2,1,3,3,2,0,4,4,2,1,0,4,0,3,1,0,2,2,4,1,3,0,0,2,1,4,3,3,1,4,2,3,2,3,0,2,0,4,4,1,1,0,4,1,4,3,2,0,1,3,2};",NA,fr,tdt
2023_03_15_aaw18,aaw,03/15/2023,aaw18,5,multi_sucrose,multi_sucrose,NA,NA,"{4,0,2,0,2,3,3,1,4,1,2,3,1,4,3,4,1,0,2,0,2,3,3,1,4,1,2,0,4,0,4,1,2,4,3,2,0,0,1,3,4,3,0,1,4,0,2,1,2,3,1,4,0,1,2,3,4,3,2,0,2,4,0,0,3,4,1,1,2,3,2,4,0,1,3,1,2,0,3,4,1,4,2,3,1,0,2,4,0,3,2,4,4,2,1,0,0,3,1,3};",NA,fr,tdt
2023_03_15_aaw19,aaw,03/15/2023,aaw19,5,multi_sucrose,multi_sucrose,NA,NA,"{2,3,1,2,4,0,0,4,1,3,1,3,0,1,0,2,4,3,4,2,4,4,3,0,0,2,2,3,1,1,3,2,0,2,0,4,1,4,3,1,2,1,3,2,1,3,4,0,4,0,4,1,3,3,0,4,2,2,1,0,2,3,4,0,2,4,1,3,0,1,2,2,1,0,4,0,3,3,4,1,1,0,0,3,2,3,4,1,2,4,4,3,2,3,0,4,1,2,0,1};",NA,fr,tdt
2023_03_15_aaw20,aaw,03/15/2023,aaw20,5,multi_sucrose,multi_sucrose,NA,NA,"{4,0,0,1,3,3,2,2,1,4,1,3,1,4,0,2,0,3,4,2,0,4,0,4,1,3,3,2,2,1,4,1,0,4,2,0,3,2,3,1,4,3,1,2,2,0,3,1,0,4,4,2,1,0,3,0,4,1,2,3,3,0,3,0,4,2,2,4,1,1,2,3,3,1,4,0,2,1,0,4,4,2,0,2,1,3,1,3,0,4,1,3,4,3,0,1,2,0,2,4};",NA,wr,tdt
2023_03_15_aaw22,aaw,03/15/2023,aaw22,5,multi_sucrose,multi_sucrose,NA,NA,"{2,2,3,1,3,4,4,0,1,0,2,3,0,0,3,1,4,2,4,1,3,1,1,2,3,2,4,0,0,4,4,3,2,3,4,1,0,2,0,1,2,4,4,3,2,1,3,0,0,1,3,2,3,0,4,1,0,2,1,4,4,1,2,0,3,2,1,3,0,4,2,0,4,0,3,2,1,3,1,4,4,3,2,3,1,0,0,4,1,2,1,1,4,2,2,4,0,0,3,3};",NA,wr,tdt
2023_03_16_aaw17,aaw,03/16/2023,aaw17,5,multi_sucrose,multi_sucrose,NA,NA,"{0,0,3,2,2,4,3,1,4,1,1,3,2,4,1,2,0,4,0,3,2,0,4,3,3,2,1,1,0,4,4,4,3,3,2,2,1,0,0,1,4,0,2,1,3,2,0,1,4,3,4,3,0,0,4,2,1,2,3,1,4,1,1,3,3,4,0,2,0,2,3,4,1,0,4,1,2,2,0,3,1,0,2,1,3,4,4,3,2,0,2,0,1,3,3,0,4,4,1,2};",NA,fr,tdt
2023_03_16_aaw18,aaw,03/16/2023,aaw18,5,multi_sucrose,multi_sucrose,NA,NA,"{0,2,2,4,3,1,1,4,0,3,0,4,1,3,4,1,0,3,2,2,4,2,3,0,4,2,3,1,1,0,1,2,0,4,2,1,4,3,3,0,0,2,0,4,1,1,3,3,4,2,3,1,4,1,0,2,2,0,4,3,0,2,4,0,3,1,3,4,2,1,0,0,4,1,3,2,1,4,3,2,2,4,3,1,4,1,2,0,3,0,3,1,1,0,3,0,4,4,2,2};",NA,fr,tdt
2023_03_16_aaw19,aaw,03/16/2023,aaw19,5,multi_sucrose,multi_sucrose,NA,NA,"{0,1,4,2,0,3,1,4,2,3,0,4,1,3,0,4,2,2,1,3,2,1,1,4,3,4,0,0,3,2,1,0,2,3,1,2,0,3,4,4,0,3,4,2,1,1,3,4,2,0,4,1,2,2,1,3,3,0,0,4,0,3,1,4,2,1,0,3,4,2,4,1,0,4,0,2,2,3,3,1,1,2,3,3,2,4,0,1,0,4,3,2,4,1,0,1,0,2,4,3};",NA,fr,tdt
2023_03_16_aaw20,aaw,03/16/2023,aaw20,5,multi_sucrose,multi_sucrose,NA,NA,"{3,3,1,2,0,2,4,1,0,4,0,0,4,4,3,1,2,2,1,3,4,3,2,4,2,3,0,1,0,1,1,4,3,3,4,0,2,2,0,1,2,4,3,4,1,0,1,3,2,0,3,0,1,4,2,4,2,3,1,0,2,4,2,1,3,1,0,0,3,4,1,2,0,2,3,4,3,4,0,1,1,1,2,2,4,0,4,0,3,3,3,3,1,1,2,0,4,0,4,2};",NA,wr,tdt
2023_03_16_aaw22,aaw,03/16/2023,aaw22,5,multi_sucrose,multi_sucrose,NA,NA,"{4,4,1,2,1,2,3,0,0,3,1,0,4,2,4,0,3,1,3,2,4,3,1,0,2,0,4,3,2,1,4,4,1,3,2,2,0,1,0,3,0,1,2,4,3,3,1,4,0,2,3,0,3,4,0,2,1,2,1,4,1,3,0,4,0,2,4,1,2,3,2,4,2,0,1,1,4,3,3,0,1,2,3,0,1,4,4,0,2,3,1,4,2,2,4,0,3,1,3,0};",NA,wr,tdt
2023_03_17_aaw17,aaw,03/17/2023,aaw17,5,multi_sucrose,multi_sucrose,NA,NA,"{2,4,2,0,3,1,3,4,0,1,4,2,1,2,4,3,1,0,3,0,3,1,4,2,4,0,3,2,0,1,4,1,4,3,0,3,2,1,0,2,1,1,3,2,0,4,3,0,2,4,4,0,1,3,2,4,2,1,3,0,2,1,0,3,4,1,2,4,0,3,0,4,1,3,1,3,2,0,4,2,4,4,2,0,3,1,0,2,3,1,2,0,0,4,1,3,2,1,4,3};",NA,fr,tdt
2023_03_17_aaw18,aaw,03/17/2023,aaw18,5,multi_sucrose,multi_sucrose,NA,NA,"{0,2,1,2,4,3,1,3,0,4,0,3,1,4,0,1,3,4,2,2,1,4,2,3,0,1,2,4,3,0,4,2,0,2,0,4,3,3,1,1,0,2,3,1,1,4,0,3,2,4,4,0,1,0,2,2,3,4,3,1,1,1,2,0,3,2,3,4,0,4,3,3,0,2,4,1,2,0,4,1,4,3,2,1,3,1,2,0,4,0,0,4,0,4,3,2,2,1,3,1};",NA,fr,tdt
2023_03_17_aaw19,aaw,03/17/2023,aaw19,5,multi_sucrose,multi_sucrose,NA,NA,"{4,3,0,4,3,2,1,0,2,1,3,0,3,1,4,0,2,1,4,2,1,0,2,1,3,3,4,2,0,4,3,2,0,2,4,0,4,1,1,3,0,3,2,0,1,4,2,4,1,3,0,2,2,3,3,4,0,4,1,1,2,1,2,1,4,0,4,3,3,0,2,0,2,1,3,3,4,4,1,0,2,4,0,0,1,3,2,1,3,4,0,4,2,2,3,1,3,0,4,1};",NA,fr,tdt
2023_03_17_aaw20,aaw,03/17/2023,aaw20,5,multi_sucrose,multi_sucrose,NA,NA,"{4,0,0,1,3,2,3,2,1,4,0,1,0,3,2,4,3,2,1,4,1,0,1,3,2,4,0,4,2,3,0,4,1,3,2,3,0,4,1,2,2,3,1,1,4,2,4,3,0,0,3,4,2,2,4,1,0,3,1,0,2,1,0,4,0,4,1,3,2,3,3,2,1,1,0,2,0,3,4,4,0,0,2,4,2,1,4,1,3,3,1,0,2,4,1,3,3,4,0,2};",NA,wr,tdt
2023_03_17_aaw22,aaw,03/17/2023,aaw22,5,multi_sucrose,multi_sucrose,NA,NA,"{1,0,3,3,4,4,0,1,2,2,3,0,4,3,2,2,1,4,1,0,4,1,2,0,3,4,0,2,3,1,2,2,1,1,0,4,3,4,0,3,4,2,0,4,1,1,3,0,2,3,2,4,1,2,4,1,3,0,0,3,2,3,1,2,1,0,4,0,4,3,4,1,2,4,1,2,3,0,3,0,3,0,0,1,4,2,2,1,4,3,3,1,0,4,3,2,4,2,0,1};",NA,wr,tdt
2023_03_23_aaw17,aaw,03/23/2023,aaw17,5,multi_sucrose,multi_sucrose,NA,NA,"{0,3,4,1,2,2,4,3,1,0,4,0,3,0,2,4,1,3,1,2,2,3,3,1,4,4,2,1,0,0,4,3,2,0,1,2,4,0,3,1,2,0,1,0,3,2,4,3,1,4,2,3,4,1,2,4,0,3,1,0,3,0,2,4,1,3,4,1,0,2,1,0,2,3,0,4,3,2,1,4,2,3,0,2,3,4,0,4,1,1,0,1,2,4,2,3,3,4,0,1};",NA,wr,tdt
2023_03_23_aaw18,aaw,03/23/2023,aaw18,5,multi_sucrose,multi_sucrose,NA,NA,"{0,1,1,4,3,3,0,4,2,2,0,4,1,2,3,0,2,4,1,3,4,2,3,0,1,4,0,3,1,2,4,0,3,0,2,2,1,3,4,1,4,3,3,4,0,2,1,2,1,0,1,0,2,0,3,1,3,4,4,2,2,3,0,4,1,0,2,3,1,4,3,4,1,2,3,1,2,0,4,0,3,2,2,0,4,4,3,1,0,1,2,4,4,0,3,1,0,2,3,1};",NA,wr,tdt
2023_03_23_aaw19,aaw,03/23/2023,aaw19,5,multi_sucrose,multi_sucrose,NA,NA,"{4,3,3,2,2,0,1,1,4,0,3,3,4,4,0,0,2,1,2,1,0,3,3,4,1,4,2,2,0,1,2,4,4,1,3,3,1,2,0,0,2,3,2,4,1,1,0,4,0,3,1,0,3,2,4,2,3,0,1,4,0,0,1,2,3,4,2,3,4,1,2,3,4,3,1,0,4,2,0,1,2,4,3,1,0,3,2,1,4,0,2,3,0,1,4,2,3,4,0,1};",NA,wr,tdt
2023_03_23_aaw20,aaw,03/23/2023,aaw20,5,multi_sucrose,multi_sucrose,NA,NA,"{2,3,1,4,1,4,2,3,0,0,2,3,2,1,4,0,3,0,1,4,0,1,3,3,4,4,1,0,2,2,3,0,4,1,2,0,4,2,1,3,2,4,1,0,1,4,0,3,2,3,4,2,1,3,2,0,3,1,4,0,1,2,4,1,0,4,2,3,0,3,4,0,2,1,3,0,2,4,1,3,2,1,4,3,2,1,4,0,3,0,3,0,4,0,1,1,4,3,2,2};",NA,fr,tdt
2023_03_23_aaw22,aaw,03/23/2023,aaw22,5,multi_sucrose,multi_sucrose,NA,NA,"{3,0,4,1,3,2,4,1,2,0,2,1,4,0,3,0,3,2,4,1,4,4,3,2,2,1,0,3,0,1,3,2,4,3,0,1,1,2,4,0,4,0,1,0,2,3,2,4,1,3,3,0,0,2,1,4,1,2,4,3,0,1,4,4,1,0,3,3,2,2,4,1,1,3,3,0,2,0,4,2,2,4,3,0,2,1,4,3,1,0,2,0,3,1,3,4,4,2,1,0};",NA,fr,tdt
2023_03_24_aaw17,aaw,03/24/2023,aaw17,5,multi_sucrose,multi_sucrose,NA,NA,"{4,1,0,2,2,3,1,4,0,3,0,3,2,3,2,4,4,1,1,0,3,2,4,1,4,2,1,0,3,0,3,1,4,2,0,1,2,3,4,0,3,2,4,0,4,0,3,2,1,1,3,2,1,4,0,2,0,3,1,4,0,4,4,3,1,3,2,0,1,2,4,1,3,0,2,2,3,1,4,0,3,4,2,2,1,3,1,4,0,0,0,0,4,4,1,2,3,2,1,3};",NA,wr,tdt
2023_03_24_aaw18,aaw,03/24/2023,aaw18,5,multi_sucrose,multi_sucrose,NA,NA,"{0,0,4,2,1,4,2,3,1,3,0,4,1,2,0,3,1,4,2,3,0,3,2,1,0,1,4,3,4,2,0,3,1,3,4,0,2,1,4,2,2,2,0,1,3,3,4,1,0,4,3,4,0,3,2,4,0,1,1,2,4,2,1,2,0,3,3,1,4,0,3,1,2,2,3,4,0,4,0,1,0,4,2,0,1,4,3,1,2,3,4,3,2,4,1,3,1,0,2,0};",NA,wr,tdt
2023_03_24_aaw19,aaw,03/24/2023,aaw19,5,multi_sucrose,multi_sucrose,NA,NA,"{3,1,1,2,4,0,4,0,3,2,4,2,3,1,1,0,3,4,2,0,1,3,1,4,2,2,0,3,4,0,4,3,0,3,1,2,4,1,2,0,3,4,2,0,1,1,2,0,4,3,1,0,4,0,1,2,2,3,4,3,3,2,2,0,4,1,3,4,1,0,1,1,2,3,0,4,4,0,3,2,2,3,4,2,1,3,4,0,0,1,1,0,2,4,0,3,3,1,4,2};",NA,wr,tdt
2023_03_24_aaw20,aaw,03/24/2023,aaw20,5,multi_sucrose,multi_sucrose,NA,NA,"{2,4,3,1,3,2,0,1,4,0,0,2,0,2,4,1,1,4,3,3,1,1,0,2,3,4,2,3,4,0,3,1,4,0,0,4,2,1,3,2,1,3,0,2,0,2,1,4,4,3,0,4,4,0,3,3,2,2,1,1,2,2,4,4,3,1,0,1,0,3,1,3,1,0,2,4,4,3,0,2,1,3,0,3,4,0,2,4,2,1,2,4,1,0,2,4,3,3,1,0};",NA,fr,tdt
2023_03_24_aaw22,aaw,03/24/2023,aaw22,5,multi_sucrose,multi_sucrose,NA,NA,"{0,3,4,4,0,3,2,1,1,2,3,2,4,3,0,4,2,1,1,0,4,3,2,0,0,1,1,4,2,3,3,0,2,1,3,1,4,0,4,2,0,4,4,2,0,1,2,3,1,3,3,4,3,2,0,1,1,4,0,2,4,3,1,1,0,3,4,0,2,2,3,0,2,3,1,4,2,1,0,4,4,1,2,1,0,3,3,4,0,2,3,2,4,3,2,1,0,0,4,1};",NA,fr,tdt
2023_03_25_aaw17,aaw,03/25/2023,aaw17,5,multi_sucrose,multi_sucrose,NA,NA,"{0,0,4,2,1,4,2,3,1,3,0,4,1,2,0,3,1,4,2,3,0,3,2,1,0,1,4,3,4,2,0,3,1,3,4,0,2,1,4,2,2,2,0,1,3,3,4,1,0,4,3,4,0,3,2,4,0,1,1,2,4,2,1,2,0,3,3,1,4,0,3,1,2,2,3,4,0,4,0,1,0,4,2,0,1,4,3,1,2,3,4,3,2,4,1,3,1,0,2,0};",NA,wr,tdt
2023_03_25_aaw18,aaw,03/25/2023,aaw18,5,multi_sucrose,multi_sucrose,NA,NA,"{3,1,1,2,4,0,4,0,3,2,4,2,3,1,1,0,3,4,2,0,1,3,1,4,2,2,0,3,4,0,4,3,0,3,1,2,4,1,2,0,3,4,2,0,1,1,2,0,4,3,1,0,4,0,1,2,2,3,4,3,3,2,2,0,4,1,3,4,1,0,1,1,2,3,0,4,4,0,3,2,2,3,4,2,1,3,4,0,0,1,1,0,2,4,0,3,3,1,4,2};",NA,wr,tdt
2023_03_25_aaw19,aaw,03/25/2023,aaw19,5,multi_sucrose,multi_sucrose,NA,NA,"{2,4,3,1,3,2,0,1,4,0,0,2,0,2,4,1,1,4,3,3,1,1,0,2,3,4,2,3,4,0,3,1,4,0,0,4,2,1,3,2,1,3,0,2,0,2,1,4,4,3,0,4,4,0,3,3,2,2,1,1,2,2,4,4,3,1,0,1,0,3,1,3,1,0,2,4,4,3,0,2,1,3,0,3,4,0,2,4,2,1,2,4,1,0,2,4,3,3,1,0};",NA,wr,tdt
2023_03_25_aaw20,aaw,03/25/2023,aaw20,5,multi_sucrose,multi_sucrose,NA,NA,"{0,3,4,4,0,3,2,1,1,2,3,2,4,3,0,4,2,1,1,0,4,3,2,0,0,1,1,4,2,3,3,0,2,1,3,1,4,0,4,2,0,4,4,2,0,1,2,3,1,3,3,4,3,2,0,1,1,4,0,2,4,3,1,1,0,3,4,0,2,2,3,0,2,3,1,4,2,1,0,4,4,1,2,1,0,3,3,4,0,2,3,2,4,3,2,1,0,0,4,1};",NA,fr,tdt
2023_03_25_aaw22,aaw,03/25/2023,aaw22,5,multi_sucrose,multi_sucrose,NA,NA,"{4,1,0,2,2,3,1,4,0,3,0,3,2,3,2,4,4,1,1,0,3,2,4,1,4,2,1,0,3,0,3,1,4,2,0,1,2,3,4,0,3,2,4,0,4,0,3,2,1,1,3,2,1,4,0,2,0,3,1,4,0,4,4,3,1,3,2,0,1,2,4,1,3,0,2,2,3,1,4,0,3,4,2,2,1,3,1,4,0,0,0,0,4,4,1,2,3,2,1,3};",NA,fr,tdt
2023_03_29_aaw17,aaw,03/29/2023,aaw17,5,multi_nacl,multi_nacl,NA,NA,"{0,1,1,0,2,4,2,4,3,3,4,1,3,0,2,2,3,4,1,0,1,1,2,4,4,0,3,2,0,3,3,4,2,4,1,3,1,2,0,0,3,1,3,4,4,2,0,0,2,1,4,2,1,2,0,4,3,3,0,1,1,4,0,2,3,4,3,0,2,1,0,2,0,2,1,4,1,3,3,4,1,4,3,0,0,2,2,1,3,4,1,4,2,0,3,1,2,0,4,3};",NA,wr,tdt
2023_03_29_aaw18,aaw,03/29/2023,aaw18,5,multi_nacl,multi_nacl,NA,NA,"{1,1,4,3,2,0,4,3,0,2,1,2,0,3,0,4,3,2,1,4,1,1,3,0,2,4,4,0,3,2,1,4,2,4,2,1,3,3,0,0,1,4,2,1,4,0,2,3,3,0,1,2,2,3,4,3,4,1,0,0,4,1,1,4,3,2,0,3,2,0,2,1,1,4,0,3,2,4,3,0,2,0,1,0,4,1,4,3,3,2,2,2,3,1,3,1,4,4,0,0};",NA,wr,tdt
2023_03_29_aaw19,aaw,03/29/2023,aaw19,5,multi_nacl,multi_nacl,NA,NA,"{3,1,3,2,0,1,0,2,4,4,4,0,2,1,2,3,3,1,4,0,1,4,4,1,2,0,0,3,3,2,3,1,3,2,0,0,1,4,4,2,2,1,3,1,4,0,0,4,2,3,2,3,4,3,1,0,0,1,2,4,2,3,0,1,0,1,4,2,4,3,4,1,3,0,4,2,2,1,0,3,0,4,2,3,1,0,2,3,4,1,0,2,3,1,1,4,4,0,2,3};",NA,wr,tdt
2023_03_29_aaw20,aaw,03/29/2023,aaw20,5,multi_nacl,multi_nacl,NA,NA,"{3,1,0,1,4,4,3,0,2,2,1,1,3,2,2,4,3,0,0,4,2,0,2,4,0,3,3,1,1,4,0,3,4,2,1,3,0,4,2,1,4,0,1,2,3,3,0,1,2,4,3,2,4,3,4,0,1,0,2,1,2,4,3,0,2,0,1,4,3,1,3,4,2,2,1,0,1,4,3,0,2,1,0,4,4,0,2,1,3,3,1,2,2,3,4,0,1,4,3,0};",NA,wr,tdt
2023_03_29_aaw22,aaw,03/29/2023,aaw22,5,multi_nacl,multi_nacl,NA,NA,"{1,2,3,3,0,4,2,4,0,1,0,2,1,1,4,3,3,2,0,4,0,2,4,1,3,4,2,0,3,1,0,1,2,4,3,0,1,4,2,3,3,0,4,2,1,2,1,0,3,4,2,3,0,1,0,3,2,1,4,4,1,1,2,0,4,3,4,2,3,0,0,3,2,4,1,0,1,3,2,4,3,1,0,3,4,1,2,4,2,0,2,2,4,4,3,0,0,1,3,1};",NA,wr,tdt
2023_03_30_aaw17,aaw,03/30/2023,aaw17,5,multi_nacl,multi_nacl,NA,NA,"{1,1,0,4,3,0,4,3,2,2,3,4,4,1,2,3,0,1,2,0,2,0,0,1,2,3,4,1,4,3,2,1,4,0,3,4,1,2,3,0,2,0,1,2,3,4,4,3,1,0,3,2,2,0,1,4,0,4,1,3,3,0,4,1,2,3,4,2,1,0,0,3,1,4,1,3,2,4,2,0,1,3,4,1,2,0,3,2,0,4,3,2,0,0,1,2,4,1,3,4};",NA,wr,tdt
2023_03_30_aaw18,aaw,03/30/2023,aaw18,5,multi_nacl,multi_nacl,NA,NA,"{4,1,3,0,4,2,0,1,2,3,0,4,1,3,4,2,3,0,2,1,0,1,4,0,1,3,2,2,4,3,2,4,3,0,3,2,0,1,4,1,4,0,2,4,1,3,1,2,3,0,2,0,2,4,3,3,1,0,1,4,2,1,4,3,4,0,3,1,2,0,4,2,2,3,0,3,4,1,1,0,4,4,1,3,0,2,1,2,0,3,2,3,3,4,4,0,1,0,1,2};",NA,wr,tdt
2023_03_30_aaw19,aaw,03/30/2023,aaw19,5,multi_nacl,multi_nacl,NA,NA,"{3,4,0,3,1,4,1,2,2,0,0,3,3,1,4,0,4,2,2,1,3,1,2,2,3,0,4,1,0,4,1,0,4,2,3,3,4,1,0,2,4,0,1,2,3,2,0,4,3,1,4,1,1,0,0,3,4,3,2,2,2,4,0,4,3,1,0,3,1,2,0,3,4,0,2,2,1,1,3,4,1,2,2,3,0,1,4,3,0,4,2,0,1,1,3,2,4,0,4,3};",NA,wr,tdt
2023_03_30_aaw20,aaw,03/30/2023,aaw20,5,multi_nacl,multi_nacl,NA,NA,"{1,1,0,2,4,0,2,4,3,3,3,1,2,2,4,3,4,0,0,1,0,3,4,3,2,4,1,2,1,0,1,3,3,2,4,0,2,1,4,0,2,4,2,1,0,1,4,3,0,3,3,0,2,2,1,4,4,0,3,1,3,1,4,0,0,1,2,4,2,3,3,3,1,2,4,4,2,0,1,0,4,0,2,1,0,2,3,3,4,1,1,2,4,3,2,4,0,3,1,0};",NA,wr,tdt
2023_03_30_aaw22,aaw,03/30/2023,aaw22,5,multi_nacl,multi_nacl,NA,NA,"{2,1,0,3,0,4,2,3,1,4,4,2,3,4,2,0,1,1,0,3,2,4,3,1,1,3,4,2,0,0,4,2,3,2,0,4,1,0,1,3,4,3,1,1,2,0,0,2,4,3,0,3,4,2,0,1,1,2,3,4,2,0,2,4,4,3,3,1,1,0,3,4,2,3,1,4,1,0,2,0,0,0,1,4,2,3,1,3,2,4,0,3,1,1,4,4,2,0,3,2};",NA,wr,tdt
2023_03_31_aaw17,aaw,03/31/2023,aaw17,5,multi_nacl,multi_nacl,NA,NA,"{4,3,0,1,4,0,2,2,3,1,1,2,3,3,0,0,4,2,1,4,1,2,3,4,4,1,3,2,0,0,2,2,4,0,1,3,3,1,0,4,4,2,1,1,0,3,2,3,4,0,1,0,3,3,1,2,0,4,4,2,1,2,3,0,4,4,3,0,1,2,4,4,0,2,3,0,1,3,1,2,1,0,4,2,4,2,3,3,0,1,2,0,3,1,1,4,4,2,0,3};",NA,wr,tdt
2023_03_31_aaw18,aaw,03/31/2023,aaw18,5,multi_nacl,multi_nacl,NA,NA,"{4,0,1,3,1,4,2,0,3,2,0,2,3,4,1,1,3,0,2,4,2,4,1,4,0,3,2,1,3,0,2,1,4,0,2,4,3,3,0,1,0,1,3,1,2,3,2,4,4,0,1,3,4,0,0,1,3,4,2,2,2,3,1,2,3,0,4,1,0,4,3,1,1,4,3,2,0,4,0,2,0,2,3,2,3,4,0,4,1,1,0,2,0,4,3,4,3,1,1,2};",NA,wr,tdt
2023_03_31_aaw19,aaw,03/31/2023,aaw19,5,multi_nacl,multi_nacl,NA,NA,"{1,3,4,4,0,0,2,2,1,3,3,4,2,4,2,0,0,3,1,1,1,0,2,0,2,3,4,4,1,3,2,0,1,4,0,3,2,1,3,4,4,4,1,3,3,0,1,2,2,0,1,0,3,4,2,3,4,2,1,0,0,0,4,4,2,3,2,1,3,1,3,0,3,0,2,1,4,1,4,2,4,1,4,0,2,0,3,2,1,3,1,1,2,3,0,3,2,4,4,0};",NA,wr,tdt
2023_03_31_aaw20,aaw,03/31/2023,aaw20,5,multi_nacl,multi_nacl,NA,NA,"{2,2,1,0,3,4,4,1,3,0,3,0,1,0,2,3,1,4,4,2,3,1,0,2,0,3,1,4,4,2,3,2,2,0,4,4,1,0,1,3,4,0,1,2,2,0,3,3,1,4,0,2,4,3,4,2,1,1,3,0,3,4,2,1,4,0,3,1,0,2,1,3,1,4,2,2,0,4,3,0,2,3,4,0,3,1,4,0,1,2,1,2,3,4,0,2,3,1,0,4};",NA,wr,tdt
2023_03_31_aaw22,aaw,03/31/2023,aaw22,5,multi_nacl,multi_nacl,NA,NA,"{4,4,1,0,3,2,2,1,3,0,0,1,4,4,1,0,3,3,2,2,3,4,3,2,4,0,0,1,2,1,4,4,3,2,1,0,2,0,1,3,0,2,1,4,3,4,3,0,2,1,3,3,2,1,0,1,4,4,0,2,1,0,4,4,0,1,2,3,3,2,0,3,4,2,1,1,0,4,3,2,0,2,4,1,1,0,3,4,2,3,2,1,0,4,3,1,3,4,0,2};",NA,wr,tdt
2023_07_22_abo01,abo,07/22/2023,abo01,1,multi_sucrose,multi_sucrose,NA,NA,"{2,0,0,1,3,4,4,3,1,2,3,0,2,1,4,2,1,3,4,0,2,0,2,3,3,0,1,4,1,4,3,0,2,0,2,1,4,4,3,1,4,4,1,2,2,0,0,1,3,3,2,0,1,3,3,1,4,0,2,4,4,2,1,1,3,4,2,0,0,3,1,2,1,2,4,0,0,3,3,4,3,1,4,0,3,2,1,0,2,4,2,1,1,3,0,0,2,3,4,4};",NA,fr,npm
2023_07_22_abo02,abo,07/22/2023,abo02,1,multi_sucrose,multi_sucrose,NA,NA,"{2,0,0,1,3,4,4,3,1,2,3,0,2,1,4,2,1,3,4,0,2,0,2,3,3,0,1,4,1,4,3,0,2,0,2,1,4,4,3,1,4,4,1,2,2,0,0,1,3,3,2,0,1,3,3,1,4,0,2,4,4,2,1,1,3,4,2,0,0,3,1,2,1,2,4,0,0,3,3,4,3,1,4,0,3,2,1,0,2,4,2,1,1,3,0,0,2,3,4,4};",NA,fr,npm
2023_07_22_abo03,abo,07/22/2023,abo03,1,multi_sucrose,multi_sucrose,NA,NA,"{2,0,0,1,3,4,4,3,1,2,3,0,2,1,4,2,1,3,4,0,2,0,2,3,3,0,1,4,1,4,3,0,2,0,2,1,4,4,3,1,4,4,1,2,2,0,0,1,3,3,2,0,1,3,3,1,4,0,2,4,4,2,1,1,3,4,2,0,0,3,1,2,1,2,4,0,0,3,3,4,3,1,4,0,3,2,1,0,2,4,2,1,1,3,0,0,2,3,4,4};",NA,fr,npm
2023_07_22_abo04,abo,07/22/2023,abo04,1,multi_sucrose,multi_sucrose,NA,NA,"{3,1,1,3,2,4,0,4,0,2,3,0,4,0,3,2,2,4,1,1,4,3,0,0,1,2,3,2,4,1,1,0,3,4,1,2,3,4,2,0,4,0,0,2,1,1,2,4,3,3,0,1,3,2,0,3,4,1,4,2,0,1,1,3,4,4,0,3,2,2,4,1,3,1,3,0,2,2,4,0,0,3,4,4,0,1,3,2,2,1,0,2,4,1,0,1,2,3,3,4};",NA,fr,npm
2023_07_23_abo01,abo,07/23/2023,abo01,1,multi_sucrose,multi_sucrose,NA,NA,"{0,3,3,4,2,4,1,1,0,2,2,4,3,1,4,3,0,1,0,2,1,3,1,4,0,3,2,4,0,2,4,2,3,2,1,3,4,0,0,1,0,2,4,3,1,0,1,2,3,4,1,2,4,0,3,0,2,3,1,4,1,2,4,3,0,4,1,0,2,3,1,2,0,0,1,3,3,4,4,2,0,1,4,3,0,2,4,1,2,3,0,3,1,1,2,4,4,2,0,3};",NA,fr,npm
2023_07_23_abo02,abo,07/23/2023,abo02,1,multi_sucrose,multi_sucrose,NA,NA,"{0,4,2,1,0,4,2,3,1,3,3,2,0,1,0,4,1,2,4,3,3,1,2,2,3,1,4,0,0,4,2,4,1,2,3,4,0,0,1,3,0,2,1,3,1,4,2,4,3,0,3,1,0,4,3,2,0,4,1,2,0,2,4,4,0,1,3,3,2,1,2,1,3,4,3,4,2,1,0,0,2,0,1,4,0,4,2,3,1,3,3,1,4,0,3,2,0,4,1,2};",NA,fr,npm
2023_07_23_abo03,abo,07/23/2023,abo03,1,multi_sucrose,multi_sucrose,NA,NA,"{2,1,4,3,1,0,4,2,0,3,1,4,4,2,1,0,3,3,2,0,2,3,0,2,0,3,1,1,4,4,0,4,4,1,3,1,2,2,0,3,1,4,3,3,2,0,4,2,0,1,2,1,3,4,4,0,3,1,0,2,2,0,1,4,2,4,3,3,0,1,1,0,1,2,2,4,0,3,4,3,2,0,1,3,1,4,2,4,3,0,1,2,4,1,3,0,2,0,4,3};",NA,fr,npm
2023_07_23_abo04,abo,07/23/2023,abo04,1,multi_sucrose,multi_sucrose,NA,NA,"{3,0,4,1,4,1,0,3,2,2,2,1,3,1,4,4,0,2,3,0,4,3,0,2,4,2,3,1,1,0,3,4,4,2,1,3,0,2,1,0,1,1,0,2,3,4,2,4,3,0,3,4,4,0,2,3,0,1,1,2,3,1,2,3,0,2,1,4,0,4,4,2,3,0,1,4,1,2,0,3,2,3,3,2,1,0,0,1,4,4,0,4,4,2,3,1,0,2,3,1};",NA,fr,npm
2023_07_25_abo01,abo,07/25/2023,abo01,1,multi_sucrose,multi_sucrose,NA,NA,"{4,0,3,0,1,2,2,4,1,3,4,3,3,2,0,0,2,1,4,1,1,3,2,2,0,0,1,4,4,3,4,3,0,4,2,0,2,1,3,1,4,2,0,2,1,4,1,3,3,0,3,0,4,1,2,1,3,2,4,0,0,3,4,2,1,2,4,3,1,0,4,0,3,3,1,2,4,0,2,1,1,2,2,4,1,3,0,4,3,0,4,2,1,1,0,3,3,2,0,4};",NA,fr,npm
2023_07_25_abo02,abo,07/25/2023,abo02,1,multi_sucrose,multi_sucrose,NA,NA,"{0,4,0,3,2,4,1,1,3,2,4,2,3,3,2,4,0,1,0,1,0,2,2,0,4,1,3,1,4,3,1,1,0,2,3,3,2,0,4,4,2,3,4,0,1,3,0,1,4,2,4,2,3,0,0,2,4,1,1,3,2,4,0,2,3,0,1,4,3,1,1,1,0,3,2,2,4,4,0,3,0,2,3,4,1,3,1,4,0,2,1,4,1,0,4,3,2,2,0,3};",NA,fr,npm
2023_07_25_abo03,abo,07/25/2023,abo03,1,multi_sucrose,multi_sucrose,NA,NA,"{2,0,0,1,4,2,3,3,1,4,3,0,1,2,4,1,0,3,2,4,0,2,4,0,3,2,4,1,3,1,3,0,3,0,2,4,1,1,4,2,2,0,1,4,1,2,3,3,4,0,1,2,4,0,3,2,4,1,3,0,2,2,1,0,1,3,0,3,4,4,0,4,0,2,1,3,4,1,3,2,3,0,2,1,2,1,3,4,0,4,3,0,1,4,2,4,1,3,2,0};",NA,fr,npm
2023_07_25_abo04,abo,07/25/2023,abo04,1,multi_sucrose,multi_sucrose,NA,NA,"{0,2,1,2,4,1,0,3,4,3,1,3,2,4,1,0,4,3,2,0,2,4,2,0,3,3,1,4,0,1,0,1,4,2,3,4,2,1,0,3,3,1,2,4,4,3,0,0,2,1,4,0,0,3,2,1,2,4,1,3,1,2,1,4,3,0,2,4,0,3,1,3,3,2,2,0,1,4,4,0,0,1,0,4,2,3,2,4,1,3,2,0,0,4,2,3,3,1,1,4};",NA,fr,npm
2023_07_26_abo01,abo,07/26/2023,abo01,1,multi_sucrose,multi_sucrose,NA,NA,"{1,0,3,4,1,0,2,2,4,3,1,2,0,3,3,4,1,2,4,0,4,0,3,4,0,2,1,1,2,3,1,0,3,4,4,2,2,0,3,1,4,4,1,0,3,2,3,1,2,0,4,2,2,3,1,1,0,3,4,0,0,1,1,0,3,4,2,3,4,2,4,1,1,3,0,4,0,3,2,2,1,2,3,4,0,2,1,4,0,3,0,3,3,2,1,4,0,2,4,1};",NA,fr,npm
2023_07_26_abo02,abo,07/26/2023,abo02,1,multi_sucrose,multi_sucrose,NA,NA,"{4,3,1,0,3,0,4,2,1,2,2,3,4,2,4,3,0,1,0,1,2,3,0,2,4,0,1,4,1,3,0,1,2,0,4,3,1,2,3,4,0,3,0,3,4,1,2,1,2,4,2,4,0,2,1,4,3,1,0,3,0,2,3,4,2,0,4,3,1,1,4,2,2,1,3,3,1,0,0,4,4,3,1,1,2,0,4,0,2,3,0,4,4,0,3,2,3,2,1,1};",NA,fr,npm
2023_07_26_abo03,abo,07/26/2023,abo03,1,multi_sucrose,multi_sucrose,NA,NA,"{1,4,4,3,3,0,2,1,2,0,1,2,3,4,4,2,3,1,0,0,2,4,0,1,4,0,3,2,1,3,3,0,2,4,4,1,0,2,3,1,3,1,0,4,2,2,1,4,3,0,0,4,1,3,1,2,2,3,4,0,3,0,3,0,2,4,2,1,1,4,0,3,1,3,4,4,0,2,1,2,0,4,0,3,1,1,2,3,4,2,2,4,3,1,3,2,4,1,0,0};",NA,fr,npm
2023_07_26_abo04,abo,07/26/2023,abo04,1,multi_sucrose,multi_sucrose,NA,NA,"{1,0,2,0,1,3,4,2,3,4,3,0,1,4,4,1,3,2,0,2,2,2,1,4,3,0,1,3,0,4,4,3,3,4,2,2,1,0,1,0,4,1,3,3,1,2,0,4,0,2,4,4,1,2,3,2,3,0,0,1,3,4,1,4,2,0,2,1,0,3,1,2,0,0,1,4,4,3,2,3,3,4,3,0,1,4,2,1,0,2,2,1,3,4,2,1,4,0,3,0};",NA,fr,npm
2023_07_27_abo01,abo,07/27/2023,abo01,1,multi_sucrose,multi_sucrose,NA,NA,"{2,1,3,3,4,1,0,0,2,4,4,0,3,3,0,4,2,2,1,1,3,4,0,1,2,4,1,3,2,0,0,1,4,3,3,2,4,0,1,2,1,2,3,4,2,0,1,0,3,4,0,2,0,2,3,3,1,4,4,1,0,2,4,3,1,2,4,0,3,1,0,1,4,2,3,3,4,2,0,1,3,4,2,1,0,2,3,0,1,4,3,4,3,2,0,2,1,0,1,4};",NA,fr,npm
2023_07_27_abo02,abo,07/27/2023,abo02,1,multi_sucrose,multi_sucrose,NA,NA,"{4,2,3,0,1,0,1,4,2,3,4,4,0,1,3,1,3,0,2,2,3,1,4,3,0,2,0,1,2,4,2,4,3,2,1,1,0,4,0,3,2,2,4,0,1,4,1,3,3,0,0,2,4,3,3,0,1,1,4,2,1,0,4,2,3,4,2,1,0,3,3,0,0,4,4,3,1,1,2,2,4,3,1,0,4,2,1,0,3,2,0,3,0,4,2,1,2,4,3,1};",NA,fr,npm
2023_07_27_abo03,abo,07/27/2023,abo03,1,multi_sucrose,multi_sucrose,NA,NA,"{4,3,3,0,2,2,1,0,1,4,3,1,0,2,3,2,0,4,4,1,0,4,3,4,3,2,0,2,1,1,3,4,0,0,2,3,1,2,4,1,3,4,1,1,4,3,2,0,0,2,4,2,4,2,3,3,0,0,1,1,2,2,0,4,1,3,1,0,3,4,3,0,3,1,4,4,1,2,0,2,2,1,0,2,4,0,3,3,4,1,1,1,2,0,3,2,4,4,3,0};",NA,fr,npm
2023_07_27_abo04,abo,07/27/2023,abo04,1,multi_sucrose,multi_sucrose,NA,NA,"{1,4,0,2,4,3,0,3,1,2,4,2,1,3,2,0,1,0,3,4,3,1,2,0,3,4,1,4,0,2,2,2,4,3,1,1,4,0,0,3,2,1,0,0,1,2,3,4,4,3,4,3,0,0,2,1,1,3,2,4,3,0,4,0,1,2,2,1,4,3,4,4,1,1,2,0,3,3,2,0,1,0,2,1,0,3,4,2,4,3,0,1,3,3,4,1,2,2,0,4};",NA,fr,npm
2023_07_28_abo01,abo,07/28/2023,abo01,1,multi_sucrose,multi_sucrose,NA,NA,"{2,4,3,1,0,4,0,1,2,3,2,3,4,0,2,3,4,1,0,1,2,3,0,1,0,1,3,2,4,4,4,1,4,0,3,2,1,0,2,3,0,0,1,4,3,2,3,4,1,2,4,0,1,1,0,2,3,2,3,4,0,3,1,1,4,4,2,2,0,3,0,2,0,1,4,3,4,3,1,2,3,1,4,3,2,2,4,0,1,0,3,3,2,1,0,0,1,4,4,2};",NA,fr,npm
2023_07_28_abo02,abo,07/28/2023,abo02,1,multi_sucrose,multi_sucrose,NA,NA,"{3,0,1,0,3,2,2,4,4,1,3,3,0,2,4,2,1,0,4,1,1,0,0,3,1,2,3,2,4,4,0,4,2,4,1,3,1,3,0,2,3,1,1,2,0,3,4,4,0,2,4,3,1,2,4,3,1,0,0,2,1,4,2,3,4,0,3,0,2,1,1,2,1,4,3,0,0,2,4,3,0,1,3,2,0,1,4,3,2,4,0,2,1,0,3,4,4,2,1,3};",NA,fr,npm
2023_07_28_abo03,abo,07/28/2023,abo03,1,multi_sucrose,multi_sucrose,NA,NA,"{2,3,0,4,2,4,0,3,1,1,2,3,1,2,4,0,3,0,4,1,2,2,4,3,3,0,1,4,1,0,4,3,2,0,3,4,0,1,1,2,1,3,3,1,2,0,4,2,4,0,0,0,3,4,1,3,2,1,2,4,1,4,4,3,2,1,0,3,0,2,3,4,4,2,0,3,1,1,0,2,4,0,2,1,0,2,3,1,4,3,3,1,1,4,2,2,0,4,3,0};",NA,fr,npm
2023_07_28_abo04,abo,07/28/2023,abo04,1,multi_sucrose,multi_sucrose,NA,NA,"{4,3,3,2,0,1,0,4,2,1,1,3,1,0,0,2,4,2,4,3,3,4,0,1,2,3,4,1,0,2,2,3,4,0,1,4,2,1,0,3,1,2,4,3,2,4,3,0,1,0,3,4,1,3,1,4,2,2,0,0,2,1,0,3,0,2,4,1,3,4,2,0,2,1,3,0,4,1,4,3,3,1,0,0,1,4,2,2,3,4,0,0,3,3,2,1,4,2,1,4};",NA,fr,npm
2023_07_31_abo01,abo,07/31/2023,abo01,1,multi_nacl,multi_nacl,1,poor lick detection,"{3,0,1,0,3,2,2,4,4,1,3,3,0,2,4,2,1,0,4,1,1,0,0,3,1,2,3,2,4,4,0,4,2,4,1,3,1,3,0,2,3,1,1,2,0,3,4,4,0,2,4,3,1,2,4,3,1,0,0,2,1,4,2,3,4,0,3,0,2,1,1,2,1,4,3,0,0,2,4,3,0,1,3,2,0,1,4,3,2,4,0,2,1,0,3,4,4,2,1,3};",NA,wr,npm
2023_07_31_abo02,abo,07/31/2023,abo02,1,multi_nacl,multi_nacl,1,poor lick detection,"{2,3,0,4,2,4,0,3,1,1,2,3,1,2,4,0,3,0,4,1,2,2,4,3,3,0,1,4,1,0,4,3,2,0,3,4,0,1,1,2,1,3,3,1,2,0,4,2,4,0,0,0,3,4,1,3,2,1,2,4,1,4,4,3,2,1,0,3,0,2,3,4,4,2,0,3,1,1,0,2,4,0,2,1,0,2,3,1,4,3,3,1,1,4,2,2,0,4,3,0};",NA,wr,npm
2023_07_31_abo03,abo,07/31/2023,abo03,1,multi_nacl,multi_nacl,1,poor lick detection,"{4,3,3,2,0,1,0,4,2,1,1,3,1,0,0,2,4,2,4,3,3,4,0,1,2,3,4,1,0,2,2,3,4,0,1,4,2,1,0,3,1,2,4,3,2,4,3,0,1,0,3,4,1,3,1,4,2,2,0,0,2,1,0,3,0,2,4,1,3,4,2,0,2,1,3,0,4,1,4,3,3,1,0,0,1,4,2,2,3,4,0,0,3,3,2,1,4,2,1,4};",NA,wr,npm
2023_07_31_abo04,abo,07/31/2023,abo04,1,multi_nacl,multi_nacl,1,poor lick detection,"{2,3,3,0,0,1,1,2,4,4,3,2,1,4,0,0,3,2,4,1,0,1,2,2,0,4,3,3,4,1,2,1,3,2,4,1,4,3,0,0,3,4,0,2,1,2,0,4,3,1,4,3,0,4,1,2,2,3,1,0,2,3,0,4,1,3,2,0,1,4,4,2,0,3,1,3,0,2,4,1,3,1,3,4,0,1,2,2,0,4,0,4,2,2,0,3,3,4,1,1};",NA,wr,npm
2023_08_01_abo01,abo,08/01/2023,abo01,1,multi_nacl,multi_nacl,NA,NA,"{4,0,1,2,4,3,3,2,0,1,2,1,1,2,4,3,4,3,0,0,0,4,3,1,4,2,2,0,1,3,2,1,4,3,2,0,4,1,3,0,2,4,4,2,3,0,3,0,1,1,3,0,0,2,1,4,2,1,3,4,2,4,0,3,0,3,2,1,1,4,2,3,2,4,4,1,3,0,0,1,2,1,1,4,4,0,3,2,3,0,3,1,2,0,3,4,0,1,2,4};",NA,wr,npm
2023_08_01_abo02,abo,08/01/2023,abo02,1,multi_nacl,multi_nacl,NA,NA,"{4,3,3,4,2,1,2,0,1,0,0,3,3,4,2,1,4,2,1,0,2,0,0,1,2,3,4,1,3,4,4,4,1,3,2,2,1,0,0,3,2,4,0,3,0,1,1,3,4,2,4,1,1,0,3,2,3,0,4,2,2,3,3,4,1,0,0,2,1,4,3,1,0,2,4,0,3,2,1,4,3,2,3,4,0,0,1,4,1,2,1,4,3,1,3,4,2,2,0,0};",NA,wr,npm
2023_08_01_abo03,abo,08/01/2023,abo03,1,multi_nacl,multi_nacl,NA,NA,"{2,2,3,1,0,1,4,3,0,4,2,0,3,4,3,1,2,4,1,0,3,4,3,1,4,0,0,2,1,2,0,2,3,1,0,4,1,3,4,2,1,0,2,4,4,3,3,1,2,0,4,3,3,2,0,4,2,1,1,0,2,3,0,4,4,1,2,1,0,3,4,2,3,0,3,4,1,0,2,1,3,3,2,4,0,0,1,4,2,1,0,2,1,0,2,1,4,3,3,4};",NA,wr,npm
2023_08_01_abo04,abo,08/01/2023,abo04,1,multi_nacl,multi_nacl,NA,NA,"{3,1,3,1,0,4,2,2,4,0,4,2,0,3,1,4,2,1,0,3,0,3,3,1,2,4,2,4,0,1,3,3,4,1,1,0,2,0,4,2,3,0,2,4,3,1,2,1,0,4,1,4,1,0,3,4,2,3,0,2,1,4,1,2,2,3,3,0,4,0,3,0,4,1,2,2,4,1,3,0,3,2,0,3,2,4,1,4,0,1,1,4,4,1,0,2,2,0,3,3};",NA,wr,npm
2023_08_02_abo01,abo,08/02/2023,abo01,1,multi_nacl,multi_nacl,NA,NA,"{3,1,3,1,0,4,2,2,4,0,4,2,0,3,1,4,2,1,0,3,0,3,3,1,2,4,2,4,0,1,3,3,4,1,1,0,2,0,4,2,3,0,2,4,3,1,2,1,0,4,1,4,1,0,3,4,2,3,0,2,1,4,1,2,2,3,3,0,4,0,3,0,4,1,2,2,4,1,3,0,3,2,0,3,2,4,1,4,0,1,1,4,4,1,0,2,2,0,3,3};",NA,wr,npm
2023_08_02_abo02,abo,08/02/2023,abo02,1,multi_nacl,multi_nacl,NA,NA,"{4,0,1,2,4,3,3,2,0,1,2,1,1,2,4,3,4,3,0,0,0,4,3,1,4,2,2,0,1,3,2,1,4,3,2,0,4,1,3,0,2,4,4,2,3,0,3,0,1,1,3,0,0,2,1,4,2,1,3,4,2,4,0,3,0,3,2,1,1,4,2,3,2,4,4,1,3,0,0,1,2,1,1,4,4,0,3,2,3,0,3,1,2,0,3,4,0,1,2,4};",NA,wr,npm
2023_08_02_abo03,abo,08/02/2023,abo03,1,multi_nacl,multi_nacl,NA,NA,"{4,3,3,4,2,1,2,0,1,0,0,3,3,4,2,1,4,2,1,0,2,0,0,1,2,3,4,1,3,4,4,4,1,3,2,2,1,0,0,3,2,4,0,3,0,1,1,3,4,2,4,1,1,0,3,2,3,0,4,2,2,3,3,4,1,0,0,2,1,4,3,1,0,2,4,0,3,2,1,4,3,2,3,4,0,0,1,4,1,2,1,4,3,1,3,4,2,2,0,0};",NA,wr,npm
2023_08_02_abo04,abo,08/02/2023,abo04,1,multi_nacl,multi_nacl,NA,NA,"{2,2,3,1,0,1,4,3,0,4,2,0,3,4,3,1,2,4,1,0,3,4,3,1,4,0,0,2,1,2,0,2,3,1,0,4,1,3,4,2,1,0,2,4,4,3,3,1,2,0,4,3,3,2,0,4,2,1,1,0,2,3,0,4,4,1,2,1,0,3,4,2,3,0,3,4,1,0,2,1,3,3,2,4,0,0,1,4,2,1,0,2,1,0,2,1,4,3,3,4};",NA,wr,npm
2023_08_03_abo01,abo,08/03/2023,abo01,1,multi_nacl,multi_nacl,NA,NA,"{4,0,1,2,4,3,3,2,0,1,2,1,1,2,4,3,4,3,0,0,0,4,3,1,4,2,2,0,1,3,2,1,4,3,2,0,4,1,3,0,2,4,4,2,3,0,3,0,1,1,3,0,0,2,1,4,2,1,3,4,2,4,0,3,0,3,2,1,1,4,2,3,2,4,4,1,3,0,0,1,2,1,1,4,4,0,3,2,3,0,3,1,2,0,3,4,0,1,2,4};",NA,wr,npm
2023_08_03_abo02,abo,08/03/2023,abo02,1,multi_nacl,multi_nacl,NA,NA,"{4,3,3,4,2,1,2,0,1,0,0,3,3,4,2,1,4,2,1,0,2,0,0,1,2,3,4,1,3,4,4,4,1,3,2,2,1,0,0,3,2,4,0,3,0,1,1,3,4,2,4,1,1,0,3,2,3,0,4,2,2,3,3,4,1,0,0,2,1,4,3,1,0,2,4,0,3,2,1,4,3,2,3,4,0,0,1,4,1,2,1,4,3,1,3,4,2,2,0,0};",NA,wr,npm
2023_08_03_abo03,abo,08/03/2023,abo03,1,multi_nacl,multi_nacl,NA,NA,"{2,2,3,1,0,1,4,3,0,4,2,0,3,4,3,1,2,4,1,0,3,4,3,1,4,0,0,2,1,2,0,2,3,1,0,4,1,3,4,2,1,0,2,4,4,3,3,1,2,0,4,3,3,2,0,4,2,1,1,0,2,3,0,4,4,1,2,1,0,3,4,2,3,0,3,4,1,0,2,1,3,3,2,4,0,0,1,4,2,1,0,2,1,0,2,1,4,3,3,4};",NA,wr,npm
2023_08_03_abo04,abo,08/03/2023,abo04,1,multi_nacl,multi_nacl,NA,NA,"{3,1,3,1,0,4,2,2,4,0,4,2,0,3,1,4,2,1,0,3,0,3,3,1,2,4,2,4,0,1,3,3,4,1,1,0,2,0,4,2,3,0,2,4,3,1,2,1,0,4,1,4,1,0,3,4,2,3,0,2,1,4,1,2,2,3,3,0,4,0,3,0,4,1,2,2,4,1,3,0,3,2,0,3,2,4,1,4,0,1,1,4,4,1,0,2,2,0,3,3};",NA,wr,npm
2023_08_04_abo01,abo,08/04/2023,abo01,1,multi_nacl,multi_nacl,NA,NA,"{0,2,3,4,2,0,3,1,4,1,0,3,1,2,0,2,4,4,3,1,1,4,2,4,0,1,3,3,2,0,1,4,3,1,4,2,0,0,2,3,2,4,4,3,0,1,3,0,2,1,3,4,1,0,0,4,3,1,2,2,0,3,0,2,1,3,2,1,4,4,1,1,4,2,0,3,2,0,4,3,2,1,4,1,0,2,0,3,4,3,1,2,2,3,0,0,4,3,4,1};",NA,wr,npm
2023_08_04_abo02,abo,08/04/2023,abo02,1,multi_nacl,multi_nacl,NA,NA,"{3,1,2,4,4,0,1,0,3,2,2,4,4,3,0,2,1,0,1,3,3,2,3,4,4,0,1,1,0,2,3,0,0,1,1,4,2,3,2,4,2,3,0,1,4,4,1,3,0,2,4,4,1,2,1,0,2,0,3,3,3,0,4,1,3,4,2,0,1,2,2,3,2,3,1,0,4,4,0,1,0,4,2,3,4,1,0,1,3,2,4,4,3,1,2,0,0,2,1,3};",NA,wr,npm
2023_08_04_abo03,abo,08/04/2023,abo03,1,multi_nacl,multi_nacl,NA,NA,"{1,4,0,1,3,3,2,4,2,0,1,2,0,4,3,4,0,3,1,2,1,0,1,4,2,0,2,3,3,4,1,2,3,3,4,1,0,0,2,4,3,0,2,4,1,2,0,1,3,4,0,3,1,2,4,0,1,4,2,3,1,0,0,3,1,4,2,4,3,2,2,0,3,1,4,0,2,4,3,1,1,4,2,2,3,0,4,0,3,1,3,2,0,3,1,4,1,2,4,0};",NA,wr,npm
2023_08_04_abo04,abo,08/04/2023,abo04,1,multi_nacl,multi_nacl,NA,NA,"{0,4,0,3,2,4,1,1,3,2,4,2,3,3,2,4,0,1,0,1,0,2,2,0,4,1,3,1,4,3,1,1,0,2,3,3,2,0,4,4,2,3,4,0,1,3,0,1,4,2,4,2,3,0,0,2,4,1,1,3,2,4,0,2,3,0,1,4,3,1,1,1,0,3,2,2,4,4,0,3,0,2,3,4,1,3,1,4,0,2,1,4,1,0,4,3,2,2,0,3};",NA,wr,npm
2023_08_06_abo01,abo,08/06/2023,abo01,1,multi_s,multi_sucrose,NA,NA,"{0,4,1,1,4,0,3,2,2,3,0,2,1,2,0,4,3,1,3,4,3,0,4,3,2,1,0,1,4,2,1,2,0,0,3,4,4,3,2,1,1,2,0,0,2,4,1,3,4,3,4,0,3,1,4,2,2,0,1,3,3,3,0,2,1,2,1,0,4,4,0,3,2,1,0,1,4,4,3,2,2,3,1,0,1,2,3,0,4,4,1,0,3,4,4,1,2,3,0,2};",NA,wr,npm
2023_08_06_abo02,abo,08/06/2023,abo02,1,multi_s,multi_sucrose,NA,NA,"{0,4,4,3,2,1,2,1,3,0,2,4,2,1,0,1,0,3,3,4,1,0,2,4,2,1,3,0,3,4,4,0,4,2,0,1,3,1,3,2,3,3,4,1,1,2,0,4,2,0,4,3,3,0,1,2,0,4,1,2,1,0,3,2,1,4,2,0,4,3,4,1,0,3,2,2,0,1,3,4,4,1,0,0,3,4,3,1,2,2,0,3,2,3,4,0,4,1,1,2};",NA,wr,npm
2023_08_06_abo03,abo,08/06/2023,abo03,1,multi_s,multi_sucrose,NA,NA,"{0,1,2,4,3,0,3,4,1,2,1,3,3,4,4,0,0,2,2,1,0,0,1,4,3,2,1,4,3,2,2,0,3,4,3,2,4,0,1,1,3,1,0,4,1,3,4,2,0,2,1,1,2,0,3,2,4,0,3,4,3,1,1,4,0,3,4,0,2,2,3,3,4,1,1,0,2,0,4,2,3,4,1,3,0,2,2,0,1,4,2,4,3,4,1,0,0,2,3,1};",NA,wr,npm
2023_08_06_abo04,abo,08/06/2023,abo04,1,multi_s,multi_sucrose,NA,NA,"{1,4,2,0,3,4,3,2,0,1,3,0,3,4,4,2,1,0,1,2,0,3,3,1,4,1,2,4,2,0,1,3,2,4,4,0,2,3,0,1,3,0,2,4,2,3,1,0,1,4,3,1,2,0,3,4,1,0,4,2,0,2,2,1,4,0,3,4,3,1,1,3,1,4,2,0,0,2,4,3,1,0,2,0,3,2,1,3,4,4,3,2,1,4,4,1,3,0,2,0};",NA,wr,npm
2023_08_07_abo01,abo,08/07/2023,abo01,1,multi_s,multi_sucrose,NA,NA,"{3,3,1,0,1,0,4,2,4,2,0,1,4,3,3,1,0,2,2,4,1,0,4,3,2,3,4,1,0,2,4,4,1,2,1,3,0,0,3,2,0,1,0,1,3,3,4,4,2,2,2,3,1,0,4,0,2,4,3,1,4,2,0,3,2,0,1,3,1,4,1,0,4,4,2,3,0,1,2,3,3,2,1,3,4,0,4,0,1,2,0,3,3,2,1,1,0,4,4,2};",NA,wr,npm
2023_08_07_abo02,abo,08/07/2023,abo02,1,multi_s,multi_sucrose,NA,NA,"{0,0,2,1,1,2,3,4,3,4,1,0,2,3,0,4,4,1,3,2,4,2,1,0,1,0,2,3,3,4,0,2,1,2,1,0,4,3,4,3,4,1,0,2,1,0,2,3,4,3,1,3,4,4,0,2,1,2,3,0,0,0,3,4,1,2,1,2,4,3,4,4,3,1,1,3,0,0,2,2,2,0,4,0,3,1,2,4,3,1,0,3,4,4,2,1,1,3,0,2};",NA,wr,npm
2023_08_07_abo03,abo,08/07/2023,abo03,1,multi_s,multi_sucrose,NA,NA,"{3,4,1,3,0,1,2,2,0,4,2,1,3,3,4,2,1,4,0,0,0,1,4,2,3,3,2,1,4,0,1,2,4,1,3,0,3,2,0,4,1,2,1,4,3,4,2,0,0,3,4,3,3,1,2,2,1,0,4,0,2,0,4,3,1,2,4,3,0,1,1,4,3,0,0,1,2,2,4,3,0,3,4,4,1,0,2,2,1,3,3,4,2,0,0,3,1,2,4,1};",NA,wr,npm
2023_08_07_abo04,abo,08/07/2023,abo04,1,multi_s,multi_sucrose,NA,NA,"{4,1,1,2,4,3,2,0,0,3,4,0,3,0,1,4,1,2,2,3,4,2,1,1,0,3,2,0,4,3,1,2,2,3,4,1,4,0,3,0,3,4,4,1,3,1,2,0,2,0,3,2,2,4,1,3,0,1,4,0,1,3,0,3,1,0,4,2,2,4,4,3,0,4,2,1,3,2,1,0,0,2,3,3,4,2,1,4,1,0,3,4,0,2,0,4,1,1,3,2};",NA,wr,npm
2023_08_08_abo01,abo,08/08/2023,abo01,1,multi_s,multi_sucrose,NA,NA,"{3,0,4,0,2,2,4,3,1,1,1,4,1,4,0,2,2,3,3,0,4,1,1,0,2,3,3,4,0,2,2,0,3,4,0,2,4,1,1,3,3,0,0,2,4,1,4,2,3,1,2,3,1,0,2,4,0,1,4,3,2,4,4,3,1,0,0,2,1,3,1,4,2,3,2,0,0,3,1,4,3,0,1,4,4,0,2,2,1,3,2,1,4,1,3,0,4,2,0,3};",NA,wr,npm
2023_08_08_abo02,abo,08/08/2023,abo02,1,multi_s,multi_sucrose,NA,NA,"{0,2,3,0,2,1,1,4,3,4,4,1,2,0,2,3,3,0,4,1,2,1,0,4,0,2,3,3,1,4,0,1,2,0,3,4,4,1,3,2,3,1,2,0,3,2,4,0,1,4,3,2,4,1,0,1,0,4,3,2,4,2,1,0,3,1,0,4,2,3,1,0,1,0,3,4,3,2,2,4,0,4,4,1,1,2,0,3,2,3,3,4,3,1,2,1,0,2,0,4};",NA,wr,npm
2023_08_08_abo03,abo,08/08/2023,abo03,1,multi_s,multi_sucrose,NA,NA,"{2,4,3,0,1,0,3,1,4,2,4,4,1,1,0,0,3,2,2,3,2,2,1,3,4,1,0,4,0,3,1,3,4,2,4,0,2,0,3,1,4,0,3,1,1,2,4,0,2,3,4,1,3,3,0,2,0,4,2,1,3,1,0,2,4,1,4,3,2,0,4,2,1,3,2,1,0,0,3,4,1,0,1,2,4,3,4,3,0,2,1,4,3,3,0,0,1,4,2,2};",NA,wr,npm
2023_08_08_abo04,abo,08/08/2023,abo04,1,multi_s,multi_sucrose,NA,NA,"{1,0,1,2,4,3,4,3,2,0,3,4,0,1,3,0,2,4,1,2,1,0,3,4,4,2,3,1,2,0,2,0,0,1,4,3,1,4,3,2,0,1,3,3,2,4,0,2,4,1,4,0,1,1,0,3,3,4,2,2,2,3,4,0,2,0,3,1,1,4,3,3,0,2,0,1,1,4,4,2,2,1,1,3,0,4,4,2,3,0,4,2,0,0,3,3,4,2,1,1};",NA,wr,npm
2023_08_09_abo01,abo,08/09/2023,abo01,1,multi_s,multi_sucrose,NA,NA,"{2,4,3,0,1,0,3,1,4,2,4,4,1,1,0,0,3,2,2,3,2,2,1,3,4,1,0,4,0,3,1,3,4,2,4,0,2,0,3,1,4,0,3,1,1,2,4,0,2,3,4,1,3,3,0,2,0,4,2,1,3,1,0,2,4,1,4,3,2,0,4,2,1,3,2,1,0,0,3,4,1,0,1,2,4,3,4,3,0,2,1,4,3,3,0,0,1,4,2,2};",NA,wr,npm
2023_08_09_abo02,abo,08/09/2023,abo02,1,multi_s,multi_sucrose,NA,NA,"{1,0,1,2,4,3,4,3,2,0,3,4,0,1,3,0,2,4,1,2,1,0,3,4,4,2,3,1,2,0,2,0,0,1,4,3,1,4,3,2,0,1,3,3,2,4,0,2,4,1,4,0,1,1,0,3,3,4,2,2,2,3,4,0,2,0,3,1,1,4,3,3,0,2,0,1,1,4,4,2,2,1,1,3,0,4,4,2,3,0,4,2,0,0,3,3,4,2,1,1};",NA,wr,npm
2023_08_09_abo03,abo,08/09/2023,abo03,1,multi_s,multi_sucrose,NA,NA,"{4,1,4,1,2,2,3,0,3,0,1,0,4,4,3,2,3,0,2,1,1,3,4,0,3,2,0,1,4,2,1,1,4,2,0,0,3,4,2,3,1,3,0,2,0,4,1,2,3,4,2,2,0,3,1,4,4,1,3,0,3,4,2,0,2,0,4,3,1,1,1,2,4,0,3,1,4,2,0,3,0,3,4,2,1,1,3,4,2,0,0,1,2,1,3,4,2,4,3,0};",NA,wr,npm
2023_08_09_abo04,abo,08/09/2023,abo04,1,multi_s,multi_sucrose,NA,NA,"{0,4,3,0,4,2,1,3,1,2,1,1,0,4,2,0,3,3,4,2,1,0,2,1,0,4,2,3,4,3,3,3,4,1,0,2,0,1,4,2,1,3,0,3,4,2,1,4,2,0,2,4,4,1,2,3,0,0,3,1,3,4,2,0,1,0,2,3,4,1,1,0,3,3,1,0,2,2,4,4,0,1,4,3,2,3,0,4,2,1,0,4,3,2,0,1,1,3,2,4};",NA,wr,npm
2024_02_21_abo06,abo,02/21/2024,abo06,2,multi_sucrose,multi_sucrose,NA,NA,"{1,4,2,4,3,0,3,1,0,2,2,1,3,1,2,0,0,3,4,4,3,1,4,0,1,4,2,2,0,3,0,4,1,2,2,1,0,3,3,4,0,4,1,4,2,3,1,2,0,3,4,3,0,1,1,3,2,0,4,2,2,2,4,0,1,3,4,0,1,3,0,4,4,2,3,1,1,2,3,0,4,3,2,4,2,1,0,1,0,3,2,4,3,0,3,4,1,1,0,2};",NA,fr,npm
2024_02_21_abo07,abo,02/21/2024,abo07,2,multi_sucrose,multi_sucrose,NA,NA,"{0,3,2,4,1,3,2,4,1,0,1,0,0,4,3,4,1,3,2,2,4,1,4,0,2,3,3,2,0,1,1,4,1,2,3,2,4,3,0,0,2,2,0,1,3,4,1,4,3,0,2,1,0,4,3,0,1,2,3,4,1,1,3,3,2,4,4,0,0,2,1,1,0,3,4,2,3,0,2,4,1,4,2,4,2,3,1,0,3,0,1,4,3,0,2,3,2,1,4,0};",NA,fr,npm
2024_02_21_abo08,abo,02/21/2024,abo08,2,multi_sucrose,multi_sucrose,NA,NA,"{0,4,2,1,4,3,1,3,2,0,1,0,4,4,0,2,3,2,3,1,4,3,0,0,3,1,1,4,2,2,2,1,4,2,1,0,3,4,0,3,2,0,3,4,3,1,4,2,1,0,3,0,0,1,4,2,3,2,1,4,3,4,2,1,4,0,3,2,1,0,0,2,4,3,3,1,0,2,1,4,0,2,4,1,4,3,3,2,0,1,2,0,3,2,1,4,3,1,4,0};",NA,wr,npm
2024_02_21_abw01,abw,02/21/2024,abw01,1,multi_sucrose,multi_sucrose,NA,NA,"{0,3,4,1,0,1,2,3,4,2,3,2,3,1,1,4,0,4,0,2,1,3,3,2,2,4,4,0,0,1,4,2,3,3,1,1,0,2,4,0,3,4,3,2,4,2,0,1,0,1,0,4,2,0,3,3,1,4,2,1,0,1,0,4,3,2,3,4,2,1,3,1,2,3,4,1,0,0,2,4,4,2,3,0,4,1,1,0,3,2,1,3,0,2,2,1,4,3,4,0};",NA,wr,npm
2024_02_21_abw02,abw,02/21/2024,abw02,1,multi_sucrose,multi_sucrose,NA,NA,"{0,3,1,1,2,4,0,2,4,3,1,0,1,2,0,4,2,3,3,4,1,4,0,4,3,0,2,2,3,1,1,0,2,1,4,4,3,2,3,0,3,1,0,3,2,1,0,2,4,4,1,4,4,1,0,2,0,3,3,2,4,3,1,2,1,2,4,0,3,0,1,2,4,3,4,2,1,0,0,3,1,1,0,3,0,2,4,4,2,3,3,0,1,1,4,0,3,4,2,2};",NA,fr,npm
2024_02_21_abw03,abw,02/21/2024,abw03,1,multi_sucrose,multi_sucrose,NA,NA,"{4,4,3,2,3,1,1,2,0,0,0,1,4,3,0,1,2,2,4,3,3,3,0,4,0,2,1,4,2,1,1,3,3,2,1,0,0,4,2,4,2,4,1,1,4,0,3,0,2,3,2,3,0,3,0,1,1,2,4,4,2,1,0,2,3,4,3,0,4,1,1,2,2,4,0,3,1,0,4,3,0,3,0,3,4,2,4,1,1,2,2,0,1,3,1,4,4,3,0,2};",NA,wr,npm
2024_02_21_abw04,abw,02/21/2024,abw04,1,multi_sucrose,multi_sucrose,NA,NA,"{1,0,3,2,0,3,4,2,4,1,1,0,2,3,1,4,2,4,0,3,3,4,4,2,2,0,0,3,1,1,2,1,2,3,4,1,0,3,0,4,1,3,3,2,0,4,4,1,2,0,2,0,3,1,0,4,2,4,1,3,1,0,4,4,0,3,2,1,2,3,2,0,3,3,2,0,4,4,1,1,2,4,0,4,1,3,0,2,3,1,1,2,0,1,2,4,0,3,3,4};",NA,fr,npm
2024_02_22_abo05,abo,02/22/2024,abo05,2,multi_sucrose,multi_sucrose,NA,NA,"{3,2,3,1,0,4,1,4,0,2,3,0,2,2,3,4,0,1,1,4,0,2,4,4,3,1,0,1,2,3,4,4,1,3,2,2,0,3,1,0,2,0,4,4,3,0,2,1,1,3,2,1,4,2,0,4,1,0,3,3,4,3,0,0,3,2,4,1,2,1,1,4,4,3,2,1,2,0,0,3,2,4,3,1,2,0,4,1,0,3,3,3,4,2,1,0,2,1,4,0};",NA,wr,npm
2024_02_22_abo06,abo,02/22/2024,abo06,2,multi_sucrose,multi_sucrose,NA,NA,"{0,4,0,1,4,2,1,3,2,3,3,4,1,0,0,4,2,3,2,1,1,0,4,2,2,3,0,3,1,4,0,2,3,0,3,4,2,1,4,1,3,2,4,4,0,3,2,1,1,0,0,0,3,1,2,3,1,2,4,4,0,2,0,2,3,1,4,4,3,1,0,2,3,1,1,0,2,4,3,4,2,0,3,2,4,0,4,1,1,3,3,0,0,1,4,1,3,4,2,2};",NA,fr,npm
2024_02_22_abo07,abo,02/22/2024,abo07,2,multi_sucrose,multi_sucrose,NA,NA,"{4,2,0,1,4,0,1,3,3,2,1,4,2,1,3,3,4,0,0,2,0,4,3,0,1,1,2,2,3,4,3,0,3,4,1,0,1,2,4,2,3,4,0,0,3,4,1,2,1,2,2,3,1,0,2,0,4,4,3,1,2,0,2,1,3,4,0,4,1,3,2,3,4,0,4,1,2,0,3,1,4,1,0,0,2,3,1,2,4,3,0,2,1,3,4,4,0,1,3,2};",NA,fr,npm
2024_02_22_abo08,abo,02/22/2024,abo08,2,multi_sucrose,multi_sucrose,NA,NA,"{1,2,4,0,3,4,1,3,2,0,3,3,2,4,1,4,1,2,0,0,0,2,3,4,1,4,0,3,1,2,2,0,3,2,4,1,1,4,0,3,3,0,4,2,4,3,1,2,0,1,2,4,4,3,1,3,2,1,0,0,2,4,3,1,0,0,1,4,2,3,1,4,0,3,2,0,4,3,1,2,4,3,2,0,1,2,3,4,0,1,0,0,3,1,3,2,4,2,1,4};",NA,wr,npm
2024_02_22_abw01,abw,02/22/2024,abw01,1,multi_sucrose,multi_sucrose,NA,NA,"{0,1,3,0,2,2,4,3,1,4,3,1,2,4,3,4,1,0,0,2,0,4,1,0,3,2,1,4,2,3,3,2,1,2,4,0,4,3,0,1,4,3,2,3,0,0,1,2,1,4,2,0,4,1,1,3,2,0,4,3,0,1,4,4,0,2,2,3,3,1,3,0,3,1,4,4,0,1,2,2,4,2,0,1,4,3,1,3,0,2,4,0,0,3,2,1,1,3,2,4};",NA,wr,npm
2024_02_22_abw02,abw,02/22/2024,abw02,1,multi_sucrose,multi_sucrose,NA,NA,"{1,3,3,2,1,0,0,4,2,4,4,2,3,0,1,1,3,0,4,2,4,0,4,1,3,2,2,3,0,1,2,3,1,0,3,1,2,4,0,4,1,0,2,4,0,4,3,1,3,2,2,1,1,2,0,4,4,3,0,3,1,4,2,4,0,2,3,1,0,3,1,0,4,0,1,4,3,3,2,2,2,0,1,3,4,2,1,3,4,0,3,1,0,2,4,4,0,2,3,1};",NA,fr,npm
2024_02_22_abw03,abw,02/22/2024,abw03,1,multi_sucrose,multi_sucrose,NA,NA,"{3,3,0,1,2,0,4,1,2,4,2,2,3,4,1,0,0,4,1,3,2,4,4,0,2,0,3,1,1,3,4,0,1,1,3,0,3,2,4,2,4,0,4,2,2,3,1,1,3,0,4,1,3,0,2,1,2,4,0,3,4,2,0,2,1,1,4,3,3,0,0,4,2,4,3,2,1,0,3,1,4,3,0,1,0,3,2,2,4,1,0,4,4,1,2,1,0,3,3,2};",NA,wr,npm
2024_02_22_abw04,abw,02/22/2024,abw04,1,multi_sucrose,multi_sucrose,NA,NA,"{1,0,1,4,2,4,2,3,0,3,3,2,0,2,4,1,4,1,0,3,3,1,2,0,3,4,4,2,0,1,0,1,2,3,4,2,4,1,3,0,3,1,4,2,2,4,0,1,0,3,1,4,2,1,3,3,2,4,0,0,3,2,0,4,4,0,3,1,1,2,4,0,1,0,1,3,4,3,2,2,2,4,0,3,2,4,1,0,3,1,2,1,3,4,1,2,3,0,4,0};",NA,fr,npm
2024_02_23_abo05,abo,02/23/2024,abo05,2,multi_sucrose,multi_sucrose,NA,NA,"{4,0,0,1,3,2,4,2,3,1,1,4,0,1,0,3,4,2,3,2,2,1,0,2,4,0,4,3,3,1,4,1,1,4,0,2,0,3,3,2,3,4,0,0,2,2,1,3,1,4,1,3,1,0,4,2,0,4,3,2,2,2,0,3,4,4,1,1,0,3,1,2,0,3,4,2,1,0,3,4,3,4,4,0,1,1,2,2,3,0,0,0,4,1,3,2,1,4,2,3};",NA,wr,npm
2024_02_26_abo05,abo,02/26/2024,abo05,2,multi_sucrose,multi_sucrose,NA,NA,"{4,2,3,4,0,3,2,1,0,1,3,1,4,2,2,0,0,4,1,3,2,0,3,1,3,0,1,4,2,4,2,2,3,1,0,0,4,1,4,3,1,4,2,2,3,1,0,3,0,4,3,1,4,0,2,4,1,2,3,0,3,3,0,4,4,1,1,2,0,2,3,3,1,0,1,2,2,0,4,4,2,1,3,4,2,0,0,1,4,3,2,4,0,3,0,4,3,2,1,1};",NA,wr,npm
2024_02_26_abo06,abo,02/26/2024,abo06,2,multi_sucrose,multi_sucrose,NA,NA,"{3,3,1,1,0,2,4,0,4,2,1,4,2,3,1,0,3,2,0,4,4,0,3,0,1,2,1,4,3,2,0,3,4,1,0,1,4,2,3,2,4,4,2,3,2,1,0,1,3,0,0,0,4,1,4,1,3,2,2,3,4,1,0,3,2,3,4,2,0,1,0,1,2,1,4,0,3,4,2,3,0,1,3,4,3,4,2,1,2,0,0,3,2,1,0,1,4,2,4,3};",NA,fr,npm
2024_02_26_abo07,abo,02/26/2024,abo07,2,multi_sucrose,multi_sucrose,NA,NA,"{3,0,1,2,0,3,4,2,1,4,1,2,3,0,4,1,0,3,2,4,2,0,1,2,4,4,3,0,3,1,3,0,1,0,2,1,4,4,3,2,1,3,2,0,4,0,2,1,4,3,1,1,3,0,0,4,3,2,2,4,1,3,4,2,2,0,0,3,1,4,0,3,0,2,1,4,4,3,2,1,3,0,0,1,2,2,1,3,4,4,0,4,1,0,2,1,3,3,4,2};",NA,fr,npm
2024_02_26_abo08,abo,02/26/2024,abo08,2,multi_sucrose,multi_sucrose,NA,NA,"{2,0,3,1,3,4,4,0,1,2,2,0,0,1,3,2,4,1,3,4,2,3,4,0,1,2,0,1,3,4,0,3,4,1,2,4,3,0,2,1,3,1,0,2,4,2,1,3,0,4,1,4,4,0,3,0,3,2,1,2,3,1,2,3,1,4,2,0,0,4,4,3,1,2,1,4,0,2,3,0,4,2,3,3,0,1,1,0,2,4,1,3,0,2,0,2,4,1,3,4};",NA,wr,npm
2024_02_26_abw01,abw,02/26/2024,abw01,1,multi_sucrose,multi_sucrose,NA,NA,"{2,4,0,1,1,3,0,2,3,4,4,0,2,4,2,3,3,1,1,0,4,3,2,1,1,3,0,0,2,4,3,4,1,0,1,3,2,2,0,4,4,3,0,0,2,4,2,1,1,3,2,2,0,3,4,3,0,1,1,4,1,4,0,4,3,1,0,2,3,2,3,3,2,0,4,4,0,1,1,2,4,4,3,2,0,3,2,0,1,1,0,3,2,0,1,3,4,4,1,2};",NA,wr,npm
2024_02_26_abw02,abw,02/26/2024,abw02,1,multi_sucrose,multi_sucrose,NA,NA,"{2,4,0,1,0,3,4,3,1,2,0,1,4,1,2,4,0,2,3,3,4,2,1,2,1,3,0,3,4,0,4,3,2,3,2,0,1,1,4,0,4,0,1,4,0,2,1,3,3,2,0,4,3,2,4,1,2,1,0,3,2,0,1,3,3,1,4,2,0,4,0,2,4,0,1,3,1,3,2,4,4,2,3,1,0,3,4,0,1,2,1,0,2,0,4,1,3,3,2,4};",NA,fr,npm
2024_02_26_abw03,abw,02/26/2024,abw03,1,multi_sucrose,multi_sucrose,NA,NA,"{0,2,1,4,3,0,1,3,2,4,2,0,1,4,2,4,0,3,1,3,3,3,1,0,2,2,4,4,0,1,4,1,2,2,1,0,4,3,0,3,3,1,4,4,3,0,0,2,1,2,0,3,0,4,3,2,1,2,4,1,3,3,4,1,0,1,2,2,4,0,2,1,1,0,4,4,3,0,2,3,4,2,0,3,3,1,0,2,1,4,2,0,4,1,3,4,3,2,1,0};",NA,wr,npm
2024_02_26_abw04,abw,02/26/2024,abw04,1,multi_sucrose,multi_sucrose,NA,NA,"{2,0,4,1,1,2,3,4,0,3,3,0,1,2,3,4,2,1,4,0,4,2,4,3,1,0,3,1,0,2,0,3,1,1,0,2,3,4,4,2,2,0,0,2,3,1,1,4,4,3,4,2,3,2,0,1,1,3,4,0,0,1,1,0,4,2,3,2,3,4,4,3,0,3,1,4,2,1,0,2,1,0,2,3,2,4,1,4,3,0,2,0,3,1,0,4,4,2,1,3};",NA,fr,npm
2024_02_28_abo05,abo,02/28/2024,abo05,2,multi_sucrose,multi_sucrose,NA,NA,"{1,2,3,3,0,1,2,4,4,0,1,0,2,4,3,3,4,1,0,2,1,2,4,2,0,1,3,3,0,4,4,0,2,1,1,4,2,3,0,3,4,1,2,0,2,1,4,3,3,0,2,4,0,3,4,1,2,0,3,1,2,4,4,3,1,1,0,2,3,0,0,1,4,3,2,2,4,3,1,0,4,0,3,2,4,0,1,1,3,2,3,2,1,0,4,0,2,3,4,1};",NA,wr,npm
2024_02_28_abo06,abo,02/28/2024,abo06,2,multi_sucrose,multi_sucrose,NA,NA,"{3,1,2,0,0,1,2,4,3,4,3,0,2,0,2,4,3,4,1,1,1,3,2,1,4,4,0,2,3,0,1,0,3,1,0,2,4,2,4,3,1,2,3,1,2,3,4,4,0,0,4,2,0,1,1,2,0,4,3,3,3,1,2,1,0,2,3,4,0,4,3,3,1,2,2,1,0,0,4,4,4,2,0,3,1,2,0,1,3,4,0,2,2,4,0,4,1,3,3,1};",NA,fr,npm
2024_02_28_abo07,abo,02/28/2024,abo07,2,multi_sucrose,multi_sucrose,NA,NA,"{0,0,3,2,3,4,4,2,1,1,3,1,3,2,4,1,0,4,2,0,4,0,1,3,2,3,2,4,0,1,0,2,0,3,3,2,4,4,1,1,1,3,2,4,3,1,2,4,0,0,0,1,2,2,4,3,4,3,1,0,0,2,2,3,0,1,1,4,3,4,4,4,1,0,0,3,1,2,2,3,4,1,0,0,1,3,4,2,2,3,3,0,2,0,1,2,4,1,3,4};",NA,fr,npm
2024_02_28_abo08,abo,02/28/2024,abo08,2,multi_sucrose,multi_sucrose,NA,NA,"{0,2,3,4,2,1,3,0,4,1,0,2,1,1,4,2,0,3,4,3,1,1,4,4,2,0,2,3,0,3,3,4,2,1,3,1,0,2,4,0,2,2,4,0,3,4,0,3,1,1,2,3,3,4,0,1,0,1,4,2,0,3,1,4,1,3,4,2,2,0,0,2,0,4,4,1,3,1,2,3,3,2,0,1,4,2,0,4,1,3,4,4,0,2,0,3,3,1,1,2};",NA,wr,npm
2024_02_28_abw01,abw,02/28/2024,abw01,1,multi_sucrose,multi_sucrose,NA,NA,"{3,2,0,3,0,1,2,4,4,1,3,0,3,4,4,2,2,0,1,1,0,3,2,4,1,1,3,0,2,4,3,1,3,1,2,4,2,0,4,0,2,3,4,4,2,1,3,0,1,0,3,1,4,0,0,4,2,3,2,1,3,3,4,0,1,1,4,2,2,0,0,4,2,2,4,3,1,3,1,0,3,3,4,2,0,0,1,4,2,1,4,1,1,3,4,3,2,2,0,0};",NA,wr,npm
2024_02_28_abw02,abw,02/28/2024,abw02,1,multi_sucrose,multi_sucrose,NA,NA,"{4,2,4,1,0,0,3,3,2,1,4,3,3,0,2,4,1,2,0,1,1,3,0,2,3,2,0,1,4,4,2,3,0,4,1,2,3,0,1,4,2,1,3,3,0,4,2,0,4,1,4,2,3,3,4,0,1,0,2,1,0,3,1,2,3,4,4,1,0,2,0,1,3,3,2,1,0,4,2,4,4,1,0,3,0,3,2,1,2,4,2,0,3,3,1,2,1,4,0,4};",NA,fr,npm
2024_02_28_abw03,abw,02/28/2024,abw03,1,multi_sucrose,multi_sucrose,NA,NA,"{2,2,1,4,4,0,3,1,0,3,2,2,4,1,3,4,3,0,1,0,1,2,0,2,1,3,4,3,0,4,0,4,4,1,3,3,2,2,0,1,3,1,4,2,2,1,0,0,3,4,3,1,4,2,0,1,4,0,3,2,4,0,4,3,3,1,1,2,0,2,3,2,3,1,4,1,0,2,0,4,3,4,0,1,2,4,3,1,0,2,3,4,3,4,0,0,2,1,2,1};",NA,wr,npm
2024_02_28_abw04,abw,02/28/2024,abw04,1,multi_sucrose,multi_sucrose,NA,NA,"{0,1,0,2,1,3,3,2,4,4,4,2,1,0,2,3,4,3,1,0,2,0,2,3,1,0,4,3,1,4,0,4,1,3,2,1,3,2,4,0,4,0,1,3,2,0,4,2,3,1,4,3,2,1,0,0,4,1,2,3,2,3,4,0,2,1,0,4,1,3,2,4,0,3,0,1,3,4,1,2,2,0,3,2,1,4,1,4,3,0,3,4,0,1,2,0,3,2,4,1};",NA,fr,npm
2024_03_05_abo05,abo,03/05/2024,abo05,2,multi_sucrose,multi_sucrose,NA,NA,"{3,2,0,0,2,4,1,1,3,4,4,3,2,0,1,2,3,4,0,1,0,1,3,0,1,4,3,2,2,4,2,4,3,0,1,2,0,4,1,3,0,1,4,1,3,3,4,2,0,2,2,0,3,2,1,4,1,4,0,3,1,3,0,2,2,0,1,3,4,4,0,1,0,2,4,4,3,3,1,2,0,4,1,0,3,1,2,3,4,2,2,2,4,1,3,0,3,4,0,1};",NA,fr,npm
2024_03_05_abo06,abo,03/05/2024,abo06,2,multi_sucrose,multi_sucrose,NA,NA,"{4,4,0,2,1,3,0,1,3,2,1,2,0,1,2,4,3,0,4,3,3,0,2,1,1,4,4,3,2,0,1,1,4,3,0,4,2,0,2,3,1,1,0,2,2,4,4,3,3,0,1,0,4,4,1,0,2,3,2,3,2,2,3,1,0,1,4,4,3,0,1,3,4,1,2,4,2,0,3,0,0,4,3,4,2,1,2,0,3,1,3,3,0,2,1,0,2,1,4,4};",NA,wr,npm
2024_03_05_abo07,abo,03/05/2024,abo07,2,multi_sucrose,multi_sucrose,NA,NA,"{3,3,0,2,4,0,4,1,1,2,1,0,4,3,3,2,0,1,2,4,1,3,4,4,0,2,3,1,2,0,4,1,0,2,3,1,4,3,0,2,2,4,0,3,4,0,2,1,3,1,1,3,3,1,2,2,4,0,0,4,3,3,2,4,2,1,0,1,4,0,4,3,2,4,3,1,2,0,0,1,2,2,1,3,3,0,4,1,4,0,4,4,0,3,2,3,2,0,1,1};",NA,wr,npm
2024_03_05_abo08,abo,03/05/2024,abo08,2,multi_sucrose,multi_sucrose,NA,NA,"{3,4,2,1,4,0,1,0,2,3,1,3,0,3,0,4,2,4,2,1,0,0,2,1,4,2,1,3,3,4,4,0,3,3,1,2,4,2,1,0,2,0,4,1,1,3,0,4,3,2,3,3,2,0,1,4,1,0,4,2,0,2,3,4,0,3,4,1,2,1,3,0,4,3,2,4,1,1,2,0,0,2,1,0,3,4,1,2,4,3,1,1,4,2,2,3,4,0,0,3};",NA,fr,npm
2024_03_05_abw01,abw,03/05/2024,abw01,1,multi_sucrose,multi_sucrose,NA,NA,"{2,4,1,3,3,0,4,1,2,0,4,0,0,2,3,1,4,2,3,1,4,2,4,1,0,3,2,1,0,3,2,0,1,3,4,4,0,3,1,2,2,4,0,3,3,4,2,1,1,0,0,1,3,2,2,1,0,4,3,4,4,2,2,4,1,0,0,3,1,3,4,0,3,1,2,2,1,4,0,3,4,1,3,0,3,4,2,1,0,2,0,3,1,2,2,1,3,4,4,0};",NA,fr,npm
2024_03_05_abw02,abw,03/05/2024,abw02,1,multi_sucrose,multi_sucrose,NA,NA,"{0,3,0,2,1,4,2,4,3,1,1,3,2,0,2,4,3,1,4,0,2,1,2,1,3,3,4,0,0,4,0,0,4,3,3,2,2,1,1,4,0,2,4,1,3,4,0,3,2,1,3,2,4,1,0,1,0,2,3,4,4,2,1,1,2,0,3,4,3,0,1,1,0,3,2,2,3,4,4,0,2,3,2,0,4,4,3,1,0,1,3,2,0,0,1,3,1,2,4,4};",NA,wr,npm
2024_03_05_abw03,abw,03/05/2024,abw03,1,multi_sucrose,multi_sucrose,NA,NA,"{3,4,1,3,0,1,4,2,0,2,2,0,4,2,1,1,4,3,0,3,2,1,0,3,4,2,1,3,0,4,4,1,0,2,4,1,3,0,3,2,4,4,3,2,1,2,0,3,1,0,0,3,1,1,4,2,2,0,4,3,4,0,3,1,0,2,4,2,3,1,2,0,1,1,2,4,3,0,4,3,2,0,4,1,0,1,2,3,4,3,4,1,0,3,2,0,4,1,2,3};",NA,fr,npm
2024_03_05_abw04,abw,03/05/2024,abw04,1,multi_sucrose,multi_sucrose,NA,NA,"{1,3,4,2,4,0,3,0,2,1,1,3,2,4,2,1,0,0,4,3,1,1,0,4,2,4,2,3,0,3,1,3,4,0,2,4,2,3,0,1,2,1,4,0,1,0,3,4,3,2,4,0,2,4,3,1,1,3,0,2,0,2,4,0,1,2,1,3,4,3,4,0,3,2,1,0,1,2,4,3,1,0,4,3,1,2,0,3,4,2,3,1,4,0,2,0,2,4,1,3};",NA,wr,npm
2024_03_06_abo05,abo,03/06/2024,abo05,2,multi_sucrose,multi_sucrose,NA,NA,"{4,3,4,0,1,2,0,2,1,3,2,2,4,4,0,1,0,1,3,3,2,4,1,4,0,0,3,1,3,2,4,1,0,1,0,2,2,3,4,3,3,1,0,2,2,0,4,4,1,3,1,0,3,1,2,3,2,0,4,4,2,0,1,3,2,1,4,0,4,3,3,4,1,2,4,0,1,3,2,0,3,0,3,2,2,0,1,1,4,4,2,4,4,3,2,1,3,0,0,1};",NA,fr,npm
2024_03_06_abo06,abo,03/06/2024,abo06,2,multi_sucrose,multi_sucrose,NA,NA,"{2,0,4,3,1,3,2,1,0,4,4,2,3,4,3,0,1,0,1,2,3,1,2,1,0,2,3,4,4,0,1,2,1,0,2,4,3,4,0,3,1,1,3,0,2,3,2,4,4,0,0,3,0,1,4,3,2,1,2,4,2,0,4,1,3,4,0,1,2,3,2,1,4,4,3,0,2,0,3,1,3,3,0,1,4,4,1,0,2,2,1,0,3,2,0,2,4,4,3,1};",NA,wr,npm
2024_03_06_abo07,abo,03/06/2024,abo07,2,multi_sucrose,multi_sucrose,NA,NA,"{3,4,1,2,3,2,1,0,4,0,3,4,1,0,2,4,0,1,3,2,0,1,3,2,4,4,2,0,3,1,0,4,2,3,1,2,1,3,0,4,4,3,2,1,1,0,0,2,3,4,3,4,1,3,0,0,2,1,2,4,4,0,3,1,1,2,3,4,2,0,1,0,0,3,4,4,2,3,2,1,0,0,4,3,3,1,2,1,2,4,4,3,2,0,4,1,3,0,1,2};",NA,wr,npm
2024_03_06_abo08,abo,03/06/2024,abo08,2,multi_sucrose,multi_sucrose,NA,NA,"{4,3,2,1,0,3,1,4,2,0,0,0,2,3,3,4,4,2,1,1,3,2,1,0,1,4,0,3,2,4,0,2,1,4,1,2,0,4,3,3,2,1,4,2,4,1,3,3,0,0,3,4,1,3,1,2,2,4,0,0,2,2,4,1,3,0,1,4,3,0,1,2,3,1,3,2,4,0,4,0,1,3,0,3,4,2,1,2,4,0,1,3,4,0,4,1,2,0,3,2};",NA,fr,npm
2024_03_06_abw01,abw,03/06/2024,abw01,1,multi_sucrose,multi_sucrose,NA,NA,"{4,0,3,2,0,1,2,1,4,3,2,3,4,4,0,2,3,1,0,1,2,4,1,1,2,3,0,0,3,4,3,0,1,1,2,2,3,0,4,4,2,3,0,2,4,0,1,1,4,3,3,2,1,4,4,2,0,3,1,0,4,3,0,2,1,2,4,1,3,0,3,2,0,4,1,3,2,4,1,0,2,3,3,0,1,2,0,1,4,4,4,1,0,0,2,3,4,3,2,1};",NA,fr,npm
2024_03_06_abw02,abw,03/06/2024,abw02,1,multi_sucrose,multi_sucrose,NA,NA,"{2,1,3,4,0,0,1,2,4,3,1,3,4,0,1,0,2,3,2,4,0,3,4,3,4,1,1,0,2,2,4,0,3,1,0,4,2,2,1,3,0,2,0,3,3,4,1,4,2,1,4,3,1,0,2,2,0,1,3,4,0,4,3,4,0,1,1,2,2,3,3,0,0,4,3,2,4,1,2,1,1,0,2,4,3,4,3,1,0,2,2,3,2,4,1,4,1,0,0,3};",NA,wr,npm
2024_03_06_abw03,abw,03/06/2024,abw03,1,multi_sucrose,multi_sucrose,NA,NA,"{3,0,1,4,2,4,0,2,1,3,3,2,4,0,1,3,1,2,4,0,3,3,0,4,0,1,1,2,4,2,1,0,3,4,4,3,0,1,2,2,1,1,3,4,0,2,4,0,2,3,3,0,2,1,0,1,3,2,4,4,4,1,0,3,2,2,3,0,1,4,1,3,0,1,2,3,0,2,4,4,3,1,0,4,2,2,0,4,3,1,2,0,1,4,4,3,1,3,0,2};",NA,fr,npm
2024_03_06_abw04,abw,03/06/2024,abw04,1,multi_sucrose,multi_sucrose,NA,NA,"{1,1,3,0,4,3,2,0,4,2,1,4,3,0,2,4,2,3,0,1,4,1,1,2,2,4,3,0,0,3,2,0,4,0,3,1,4,2,3,1,2,2,1,4,4,3,0,0,1,3,4,3,4,2,0,3,2,0,1,1,2,3,1,4,1,2,3,0,4,0,3,2,1,4,4,2,3,0,1,0,1,1,2,4,0,2,4,0,3,3,4,2,3,3,4,0,1,2,0,1};",NA,wr,npm
2024_03_07_abo05,abo,03/07/2024,abo05,2,multi_sucrose,multi_sucrose,NA,NA,"{1,4,3,0,0,2,2,1,3,4,2,1,3,4,1,3,2,4,0,0,1,2,0,4,3,0,4,1,2,3,3,2,2,4,1,0,3,1,4,0,4,3,4,3,0,0,2,1,2,1,4,1,2,0,1,4,0,2,3,3,4,1,0,2,1,3,3,2,0,4,1,4,2,1,3,0,3,0,4,2,0,0,3,4,1,4,2,1,2,3,4,1,4,0,1,2,0,3,3,2};",NA,fr,npm
2024_03_07_abo06,abo,03/07/2024,abo06,2,multi_sucrose,multi_sucrose,NA,NA,"{4,1,2,4,2,0,1,3,3,0,4,2,1,0,4,3,1,3,2,0,1,0,4,2,1,0,3,2,4,3,3,2,3,2,1,4,4,0,0,1,4,0,2,3,1,0,4,2,1,3,3,0,4,0,3,4,2,1,2,1,4,4,0,3,0,2,1,2,3,1,4,4,2,3,0,2,0,3,1,1,0,4,1,1,3,4,0,2,3,2,4,4,1,2,0,3,1,2,3,0};",NA,wr,npm
2024_03_07_abo07,abo,03/07/2024,abo07,2,multi_sucrose,multi_sucrose,NA,NA,"{0,0,1,4,3,1,4,2,2,3,0,1,2,4,0,4,1,3,3,2,4,2,0,1,3,1,0,3,4,2,3,0,0,1,2,1,4,2,3,4,2,0,0,1,4,2,1,3,3,4,2,4,0,3,3,0,4,1,1,2,4,2,1,0,4,0,3,3,2,1,1,2,1,3,4,4,3,0,2,0,0,1,0,1,3,2,4,2,4,3,2,0,2,1,3,0,4,1,4,3};",NA,wr,npm
2024_03_07_abo08,abo,03/07/2024,abo08,2,multi_sucrose,multi_sucrose,NA,NA,"{2,4,1,3,0,0,1,4,2,3,2,1,0,1,0,2,4,3,3,4,4,3,2,1,0,4,1,3,0,2,0,2,3,4,1,2,0,1,4,3,0,2,4,1,3,3,2,4,1,0,4,1,3,1,0,2,0,4,2,3,1,2,4,0,3,4,1,3,2,0,0,1,4,4,3,0,2,1,2,3,4,1,0,0,3,2,2,3,4,1,2,1,0,4,4,1,0,3,2,3};",NA,fr,npm
2024_03_07_abw01,abw,03/07/2024,abw01,1,multi_sucrose,multi_sucrose,NA,NA,"{1,4,2,3,0,4,3,2,1,0,2,1,1,0,3,2,4,3,4,0,1,2,0,3,1,3,4,2,4,0,2,4,1,0,3,0,1,4,3,2,4,1,1,3,0,4,3,2,2,0,1,0,1,4,2,3,4,0,3,2,2,1,3,4,0,1,4,0,2,3,0,4,0,4,3,2,1,2,3,1,0,1,0,2,2,4,3,3,4,1,4,3,1,3,0,2,4,2,0,1};",NA,fr,npm
2024_03_07_abw02,abw,03/07/2024,abw02,1,multi_sucrose,multi_sucrose,NA,NA,"{3,2,0,0,3,4,1,4,1,2,1,3,2,0,4,4,1,0,2,3,3,2,4,4,1,0,2,3,1,0,3,1,2,4,1,2,0,0,4,3,2,0,1,2,3,4,3,1,0,4,1,3,2,4,2,1,0,3,0,4,1,0,3,3,4,2,0,4,2,1,3,0,0,1,2,4,1,4,3,2,1,3,3,2,0,2,4,4,1,0,4,3,1,0,0,2,3,2,4,1};",NA,wr,npm
2024_03_07_abw03,abw,03/07/2024,abw03,1,multi_sucrose,multi_sucrose,NA,NA,"{3,3,2,2,4,0,1,1,4,0,0,1,3,4,2,1,2,4,0,3,3,1,2,0,1,3,0,4,4,2,3,4,2,1,4,1,0,0,2,3,2,3,0,1,4,4,0,1,2,3,1,3,4,1,0,2,2,4,3,0,2,4,4,0,2,1,1,3,0,3,3,4,0,0,1,1,2,3,2,4,4,4,1,2,1,2,3,0,3,0,3,1,2,3,4,4,2,0,0,1};",NA,fr,npm
2024_03_07_abw04,abw,03/07/2024,abw04,1,multi_sucrose,multi_sucrose,NA,NA,"{4,0,2,4,0,2,3,1,3,1,2,0,0,4,1,3,4,1,2,3,1,1,2,2,4,0,3,3,0,4,0,2,2,0,3,1,4,3,4,1,0,3,1,1,4,3,2,4,2,0,1,1,2,3,3,4,0,0,4,2,3,3,4,0,2,4,1,1,0,2,4,0,4,1,0,2,3,3,1,2,3,4,0,2,3,2,1,1,0,4,1,4,3,4,1,0,0,3,2,2};",NA,wr,npm
2024_03_08_abo05,abo,03/08/2024,abo05,2,multi_sucrose,multi_sucrose,NA,NA,"{3,0,1,1,4,4,2,2,0,3,1,2,0,3,0,4,3,1,4,2,3,0,2,1,3,0,1,4,2,4,1,4,2,4,0,1,2,3,3,0,2,0,3,3,1,2,0,4,1,4,3,1,4,2,3,0,2,1,0,4,3,1,0,4,4,1,0,3,2,2,1,3,0,1,0,4,2,2,3,4,0,3,3,1,2,4,0,2,4,1,2,4,1,3,2,0,3,0,4,1};",NA,fr,npm
2024_03_08_abo06,abo,03/08/2024,abo06,2,multi_sucrose,multi_sucrose,NA,NA,"{0,0,4,1,3,3,1,4,2,2,1,0,3,2,3,2,1,0,4,4,3,0,3,2,2,4,1,1,4,0,1,0,2,2,1,3,4,4,3,0,2,4,1,1,3,0,0,3,2,4,4,3,3,2,0,4,2,0,1,1,1,4,3,2,2,4,1,0,0,3,4,2,0,3,1,1,3,4,2,0,4,3,0,3,2,1,1,4,2,0,2,4,3,2,1,0,3,0,1,4};",NA,wr,npm
2024_03_08_abo07,abo,03/08/2024,abo07,2,multi_sucrose,multi_sucrose,NA,NA,"{4,4,1,1,0,3,3,0,2,2,1,3,0,2,1,0,4,3,2,4,2,0,1,3,2,4,4,0,3,1,2,3,0,4,1,0,1,2,4,3,0,3,4,3,2,0,1,2,4,1,4,1,0,1,3,0,3,2,2,4,0,4,4,2,1,0,2,3,3,1,1,2,0,2,4,3,1,4,3,0,1,2,4,2,3,0,4,1,0,3,4,1,3,2,0,0,1,4,3,2};",NA,wr,npm
2024_03_08_abo08,abo,03/08/2024,abo08,2,multi_sucrose,multi_sucrose,NA,NA,"{1,0,2,3,4,2,0,1,4,3,3,4,1,1,4,2,3,0,0,2,2,1,4,3,1,2,3,0,0,4,2,0,2,4,0,3,1,1,3,4,3,1,4,0,2,3,4,1,0,2,1,3,2,1,0,0,3,2,4,4,0,1,3,2,2,0,4,4,1,3,0,2,3,1,4,2,0,4,3,1,3,2,3,1,0,1,2,0,4,4,0,2,3,3,0,4,1,1,4,2};",NA,fr,npm
2024_03_08_abw01,abw,03/08/2024,abw01,1,multi_sucrose,multi_sucrose,NA,NA,"{3,0,2,1,2,1,4,0,3,4,2,4,2,0,3,1,1,4,3,0,0,3,2,1,4,3,0,2,1,4,4,1,3,0,2,3,1,4,2,0,1,2,0,2,3,1,4,3,0,4,2,1,1,0,2,4,0,4,3,3,1,0,3,2,2,4,4,1,0,3,2,1,4,0,0,1,4,3,3,2,2,4,4,1,1,3,3,0,2,0,4,0,1,1,4,2,0,2,3,3};",NA,fr,npm
2024_03_08_abw02,abw,03/08/2024,abw02,1,multi_sucrose,multi_sucrose,NA,NA,"{3,4,0,1,3,2,0,4,1,2,4,2,2,4,0,1,3,1,0,3,4,1,3,1,3,0,4,0,2,2,3,2,3,2,0,0,1,4,1,4,3,0,2,4,3,0,1,2,1,4,0,1,2,4,3,0,3,2,1,4,3,0,4,3,4,1,1,2,2,0,3,1,0,2,4,0,2,1,3,4,0,3,1,4,2,1,2,4,3,0,3,0,4,3,2,1,0,2,4,1};",NA,wr,npm
2024_03_08_abw03,abw,03/08/2024,abw03,1,multi_sucrose,multi_sucrose,NA,NA,"{2,1,3,0,4,3,4,1,2,0,1,3,4,2,3,0,2,0,1,4,4,2,4,1,0,3,0,3,2,1,3,0,4,3,2,4,0,1,1,2,0,4,1,3,2,0,4,1,2,3,1,3,2,1,0,0,4,4,3,2,0,3,2,1,2,0,3,4,1,4,1,2,4,1,0,0,4,2,3,3,0,3,0,4,1,2,2,1,3,4,1,0,1,0,3,4,4,2,3,2};",NA,fr,npm
2024_03_08_abw04,abw,03/08/2024,abw04,1,multi_sucrose,multi_sucrose,NA,NA,"{4,0,1,4,3,0,2,1,2,3,3,1,2,4,0,0,1,4,2,3,0,4,3,2,1,3,0,4,1,2,1,2,3,4,0,3,2,0,1,4,4,1,0,4,2,2,3,3,1,0,0,3,4,1,2,3,1,4,0,2,0,4,1,2,3,4,0,2,1,3,3,0,0,4,3,1,2,4,2,1,0,4,0,2,3,1,4,3,2,1,2,1,1,4,3,0,0,4,3,2};",NA,wr,npm
2024_03_26_abo05,abo,3/26/2024,abo05,2,multi_nacl,multi_nacl,NA,NA,"{2,3,0,0,4,1,2,1,4,3,0,1,2,4,3,4,2,3,1,0,1,3,0,2,2,1,3,4,4,0,2,3,0,1,1,3,4,4,0,2,4,0,4,2,2,3,3,0,1,1,1,2,0,4,2,1,0,4,3,3,3,4,1,0,0,4,2,2,1,3,1,3,1,3,0,0,2,4,4,2,0,4,1,0,2,2,3,4,3,1,2,4,4,0,3,1,1,3,0,2};",NA,wr,npm
2024_03_26_abo06,abo,3/26/2024,abo06,2,multi_nacl,multi_nacl,NA,NA,"{2,3,0,1,2,0,4,1,4,3,4,0,3,3,4,0,2,1,1,2,0,2,1,0,4,3,1,3,2,4,1,4,4,0,0,2,2,3,3,1,1,2,4,0,1,3,0,3,4,2,1,0,3,2,2,4,0,3,4,1,3,0,3,4,1,2,1,4,2,0,4,2,0,1,3,4,0,1,3,2,3,2,4,0,1,3,0,2,1,4,2,1,0,1,4,4,3,2,3,0};",NA,wr,npm
2024_03_26_abo07,abo,3/26/2024,abo07,2,multi_nacl,multi_nacl,NA,NA,"{4,0,2,0,1,3,3,1,2,4,3,0,1,0,4,3,4,1,2,2,4,4,1,3,2,2,3,0,1,0,2,0,2,4,1,4,3,0,3,1,2,0,4,3,1,0,4,1,2,3,0,2,4,4,0,1,3,3,2,1,4,2,1,2,4,0,0,1,3,3,4,3,1,2,1,3,0,0,2,4,0,1,2,0,3,2,4,1,3,4,1,2,0,3,4,3,4,1,0,2};",NA,wr,npm
2024_03_26_abo08,abo,3/26/2024,abo08,2,multi_nacl,multi_nacl,NA,NA,"{2,3,4,0,1,0,2,3,4,1,1,2,0,1,3,4,4,0,3,2,1,4,2,0,3,2,0,1,3,4,2,2,4,0,3,0,4,3,1,1,0,2,3,1,0,2,3,4,4,1,2,3,2,4,0,1,1,3,0,4,0,3,2,2,4,4,1,0,3,1,2,4,4,0,3,3,2,0,1,1,4,3,4,0,2,0,3,1,2,1,3,4,4,1,0,3,2,1,2,0};",NA,wr,npm
2024_03_26_abw01,abw,3/26/2024,abw01,1,multi_nacl,multi_nacl,NA,NA,"{0,3,4,1,4,2,2,0,1,3,4,1,2,3,4,1,3,2,0,0,3,2,4,0,2,4,1,3,1,0,1,3,4,4,3,1,2,0,0,2,4,1,3,2,4,0,2,0,1,3,0,3,0,3,1,4,2,1,4,2,1,0,0,3,4,4,2,3,2,1,3,0,1,0,4,3,4,2,1,2,2,1,0,4,2,0,3,4,3,1,4,0,1,0,3,2,1,3,2,4};",NA,wr,npm
2024_03_26_abw02,abw,3/26/2024,abw02,1,multi_nacl,multi_nacl,NA,NA,"{2,1,4,2,1,4,0,0,3,3,2,2,3,0,1,4,4,1,0,3,2,0,1,3,0,2,4,3,4,1,3,1,0,3,4,2,1,0,2,4,2,4,0,1,4,0,2,3,3,1,2,4,0,2,1,3,3,4,0,1,0,1,3,0,1,4,3,2,2,4,0,4,1,2,1,3,4,0,3,2,1,2,3,3,4,2,0,1,0,4,4,0,0,1,2,3,1,4,2,3};",NA,wr,npm
2024_03_26_abw03,abw,3/26/2024,abw03,1,multi_nacl,multi_nacl,NA,NA,"{3,1,0,0,4,1,3,2,4,2,0,3,2,1,4,0,1,2,3,4,4,0,0,2,3,3,1,1,4,2,4,3,0,0,3,4,2,1,1,2,3,0,4,3,2,2,1,1,0,4,0,4,3,4,2,1,2,3,1,0,2,0,1,4,1,0,3,4,3,2,2,4,1,3,1,2,0,4,3,0,0,2,0,2,4,1,3,4,3,1,0,3,4,2,0,1,1,4,2,3};",NA,wr,npm
2024_03_26_abw04,abw,3/26/2024,abw04,1,multi_nacl,multi_nacl,NA,NA,"{1,0,2,4,3,3,1,0,4,2,2,0,3,1,4,2,3,1,0,4,2,4,3,2,0,1,1,4,3,0,3,1,4,4,2,3,2,0,1,0,3,4,3,0,2,2,1,1,4,0,2,4,2,3,1,3,4,0,1,0,0,1,3,2,2,3,4,1,4,0,1,3,1,0,0,3,4,2,4,2,4,4,0,0,3,2,1,1,2,3,4,1,2,3,3,4,0,0,1,2};",NA,wr,npm
2024_03_27_abo05,abo,3/27/2024,abo05,2,multi_nacl,multi_nacl,NA,NA,"{1,0,2,0,2,3,4,3,4,1,1,0,0,1,2,3,3,4,4,2,4,0,3,1,1,0,3,4,2,2,1,0,4,2,0,1,4,3,2,3,0,0,4,3,2,1,1,3,4,2,3,2,4,2,0,1,4,3,0,1,4,3,4,2,3,1,0,0,1,2,3,4,2,2,0,3,1,1,0,4,4,0,1,3,1,4,2,2,3,0,1,1,3,2,3,0,4,2,0,4};",NA,wr,npm
2024_03_27_abo06,abo,3/27/2024,abo06,2,multi_nacl,multi_nacl,NA,NA,"{3,4,0,2,2,3,0,1,4,1,3,4,2,3,0,0,4,2,1,1,4,3,2,1,4,0,2,0,3,1,0,1,2,4,4,2,1,0,3,3,0,4,1,2,2,1,3,0,3,4,2,4,3,1,2,4,0,0,1,3,2,2,3,1,0,0,3,4,1,4,2,2,0,4,1,3,1,3,0,4,0,0,3,1,4,3,4,2,1,2,2,0,3,0,2,1,1,4,4,3};",NA,wr,npm
2024_03_27_abo07,abo,3/27/2024,abo07,2,multi_nacl,multi_nacl,NA,NA,"{0,4,1,2,3,1,2,4,0,3,4,0,1,4,0,3,3,2,1,2,0,4,4,1,0,3,2,1,3,2,0,3,1,1,4,2,0,2,4,3,4,0,2,1,3,4,0,2,1,3,4,2,3,1,3,0,0,2,4,1,1,4,4,3,0,2,1,0,3,2,1,2,1,3,4,0,2,3,4,0,4,1,0,4,3,2,2,3,0,1,3,0,1,1,0,2,4,2,3,4};",NA,wr,npm
2024_03_27_abo08,abo,3/27/2024,abo08,2,multi_nacl,multi_nacl,NA,NA,"{0,4,2,4,1,3,1,2,3,0,4,2,2,3,1,0,3,0,4,1,1,3,1,0,4,2,2,4,3,0,1,0,1,2,4,0,2,4,3,3,4,3,1,0,2,4,0,2,1,3,3,3,2,1,4,1,0,2,4,0,1,2,0,0,1,3,2,4,3,4,2,4,2,0,3,1,1,3,4,0,4,0,3,2,1,2,0,3,4,1,4,2,0,3,0,4,1,2,1,3};",NA,wr,npm
2024_03_27_abw01,abw,3/27/2024,abw01,1,multi_nacl,multi_nacl,NA,NA,"{4,4,0,1,2,2,1,0,3,3,2,4,0,3,4,1,2,0,1,3,2,0,0,1,3,3,4,2,4,1,0,1,1,0,2,4,2,3,3,4,2,3,1,1,0,3,4,0,2,4,3,2,0,2,3,4,1,0,4,1,0,3,1,2,3,4,0,1,2,4,4,1,3,2,4,0,2,1,3,0,0,1,4,2,0,3,2,1,4,3,0,1,0,1,3,2,4,2,4,3};",NA,wr,npm
2024_03_27_abw02,abw,3/27/2024,abw02,1,multi_nacl,multi_nacl,NA,NA,"{3,0,3,4,1,0,4,1,2,2,2,1,1,0,4,3,3,2,0,4,4,1,0,4,1,3,2,2,0,3,4,4,0,3,3,2,0,2,1,1,1,3,1,4,2,0,3,0,2,4,1,0,4,2,4,3,3,2,1,0,3,2,3,4,0,0,2,4,1,1,4,1,3,0,1,0,4,2,2,3,3,0,1,0,4,4,3,2,2,1,0,4,1,3,1,4,2,0,2,3};",NA,wr,npm
2024_03_27_abw03,abw,3/27/2024,abw03,1,multi_nacl,multi_nacl,NA,NA,"{4,2,0,3,0,2,1,1,3,4,1,4,3,2,3,0,1,2,4,0,1,0,3,0,2,2,1,4,4,3,2,3,3,1,0,1,2,4,0,4,3,0,0,3,1,4,4,2,2,1,1,3,4,3,1,2,0,4,0,2,4,0,1,4,3,1,3,2,2,0,1,3,0,2,4,0,4,3,1,2,1,2,4,0,4,0,2,1,3,3,2,3,0,1,1,0,3,4,2,4};",NA,wr,npm
2024_03_27_abw04,abw,3/27/2024,abw04,1,multi_nacl,multi_nacl,NA,NA,"{1,3,4,0,3,1,4,0,2,2,0,3,4,0,3,2,2,1,1,4,4,1,2,3,0,3,0,1,4,2,4,4,0,1,3,0,2,3,1,2,1,4,3,4,1,2,0,3,2,0,4,0,3,1,2,0,2,3,4,1,0,1,4,2,1,0,3,3,2,4,0,3,1,2,4,4,2,3,0,1,2,0,4,1,1,2,0,4,3,3,3,2,4,2,0,1,4,3,0,1};",NA,wr,npm
2024_03_28_abo05,abo,3/28/2024,abo05,2,multi_nacl,multi_nacl,NA,NA,"{1,0,4,2,1,3,4,2,0,3,1,0,2,1,3,2,4,4,0,3,2,4,3,3,1,0,2,1,0,4,4,3,0,2,3,1,1,0,2,4,3,4,1,1,3,0,4,0,2,2,1,1,3,0,2,0,4,4,2,3,3,0,3,4,1,2,4,1,2,0,3,4,0,1,3,2,1,0,4,2,1,0,4,0,1,2,2,3,4,3,3,2,3,4,1,1,0,0,4,2};",NA,wr,npm
2024_03_28_abo06,abo,3/28/2024,abo06,2,multi_nacl,multi_nacl,NA,NA,"{1,3,2,0,3,2,4,0,1,4,1,1,0,3,2,4,3,4,0,2,4,1,3,2,1,0,4,0,2,3,3,2,3,0,0,4,2,1,4,1,1,3,1,3,0,4,4,2,2,0,3,2,1,4,4,0,0,3,1,2,4,1,1,3,0,0,2,3,2,4,3,2,4,1,3,1,0,4,0,2,4,2,3,0,0,3,1,4,1,2,0,1,4,3,2,4,3,1,2,0};",NA,wr,npm
2024_03_28_abo07,abo,3/28/2024,abo07,2,multi_nacl,multi_nacl,NA,NA,"{3,3,1,0,2,4,4,1,0,2,1,3,0,4,1,4,0,2,2,3,1,2,3,4,0,3,1,4,0,2,4,1,2,3,0,4,3,2,0,1,0,2,3,0,4,1,2,4,3,1,4,3,3,1,1,0,2,2,0,4,0,0,2,2,1,4,3,1,4,3,1,3,0,1,2,4,4,3,2,0,2,3,2,3,1,1,4,4,0,0,3,0,1,0,2,2,1,4,4,3};",NA,wr,npm
2024_03_28_abo08,abo,3/28/2024,abo08,2,multi_nacl,multi_nacl,NA,NA,"{0,2,0,4,2,3,4,3,1,1,1,3,0,4,2,0,3,1,4,2,4,2,4,0,3,2,3,0,1,1,0,4,2,1,3,1,2,0,4,3,1,2,1,0,0,3,2,4,3,4,1,3,1,2,4,0,3,2,0,4,4,2,0,4,3,1,3,0,1,2,2,1,2,0,3,1,4,4,3,0,2,3,0,4,0,1,3,4,2,1,0,2,3,4,1,4,2,3,1,0};",NA,wr,npm
2024_03_28_abw01,abw,3/28/2024,abw01,1,multi_nacl,multi_nacl,NA,NA,"{4,1,2,3,3,1,4,0,2,0,1,4,2,3,1,2,0,4,0,3,3,2,0,1,3,0,4,4,1,2,4,1,4,1,3,2,0,3,0,2,4,3,0,2,2,1,0,3,4,1,2,4,1,1,3,4,3,2,0,0,0,2,3,0,1,1,2,4,4,3,3,3,1,4,4,0,2,0,1,2,1,3,0,2,1,4,3,4,2,0,0,4,3,1,3,2,0,4,2,1};",NA,wr,npm
2024_03_28_abw02,abw,3/28/2024,abw02,1,multi_nacl,multi_nacl,NA,NA,"{4,0,2,3,3,4,0,1,2,1,2,2,4,3,1,1,4,0,3,0,3,3,0,2,4,2,0,4,1,1,1,3,0,0,4,3,4,1,2,2,1,4,0,1,3,3,2,0,4,2,4,4,2,1,0,3,0,2,3,1,0,3,1,2,0,3,4,4,2,1,1,0,4,0,4,3,2,3,2,1,3,0,1,0,2,1,2,4,4,3,3,1,2,1,4,0,4,0,2,3};",NA,wr,npm
2024_03_28_abw03,abw,3/28/2024,abw03,1,multi_nacl,multi_nacl,NA,NA,"{1,3,1,4,2,4,0,3,2,0,1,0,4,2,3,1,3,2,4,0,3,0,1,1,2,4,3,2,0,4,2,3,1,1,4,2,0,3,0,4,0,1,2,0,4,3,4,1,2,3,1,1,2,4,3,3,2,4,0,0,1,3,4,3,0,1,4,0,2,2,1,0,4,3,2,4,2,3,0,1,2,2,0,3,3,0,4,4,1,1,0,2,0,2,4,1,4,3,1,3};",NA,wr,npm
2024_03_28_abw04,abw,3/28/2024,abw04,1,multi_nacl,multi_nacl,NA,NA,"{0,4,1,0,1,3,4,3,2,2,0,3,4,1,2,3,2,4,1,0,3,2,1,2,1,4,0,4,0,3,1,0,2,3,4,2,0,3,4,1,0,0,3,4,1,2,2,3,1,4,2,0,4,3,4,1,0,1,2,3,3,1,2,4,1,0,4,2,3,0,1,2,3,1,0,3,0,2,4,4,1,2,3,4,1,0,4,0,2,3,1,1,0,2,3,4,4,3,2,0};",NA,wr,npm
2024_03_29_abo05,abo,3/29/2024,abo05,2,multi_nacl,multi_nacl,NA,NA,"{1,1,4,2,3,2,4,3,0,0,4,1,4,0,2,3,3,0,2,1,3,3,4,0,4,0,2,1,2,1,2,1,2,4,1,0,3,0,4,3,3,4,4,1,1,0,2,3,2,0,2,4,1,4,0,3,0,3,1,2,1,0,4,0,2,2,3,1,3,4,0,1,4,2,0,4,1,3,2,3,1,2,4,2,1,0,3,3,0,4,2,1,3,4,2,0,4,3,0,1};",NA,wr,npm
2024_03_29_abo06,abo,3/29/2024,abo06,2,multi_nacl,multi_nacl,NA,NA,"{0,1,2,0,3,4,3,4,1,2,0,2,3,2,0,1,1,4,4,3,0,3,4,1,0,3,2,1,4,2,3,2,1,4,1,2,0,4,0,3,3,1,0,3,2,4,1,0,2,4,0,3,1,3,4,2,0,1,4,2,0,1,4,3,3,2,2,1,4,0,1,2,1,2,3,3,4,0,4,0,4,4,3,2,0,1,0,3,1,2,2,0,4,0,1,3,2,4,1,3};",NA,wr,npm
2024_03_29_abo07,abo,3/29/2024,abo07,2,multi_nacl,multi_nacl,NA,NA,"{2,0,3,3,1,4,0,1,4,2,2,0,4,1,3,0,1,4,3,2,3,3,4,4,0,2,1,2,0,1,0,3,1,4,4,2,2,3,1,0,1,4,4,3,0,2,3,0,1,2,2,0,1,3,2,3,4,1,4,0,2,3,1,2,0,1,3,4,4,0,2,2,3,1,0,0,3,1,4,4,0,4,4,2,3,1,1,2,3,0,2,4,0,0,2,3,3,1,1,4};",NA,wr,npm
2024_03_29_abo08,abo,3/29/2024,abo08,2,multi_nacl,multi_nacl,NA,NA,"{1,4,1,3,3,0,2,4,2,0,1,0,1,4,3,3,2,4,0,2,2,1,1,3,2,0,4,0,3,4,1,3,2,2,3,4,4,0,0,1,4,0,2,3,4,0,1,3,2,1,1,2,4,0,0,2,3,3,4,1,2,2,0,1,3,4,1,4,3,0,0,4,1,2,0,1,2,3,4,3,0,3,2,2,1,4,0,1,3,4,3,4,0,3,2,1,4,0,1,2};",NA,wr,npm
2024_03_29_abw01,abw,3/29/2024,abw01,1,multi_nacl,multi_nacl,NA,NA,"{3,4,1,4,3,0,0,1,2,2,2,3,2,4,3,1,0,4,0,1,4,0,2,1,1,0,3,2,4,3,1,3,2,4,1,3,4,0,2,0,3,1,4,2,4,0,0,3,1,2,2,4,0,3,0,4,1,2,1,3,0,2,1,0,1,3,4,4,3,2,1,3,0,3,4,1,4,0,2,2,4,4,2,1,2,0,3,3,0,1,4,4,0,3,0,2,3,1,2,1};",NA,wr,npm
2024_03_29_abw02,abw,3/29/2024,abw02,1,multi_nacl,multi_nacl,NA,NA,"{1,4,4,3,2,1,2,0,3,0,0,3,4,4,1,2,1,3,2,0,0,4,2,1,3,3,1,0,2,4,3,2,0,0,1,4,3,1,4,2,0,3,4,2,0,1,1,2,3,4,4,2,2,0,0,1,1,3,3,4,4,0,0,3,3,4,1,2,2,1,1,1,0,4,2,3,4,3,2,0,0,2,4,4,3,1,0,3,1,2,1,2,0,1,3,0,2,4,4,3};",NA,wr,npm
2024_03_29_abw03,abw,3/29/2024,abw03,1,multi_nacl,multi_nacl,NA,NA,"{3,4,4,1,3,1,2,0,0,2,0,2,3,1,3,0,4,1,2,4,0,2,0,2,3,3,4,1,1,4,2,1,2,0,1,3,4,3,4,0,3,2,0,1,4,4,3,1,0,2,1,2,0,1,0,3,4,4,3,2,0,4,1,3,0,1,3,2,2,4,4,2,1,3,4,0,2,3,1,0,4,2,4,0,3,2,3,1,0,1,2,4,3,4,2,3,0,1,1,0};",NA,wr,npm
2024_03_29_abw04,abw,3/29/2024,abw04,1,multi_nacl,multi_nacl,NA,NA,"{0,1,2,1,2,3,3,4,0,4,3,2,3,1,0,4,1,0,4,2,4,0,1,1,3,4,2,3,0,2,2,1,0,2,3,1,4,0,4,3,3,0,1,4,2,4,2,3,0,1,0,2,2,3,4,1,4,1,3,0,0,2,0,3,2,4,1,1,4,3,0,2,1,3,0,1,2,4,3,4,1,4,2,3,0,3,1,4,2,0,0,1,0,1,2,3,4,3,2,4};",NA,wr,npm
2024_05_07_acd01,acd,05/07/2024,acd01,1,multi_sucrose,multi_sucrose,NA,NA,"{1,0,2,4,0,3,4,2,1,3,0,4,2,2,1,4,0,3,3,1,4,3,0,1,2,4,0,1,2,3,2,4,3,1,0,4,1,3,0,2,4,0,2,1,3,2,0,4,3,1,0,1,4,2,4,3,0,1,3,2,3,4,2,1,2,1,4,3,0,0,3,0,2,2,3,1,4,0,4,1,0,4,1,0,2,3,1,2,4,3,1,4,3,0,2,4,2,0,3,1};",NA,fr,npm
2024_05_07_acd02,acd,05/07/2024,acd02,1,multi_sucrose,multi_sucrose,NA,NA,"{2,2,1,4,4,0,3,3,0,1,1,2,3,4,3,2,0,0,1,4,4,2,0,1,0,3,1,3,4,2,3,2,1,2,3,1,0,4,0,4,0,1,1,0,4,2,2,4,3,3,4,1,2,0,0,1,4,3,2,3,2,1,4,0,1,2,4,3,0,3,1,3,2,1,0,2,4,4,0,3,3,0,0,2,2,1,3,4,4,1,0,4,3,4,2,3,2,1,0,1};",NA,wr,npm
2024_05_07_acd03,acd,05/07/2024,acd03,1,multi_sucrose,multi_sucrose,NA,NA,"{2,0,3,1,3,2,4,4,1,0,1,3,4,3,2,2,0,1,4,0,1,1,2,0,0,3,4,4,3,2,1,4,0,3,2,4,3,2,1,0,2,3,1,2,1,0,3,4,4,0,2,0,4,2,0,1,3,3,1,4,1,3,1,4,4,3,2,0,0,2,4,2,3,1,1,3,2,4,0,0,1,0,2,4,1,4,0,3,3,2,2,0,0,4,3,1,3,1,2,4};",NA,wr,npm
2024_05_07_acd04,acd,05/07/2024,acd04,1,multi_sucrose,multi_sucrose,NA,NA,"{1,3,0,2,1,2,4,3,0,4,1,2,1,3,4,3,2,0,0,4,1,1,2,4,3,4,0,3,2,0,0,1,3,1,2,0,2,4,4,3,0,3,2,0,3,2,4,1,1,4,0,3,1,2,4,1,3,0,4,2,4,3,2,0,1,0,3,2,4,1,0,4,3,4,2,0,2,1,3,1,2,4,1,4,3,3,1,2,0,0,4,0,2,1,0,2,3,1,3,4};",NA,fr,npm
2024_05_07_acd05,acd,05/07/2024,acd05,1,multi_sucrose,multi_sucrose,NA,NA,"{3,4,2,1,3,0,2,1,4,0,4,3,0,4,1,0,3,2,1,2,3,2,3,4,4,1,0,1,2,0,4,3,0,3,2,1,2,0,1,4,3,1,2,0,3,2,0,4,4,1,2,1,1,3,3,2,0,4,0,4,0,4,1,3,2,3,0,4,1,2,3,0,2,2,4,3,1,4,0,1,4,2,1,3,4,2,0,3,0,1,0,2,1,4,1,3,2,0,4,3};",NA,wr,npm
2024_05_07_acd06,acd,05/07/2024,acd06,1,multi_sucrose,multi_sucrose,NA,NA,"{3,1,4,0,1,4,2,0,3,2,4,3,0,1,2,2,1,3,4,0,4,1,0,3,2,4,1,2,0,3,2,1,2,4,4,0,1,3,3,0,1,3,0,4,2,3,1,0,2,4,3,4,2,1,0,3,4,2,0,1,4,0,0,3,1,2,4,1,2,3,4,2,4,1,3,1,2,3,0,0,3,1,0,0,2,4,1,4,2,3,4,4,1,2,1,0,3,2,0,3};",NA,fr,npm
2024_05_07_acd07,acd,05/07/2024,acd07,1,multi_sucrose,multi_sucrose,NA,NA,"{3,0,3,4,4,2,1,0,1,2,4,3,1,3,4,2,0,1,0,2,3,0,2,4,1,4,2,3,1,0,3,2,0,0,1,1,4,3,4,2,0,4,3,3,1,0,2,2,4,1,3,2,0,0,4,1,3,4,2,1,1,0,3,0,4,1,2,2,4,3,2,1,3,2,1,4,0,4,0,3,2,2,3,4,0,1,0,4,1,3,2,1,1,4,3,3,2,0,0,4};",NA,fr,npm
2024_05_07_acd08,acd,05/07/2024,acd08,1,multi_sucrose,multi_sucrose,NA,NA,"{1,0,3,2,4,3,2,1,4,0,2,1,0,1,4,4,2,3,0,3,4,1,4,0,3,1,3,2,0,2,1,1,0,0,4,2,2,4,3,3,4,0,4,2,3,3,1,0,2,1,3,1,4,1,0,2,3,0,2,4,3,2,1,1,0,3,0,4,2,4,3,4,2,4,2,1,0,3,1,0,3,1,0,4,2,1,3,2,4,0,1,4,3,0,4,3,2,0,2,1};",NA,wr,npm
2024_05_07_acd09,acd,05/07/2024,acd09,1,multi_sucrose,multi_sucrose,NA,NA,"{2,1,4,2,3,0,0,3,1,4,0,1,1,0,4,2,3,3,2,4,1,2,0,1,4,3,3,0,4,2,1,1,0,2,0,2,4,3,3,4,3,1,4,1,2,4,0,3,0,2,1,1,2,4,3,3,4,2,0,0,3,2,3,0,1,4,0,4,1,2,3,4,3,2,0,4,1,1,2,0,3,2,2,1,3,4,0,0,4,1,0,4,1,0,4,3,3,1,2,2};",NA,wr,npm
2024_05_07_acd10,acd,05/07/2024,acd10,1,multi_sucrose,multi_sucrose,NA,NA,"{0,3,3,4,2,1,0,1,2,4,3,1,4,0,4,2,3,0,2,1,0,0,4,2,1,3,1,4,2,3,3,1,4,1,0,2,0,3,4,2,4,0,2,1,1,0,4,3,3,2,2,2,0,0,3,1,4,3,1,4,1,2,2,3,0,1,4,3,4,0,4,1,3,2,1,2,3,0,0,4,1,3,2,0,3,4,2,4,0,1,4,1,0,2,3,0,4,2,3,1};",NA,fr,npm
2024_05_07_acd11,acd,05/07/2024,acd11,1,multi_sucrose,multi_sucrose,NA,NA,"{2,0,3,4,1,0,2,4,1,3,0,1,3,1,0,2,3,4,4,2,2,4,4,0,1,3,1,3,2,0,1,4,4,0,2,1,3,2,0,3,0,3,4,0,2,3,2,1,1,4,1,4,4,1,3,2,2,3,0,0,2,2,3,4,3,0,1,4,0,1,1,3,2,0,3,2,4,4,1,0,0,1,0,1,3,4,2,2,3,4,2,4,4,3,1,2,0,1,0,3};",NA,wr,npm
2024_05_07_acd12,acd,05/07/2024,acd12,1,multi_sucrose,multi_sucrose,NA,NA,"{4,1,1,0,0,4,2,2,3,3,4,3,0,2,1,2,3,4,0,1,0,4,2,1,2,4,1,3,3,0,1,3,4,2,0,1,0,3,2,4,0,4,2,1,3,3,0,2,4,1,0,0,3,1,4,4,2,3,1,2,2,2,0,4,3,0,3,1,1,4,4,0,2,3,1,2,3,4,1,0,4,2,3,0,1,2,4,1,3,0,4,3,1,4,3,1,2,2,0,0};",NA,fr,npm
2024_05_07_acd13,acd,05/07/2024,acd13,1,multi_sucrose,multi_sucrose,NA,NA,"{4,3,3,2,1,0,0,2,1,4,1,2,1,4,0,2,3,4,0,3,3,2,4,4,3,2,1,1,0,0,1,0,4,1,2,2,4,3,0,3,1,0,2,3,4,3,4,0,1,2,0,3,3,2,1,4,2,1,0,4,4,0,4,2,0,2,1,3,3,1,4,2,4,0,3,1,0,3,2,1,2,0,1,4,1,3,3,0,2,4,0,3,4,2,1,1,2,4,0,3};",NA,fr,npm
2024_05_07_acd14,acd,05/07/2024,acd14,1,multi_sucrose,multi_sucrose,NA,NA,"{1,3,4,3,1,0,2,0,2,4,0,3,3,2,4,1,2,4,1,0,3,4,4,2,1,0,3,0,2,1,0,4,2,2,3,1,1,0,4,3,0,1,4,2,1,4,3,0,2,3,1,4,2,0,0,3,2,3,4,1,0,1,4,4,0,3,3,2,2,1,1,3,2,1,2,3,0,0,4,4,4,3,0,2,1,0,1,3,4,2,3,3,4,1,2,4,2,0,1,0};",NA,wr,npm
2024_05_08_acd01,acd,05/08/2024,acd01,1,multi_sucrose,multi_sucrose,NA,NA,"{2,3,1,0,1,2,0,4,4,3,3,0,2,1,0,1,2,3,4,4,0,3,3,4,2,1,2,4,0,1,1,3,1,2,4,0,2,0,4,3,2,4,0,2,0,3,1,4,1,3,0,3,4,2,3,1,1,0,4,2,3,0,0,4,1,2,3,2,1,4,3,1,0,2,0,3,2,4,1,4,0,0,2,2,1,3,4,3,1,4,4,2,3,0,3,4,2,1,1,0};",NA,fr,npm
2024_05_08_acd02,acd,05/08/2024,acd02,1,multi_sucrose,multi_sucrose,NA,NA,"{3,2,0,4,4,3,2,1,1,0,3,2,2,0,1,3,1,4,4,0,2,1,4,3,1,0,2,0,3,4,2,1,4,4,3,0,1,0,3,2,0,0,4,3,1,2,4,3,1,2,3,2,4,4,0,1,3,2,1,0,4,3,2,3,1,4,1,0,0,2,0,2,4,1,3,4,3,1,2,0,0,4,1,4,0,2,3,2,3,1,2,4,4,1,3,0,2,3,0,1};",NA,wr,npm
2024_05_08_acd03,acd,05/08/2024,acd03,1,multi_sucrose,multi_sucrose,NA,NA,"{0,4,3,2,4,1,2,3,1,0,1,2,3,4,2,3,0,0,4,1,4,0,2,3,1,1,3,2,0,4,4,3,4,3,1,1,0,2,0,2,2,3,2,4,3,1,0,0,4,1,4,3,0,1,3,4,2,2,1,0,3,0,3,1,0,4,2,4,1,2,0,0,2,3,3,4,4,2,1,1,2,0,0,4,1,4,3,1,2,3,4,2,1,3,4,0,3,2,0,1};",NA,wr,npm
2024_05_08_acd04,acd,05/08/2024,acd04,1,multi_sucrose,multi_sucrose,NA,NA,"{3,0,2,4,0,3,1,2,1,4,2,3,0,0,1,2,4,4,3,1,3,0,0,3,1,2,4,1,4,2,3,4,3,0,1,1,0,2,4,2,0,2,1,4,3,2,4,3,1,0,0,0,1,2,4,3,4,1,3,2,2,0,4,4,1,3,0,3,1,2,3,0,4,2,0,2,4,3,1,1,2,3,1,4,2,4,0,1,3,0,4,2,3,1,3,0,4,0,1,2};",NA,fr,npm
2024_05_08_acd05,acd,05/08/2024,acd05,1,multi_sucrose,multi_sucrose,NA,NA,"{3,1,4,0,2,1,0,3,4,2,1,4,2,3,1,4,0,0,3,2,0,2,3,4,2,4,1,1,3,0,2,3,3,1,1,4,4,0,0,2,3,1,1,3,2,4,4,0,0,2,1,0,1,3,2,2,3,4,4,0,3,3,4,0,1,2,4,0,2,1,0,1,0,3,2,4,1,4,3,2,0,3,2,2,1,3,4,1,4,0,1,4,3,4,0,2,2,1,3,0};",NA,wr,npm
2024_05_08_acd06,acd,05/08/2024,acd06,1,multi_sucrose,multi_sucrose,NA,NA,"{1,3,2,0,1,0,2,4,4,3,1,3,0,3,1,2,0,4,2,4,4,1,0,2,3,2,0,1,3,4,3,4,3,0,1,2,0,2,1,4,3,4,0,0,2,1,3,4,2,1,3,4,4,3,0,2,1,1,0,2,0,1,3,4,4,2,3,1,2,0,1,3,2,4,1,2,3,0,0,4,2,3,4,2,3,0,1,0,1,4,3,0,1,0,1,2,4,4,3,2};",NA,fr,npm
2024_05_08_acd07,acd,05/08/2024,acd07,1,multi_sucrose,multi_sucrose,NA,NA,"{3,1,2,0,2,1,0,3,4,4,2,1,1,3,0,4,4,2,0,3,3,4,4,1,3,1,0,0,2,2,2,4,3,1,1,0,0,2,4,3,2,3,0,1,0,2,1,4,3,4,4,2,4,1,2,3,3,0,1,0,1,4,0,3,0,4,1,2,3,2,2,1,4,0,2,1,0,3,3,4,1,2,0,3,4,1,4,0,2,3,0,0,4,2,4,3,3,1,2,1};",NA,fr,npm
2024_05_08_acd08,acd,05/08/2024,acd08,1,multi_sucrose,multi_sucrose,NA,NA,"{4,3,2,2,4,3,0,1,1,0,2,3,0,1,3,4,2,1,4,0,0,2,4,3,1,0,2,1,3,4,2,0,0,1,4,4,1,3,3,2,1,0,2,2,3,0,3,4,1,4,2,4,4,0,1,2,1,3,0,3,1,4,4,1,3,0,2,2,0,3,0,3,4,4,3,2,0,2,1,1,4,0,3,0,4,2,1,2,3,1,4,1,2,1,4,3,0,2,0,3};",NA,wr,npm
2024_05_08_acd09,acd,05/08/2024,acd09,1,multi_sucrose,multi_sucrose,NA,NA,"{0,2,3,4,0,1,2,4,1,3,0,3,2,1,2,0,3,4,1,4,0,0,1,4,2,3,3,4,1,2,1,0,4,1,2,0,4,2,3,3,2,4,1,0,1,3,3,0,4,2,0,4,1,3,2,1,2,4,3,0,1,4,3,4,0,3,1,2,2,0,0,4,0,1,4,2,2,3,3,1,0,2,2,4,1,3,3,0,4,1,2,1,4,3,2,1,0,0,4,3};",NA,wr,npm
2024_05_08_acd10,acd,05/08/2024,acd10,1,multi_sucrose,multi_sucrose,NA,NA,"{3,0,0,1,4,1,2,4,2,3,3,0,4,1,4,1,2,3,2,0,0,1,4,3,3,1,2,2,4,0,1,2,4,3,0,3,4,1,2,0,0,4,1,2,0,1,3,4,2,3,0,2,4,1,3,1,3,4,2,0,3,1,0,3,4,2,1,4,2,0,4,1,0,2,3,4,2,0,1,3,4,1,0,3,4,2,0,2,1,3,4,2,2,4,1,0,1,0,3,3};",NA,fr,npm
2024_05_08_acd11,acd,05/08/2024,acd11,1,multi_sucrose,multi_sucrose,NA,NA,"{3,1,2,3,0,4,4,2,0,1,0,4,0,1,4,1,3,2,3,2,4,2,4,1,0,0,1,3,3,2,0,0,3,2,2,4,1,3,4,1,3,0,3,4,2,4,0,1,2,1,1,0,3,3,1,2,4,2,0,4,0,3,4,4,2,3,1,1,2,0,3,4,2,1,0,4,1,0,2,3,1,3,2,3,1,0,4,0,2,4,0,3,3,4,2,1,2,0,4,1};",NA,wr,npm
2024_05_08_acd12,acd,05/08/2024,acd12,1,multi_sucrose,multi_sucrose,NA,NA,"{0,1,4,2,3,1,0,3,2,4,2,3,2,0,1,3,4,1,0,4,4,3,2,1,1,4,2,0,3,0,4,2,1,0,4,3,2,0,1,3,2,3,2,0,1,4,4,0,3,1,2,3,1,4,0,4,2,3,0,1,0,2,0,4,3,1,3,4,1,2,3,4,3,0,0,1,1,2,2,4,1,4,1,4,2,3,0,3,2,0,0,2,1,2,1,0,4,3,4,3};",NA,fr,npm
2024_05_08_acd13,acd,05/08/2024,acd13,1,multi_sucrose,multi_sucrose,NA,NA,"{1,3,2,3,4,1,2,0,4,0,2,0,2,4,0,4,3,1,3,1,2,0,1,3,3,0,4,4,2,1,2,0,2,4,3,0,1,3,1,4,0,2,3,4,0,2,1,3,4,1,3,3,0,2,2,1,1,4,0,4,4,0,4,2,2,0,3,3,1,1,2,3,1,4,3,0,1,4,0,2,1,3,0,4,4,2,1,3,0,2,1,4,3,2,4,0,1,0,3,2};",NA,fr,npm
2024_05_08_acd14,acd,05/08/2024,acd14,1,multi_sucrose,multi_sucrose,NA,NA,"{4,1,0,3,1,4,2,2,3,0,0,2,4,1,0,1,3,2,3,4,0,0,2,3,1,1,4,3,4,2,0,1,4,3,3,2,4,1,0,2,3,4,4,2,3,0,0,2,1,1,0,4,3,1,3,2,0,4,2,1,1,4,1,2,3,3,0,0,2,4,4,1,3,0,2,2,4,0,3,1,4,0,3,4,2,2,3,0,1,1,1,3,1,3,2,4,2,0,4,0};",NA,wr,npm
2024_05_09_acd01,acd,05/09/2024,acd01,1,multi_sucrose,multi_sucrose,NA,NA,"{2,1,4,1,0,3,0,4,2,3,3,2,4,4,3,0,1,0,2,1,0,3,0,4,1,2,2,3,1,4,2,4,3,0,1,4,2,3,1,0,2,0,3,4,1,4,1,0,2,3,1,2,3,2,0,3,4,1,0,4,4,0,1,3,2,3,0,4,1,2,0,2,3,1,3,4,2,4,1,0,3,3,2,2,4,1,1,4,0,0,1,1,0,3,3,4,2,0,2,4};",NA,fr,npm
2024_05_09_acd02,acd,05/09/2024,acd02,1,multi_sucrose,multi_sucrose,NA,NA,"{0,4,4,3,2,1,3,1,2,0,3,1,0,2,4,4,2,0,3,1,0,4,4,3,3,1,1,2,2,0,2,0,3,1,0,4,1,3,4,2,3,0,0,4,4,2,3,2,1,1,2,0,4,2,0,3,1,4,1,3,4,3,2,1,1,0,0,4,2,3,1,0,2,0,4,3,1,3,4,2,1,2,4,4,0,3,0,1,3,2,3,2,4,1,4,0,1,2,0,3};",NA,wr,npm
2024_05_09_acd03,acd,05/09/2024,acd03,1,multi_sucrose,multi_sucrose,NA,NA,"{4,0,1,2,2,0,3,1,3,4,0,4,0,3,1,3,1,4,2,2,2,3,0,4,0,4,3,1,1,2,4,0,0,1,1,4,2,3,2,3,1,3,4,3,1,0,4,2,0,2,4,2,4,3,1,1,2,0,3,0,2,0,4,3,2,1,1,4,0,3,0,2,3,4,1,2,3,4,0,1,2,0,3,4,2,0,4,1,3,1,4,3,3,1,4,0,1,0,2,2};",NA,wr,npm
2024_05_09_acd04,acd,05/09/2024,acd04,1,multi_sucrose,multi_sucrose,NA,NA,"{1,4,4,0,3,1,0,2,3,2,4,0,1,3,2,4,1,2,0,3,2,3,3,0,2,4,1,0,1,4,4,0,3,0,2,3,1,1,4,2,3,2,1,0,4,4,0,1,2,3,3,4,4,1,3,2,0,1,2,0,1,0,4,1,3,3,0,2,4,2,3,4,1,2,3,0,2,0,4,1,4,0,0,2,1,4,1,2,3,3,3,4,2,4,1,0,2,0,1,3};",NA,fr,npm
2024_05_09_acd05,acd,05/09/2024,acd05,1,multi_sucrose,multi_sucrose,NA,NA,"{2,1,4,1,0,0,3,3,2,4,3,0,0,2,2,4,4,1,1,3,4,2,3,0,3,4,0,1,2,1,2,4,3,1,2,0,4,1,0,3,4,3,2,0,1,2,0,1,4,3,2,3,4,1,3,0,2,0,4,1,0,1,2,4,4,3,3,2,1,0,1,4,3,3,4,0,0,1,2,2,2,4,2,3,1,0,3,1,4,0,4,0,2,4,1,3,2,3,1,0};",NA,wr,npm
2024_05_09_acd06,acd,05/09/2024,acd06,1,multi_sucrose,multi_sucrose,NA,NA,"{0,4,3,4,2,2,0,1,3,1,0,4,1,2,0,3,2,3,1,4,1,2,3,0,1,4,3,0,2,4,2,3,1,2,0,3,4,4,0,1,4,2,2,1,0,0,3,1,3,4,4,0,1,1,2,3,2,3,4,0,3,4,2,4,0,1,2,1,0,3,0,4,1,1,0,2,2,3,3,4,1,1,3,0,2,4,4,2,3,0,2,1,4,0,2,1,4,3,0,3};",NA,fr,npm
2024_05_09_acd07,acd,05/09/2024,acd07,1,multi_sucrose,multi_sucrose,NA,NA,"{4,1,3,2,3,4,0,0,1,2,3,1,1,3,2,0,2,4,4,0,1,3,2,3,1,0,0,4,2,4,2,3,4,2,0,0,4,3,1,1,4,0,4,3,1,2,2,3,1,0,4,1,3,0,4,2,3,1,0,2,4,1,1,2,3,0,4,3,0,2,1,3,0,4,1,2,2,0,3,4,0,3,1,1,4,2,3,2,0,4,3,2,0,1,4,4,3,1,0,2};",NA,fr,npm
2024_05_09_acd08,acd,05/09/2024,acd08,1,multi_sucrose,multi_sucrose,NA,NA,"{1,1,2,2,4,0,4,3,3,0,1,4,3,4,2,2,0,1,3,0,3,4,2,1,0,0,1,2,3,4,1,0,3,2,2,4,3,1,0,4,1,0,2,4,1,4,3,0,3,2,1,0,4,2,1,3,3,0,4,2,0,3,1,3,1,4,0,2,4,2,1,2,0,1,0,3,4,2,3,4,4,4,2,2,0,1,0,3,3,1,4,3,2,0,4,0,3,2,1,1};",NA,wr,npm
2024_05_09_acd09,acd,05/09/2024,acd09,1,multi_sucrose,multi_sucrose,NA,NA,"{2,2,4,3,0,1,4,1,0,3,0,2,3,2,4,1,0,3,4,1,2,3,0,0,2,1,4,1,3,4,4,0,1,2,1,3,3,2,0,4,0,3,1,3,1,2,0,2,4,4,2,0,0,3,1,4,2,3,1,4,2,1,3,3,4,1,4,0,2,0,4,2,1,0,0,3,2,3,4,1,1,3,2,4,1,3,2,4,0,0,2,4,4,0,3,1,2,3,0,1};",NA,wr,npm
2024_05_09_acd10,acd,05/09/2024,acd10,1,multi_sucrose,multi_sucrose,NA,NA,"{2,2,4,3,0,1,0,1,3,4,1,2,4,3,1,0,4,0,2,3,0,2,3,3,4,1,2,0,1,4,2,4,1,0,4,3,1,0,3,2,1,3,1,4,2,3,4,2,0,0,2,1,0,3,4,0,1,3,4,2,4,0,1,3,2,4,2,3,1,0,4,1,2,3,2,0,3,0,4,1,2,1,1,0,0,2,3,4,4,3,3,1,2,0,2,1,4,3,4,0};",NA,fr,npm
2024_05_09_acd11,acd,05/09/2024,acd11,1,multi_sucrose,multi_sucrose,NA,NA,"{3,0,4,0,1,3,2,1,4,2,4,3,0,1,4,0,3,2,2,1,2,1,3,2,1,0,4,3,0,4,3,0,2,4,0,1,4,2,1,3,0,3,2,1,2,1,3,4,0,4,0,2,3,3,4,0,2,1,4,1,2,0,3,0,4,3,1,1,2,4,2,0,4,3,3,1,1,2,4,0,2,2,1,3,0,1,0,4,3,4,4,0,4,2,1,0,3,2,3,1};",NA,wr,npm
2024_05_09_acd12,acd,05/09/2024,acd12,1,multi_sucrose,multi_sucrose,NA,NA,"{2,4,3,3,0,1,0,4,1,2,4,2,0,1,3,3,4,1,0,2,3,0,1,4,3,2,1,2,0,4,0,1,3,4,4,0,1,2,3,2,1,1,2,0,4,4,2,0,3,3,0,2,0,3,3,4,1,1,2,4,4,4,1,0,1,0,3,3,2,2,0,1,4,4,1,2,3,0,3,2,1,4,3,2,4,3,1,0,2,0,1,0,4,0,1,2,3,4,3,2};",NA,fr,npm
2024_05_09_acd13,acd,05/09/2024,acd13,1,multi_sucrose,multi_sucrose,NA,NA,"{1,4,0,2,3,2,4,3,0,1,0,1,2,4,4,2,1,3,0,3,3,4,2,1,3,0,2,0,1,4,0,1,1,3,4,3,4,2,2,0,1,3,3,2,0,0,1,4,4,2,4,2,1,0,1,4,2,0,3,3,2,4,4,3,0,1,0,2,1,3,4,3,0,2,1,3,2,1,0,4,3,2,3,1,1,0,0,2,4,4,4,2,1,2,3,0,3,4,1,0};",NA,fr,npm
2024_05_09_acd14,acd,05/09/2024,acd14,1,multi_sucrose,multi_sucrose,NA,NA,"{0,2,4,2,0,4,1,3,3,1,1,1,4,0,2,2,3,3,4,0,3,1,0,1,4,2,3,2,0,4,4,1,0,3,2,0,4,2,1,3,1,0,1,4,3,2,4,0,2,3,4,3,2,1,0,3,1,0,4,2,1,3,3,0,2,4,0,4,1,2,4,4,1,3,2,0,3,2,1,0,3,0,0,3,4,4,1,1,2,2,3,1,2,0,4,3,1,2,0,4};",NA,wr,npm
2024_05_10_acd01,acd,05/10/2024,acd01,1,multi_sucrose,multi_sucrose,NA,NA,"{1,4,1,0,3,2,4,0,2,3,2,2,1,4,3,0,3,1,4,0,0,3,0,4,3,4,1,1,2,2,2,0,3,4,0,4,3,2,1,1,1,3,3,1,0,4,2,4,2,0,0,4,1,3,4,3,2,0,2,1,4,3,1,2,3,0,4,0,2,1,3,0,2,2,4,1,0,1,3,4,1,3,4,3,4,0,2,1,0,2,3,1,3,2,4,2,0,0,1,4};",NA,fr,npm
2024_05_10_acd02,acd,05/10/2024,acd02,1,multi_sucrose,multi_sucrose,NA,NA,"{1,3,3,2,4,1,0,0,2,4,4,2,3,1,1,0,0,2,4,3,4,1,1,2,0,3,4,0,2,3,1,3,2,3,1,2,0,4,0,4,1,3,4,2,0,2,0,1,3,4,4,4,2,2,0,1,0,1,3,3,3,0,2,3,2,4,1,1,4,0,0,2,4,1,3,1,3,0,4,2,3,2,0,1,3,0,2,4,1,4,1,0,3,4,0,3,2,4,1,2};",NA,wr,npm
2024_05_10_acd03,acd,05/10/2024,acd03,1,multi_sucrose,multi_sucrose,NA,NA,"{4,4,3,3,1,0,2,1,2,0,4,0,2,1,2,3,4,1,0,3,3,1,4,1,0,2,2,0,4,3,0,4,3,4,2,1,2,1,0,3,2,1,0,4,4,1,3,3,0,2,3,0,4,3,1,0,2,4,1,2,4,1,4,3,2,0,2,0,3,1,3,2,1,1,0,4,0,2,4,3,4,2,3,0,1,3,2,0,4,1,2,0,0,4,2,3,3,1,4,1};",NA,wr,npm
2024_05_10_acd04,acd,05/10/2024,acd04,1,multi_sucrose,multi_sucrose,NA,NA,"{2,0,1,3,1,4,2,4,3,0,2,1,3,0,0,4,4,1,3,2,2,4,3,1,4,0,0,1,2,3,3,3,2,1,2,0,1,4,0,4,0,4,1,3,3,2,2,1,4,0,4,1,1,3,3,0,0,2,4,2,1,4,2,4,3,2,0,1,0,3,3,3,0,4,4,2,0,2,1,1,2,1,4,3,0,2,4,3,0,1,2,4,3,0,1,2,4,1,3,0};",NA,fr,npm
2024_05_10_acd05,acd,05/10/2024,acd05,1,multi_sucrose,multi_sucrose,NA,NA,"{3,0,2,4,4,1,2,3,1,0,1,3,0,4,4,1,0,3,2,2,2,1,3,3,2,0,0,4,1,4,3,0,2,1,4,3,2,1,4,0,2,1,3,1,4,0,2,0,4,3,3,2,4,1,0,0,3,4,2,1,2,3,0,0,4,4,1,1,3,2,3,4,2,0,2,0,1,3,1,4,2,0,0,4,2,3,3,1,1,4,4,2,1,2,4,3,1,0,3,0};",NA,wr,npm
2024_05_10_acd06,acd,05/10/2024,acd06,1,multi_sucrose,multi_sucrose,NA,NA,"{0,2,0,1,4,2,3,3,4,1,0,2,1,3,3,4,0,2,1,4,0,1,4,2,1,0,2,3,4,3,3,4,0,2,0,4,1,3,2,1,2,3,0,2,1,4,0,1,3,4,2,4,1,3,3,1,0,4,0,2,4,3,2,3,1,4,1,2,0,0,3,2,4,3,0,4,0,1,1,2,0,4,4,3,2,1,2,0,1,3,3,1,2,0,2,4,1,3,0,4};",NA,fr,npm
2024_05_10_acd07,acd,05/10/2024,acd07,1,multi_sucrose,multi_sucrose,NA,NA,"{0,2,1,4,0,1,4,2,3,3,0,4,0,1,4,3,3,2,2,1,1,2,3,1,0,2,4,4,3,0,1,2,0,3,0,4,1,2,3,4,1,3,3,1,0,4,4,0,2,2,3,2,2,4,1,4,0,0,1,3,1,4,3,0,2,4,2,3,1,0,3,3,2,1,4,4,0,0,2,1,2,2,0,1,4,3,0,4,1,3,0,2,0,1,4,3,3,4,2,1};",NA,fr,npm
2024_05_10_acd08,acd,05/10/2024,acd08,1,multi_sucrose,multi_sucrose,NA,NA,"{0,4,1,0,2,4,3,3,2,1,3,1,3,4,0,4,0,2,2,1,0,3,1,2,4,2,3,1,4,0,1,0,3,3,4,0,1,4,2,2,1,3,4,0,3,2,4,1,2,0,0,0,4,1,1,3,2,2,3,4,3,3,2,0,0,2,1,4,4,1,3,0,4,1,2,2,4,0,1,3,3,1,2,0,4,4,2,1,0,3,3,1,4,2,4,3,0,0,1,2};",NA,wr,npm
2024_05_10_acd09,acd,05/10/2024,acd09,1,multi_sucrose,multi_sucrose,NA,NA,"{3,4,3,4,1,1,0,2,2,0,4,2,2,0,4,1,3,0,1,3,2,0,4,2,3,0,1,1,3,4,1,3,0,3,4,2,1,2,4,0,4,0,0,1,2,3,3,1,4,2,2,4,4,2,1,0,1,0,3,3,0,4,2,3,1,2,1,4,3,0,1,1,0,2,4,3,2,0,4,3,3,0,2,0,1,4,1,2,3,4,4,2,3,0,2,4,1,0,1,3};",NA,wr,npm
2024_05_10_acd10,acd,05/10/2024,acd10,1,multi_sucrose,multi_sucrose,NA,NA,"{0,3,3,4,0,1,2,2,4,1,4,1,0,3,2,2,0,4,3,1,2,3,1,0,4,0,1,3,4,2,0,1,2,2,0,1,4,4,3,3,4,0,1,2,1,4,3,3,2,0,2,3,0,4,4,2,1,0,3,1,3,1,2,1,4,4,2,3,0,0,0,1,2,4,4,3,3,0,1,2,2,0,3,2,3,0,1,4,4,1,0,4,0,3,2,2,1,3,1,4};",NA,fr,npm
2024_05_10_acd11,acd,05/10/2024,acd11,1,multi_sucrose,multi_sucrose,NA,NA,"{3,4,3,0,1,4,1,0,2,2,0,1,2,3,0,2,4,3,4,1,0,2,4,4,3,1,3,1,0,2,1,1,0,2,4,4,2,0,3,3,2,1,4,0,4,3,2,3,0,1,3,1,2,0,4,3,1,0,4,2,2,1,1,0,2,4,0,3,3,4,2,1,3,3,0,1,0,4,2,4,2,4,0,1,0,1,4,2,3,3,3,0,3,4,1,0,4,2,1,2};",NA,wr,npm
2024_05_10_acd12,acd,05/10/2024,acd12,1,multi_sucrose,multi_sucrose,NA,NA,"{1,1,2,0,3,3,0,4,4,2,2,3,0,4,3,1,0,4,2,1,4,1,2,1,3,0,3,2,0,4,4,1,3,0,2,0,4,3,1,2,1,1,4,2,0,2,3,3,0,4,4,0,1,1,4,3,0,3,2,2,1,4,2,1,3,0,0,4,2,3,4,1,2,3,1,4,0,3,0,2,1,3,1,2,0,0,4,2,3,4,0,1,4,2,3,0,1,2,4,3};",NA,fr,npm
2024_05_10_acd13,acd,05/10/2024,acd13,1,multi_sucrose,multi_sucrose,NA,NA,"{0,2,4,1,3,3,4,0,1,2,2,4,4,0,1,2,3,1,0,3,2,3,4,2,0,4,1,0,3,1,4,2,3,2,1,0,0,1,4,3,0,4,3,1,2,2,1,4,3,0,3,1,3,0,4,2,0,1,4,2,1,3,0,3,4,2,4,2,1,0,2,4,1,3,4,0,2,3,1,0,1,0,4,0,2,3,1,3,4,2,3,1,0,2,4,4,2,3,0,1};",NA,fr,npm
2024_05_10_acd14,acd,05/10/2024,acd14,1,multi_sucrose,multi_sucrose,NA,NA,"{4,0,4,3,2,0,2,3,1,1,0,3,0,2,1,3,4,2,4,1,2,0,4,0,4,1,1,3,3,2,1,0,3,3,4,2,4,2,1,0,1,3,0,2,4,4,3,1,0,2,3,4,2,3,0,2,0,1,1,4,4,3,1,0,3,4,2,1,2,0,3,1,1,4,0,2,3,0,2,4,3,0,4,0,2,1,2,1,3,4,0,0,2,4,1,2,3,4,1,3};",NA,wr,npm
2024_05_14_acd01,acd,05/14/2024,acd01,1,multi_sucrose,multi_sucrose,NA,NA,"{3,2,3,2,0,0,4,1,4,1,2,0,4,3,3,2,1,0,4,1,4,3,2,1,4,3,2,1,0,0,3,0,1,1,4,2,2,3,0,4,3,2,0,0,3,1,4,4,2,1,2,1,3,3,4,0,0,1,2,4,4,2,0,1,4,3,1,2,0,3,2,3,0,1,4,4,3,1,2,0,4,2,0,2,1,0,1,4,3,3,2,4,4,3,0,1,3,1,0,2};",NA,wr,npm
2024_05_14_acd02,acd,05/14/2024,acd02,1,multi_sucrose,multi_sucrose,NA,NA,"{1,0,2,4,0,3,4,2,1,3,0,4,2,2,1,4,0,3,3,1,4,3,0,1,2,4,0,1,2,3,2,4,3,1,0,4,1,3,0,2,4,0,2,1,3,2,0,4,3,1,0,1,4,2,4,3,0,1,3,2,3,4,2,1,2,1,4,3,0,0,3,0,2,2,3,1,4,0,4,1,0,4,1,0,2,3,1,2,4,3,1,4,3,0,2,4,2,0,3,1};",NA,fr,npm
2024_05_14_acd03,acd,05/14/2024,acd03,1,multi_sucrose,multi_sucrose,NA,NA,"{2,2,1,4,4,0,3,3,0,1,1,2,3,4,3,2,0,0,1,4,4,2,0,1,0,3,1,3,4,2,3,2,1,2,3,1,0,4,0,4,0,1,1,0,4,2,2,4,3,3,4,1,2,0,0,1,4,3,2,3,2,1,4,0,1,2,4,3,0,3,1,3,2,1,0,2,4,4,0,3,3,0,0,2,2,1,3,4,4,1,0,4,3,4,2,3,2,1,0,1};",NA,fr,npm
2024_05_14_acd04,acd,05/14/2024,acd04,1,multi_sucrose,multi_sucrose,NA,NA,"{2,0,3,1,3,2,4,4,1,0,1,3,4,3,2,2,0,1,4,0,1,1,2,0,0,3,4,4,3,2,1,4,0,3,2,4,3,2,1,0,2,3,1,2,1,0,3,4,4,0,2,0,4,2,0,1,3,3,1,4,1,3,1,4,4,3,2,0,0,2,4,2,3,1,1,3,2,4,0,0,1,0,2,4,1,4,0,3,3,2,2,0,0,4,3,1,3,1,2,4};",NA,wr,npm
2024_05_14_acd05,acd,05/14/2024,acd05,1,multi_sucrose,multi_sucrose,NA,NA,"{1,3,0,2,1,2,4,3,0,4,1,2,1,3,4,3,2,0,0,4,1,1,2,4,3,4,0,3,2,0,0,1,3,1,2,0,2,4,4,3,0,3,2,0,3,2,4,1,1,4,0,3,1,2,4,1,3,0,4,2,4,3,2,0,1,0,3,2,4,1,0,4,3,4,2,0,2,1,3,1,2,4,1,4,3,3,1,2,0,0,4,0,2,1,0,2,3,1,3,4};",NA,fr,npm
2024_05_14_acd06,acd,05/14/2024,acd06,1,multi_sucrose,multi_sucrose,NA,NA,"{3,4,2,1,3,0,2,1,4,0,4,3,0,4,1,0,3,2,1,2,3,2,3,4,4,1,0,1,2,0,4,3,0,3,2,1,2,0,1,4,3,1,2,0,3,2,0,4,4,1,2,1,1,3,3,2,0,4,0,4,0,4,1,3,2,3,0,4,1,2,3,0,2,2,4,3,1,4,0,1,4,2,1,3,4,2,0,3,0,1,0,2,1,4,1,3,2,0,4,3};",NA,wr,npm
2024_05_14_acd07,acd,05/14/2024,acd07,1,multi_sucrose,multi_sucrose,NA,NA,"{3,1,4,0,1,4,2,0,3,2,4,3,0,1,2,2,1,3,4,0,4,1,0,3,2,4,1,2,0,3,2,1,2,4,4,0,1,3,3,0,1,3,0,4,2,3,1,0,2,4,3,4,2,1,0,3,4,2,0,1,4,0,0,3,1,2,4,1,2,3,4,2,4,1,3,1,2,3,0,0,3,1,0,0,2,4,1,4,2,3,4,4,1,2,1,0,3,2,0,3};",NA,wr,npm
2024_05_14_acd08,acd,05/14/2024,acd08,1,multi_sucrose,multi_sucrose,NA,NA,"{3,0,3,4,4,2,1,0,1,2,4,3,1,3,4,2,0,1,0,2,3,0,2,4,1,4,2,3,1,0,3,2,0,0,1,1,4,3,4,2,0,4,3,3,1,0,2,2,4,1,3,2,0,0,4,1,3,4,2,1,1,0,3,0,4,1,2,2,4,3,2,1,3,2,1,4,0,4,0,3,2,2,3,4,0,1,0,4,1,3,2,1,1,4,3,3,2,0,0,4};",NA,fr,npm
2024_05_14_acd09,acd,05/14/2024,acd09,1,multi_sucrose,multi_sucrose,NA,NA,"{1,0,3,2,4,3,2,1,4,0,2,1,0,1,4,4,2,3,0,3,4,1,4,0,3,1,3,2,0,2,1,1,0,0,4,2,2,4,3,3,4,0,4,2,3,3,1,0,2,1,3,1,4,1,0,2,3,0,2,4,3,2,1,1,0,3,0,4,2,4,3,4,2,4,2,1,0,3,1,0,3,1,0,4,2,1,3,2,4,0,1,4,3,0,4,3,2,0,2,1};",NA,fr,npm
2024_05_14_acd10,acd,05/14/2024,acd10,1,multi_sucrose,multi_sucrose,NA,NA,"{2,1,4,2,3,0,0,3,1,4,0,1,1,0,4,2,3,3,2,4,1,2,0,1,4,3,3,0,4,2,1,1,0,2,0,2,4,3,3,4,3,1,4,1,2,4,0,3,0,2,1,1,2,4,3,3,4,2,0,0,3,2,3,0,1,4,0,4,1,2,3,4,3,2,0,4,1,1,2,0,3,2,2,1,3,4,0,0,4,1,0,4,1,0,4,3,3,1,2,2};",NA,wr,npm
2024_05_14_acd11,acd,05/14/2024,acd11,1,multi_sucrose,multi_sucrose,NA,NA,"{0,3,3,4,2,1,0,1,2,4,3,1,4,0,4,2,3,0,2,1,0,0,4,2,1,3,1,4,2,3,3,1,4,1,0,2,0,3,4,2,4,0,2,1,1,0,4,3,3,2,2,2,0,0,3,1,4,3,1,4,1,2,2,3,0,1,4,3,4,0,4,1,3,2,1,2,3,0,0,4,1,3,2,0,3,4,2,4,0,1,4,1,0,2,3,0,4,2,3,1};",NA,fr,npm
2024_05_14_acd12,acd,05/14/2024,acd12,1,multi_sucrose,multi_sucrose,NA,NA,"{2,0,3,4,1,0,2,4,1,3,0,1,3,1,0,2,3,4,4,2,2,4,4,0,1,3,1,3,2,0,1,4,4,0,2,1,3,2,0,3,0,3,4,0,2,3,2,1,1,4,1,4,4,1,3,2,2,3,0,0,2,2,3,4,3,0,1,4,0,1,1,3,2,0,3,2,4,4,1,0,0,1,0,1,3,4,2,2,3,4,2,4,4,3,1,2,0,1,0,3};",NA,wr,npm
2024_05_14_acd13,acd,05/14/2024,acd13,1,multi_sucrose,multi_sucrose,NA,NA,"{4,1,1,0,0,4,2,2,3,3,4,3,0,2,1,2,3,4,0,1,0,4,2,1,2,4,1,3,3,0,1,3,4,2,0,1,0,3,2,4,0,4,2,1,3,3,0,2,4,1,0,0,3,1,4,4,2,3,1,2,2,2,0,4,3,0,3,1,1,4,4,0,2,3,1,2,3,4,1,0,4,2,3,0,1,2,4,1,3,0,4,3,1,4,3,1,2,2,0,0};",NA,wr,npm
2024_05_14_acd14,acd,05/14/2024,acd14,1,multi_sucrose,multi_sucrose,NA,NA,"{4,3,3,2,1,0,0,2,1,4,1,2,1,4,0,2,3,4,0,3,3,2,4,4,3,2,1,1,0,0,1,0,4,1,2,2,4,3,0,3,1,0,2,3,4,3,4,0,1,2,0,3,3,2,1,4,2,1,0,4,4,0,4,2,0,2,1,3,3,1,4,2,4,0,3,1,0,3,2,1,2,0,1,4,1,3,3,0,2,4,0,3,4,2,1,1,2,4,0,3};",NA,fr,npm
2024_05_15_acd01,acd,05/15/2024,acd01,1,multi_sucrose,multi_sucrose,NA,NA,"{1,3,4,3,1,0,2,0,2,4,0,3,3,2,4,1,2,4,1,0,3,4,4,2,1,0,3,0,2,1,0,4,2,2,3,1,1,0,4,3,0,1,4,2,1,4,3,0,2,3,1,4,2,0,0,3,2,3,4,1,0,1,4,4,0,3,3,2,2,1,1,3,2,1,2,3,0,0,4,4,4,3,0,2,1,0,1,3,4,2,3,3,4,1,2,4,2,0,1,0};",NA,wr,npm
2024_05_15_acd03,acd,05/15/2024,acd03,1,multi_sucrose,multi_sucrose,NA,NA,"{3,2,0,4,4,3,2,1,1,0,3,2,2,0,1,3,1,4,4,0,2,1,4,3,1,0,2,0,3,4,2,1,4,4,3,0,1,0,3,2,0,0,4,3,1,2,4,3,1,2,3,2,4,4,0,1,3,2,1,0,4,3,2,3,1,4,1,0,0,2,0,2,4,1,3,4,3,1,2,0,0,4,1,4,0,2,3,2,3,1,2,4,4,1,3,0,2,3,0,1};",NA,fr,npm
2024_05_15_acd04,acd,05/15/2024,acd04,1,multi_sucrose,multi_sucrose,NA,NA,"{0,4,3,2,4,1,2,3,1,0,1,2,3,4,2,3,0,0,4,1,4,0,2,3,1,1,3,2,0,4,4,3,4,3,1,1,0,2,0,2,2,3,2,4,3,1,0,0,4,1,4,3,0,1,3,4,2,2,1,0,3,0,3,1,0,4,2,4,1,2,0,0,2,3,3,4,4,2,1,1,2,0,0,4,1,4,3,1,2,3,4,2,1,3,4,0,3,2,0,1};",NA,wr,npm
2024_05_15_acd05,acd,05/15/2024,acd05,1,multi_sucrose,multi_sucrose,NA,NA,"{3,0,2,4,0,3,1,2,1,4,2,3,0,0,1,2,4,4,3,1,3,0,0,3,1,2,4,1,4,2,3,4,3,0,1,1,0,2,4,2,0,2,1,4,3,2,4,3,1,0,0,0,1,2,4,3,4,1,3,2,2,0,4,4,1,3,0,3,1,2,3,0,4,2,0,2,4,3,1,1,2,3,1,4,2,4,0,1,3,0,4,2,3,1,3,0,4,0,1,2};",NA,fr,npm
2024_05_15_acd06,acd,05/15/2024,acd06,1,multi_sucrose,multi_sucrose,NA,NA,"{3,1,4,0,2,1,0,3,4,2,1,4,2,3,1,4,0,0,3,2,0,2,3,4,2,4,1,1,3,0,2,3,3,1,1,4,4,0,0,2,3,1,1,3,2,4,4,0,0,2,1,0,1,3,2,2,3,4,4,0,3,3,4,0,1,2,4,0,2,1,0,1,0,3,2,4,1,4,3,2,0,3,2,2,1,3,4,1,4,0,1,4,3,4,0,2,2,1,3,0};",NA,wr,npm
2024_05_15_acd07,acd,05/15/2024,acd07,1,multi_sucrose,multi_sucrose,NA,NA,"{1,3,2,0,1,0,2,4,4,3,1,3,0,3,1,2,0,4,2,4,4,1,0,2,3,2,0,1,3,4,3,4,3,0,1,2,0,2,1,4,3,4,0,0,2,1,3,4,2,1,3,4,4,3,0,2,1,1,0,2,0,1,3,4,4,2,3,1,2,0,1,3,2,4,1,2,3,0,0,4,2,3,4,2,3,0,1,0,1,4,3,0,1,0,1,2,4,4,3,2};",NA,wr,npm
2024_05_15_acd08,acd,05/15/2024,acd08,1,multi_sucrose,multi_sucrose,NA,NA,"{3,1,2,0,2,1,0,3,4,4,2,1,1,3,0,4,4,2,0,3,3,4,4,1,3,1,0,0,2,2,2,4,3,1,1,0,0,2,4,3,2,3,0,1,0,2,1,4,3,4,4,2,4,1,2,3,3,0,1,0,1,4,0,3,0,4,1,2,3,2,2,1,4,0,2,1,0,3,3,4,1,2,0,3,4,1,4,0,2,3,0,0,4,2,4,3,3,1,2,1};",NA,fr,npm
2024_05_15_acd09,acd,05/15/2024,acd09,1,multi_sucrose,multi_sucrose,NA,NA,"{4,3,2,2,4,3,0,1,1,0,2,3,0,1,3,4,2,1,4,0,0,2,4,3,1,0,2,1,3,4,2,0,0,1,4,4,1,3,3,2,1,0,2,2,3,0,3,4,1,4,2,4,4,0,1,2,1,3,0,3,1,4,4,1,3,0,2,2,0,3,0,3,4,4,3,2,0,2,1,1,4,0,3,0,4,2,1,2,3,1,4,1,2,1,4,3,0,2,0,3};",NA,fr,npm
2024_05_15_acd10,acd,05/15/2024,acd10,1,multi_sucrose,multi_sucrose,NA,NA,"{0,2,3,4,0,1,2,4,1,3,0,3,2,1,2,0,3,4,1,4,0,0,1,4,2,3,3,4,1,2,1,0,4,1,2,0,4,2,3,3,2,4,1,0,1,3,3,0,4,2,0,4,1,3,2,1,2,4,3,0,1,4,3,4,0,3,1,2,2,0,0,4,0,1,4,2,2,3,3,1,0,2,2,4,1,3,3,0,4,1,2,1,4,3,2,1,0,0,4,3};",NA,wr,npm
2024_05_15_acd11,acd,05/15/2024,acd11,1,multi_sucrose,multi_sucrose,NA,NA,"{3,0,0,1,4,1,2,4,2,3,3,0,4,1,4,1,2,3,2,0,0,1,4,3,3,1,2,2,4,0,1,2,4,3,0,3,4,1,2,0,0,4,1,2,0,1,3,4,2,3,0,2,4,1,3,1,3,4,2,0,3,1,0,3,4,2,1,4,2,0,4,1,0,2,3,4,2,0,1,3,4,1,0,3,4,2,0,2,1,3,4,2,2,4,1,0,1,0,3,3};",NA,fr,npm
2024_05_15_acd12,acd,05/15/2024,acd12,1,multi_sucrose,multi_sucrose,NA,NA,"{3,1,2,3,0,4,4,2,0,1,0,4,0,1,4,1,3,2,3,2,4,2,4,1,0,0,1,3,3,2,0,0,3,2,2,4,1,3,4,1,3,0,3,4,2,4,0,1,2,1,1,0,3,3,1,2,4,2,0,4,0,3,4,4,2,3,1,1,2,0,3,4,2,1,0,4,1,0,2,3,1,3,2,3,1,0,4,0,2,4,0,3,3,4,2,1,2,0,4,1};",NA,wr,npm
2024_05_15_acd13,acd,05/15/2024,acd13,1,multi_sucrose,multi_sucrose,NA,NA,"{0,1,4,2,3,1,0,3,2,4,2,3,2,0,1,3,4,1,0,4,4,3,2,1,1,4,2,0,3,0,4,2,1,0,4,3,2,0,1,3,2,3,2,0,1,4,4,0,3,1,2,3,1,4,0,4,2,3,0,1,0,2,0,4,3,1,3,4,1,2,3,4,3,0,0,1,1,2,2,4,1,4,1,4,2,3,0,3,2,0,0,2,1,2,1,0,4,3,4,3};",NA,wr,npm
2024_05_15_acd14,acd,05/15/2024,acd14,1,multi_sucrose,multi_sucrose,NA,NA,"{1,3,2,3,4,1,2,0,4,0,2,0,2,4,0,4,3,1,3,1,2,0,1,3,3,0,4,4,2,1,2,0,2,4,3,0,1,3,1,4,0,2,3,4,0,2,1,3,4,1,3,3,0,2,2,1,1,4,0,4,4,0,4,2,2,0,3,3,1,1,2,3,1,4,3,0,1,4,0,2,1,3,0,4,4,2,1,3,0,2,1,4,3,2,4,0,1,0,3,2};",NA,fr,npm
2024_05_16_acd01,acd,05/16/2024,acd01,1,multi_sucrose,multi_sucrose,NA,NA,"{4,1,0,3,1,4,2,2,3,0,0,2,4,1,0,1,3,2,3,4,0,0,2,3,1,1,4,3,4,2,0,1,4,3,3,2,4,1,0,2,3,4,4,2,3,0,0,2,1,1,0,4,3,1,3,2,0,4,2,1,1,4,1,2,3,3,0,0,2,4,4,1,3,0,2,2,4,0,3,1,4,0,3,4,2,2,3,0,1,1,1,3,1,3,2,4,2,0,4,0};",NA,wr,npm
2024_05_16_acd03,acd,05/16/2024,acd03,1,multi_sucrose,multi_sucrose,NA,NA,"{0,4,4,3,2,1,3,1,2,0,3,1,0,2,4,4,2,0,3,1,0,4,4,3,3,1,1,2,2,0,2,0,3,1,0,4,1,3,4,2,3,0,0,4,4,2,3,2,1,1,2,0,4,2,0,3,1,4,1,3,4,3,2,1,1,0,0,4,2,3,1,0,2,0,4,3,1,3,4,2,1,2,4,4,0,3,0,1,3,2,3,2,4,1,4,0,1,2,0,3};",NA,fr,npm
2024_05_16_acd04,acd,05/16/2024,acd04,1,multi_sucrose,multi_sucrose,NA,NA,"{4,0,1,2,2,0,3,1,3,4,0,4,0,3,1,3,1,4,2,2,2,3,0,4,0,4,3,1,1,2,4,0,0,1,1,4,2,3,2,3,1,3,4,3,1,0,4,2,0,2,4,2,4,3,1,1,2,0,3,0,2,0,4,3,2,1,1,4,0,3,0,2,3,4,1,2,3,4,0,1,2,0,3,4,2,0,4,1,3,1,4,3,3,1,4,0,1,0,2,2};",NA,wr,npm
2024_05_16_acd05,acd,05/16/2024,acd05,1,multi_sucrose,multi_sucrose,NA,NA,"{1,4,4,0,3,1,0,2,3,2,4,0,1,3,2,4,1,2,0,3,2,3,3,0,2,4,1,0,1,4,4,0,3,0,2,3,1,1,4,2,3,2,1,0,4,4,0,1,2,3,3,4,4,1,3,2,0,1,2,0,1,0,4,1,3,3,0,2,4,2,3,4,1,2,3,0,2,0,4,1,4,0,0,2,1,4,1,2,3,3,3,4,2,4,1,0,2,0,1,3};",NA,fr,npm
2024_05_16_acd06,acd,05/16/2024,acd06,1,multi_sucrose,multi_sucrose,NA,NA,"{2,1,4,1,0,0,3,3,2,4,3,0,0,2,2,4,4,1,1,3,4,2,3,0,3,4,0,1,2,1,2,4,3,1,2,0,4,1,0,3,4,3,2,0,1,2,0,1,4,3,2,3,4,1,3,0,2,0,4,1,0,1,2,4,4,3,3,2,1,0,1,4,3,3,4,0,0,1,2,2,2,4,2,3,1,0,3,1,4,0,4,0,2,4,1,3,2,3,1,0};",NA,wr,npm
2024_05_16_acd07,acd,05/16/2024,acd07,1,multi_sucrose,multi_sucrose,NA,NA,"{0,4,3,4,2,2,0,1,3,1,0,4,1,2,0,3,2,3,1,4,1,2,3,0,1,4,3,0,2,4,2,3,1,2,0,3,4,4,0,1,4,2,2,1,0,0,3,1,3,4,4,0,1,1,2,3,2,3,4,0,3,4,2,4,0,1,2,1,0,3,0,4,1,1,0,2,2,3,3,4,1,1,3,0,2,4,4,2,3,0,2,1,4,0,2,1,4,3,0,3};",NA,wr,npm
2024_05_16_acd08,acd,05/16/2024,acd08,1,multi_sucrose,multi_sucrose,NA,NA,"{4,1,3,2,3,4,0,0,1,2,3,1,1,3,2,0,2,4,4,0,1,3,2,3,1,0,0,4,2,4,2,3,4,2,0,0,4,3,1,1,4,0,4,3,1,2,2,3,1,0,4,1,3,0,4,2,3,1,0,2,4,1,1,2,3,0,4,3,0,2,1,3,0,4,1,2,2,0,3,4,0,3,1,1,4,2,3,2,0,4,3,2,0,1,4,4,3,1,0,2};",NA,fr,npm
2024_05_16_acd09,acd,05/16/2024,acd09,1,multi_sucrose,multi_sucrose,NA,NA,"{1,1,2,2,4,0,4,3,3,0,1,4,3,4,2,2,0,1,3,0,3,4,2,1,0,0,1,2,3,4,1,0,3,2,2,4,3,1,0,4,1,0,2,4,1,4,3,0,3,2,1,0,4,2,1,3,3,0,4,2,0,3,1,3,1,4,0,2,4,2,1,2,0,1,0,3,4,2,3,4,4,4,2,2,0,1,0,3,3,1,4,3,2,0,4,0,3,2,1,1};",NA,fr,npm
2024_05_16_acd10,acd,05/16/2024,acd10,1,multi_sucrose,multi_sucrose,NA,NA,"{2,2,4,3,0,1,4,1,0,3,0,2,3,2,4,1,0,3,4,1,2,3,0,0,2,1,4,1,3,4,4,0,1,2,1,3,3,2,0,4,0,3,1,3,1,2,0,2,4,4,2,0,0,3,1,4,2,3,1,4,2,1,3,3,4,1,4,0,2,0,4,2,1,0,0,3,2,3,4,1,1,3,2,4,1,3,2,4,0,0,2,4,4,0,3,1,2,3,0,1};",NA,wr,npm
2024_05_16_acd11,acd,05/16/2024,acd11,1,multi_sucrose,multi_sucrose,NA,NA,"{2,2,4,3,0,1,0,1,3,4,1,2,4,3,1,0,4,0,2,3,0,2,3,3,4,1,2,0,1,4,2,4,1,0,4,3,1,0,3,2,1,3,1,4,2,3,4,2,0,0,2,1,0,3,4,0,1,3,4,2,4,0,1,3,2,4,2,3,1,0,4,1,2,3,2,0,3,0,4,1,2,1,1,0,0,2,3,4,4,3,3,1,2,0,2,1,4,3,4,0};",NA,fr,npm
2024_05_16_acd12,acd,05/16/2024,acd12,1,multi_sucrose,multi_sucrose,NA,NA,"{3,0,4,0,1,3,2,1,4,2,4,3,0,1,4,0,3,2,2,1,2,1,3,2,1,0,4,3,0,4,3,0,2,4,0,1,4,2,1,3,0,3,2,1,2,1,3,4,0,4,0,2,3,3,4,0,2,1,4,1,2,0,3,0,4,3,1,1,2,4,2,0,4,3,3,1,1,2,4,0,2,2,1,3,0,1,0,4,3,4,4,0,4,2,1,0,3,2,3,1};",NA,wr,npm
2024_05_16_acd13,acd,05/16/2024,acd13,1,multi_sucrose,multi_sucrose,NA,NA,"{2,4,3,3,0,1,0,4,1,2,4,2,0,1,3,3,4,1,0,2,3,0,1,4,3,2,1,2,0,4,0,1,3,4,4,0,1,2,3,2,1,1,2,0,4,4,2,0,3,3,0,2,0,3,3,4,1,1,2,4,4,4,1,0,1,0,3,3,2,2,0,1,4,4,1,2,3,0,3,2,1,4,3,2,4,3,1,0,2,0,1,0,4,0,1,2,3,4,3,2};",NA,wr,npm
2024_05_16_acd14,acd,05/16/2024,acd14,1,multi_sucrose,multi_sucrose,NA,NA,"{1,4,0,2,3,2,4,3,0,1,0,1,2,4,4,2,1,3,0,3,3,4,2,1,3,0,2,0,1,4,0,1,1,3,4,3,4,2,2,0,1,3,3,2,0,0,1,4,4,2,4,2,1,0,1,4,2,0,3,3,2,4,4,3,0,1,0,2,1,3,4,3,0,2,1,3,2,1,0,4,3,2,3,1,1,0,0,2,4,4,4,2,1,2,3,0,3,4,1,0};",NA,fr,npm
2024_05_17_acd01,acd,05/17/2024,acd01,1,multi_sucrose,multi_sucrose,NA,NA,"{0,2,4,2,0,4,1,3,3,1,1,1,4,0,2,2,3,3,4,0,3,1,0,1,4,2,3,2,0,4,4,1,0,3,2,0,4,2,1,3,1,0,1,4,3,2,4,0,2,3,4,3,2,1,0,3,1,0,4,2,1,3,3,0,2,4,0,4,1,2,4,4,1,3,2,0,3,2,1,0,3,0,0,3,4,4,1,1,2,2,3,1,2,0,4,3,1,2,0,4};",NA,wr,npm
2024_05_17_acd03,acd,05/17/2024,acd03,1,multi_sucrose,multi_sucrose,NA,NA,"{1,3,3,2,4,1,0,0,2,4,4,2,3,1,1,0,0,2,4,3,4,1,1,2,0,3,4,0,2,3,1,3,2,3,1,2,0,4,0,4,1,3,4,2,0,2,0,1,3,4,4,4,2,2,0,1,0,1,3,3,3,0,2,3,2,4,1,1,4,0,0,2,4,1,3,1,3,0,4,2,3,2,0,1,3,0,2,4,1,4,1,0,3,4,0,3,2,4,1,2};",NA,fr,npm
2024_05_17_acd04,acd,05/17/2024,acd04,1,multi_sucrose,multi_sucrose,NA,NA,"{4,4,3,3,1,0,2,1,2,0,4,0,2,1,2,3,4,1,0,3,3,1,4,1,0,2,2,0,4,3,0,4,3,4,2,1,2,1,0,3,2,1,0,4,4,1,3,3,0,2,3,0,4,3,1,0,2,4,1,2,4,1,4,3,2,0,2,0,3,1,3,2,1,1,0,4,0,2,4,3,4,2,3,0,1,3,2,0,4,1,2,0,0,4,2,3,3,1,4,1};",NA,wr,npm
2024_05_17_acd05,acd,05/17/2024,acd05,1,multi_sucrose,multi_sucrose,NA,NA,"{2,0,1,3,1,4,2,4,3,0,2,1,3,0,0,4,4,1,3,2,2,4,3,1,4,0,0,1,2,3,3,3,2,1,2,0,1,4,0,4,0,4,1,3,3,2,2,1,4,0,4,1,1,3,3,0,0,2,4,2,1,4,2,4,3,2,0,1,0,3,3,3,0,4,4,2,0,2,1,1,2,1,4,3,0,2,4,3,0,1,2,4,3,0,1,2,4,1,3,0};",NA,fr,npm
2024_05_17_acd06,acd,05/17/2024,acd06,1,multi_sucrose,multi_sucrose,NA,NA,"{3,0,2,4,4,1,2,3,1,0,1,3,0,4,4,1,0,3,2,2,2,1,3,3,2,0,0,4,1,4,3,0,2,1,4,3,2,1,4,0,2,1,3,1,4,0,2,0,4,3,3,2,4,1,0,0,3,4,2,1,2,3,0,0,4,4,1,1,3,2,3,4,2,0,2,0,1,3,1,4,2,0,0,4,2,3,3,1,1,4,4,2,1,2,4,3,1,0,3,0};",NA,wr,npm
2024_05_17_acd07,acd,05/17/2024,acd07,1,multi_sucrose,multi_sucrose,NA,NA,"{0,2,0,1,4,2,3,3,4,1,0,2,1,3,3,4,0,2,1,4,0,1,4,2,1,0,2,3,4,3,3,4,0,2,0,4,1,3,2,1,2,3,0,2,1,4,0,1,3,4,2,4,1,3,3,1,0,4,0,2,4,3,2,3,1,4,1,2,0,0,3,2,4,3,0,4,0,1,1,2,0,4,4,3,2,1,2,0,1,3,3,1,2,0,2,4,1,3,0,4};",NA,wr,npm
2024_05_17_acd08,acd,05/17/2024,acd08,1,multi_sucrose,multi_sucrose,NA,NA,"{0,2,1,4,0,1,4,2,3,3,0,4,0,1,4,3,3,2,2,1,1,2,3,1,0,2,4,4,3,0,1,2,0,3,0,4,1,2,3,4,1,3,3,1,0,4,4,0,2,2,3,2,2,4,1,4,0,0,1,3,1,4,3,0,2,4,2,3,1,0,3,3,2,1,4,4,0,0,2,1,2,2,0,1,4,3,0,4,1,3,0,2,0,1,4,3,3,4,2,1};",NA,fr,npm
2024_05_17_acd09,acd,05/17/2024,acd09,1,multi_sucrose,multi_sucrose,NA,NA,"{0,4,1,0,2,4,3,3,2,1,3,1,3,4,0,4,0,2,2,1,0,3,1,2,4,2,3,1,4,0,1,0,3,3,4,0,1,4,2,2,1,3,4,0,3,2,4,1,2,0,0,0,4,1,1,3,2,2,3,4,3,3,2,0,0,2,1,4,4,1,3,0,4,1,2,2,4,0,1,3,3,1,2,0,4,4,2,1,0,3,3,1,4,2,4,3,0,0,1,2};",NA,fr,npm
2024_05_17_acd10,acd,05/17/2024,acd10,1,multi_sucrose,multi_sucrose,NA,NA,"{3,4,3,4,1,1,0,2,2,0,4,2,2,0,4,1,3,0,1,3,2,0,4,2,3,0,1,1,3,4,1,3,0,3,4,2,1,2,4,0,4,0,0,1,2,3,3,1,4,2,2,4,4,2,1,0,1,0,3,3,0,4,2,3,1,2,1,4,3,0,1,1,0,2,4,3,2,0,4,3,3,0,2,0,1,4,1,2,3,4,4,2,3,0,2,4,1,0,1,3};",NA,wr,npm
2024_05_17_acd11,acd,05/17/2024,acd11,1,multi_sucrose,multi_sucrose,NA,NA,"{0,3,3,4,0,1,2,2,4,1,4,1,0,3,2,2,0,4,3,1,2,3,1,0,4,0,1,3,4,2,0,1,2,2,0,1,4,4,3,3,4,0,1,2,1,4,3,3,2,0,2,3,0,4,4,2,1,0,3,1,3,1,2,1,4,4,2,3,0,0,0,1,2,4,4,3,3,0,1,2,2,0,3,2,3,0,1,4,4,1,0,4,0,3,2,2,1,3,1,4};",NA,fr,npm
2024_05_17_acd12,acd,05/17/2024,acd12,1,multi_sucrose,multi_sucrose,NA,NA,"{3,4,3,0,1,4,1,0,2,2,0,1,2,3,0,2,4,3,4,1,0,2,4,4,3,1,3,1,0,2,1,1,0,2,4,4,2,0,3,3,2,1,4,0,4,3,2,3,0,1,3,1,2,0,4,3,1,0,4,2,2,1,1,0,2,4,0,3,3,4,2,1,3,3,0,1,0,4,2,4,2,4,0,1,0,1,4,2,3,3,3,0,3,4,1,0,4,2,1,2};",NA,wr,npm
2024_05_17_acd13,acd,05/17/2024,acd13,1,multi_sucrose,multi_sucrose,NA,NA,"{1,1,2,0,3,3,0,4,4,2,2,3,0,4,3,1,0,4,2,1,4,1,2,1,3,0,3,2,0,4,4,1,3,0,2,0,4,3,1,2,1,1,4,2,0,2,3,3,0,4,4,0,1,1,4,3,0,3,2,2,1,4,2,1,3,0,0,4,2,3,4,1,2,3,1,4,0,3,0,2,1,3,1,2,0,0,4,2,3,4,0,1,4,2,3,0,1,2,4,3};",NA,wr,npm
2024_05_17_acd14,acd,05/17/2024,acd14,1,multi_sucrose,multi_sucrose,NA,NA,"{0,2,4,1,3,3,4,0,1,2,2,4,4,0,1,2,3,1,0,3,2,3,4,2,0,4,1,0,3,1,4,2,3,2,1,0,0,1,4,3,0,4,3,1,2,2,1,4,3,0,3,1,3,0,4,2,0,1,4,2,1,3,0,3,4,2,4,2,1,0,2,4,1,3,4,0,2,3,1,0,1,0,4,0,2,3,1,3,4,2,3,1,0,2,4,4,2,3,0,1};",NA,fr,npm
2024_05_20_acd01,acd,05/20/2024,acd01,1,multi_nacl,multi_nacl,NA,NA,"{3,1,4,1,4,3,0,0,2,2,3,1,4,1,2,2,4,0,0,3,4,0,1,3,2,4,3,2,0,1,3,1,0,1,3,2,4,4,0,2,4,2,1,2,4,3,0,0,1,3,4,4,3,0,0,3,2,1,1,2,3,4,0,0,2,3,4,1,1,2,1,3,3,2,0,0,4,4,2,1,0,1,2,0,1,4,3,4,2,3,3,2,4,1,3,1,2,0,4,0};",NA,wr,npm
2024_05_20_acd02,acd,05/20/2024,acd02,1,multi_nacl,multi_nacl,NA,NA,"{0,2,3,4,1,2,4,0,1,3,3,1,4,4,1,2,0,2,3,0,1,4,1,3,0,0,3,4,2,2,4,1,0,4,2,3,2,3,1,0,2,4,1,2,4,0,3,0,3,1,2,1,3,4,3,0,1,4,0,2,2,0,2,0,1,4,3,3,4,1,4,1,4,0,2,3,0,2,1,3,3,1,2,0,1,2,4,4,0,3,0,3,1,3,1,4,2,0,2,4};",NA,wr,npm
2024_05_20_acd03,acd,05/20/2024,acd03,1,multi_nacl,multi_nacl,NA,NA,"{2,4,3,3,0,1,1,2,0,4,3,4,3,0,2,4,1,0,2,1,2,1,4,3,3,1,2,4,0,0,0,3,0,1,3,4,2,1,4,2,2,4,1,2,0,3,0,3,4,1,2,1,0,4,1,3,2,3,4,0,4,2,2,1,0,3,3,1,0,4,2,4,3,4,0,1,3,0,2,1,4,0,0,3,2,1,2,3,1,4,2,4,3,1,0,1,3,0,2,4};",NA,wr,npm
2024_05_20_acd04,acd,05/20/2024,acd04,1,multi_nacl,multi_nacl,NA,NA,"{0,2,1,2,4,4,3,1,0,3,4,0,0,2,2,1,3,1,4,3,4,3,1,0,2,3,4,1,0,2,2,3,1,4,0,4,2,3,1,0,1,2,2,1,4,0,3,3,4,0,0,3,3,2,4,1,4,0,1,2,3,2,4,4,0,1,3,1,2,0,0,0,2,4,3,3,2,4,1,1,0,2,4,3,0,1,3,2,1,4,1,3,0,4,2,4,1,3,0,2};",NA,wr,npm
2024_05_20_acd05,acd,05/20/2024,acd05,1,multi_nacl,multi_nacl,NA,NA,"{3,1,2,4,2,0,3,4,1,0,4,2,1,2,0,0,3,4,1,3,2,3,0,1,3,0,2,4,1,4,0,2,4,3,3,2,4,0,1,1,1,3,1,4,2,3,0,2,0,4,2,4,4,1,1,0,0,3,2,3,2,4,1,4,1,3,3,0,2,0,4,1,4,1,0,2,3,3,2,0,1,0,2,4,3,1,0,2,4,3,2,3,0,2,1,4,1,0,4,3};",NA,wr,npm
2024_05_20_acd06,acd,05/20/2024,acd06,1,multi_nacl,multi_nacl,NA,NA,"{2,0,0,4,4,3,1,1,2,3,1,4,2,1,4,0,3,3,0,2,4,2,3,1,0,1,0,3,2,4,1,2,4,1,3,3,2,0,4,0,2,2,4,0,3,3,1,4,1,0,0,1,4,3,0,1,2,2,3,4,2,0,1,3,3,4,4,0,2,1,1,4,2,0,0,3,4,2,1,3,0,2,3,4,0,1,4,3,2,1,1,0,0,1,2,3,4,4,3,2};",NA,wr,npm
2024_05_20_acd07,acd,05/20/2024,acd07,1,multi_nacl,multi_nacl,NA,NA,"{2,1,0,1,4,2,3,4,0,3,3,0,4,4,1,3,2,1,2,0,1,3,4,0,4,3,0,1,2,2,2,1,4,4,0,1,3,2,0,3,2,0,2,1,3,3,1,0,4,4,0,0,3,2,1,4,4,1,2,3,0,2,2,1,1,0,4,3,4,3,1,1,2,3,3,2,4,0,4,0,4,0,1,0,3,2,3,4,2,1,4,3,1,2,4,1,0,0,2,3};",NA,wr,npm
2024_05_20_acd08,acd,05/20/2024,acd08,1,multi_nacl,multi_nacl,NA,NA,"{2,3,3,4,4,0,2,1,0,1,2,4,3,0,3,4,0,1,2,1,3,0,1,4,0,3,4,2,2,1,1,2,0,4,4,0,2,1,3,3,4,4,1,2,3,2,0,3,1,0,1,0,2,0,3,1,4,2,3,4,4,4,2,3,0,3,0,2,1,1,3,3,1,0,2,4,0,1,4,2,2,4,0,4,1,2,3,3,1,0,0,1,1,2,4,0,3,2,4,3};",NA,wr,npm
2024_05_20_acd09,acd,05/20/2024,acd09,1,multi_nacl,multi_nacl,NA,NA,"{1,3,0,0,2,4,4,1,3,2,2,4,0,3,1,4,0,3,1,2,2,4,3,1,4,1,2,3,0,0,0,1,4,2,4,3,2,0,1,3,2,0,1,2,3,4,1,4,3,0,0,1,3,3,4,2,1,4,0,2,1,3,4,0,0,4,1,2,3,2,3,1,1,2,3,0,2,4,0,4,3,2,0,0,3,4,2,1,1,4,2,2,3,0,0,4,1,3,4,1};",NA,wr,npm
2024_05_20_acd10,acd,05/20/2024,acd10,1,multi_nacl,multi_nacl,NA,NA,"{0,4,2,3,2,4,0,1,1,3,1,4,0,2,3,3,4,1,0,2,0,2,0,3,1,2,3,1,4,4,3,2,4,4,1,0,2,1,0,3,2,1,3,0,3,4,4,0,1,2,2,1,3,4,3,2,1,0,4,0,3,1,3,2,0,1,4,2,0,4,0,1,4,2,0,3,4,2,3,1,0,4,3,1,4,1,3,0,2,2,0,4,3,2,0,2,4,3,1,1};",NA,wr,npm
2024_05_20_acd11,acd,05/20/2024,acd11,1,multi_nacl,multi_nacl,NA,NA,"{3,1,2,0,0,3,4,2,4,1,2,0,4,3,3,2,0,1,4,1,0,3,2,1,3,4,4,2,0,1,0,2,1,3,0,4,2,4,3,1,0,2,4,4,2,1,1,0,3,3,1,1,4,4,3,0,2,3,2,0,3,1,0,4,0,4,2,2,1,3,2,2,1,0,1,0,3,4,3,4,3,0,1,2,4,4,1,2,3,0,0,3,1,0,3,2,4,1,2,4};",NA,wr,npm
2024_05_20_acd12,acd,05/20/2024,acd12,1,multi_nacl,multi_nacl,NA,NA,"{4,0,4,3,0,2,2,1,3,1,3,0,2,1,1,3,4,2,4,0,4,0,1,1,0,2,2,4,3,3,0,1,3,2,0,4,4,3,2,1,4,0,1,3,2,3,4,0,1,2,2,0,2,0,3,4,4,1,3,1,3,4,4,2,0,0,2,1,1,3,1,2,0,1,2,4,4,3,3,0,3,0,2,1,3,4,4,0,2,1,0,1,2,2,1,3,4,0,3,4};",NA,wr,npm
2024_05_20_acd13,acd,05/20/2024,acd13,1,multi_nacl,multi_nacl,NA,NA,"{0,2,4,3,4,3,1,0,1,2,3,4,0,2,2,1,1,4,3,0,3,2,4,3,4,2,0,0,1,1,3,3,4,4,0,2,1,1,2,0,0,3,3,4,1,0,4,2,2,1,4,1,2,3,4,2,1,0,3,0,4,3,1,1,0,2,3,2,0,4,2,1,3,2,1,3,4,0,4,0,4,2,0,3,1,1,3,4,0,2,1,1,4,0,3,2,2,0,3,4};",NA,wr,npm
2024_05_20_acd14,acd,05/20/2024,acd14,1,multi_nacl,multi_nacl,NA,NA,"{2,0,3,3,4,0,1,2,1,4,4,0,1,2,0,1,2,3,4,3,4,0,2,1,0,3,4,3,2,1,4,2,0,4,3,1,3,2,1,0,2,4,0,2,3,1,4,1,3,0,1,3,2,4,4,1,3,0,2,0,1,4,4,2,1,0,2,3,3,0,4,0,2,4,1,0,3,2,3,1,2,2,4,3,0,0,3,1,1,4,4,2,2,1,3,4,3,0,0,1};",NA,wr,npm
2024_05_21_acd01,acd,05/21/2024,acd01,1,multi_nacl,multi_nacl,NA,NA,"{1,3,3,4,0,4,2,2,0,1,0,2,1,1,2,4,3,4,3,0,4,1,0,2,3,1,2,0,3,4,4,2,2,0,1,1,0,3,3,4,4,3,3,1,0,2,0,2,4,1,3,2,4,1,3,0,2,0,4,1,4,3,0,1,2,0,3,4,2,1,3,4,0,2,3,0,4,1,2,1,4,4,0,2,0,1,2,1,3,3,2,4,4,1,3,3,0,1,0,2};",NA,wr,npm
2024_05_21_acd02,acd,05/21/2024,acd02,1,multi_nacl,multi_nacl,NA,NA,"{1,4,3,2,0,4,0,3,1,2,3,2,4,3,2,0,1,1,0,4,3,1,0,4,2,1,2,0,4,3,0,4,3,0,4,2,2,3,1,1,0,4,2,1,0,1,3,3,4,2,0,0,4,3,2,4,3,2,1,1,2,1,3,4,0,3,2,0,4,1,2,1,0,3,4,0,4,3,2,1,0,3,1,0,1,3,2,4,2,4,2,4,2,4,3,1,0,0,3,1};",NA,wr,npm
2024_05_21_acd03,acd,05/21/2024,acd03,1,multi_nacl,multi_nacl,NA,NA,"{3,1,0,3,2,4,1,0,2,4,0,0,1,2,3,1,4,2,4,3,3,4,0,4,2,1,2,1,3,0,3,0,4,4,2,1,1,0,3,2,0,0,1,4,2,2,4,3,3,1,4,3,0,1,0,3,2,2,4,1,1,2,3,0,3,4,4,1,0,2,0,4,0,2,2,3,1,4,3,1,1,2,0,1,2,3,4,0,3,4,0,2,4,2,1,1,0,3,3,4};",NA,wr,npm
2024_05_21_acd04,acd,05/21/2024,acd04,1,multi_nacl,multi_nacl,NA,NA,"{0,1,1,2,3,0,3,4,2,4,2,2,0,3,0,3,4,1,4,1,0,4,1,0,3,1,2,3,2,4,2,4,2,1,0,3,1,4,3,0,2,4,3,1,0,1,0,4,2,3,2,4,4,0,2,0,3,1,1,3,2,4,4,2,1,3,1,0,0,3,2,3,1,4,2,0,4,0,3,1,2,1,3,4,2,1,3,0,0,4,1,2,4,4,0,1,0,2,3,3};",NA,wr,npm
2024_05_21_acd05,acd,05/21/2024,acd05,1,multi_nacl,multi_nacl,NA,NA,"{4,2,1,2,1,3,0,3,4,0,3,4,3,2,1,4,2,0,1,0,3,1,1,4,4,3,2,0,2,0,4,0,3,1,2,2,1,4,0,3,2,2,3,3,0,1,4,0,4,1,4,4,2,1,3,3,1,0,2,0,2,1,4,0,3,0,2,4,1,3,1,2,3,0,0,4,1,2,4,3,1,1,3,0,4,3,2,2,0,4,0,1,4,1,2,3,0,4,3,2};",NA,wr,npm
2024_05_21_acd06,acd,05/21/2024,acd06,1,multi_nacl,multi_nacl,NA,NA,"{3,1,2,1,0,4,4,3,2,0,2,0,4,1,4,3,0,1,2,3,2,3,0,4,1,0,1,3,2,4,4,3,0,0,2,3,2,1,1,4,2,0,4,4,1,3,2,0,3,1,0,3,2,4,0,1,3,4,2,1,4,3,4,0,2,3,1,1,2,0,3,0,4,2,2,1,0,4,3,1,2,1,3,0,4,2,3,4,1,0,1,4,1,0,2,0,2,3,3,4};",NA,wr,npm
2024_05_21_acd07,acd,05/21/2024,acd07,1,multi_nacl,multi_nacl,NA,NA,"{2,1,4,0,1,3,4,3,2,0,4,2,1,2,0,4,1,3,0,3,0,3,1,2,4,4,2,1,0,3,0,1,2,2,0,3,1,4,3,4,1,0,4,1,2,3,0,3,4,2,2,4,0,1,4,3,2,0,1,3,0,2,1,1,3,4,3,2,0,4,3,4,1,3,0,4,0,2,1,2,0,2,4,3,0,4,1,1,2,3,2,1,0,4,2,1,4,0,3,3};",NA,wr,npm
2024_05_21_acd08,acd,05/21/2024,acd08,1,multi_nacl,multi_nacl,NA,NA,"{3,1,4,0,4,2,1,2,3,0,2,0,1,3,0,2,3,4,4,1,3,2,4,1,0,1,3,0,2,4,0,3,4,2,4,1,2,3,0,1,4,3,0,0,2,3,1,4,2,1,0,1,1,4,0,2,3,4,2,3,4,1,0,4,2,2,1,3,0,3,3,0,0,1,2,4,4,1,3,2,0,1,2,3,1,2,4,4,0,3,1,3,0,4,2,1,3,2,0,4};",NA,wr,npm
2024_05_21_acd09,acd,05/21/2024,acd09,1,multi_nacl,multi_nacl,NA,NA,"{0,3,2,4,2,4,1,1,0,3,1,2,4,3,3,2,1,0,4,0,1,3,2,3,0,4,2,1,0,4,1,2,4,4,0,3,0,2,1,3,2,3,4,2,1,1,3,0,0,4,4,4,3,1,2,0,2,1,0,3,2,3,0,4,4,0,1,1,2,3,1,0,4,2,2,0,1,3,4,3,3,3,2,4,4,1,0,2,0,1,2,1,3,4,0,0,1,2,3,4};",NA,wr,npm
2024_05_21_acd10,acd,05/21/2024,acd10,1,multi_nacl,multi_nacl,NA,NA,"{1,1,4,3,0,3,4,2,2,0,0,3,1,2,4,4,0,3,2,1,4,1,0,1,3,0,4,2,2,3,2,4,1,0,3,4,3,1,2,0,3,0,1,2,4,4,2,1,3,0,0,3,2,1,4,0,1,3,4,2,3,1,4,0,2,4,0,3,1,2,0,3,1,2,3,1,2,4,4,0,0,0,4,2,3,4,2,3,1,1,4,2,1,3,1,0,2,4,3,0};",NA,wr,npm
2024_05_21_acd11,acd,05/21/2024,acd11,1,multi_nacl,multi_nacl,NA,NA,"{0,3,2,1,4,4,1,3,2,0,0,3,0,3,1,4,1,4,2,2,3,4,0,0,1,2,3,1,2,4,0,2,4,0,2,1,4,1,3,3,2,1,3,4,3,4,2,0,1,0,0,2,4,1,0,3,3,2,4,1,3,1,2,1,4,0,4,0,3,2,3,4,1,4,2,0,0,2,1,3,3,4,1,4,1,0,0,3,2,2,4,1,2,2,0,3,0,4,3,1};",NA,wr,npm
2024_05_21_acd12,acd,05/21/2024,acd12,1,multi_nacl,multi_nacl,NA,NA,"{2,3,0,4,0,4,1,2,1,3,2,2,1,3,0,4,3,4,0,1,1,0,2,0,3,4,2,1,3,4,2,4,3,1,1,0,3,2,0,4,0,1,3,0,4,1,3,4,2,2,0,3,2,3,1,2,0,4,1,4,0,4,1,1,4,3,2,2,0,3,3,4,1,2,2,3,1,0,4,0,4,0,3,1,2,3,2,4,0,1,0,1,1,2,4,3,4,2,0,3};",NA,wr,npm
2024_05_21_acd13,acd,05/21/2024,acd13,1,multi_nacl,multi_nacl,NA,NA,"{0,1,4,4,3,3,2,2,1,0,2,2,0,4,0,1,3,1,3,4,3,2,0,2,4,3,0,1,4,1,1,0,0,4,3,2,3,1,4,2,4,3,1,0,2,0,4,2,1,3,4,3,0,2,3,4,2,0,1,1,1,1,0,2,3,2,4,4,3,0,0,1,3,2,4,0,1,3,2,4,2,0,0,1,2,4,3,3,1,4,0,4,1,2,2,1,3,4,3,0};",NA,wr,npm
2024_05_21_acd14,acd,05/21/2024,acd14,1,multi_nacl,multi_nacl,NA,NA,"{4,3,3,0,4,0,1,2,2,1,1,1,2,2,3,3,4,0,4,0,1,2,2,3,0,4,0,4,3,1,0,3,0,2,4,1,4,1,2,3,1,0,2,3,4,0,4,3,2,1,0,4,1,2,0,3,3,1,4,2,3,2,3,2,0,4,4,0,1,1,0,1,4,3,2,1,4,2,3,0,2,0,1,1,4,2,0,3,4,3,4,0,4,1,2,3,2,0,3,1};",NA,wr,npm
2024_05_22_acd01,acd,05/22/2024,acd01,1,multi_nacl,multi_nacl,NA,NA,"{1,2,2,0,0,4,3,4,1,3,3,3,2,4,2,0,4,0,1,1,4,2,4,3,0,1,1,2,3,0,3,1,4,2,0,0,3,4,1,2,4,1,0,3,1,4,2,2,3,0,4,3,0,1,2,1,2,0,3,4,4,2,3,0,0,4,2,3,1,1,0,2,3,0,1,4,4,3,2,1,0,2,4,4,3,1,1,0,2,3,0,2,0,4,4,1,1,3,2,3};",NA,wr,npm
2024_05_22_acd02,acd,05/22/2024,acd02,1,multi_nacl,multi_nacl,NA,NA,"{4,3,1,0,2,3,4,0,2,1,1,0,2,4,4,2,1,0,3,3,1,3,0,1,2,4,0,4,2,3,2,2,4,3,3,1,0,1,0,4,3,2,2,0,4,4,3,1,0,1,1,0,1,2,3,3,4,2,0,4,4,2,3,2,4,1,0,1,3,0,0,3,2,4,2,1,3,1,4,0,3,1,2,1,0,0,2,3,4,4,2,0,3,2,3,4,1,0,4,1};",NA,wr,npm
2024_05_22_acd03,acd,05/22/2024,acd03,1,multi_nacl,multi_nacl,NA,NA,"{4,3,2,2,0,3,1,4,0,1,3,4,2,3,2,0,0,4,1,1,4,0,0,1,2,3,2,1,3,4,1,4,3,0,0,2,1,2,4,3,1,2,1,3,2,0,3,0,4,4,3,1,0,2,4,0,1,4,2,3,0,0,4,2,3,4,2,3,1,1,1,3,2,2,3,0,4,4,0,1,0,1,3,3,4,4,2,2,1,0,3,2,4,4,0,3,1,0,1,2};",NA,wr,npm
2024_05_22_acd04,acd,05/22/2024,acd04,1,multi_nacl,multi_nacl,NA,NA,"{4,3,2,4,1,0,0,1,2,3,2,1,1,4,0,3,4,0,3,2,2,3,1,4,0,3,1,4,0,2,1,0,2,4,0,3,4,2,1,3,0,0,2,4,1,3,3,1,2,4,0,0,3,2,1,2,4,3,1,4,2,4,4,0,2,1,3,3,1,0,0,4,2,1,0,1,4,3,3,2,4,2,1,2,0,1,4,3,3,0,4,1,4,1,0,0,3,2,3,2};",NA,wr,npm
2024_05_22_acd05,acd,05/22/2024,acd05,1,multi_nacl,multi_nacl,NA,NA,"{1,2,4,0,2,0,3,4,1,3,2,1,3,2,0,0,3,4,4,1,1,4,1,0,2,3,0,3,4,2,3,4,1,3,2,0,0,1,4,2,4,2,3,0,3,2,1,4,1,0,4,2,3,0,3,2,1,1,4,0,0,1,1,3,4,2,3,4,2,0,3,4,2,0,1,2,0,1,3,4,4,2,0,0,1,2,3,4,1,3,0,2,3,4,1,4,0,2,1,3};",NA,wr,npm
2024_05_22_acd06,acd,05/22/2024,acd06,1,multi_nacl,multi_nacl,NA,NA,"{3,4,0,3,0,1,1,2,4,2,2,3,0,4,3,4,1,1,0,2,0,2,1,4,3,1,4,3,2,0,4,3,3,4,0,1,0,1,2,2,2,0,1,0,1,2,4,4,3,3,2,0,3,3,4,0,1,1,2,4,0,0,1,4,4,1,3,3,2,2,0,2,3,3,1,4,2,4,0,1,4,4,0,1,0,1,2,2,3,3,0,3,2,4,2,1,1,4,0,3};",NA,wr,npm
2024_05_22_acd07,acd,05/22/2024,acd07,1,multi_nacl,multi_nacl,NA,NA,"{4,0,3,2,0,3,1,4,2,1,4,2,4,3,1,0,0,1,3,2,2,4,0,0,1,1,4,3,2,3,1,2,0,3,1,3,2,4,4,0,3,2,3,1,0,0,1,2,4,4,3,2,4,1,2,3,0,0,4,1,0,4,2,2,1,0,3,1,4,3,3,0,4,3,2,1,0,4,2,1,1,4,3,2,3,0,0,2,4,1,3,2,4,4,2,0,1,1,3,0};",NA,wr,npm
2024_05_22_acd08,acd,05/22/2024,acd08,1,multi_nacl,multi_nacl,NA,NA,"{4,4,1,0,3,3,1,0,2,2,3,0,2,4,3,4,1,1,0,2,1,3,1,2,4,3,4,2,0,0,2,0,3,2,0,1,4,3,1,4,1,4,3,1,2,3,2,0,0,4,1,4,0,4,1,2,3,0,3,2,3,4,1,0,3,2,0,1,4,2,1,0,4,2,4,3,0,3,1,2,0,0,1,4,2,1,2,3,3,4,2,0,4,0,3,1,3,4,2,1};",NA,wr,npm
2024_05_22_acd09,acd,05/22/2024,acd09,1,multi_nacl,multi_nacl,NA,NA,"{1,3,1,2,2,4,3,0,0,4,1,3,0,2,4,1,2,4,0,3,4,3,0,0,1,2,3,4,2,1,2,0,0,1,2,4,1,3,3,4,2,4,1,0,1,0,4,3,3,2,2,0,2,1,4,3,3,0,1,4,2,0,4,1,4,0,2,3,3,1,4,2,0,3,4,1,0,2,3,1,1,4,3,3,2,1,4,2,0,0,0,3,4,3,0,1,4,1,2,2};",NA,wr,npm
2024_05_22_acd10,acd,05/22/2024,acd10,1,multi_nacl,multi_nacl,NA,NA,"{1,1,3,3,2,0,0,4,4,2,0,2,0,2,3,1,4,1,3,4,2,1,0,4,3,3,0,1,4,2,1,3,0,2,4,0,1,3,4,2,3,4,1,2,4,0,1,3,2,0,4,2,1,0,0,2,3,4,3,1,4,2,3,3,4,1,2,0,0,1,1,2,0,3,0,4,1,4,3,2,2,3,1,0,0,1,4,4,2,3,4,3,3,2,1,1,2,0,0,4};",NA,wr,npm
2024_05_22_acd11,acd,05/22/2024,acd11,1,multi_nacl,multi_nacl,NA,NA,"{2,3,2,0,1,1,4,3,4,0,4,0,2,0,3,3,4,1,2,1,0,0,1,4,4,3,2,3,2,1,1,2,1,4,0,3,3,4,2,0,2,0,3,0,4,2,3,1,1,4,1,3,4,0,1,0,2,2,4,3,1,0,3,3,4,2,2,4,1,0,3,1,4,2,1,2,0,4,0,3,1,0,4,0,1,2,3,4,3,2,3,1,1,0,3,2,4,0,4,2};",NA,wr,npm
2024_05_22_acd12,acd,05/22/2024,acd12,1,multi_nacl,multi_nacl,NA,NA,"{4,3,0,4,0,2,2,1,3,1,2,0,3,1,4,2,0,3,1,4,0,3,1,1,2,2,4,3,4,0,0,3,3,1,4,2,2,0,4,1,3,4,1,2,2,1,0,4,3,0,4,0,2,4,1,1,2,0,3,3,2,3,4,2,1,4,0,1,3,0,2,4,0,0,3,3,2,1,4,1,4,1,2,4,0,2,3,3,0,1,2,3,0,4,2,4,0,1,3,1};",NA,wr,npm
2024_05_22_acd13,acd,05/22/2024,acd13,1,multi_nacl,multi_nacl,NA,NA,"{4,0,3,4,1,2,1,3,2,0,3,1,3,1,4,2,0,2,0,4,3,0,3,4,4,2,0,2,1,1,3,0,4,2,3,2,1,1,4,0,4,2,3,0,2,1,4,1,0,3,4,3,0,1,2,4,2,3,0,1,0,2,3,4,3,0,1,1,4,2,3,0,0,2,1,2,4,3,1,4,2,0,4,2,4,1,0,1,3,3,2,2,4,3,3,1,4,0,1,0};",NA,wr,npm
2024_05_22_acd14,acd,05/22/2024,acd14,1,multi_nacl,multi_nacl,NA,NA,"{1,3,1,2,2,4,4,0,3,0,1,3,4,3,0,4,2,2,1,0,2,4,2,4,0,3,1,3,0,1,4,0,4,1,2,3,1,3,2,0,4,2,0,3,3,1,0,2,4,1,3,2,4,0,1,4,2,1,3,0,4,0,1,1,3,2,3,2,4,0,3,1,4,0,1,2,4,3,2,0,3,1,4,1,0,2,0,4,3,2,4,4,0,2,0,1,2,1,3,3};",NA,wr,npm
2024_05_23_acd01,acd,05/23/2024,acd01,1,multi_nacl,multi_nacl,NA,NA,"{4,0,0,2,4,2,3,3,1,1,1,4,3,0,3,1,2,0,4,2,4,3,1,0,1,2,2,3,0,4,1,1,0,2,4,3,3,2,4,0,1,3,1,2,0,2,4,4,0,3,0,3,4,4,2,3,0,1,2,1,4,1,1,2,0,2,0,3,3,4,1,4,0,2,3,3,0,2,4,1,1,3,4,0,0,1,4,2,2,3,4,2,0,4,1,3,1,3,0,2};",NA,wr,npm
2024_05_23_acd02,acd,05/23/2024,acd02,1,multi_nacl,multi_nacl,NA,NA,"{2,1,4,0,1,3,2,0,3,4,2,3,0,2,1,4,0,4,1,3,1,4,2,3,1,4,0,0,3,2,4,1,2,3,0,3,2,4,0,1,0,0,1,3,4,2,1,3,4,2,4,3,0,1,4,3,2,2,1,0,4,2,2,0,4,0,3,1,1,3,3,3,0,0,1,2,4,4,2,1,4,0,4,3,2,1,1,2,0,3,1,4,3,0,2,3,0,4,2,1};",NA,wr,npm
2024_05_23_acd03,acd,05/23/2024,acd03,1,multi_nacl,multi_nacl,NA,NA,"{1,0,3,2,4,0,2,1,4,3,2,1,3,4,2,0,1,4,0,3,3,0,4,1,1,3,2,2,4,0,0,4,1,0,2,1,2,4,3,3,1,0,0,2,3,1,4,2,3,4,3,2,1,0,1,4,2,3,4,0,1,4,4,0,3,2,3,2,1,0,1,3,4,4,0,1,0,2,3,2,4,3,0,1,2,1,4,3,0,2,1,4,3,1,2,4,0,2,3,0};",NA,wr,npm
2024_05_23_acd04,acd,05/23/2024,acd04,1,multi_nacl,multi_nacl,NA,NA,"{0,1,3,2,0,4,4,3,2,1,0,3,1,3,0,2,4,1,2,4,0,1,2,3,4,3,0,4,1,2,1,0,3,2,2,0,4,3,4,1,2,2,1,1,3,0,4,4,3,0,2,3,0,1,1,2,3,0,4,4,0,4,3,0,1,1,2,3,2,4,2,4,1,3,0,2,3,0,1,4,0,3,0,4,2,1,4,1,3,2,2,1,0,1,3,4,2,0,4,3};",NA,wr,npm
2024_05_23_acd05,acd,05/23/2024,acd05,1,multi_nacl,multi_nacl,NA,NA,"{1,4,4,2,1,3,3,0,2,0,1,2,0,1,3,4,4,3,2,0,1,2,1,0,2,3,0,4,3,4,2,2,3,0,0,4,1,3,1,4,3,0,3,1,2,4,4,2,0,1,3,1,1,2,4,0,0,4,2,3,0,1,2,3,1,0,4,4,2,3,2,3,1,4,2,4,3,1,0,0,1,4,0,3,0,3,2,4,1,2,4,2,3,4,0,3,1,0,1,2};",NA,wr,npm
2024_05_23_acd06,acd,05/23/2024,acd06,1,multi_nacl,multi_nacl,NA,NA,"{2,1,4,3,3,0,0,1,2,4,1,3,1,4,2,4,2,0,0,3,0,1,4,0,4,1,2,3,3,2,4,2,1,0,2,0,3,1,4,3,1,3,2,0,0,2,1,3,4,4,3,2,4,4,1,1,0,0,2,3,2,0,4,1,4,3,0,1,3,2,1,3,0,4,2,1,3,2,4,0,4,3,3,0,2,0,1,4,2,1,1,2,3,1,3,4,0,2,4,0};",NA,wr,npm
2024_05_23_acd07,acd,05/23/2024,acd07,1,multi_nacl,multi_nacl,NA,NA,"{1,0,4,4,1,3,0,3,2,2,4,2,0,3,3,1,4,1,2,0,4,3,1,0,2,3,2,4,1,0,0,0,4,3,2,1,2,3,4,1,2,2,4,1,1,0,0,4,3,3,1,2,3,2,0,1,0,3,4,4,1,0,4,3,2,4,2,1,0,3,4,3,0,2,3,1,4,1,2,0,0,3,2,3,0,1,4,4,1,2,2,1,4,3,3,2,0,4,0,1};",NA,wr,npm
2024_05_23_acd08,acd,05/23/2024,acd08,1,multi_nacl,multi_nacl,NA,NA,"{2,0,0,1,3,4,2,4,3,1,2,3,2,0,4,4,1,1,3,0,3,4,2,2,1,0,4,3,0,1,1,0,1,3,2,4,4,2,3,0,3,2,0,1,0,1,4,4,3,2,3,1,2,0,4,2,3,0,4,1,4,2,1,3,2,0,4,1,3,0,3,1,3,4,4,0,2,2,0,1,3,4,0,0,1,1,2,2,4,3,1,4,0,1,4,3,2,2,3,0};",NA,wr,npm
2024_05_23_acd09,acd,05/23/2024,acd09,1,multi_nacl,multi_nacl,NA,NA,"{1,0,4,3,4,0,2,3,1,2,3,4,1,2,2,4,0,3,1,0,4,4,3,0,2,0,1,3,2,1,4,1,4,3,1,2,0,0,2,3,2,4,4,1,0,3,0,3,1,2,2,3,2,0,0,4,3,1,1,4,4,0,3,4,0,1,2,3,2,1,4,2,0,3,1,1,3,2,0,4,0,4,0,4,1,3,1,2,2,3,1,3,2,1,4,2,3,0,4,0};",NA,wr,npm
2024_05_23_acd10,acd,05/23/2024,acd10,1,multi_nacl,multi_nacl,NA,NA,"{2,0,3,4,1,0,2,3,1,4,1,1,3,4,2,0,2,0,4,3,2,1,0,2,4,1,4,3,3,0,1,3,1,3,4,0,0,2,2,4,0,0,4,1,3,2,4,1,2,3,1,1,4,2,3,3,2,0,0,4,1,1,2,0,3,2,4,0,3,4,3,0,1,1,4,3,0,2,2,4,4,4,0,1,3,2,2,3,0,1,3,2,0,0,4,3,4,1,1,2};",NA,wr,npm
2024_05_23_acd11,acd,05/23/2024,acd11,1,multi_nacl,multi_nacl,NA,NA,"{3,0,2,1,3,2,1,4,0,4,4,0,1,0,3,1,4,2,3,2,0,3,1,3,0,4,4,2,1,2,3,3,2,0,1,2,4,1,0,4,0,1,4,3,2,2,0,4,1,3,0,3,2,2,1,4,3,4,1,0,0,2,3,3,0,1,2,4,1,4,0,3,2,4,1,0,2,3,1,4,0,3,4,1,2,3,4,0,1,2,1,1,0,0,2,4,3,2,3,4};",NA,wr,npm
2024_05_23_acd12,acd,05/23/2024,acd12,1,multi_nacl,multi_nacl,NA,NA,"{1,2,3,4,0,4,2,3,1,0,3,3,2,0,1,4,0,2,4,1,2,2,0,4,1,0,4,3,3,1,2,0,1,2,3,3,4,4,1,0,1,2,0,1,3,4,3,0,2,4,2,0,0,4,1,2,3,3,1,4,3,4,0,2,2,1,0,1,3,4,1,2,4,3,1,2,3,0,4,0,0,1,1,4,3,3,2,4,0,2,0,4,1,1,3,0,3,2,4,2};",NA,wr,npm
2024_05_23_acd13,acd,05/23/2024,acd13,1,multi_nacl,multi_nacl,NA,NA,"{1,3,4,1,4,0,0,2,3,2,3,2,4,2,0,0,1,3,4,1,0,2,4,3,0,2,1,1,4,3,3,2,4,3,2,4,0,1,0,1,1,2,1,0,3,4,4,2,0,3,0,2,4,1,3,4,3,2,0,1,0,1,4,3,0,2,2,3,4,1,1,2,4,3,0,1,2,4,0,3,3,2,2,4,3,0,1,1,4,0,2,1,3,4,0,3,4,0,2,1};",NA,wr,npm
2024_05_23_acd14,acd,05/23/2024,acd14,1,multi_nacl,multi_nacl,NA,NA,"{4,0,3,3,1,0,2,2,1,4,1,3,4,0,4,0,3,2,1,2,0,0,4,3,2,2,4,3,1,1,4,0,1,1,0,2,2,3,3,4,1,3,4,0,2,2,0,4,1,3,1,0,4,0,2,1,2,4,3,3,4,1,2,0,2,0,3,4,3,1,0,4,1,3,0,1,3,4,2,2,1,3,1,4,0,2,3,4,2,0,2,0,4,2,1,3,3,4,1,0};",NA,wr,npm
2024_05_28_acd01,acd,05/28/2024,acd01,1,water_nacl_opto,water_nacl,NA,NA,"{1,1,0,1,1,0,0,0,0,1,1,0,0,1,0,0,1,1,0,1,1,0,1,0,1,1,0,1,0,0,1,0,0,1,0,1,0,1,0,1,1,0,0,0,1,1,0,1,1,0,0,1,0,1,1,0,1,0,1,0,1,1,1,1,0,0,0,0,0,1,1,0,1,1,0,0,0,1,0,1,1,0,1,0,1,0,1,0,0,1,1,1,0,0,1,0,0,0,1,1};","{-1,-1,-1,-1,0,-1,-1,-1,0,-1,-1,-1,-1,-1,-1,0,0,-1,-1,-1,-1,-1,-1,-1,-1,-1,-1,0,-1,0,-1,-1,-1,0,0,-1,-1,-1,-1,-1,-1,-1,0,-1,0,-1,-1,-1,-1,-1,-1,-1,-1,-1,-1,-1,0,0,-1,-1,-1,-1,0,-1,-1,-1,-1,0,-1,-1,0,-1,-1,-1,-1,0,-1,-1,-1,-1,-1,-1,-1,-1,-1,0,-1,-1,-1,0,-1,0,-1,-1,-1,-1,0,-1,-1,-1};",wr,npm
2024_05_28_acd02,acd,05/28/2024,acd02,1,water_nacl_opto,water_nacl,NA,NA,"{1,1,0,1,1,0,0,0,1,0,1,0,1,1,0,1,1,0,0,0,1,0,1,0,1,1,0,0,0,1,0,0,1,1,0,1,1,0,1,0,1,1,1,0,1,1,0,0,0,0,0,0,1,0,1,1,0,0,1,1,0,0,1,0,0,1,0,1,1,1,1,1,1,1,0,0,1,0,0,0,1,0,0,1,0,1,0,0,1,1,1,0,0,0,1,0,1,0,1,1};","{-1,-1,-1,-1,0,-1,-1,0,-1,-1,-1,-1,-1,-1,0,0,-1,-1,-1,-1,-1,-1,-1,-1,0,-1,0,-1,-1,-1,-1,-1,0,-1,-1,-1,-1,-1,-1,0,0,-1,-1,-1,-1,-1,-1,-1,0,-1,-1,0,-1,-1,-1,-1,-1,-1,0,-1,-1,-1,-1,-1,-1,-1,0,-1,-1,0,-1,-1,0,-1,-1,-1,-1,0,-1,-1,0,-1,-1,-1,-1,-1,0,-1,-1,-1,-1,-1,-1,-1,-1,-1,0,0,-1,-1};",wr,npm
2024_05_28_acd03,acd,05/28/2024,acd03,1,water_nacl_opto,water_nacl,NA,NA,"{0,1,0,0,1,0,1,1,0,1,1,1,0,0,0,1,1,0,1,0,1,0,0,0,1,0,1,1,1,0,0,1,0,1,0,0,1,1,1,0,1,0,1,0,0,0,1,0,1,1,0,1,1,0,0,0,1,0,1,1,1,0,1,1,0,0,1,0,0,1,1,0,1,1,1,0,0,0,1,0,0,0,1,0,0,1,1,1,1,0,0,0,1,1,1,1,0,1,0,0};","{0,-1,-1,-1,-1,-1,-1,0,-1,-1,0,-1,-1,0,-1,-1,-1,-1,-1,-1,-1,-1,0,-1,-1,-1,-1,0,-1,-1,-1,-1,0,0,-1,-1,-1,-1,-1,-1,-1,-1,-1,-1,-1,-1,-1,0,-1,0,-1,0,-1,0,-1,-1,-1,-1,-1,-1,-1,-1,0,-1,-1,0,-1,-1,-1,-1,-1,-1,-1,-1,-1,-1,-1,-1,0,0,-1,0,-1,-1,-1,-1,-1,-1,0,-1,0,-1,0,-1,-1,-1,-1,-1,-1,-1};",wr,npm
2024_05_28_acd04,acd,05/28/2024,acd04,1,water_nacl_opto,water_nacl,NA,NA,"{0,1,1,1,0,1,1,0,0,0,1,1,0,1,1,0,1,0,0,0,0,0,1,1,0,1,0,1,0,1,1,0,1,1,1,0,0,1,0,0,0,1,0,1,1,1,0,0,1,0,1,1,0,1,1,0,0,1,0,0,1,1,1,1,0,1,0,0,0,0,1,0,0,1,0,1,0,1,0,1,1,0,0,0,1,1,0,1,0,1,1,1,0,1,1,0,1,0,0,0};","{-1,0,-1,-1,-1,-1,-1,-1,-1,0,-1,-1,-1,-1,0,0,-1,-1,-1,-1,0,-1,-1,-1,-1,-1,-1,-1,-1,0,-1,0,-1,-1,-1,-1,-1,0,-1,-1,0,-1,-1,-1,0,-1,-1,-1,-1,-1,-1,-1,-1,0,-1,-1,0,-1,-1,-1,-1,-1,0,-1,-1,-1,-1,0,-1,-1,-1,0,-1,-1,-1,-1,-1,-1,-1,0,-1,-1,-1,0,-1,-1,-1,0,-1,-1,-1,-1,-1,-1,-1,0,0,-1,-1,-1};",wr,npm
2024_05_28_acd05,acd,05/28/2024,acd05,1,water_nacl_opto,water_nacl,NA,NA,"{0,1,1,1,0,1,1,0,0,0,1,1,0,1,1,0,1,0,0,0,0,0,1,1,0,1,0,1,0,1,1,0,1,1,1,0,0,1,0,0,0,1,0,1,1,1,0,0,1,0,1,1,0,1,1,0,0,1,0,0,1,1,1,1,0,1,0,0,0,0,1,0,0,1,0,1,0,1,0,1,1,0,0,0,1,1,0,1,0,1,1,1,0,1,1,0,1,0,0,0};","{-1,0,-1,-1,-1,-1,-1,-1,-1,0,-1,-1,-1,-1,0,0,-1,-1,-1,-1,0,-1,-1,-1,-1,-1,-1,-1,-1,0,-1,0,-1,-1,-1,-1,-1,0,-1,-1,0,-1,-1,-1,0,-1,-1,-1,-1,-1,-1,-1,-1,0,-1,-1,0,-1,-1,-1,-1,-1,0,-1,-1,-1,-1,0,-1,-1,-1,0,-1,-1,-1,-1,-1,-1,-1,0,-1,-1,-1,0,-1,-1,-1,0,-1,-1,-1,-1,-1,-1,-1,0,0,-1,-1,-1};",wr,npm
2024_05_28_acd06,acd,05/28/2024,acd06,1,water_nacl_opto,water_nacl,NA,NA,"{1,1,0,1,1,0,0,0,0,1,1,0,0,1,0,0,1,1,0,1,1,0,1,0,1,1,0,1,0,0,1,0,0,1,0,1,0,1,0,1,1,0,0,0,1,1,0,1,1,0,0,1,0,1,1,0,1,0,1,0,1,1,1,1,0,0,0,0,0,1,1,0,1,1,0,0,0,1,0,1,1,0,1,0,1,0,1,0,0,1,1,1,0,0,1,0,0,0,1,1};","{-1,-1,-1,-1,0,-1,-1,-1,0,-1,-1,-1,-1,-1,-1,0,0,-1,-1,-1,-1,-1,-1,-1,-1,-1,-1,0,-1,0,-1,-1,-1,0,0,-1,-1,-1,-1,-1,-1,-1,0,-1,0,-1,-1,-1,-1,-1,-1,-1,-1,-1,-1,-1,0,0,-1,-1,-1,-1,0,-1,-1,-1,-1,0,-1,-1,0,-1,-1,-1,-1,0,-1,-1,-1,-1,-1,-1,-1,-1,-1,0,-1,-1,-1,0,-1,0,-1,-1,-1,-1,0,-1,-1,-1};",wr,npm
2024_05_28_acd07,acd,05/28/2024,acd07,1,water_nacl_opto,water_nacl,NA,NA,"{1,1,0,1,1,0,0,0,1,0,1,0,1,1,0,1,1,0,0,0,1,0,1,0,1,1,0,0,0,1,0,0,1,1,0,1,1,0,1,0,1,1,1,0,1,1,0,0,0,0,0,0,1,0,1,1,0,0,1,1,0,0,1,0,0,1,0,1,1,1,1,1,1,1,0,0,1,0,0,0,1,0,0,1,0,1,0,0,1,1,1,0,0,0,1,0,1,0,1,1};","{-1,-1,-1,-1,0,-1,-1,0,-1,-1,-1,-1,-1,-1,0,0,-1,-1,-1,-1,-1,-1,-1,-1,0,-1,0,-1,-1,-1,-1,-1,0,-1,-1,-1,-1,-1,-1,0,0,-1,-1,-1,-1,-1,-1,-1,0,-1,-1,0,-1,-1,-1,-1,-1,-1,0,-1,-1,-1,-1,-1,-1,-1,0,-1,-1,0,-1,-1,0,-1,-1,-1,-1,0,-1,-1,0,-1,-1,-1,-1,-1,0,-1,-1,-1,-1,-1,-1,-1,-1,-1,0,0,-1,-1};",wr,npm
2024_05_28_acd08,acd,05/28/2024,acd08,1,water_nacl_opto,water_nacl,NA,NA,"{0,1,0,0,1,0,1,1,0,1,1,1,0,0,0,1,1,0,1,0,1,0,0,0,1,0,1,1,1,0,0,1,0,1,0,0,1,1,1,0,1,0,1,0,0,0,1,0,1,1,0,1,1,0,0,0,1,0,1,1,1,0,1,1,0,0,1,0,0,1,1,0,1,1,1,0,0,0,1,0,0,0,1,0,0,1,1,1,1,0,0,0,1,1,1,1,0,1,0,0};","{0,-1,-1,-1,-1,-1,-1,0,-1,-1,0,-1,-1,0,-1,-1,-1,-1,-1,-1,-1,-1,0,-1,-1,-1,-1,0,-1,-1,-1,-1,0,0,-1,-1,-1,-1,-1,-1,-1,-1,-1,-1,-1,-1,-1,0,-1,0,-1,0,-1,0,-1,-1,-1,-1,-1,-1,-1,-1,0,-1,-1,0,-1,-1,-1,-1,-1,-1,-1,-1,-1,-1,-1,-1,0,0,-1,0,-1,-1,-1,-1,-1,-1,0,-1,0,-1,0,-1,-1,-1,-1,-1,-1,-1};",wr,npm
2024_05_28_acd09,acd,05/28/2024,acd09,1,water_nacl_opto,water_nacl,NA,NA,"{1,1,0,1,1,0,0,0,1,0,1,0,1,1,0,1,1,0,0,0,1,0,1,0,1,1,0,0,0,1,0,0,1,1,0,1,1,0,1,0,1,1,1,0,1,1,0,0,0,0,0,0,1,0,1,1,0,0,1,1,0,0,1,0,0,1,0,1,1,1,1,1,1,1,0,0,1,0,0,0,1,0,0,1,0,1,0,0,1,1,1,0,0,0,1,0,1,0,1,1};","{-1,-1,-1,-1,0,-1,-1,0,-1,-1,-1,-1,-1,-1,0,0,-1,-1,-1,-1,-1,-1,-1,-1,0,-1,0,-1,-1,-1,-1,-1,0,-1,-1,-1,-1,-1,-1,0,0,-1,-1,-1,-1,-1,-1,-1,0,-1,-1,0,-1,-1,-1,-1,-1,-1,0,-1,-1,-1,-1,-1,-1,-1,0,-1,-1,0,-1,-1,0,-1,-1,-1,-1,0,-1,-1,0,-1,-1,-1,-1,-1,0,-1,-1,-1,-1,-1,-1,-1,-1,-1,0,0,-1,-1};",wr,npm
2024_05_28_acd10,acd,05/28/2024,acd10,1,water_nacl_opto,water_nacl,NA,NA,"{1,1,0,1,1,0,0,0,0,1,1,0,0,1,0,0,1,1,0,1,1,0,1,0,1,1,0,1,0,0,1,0,0,1,0,1,0,1,0,1,1,0,0,0,1,1,0,1,1,0,0,1,0,1,1,0,1,0,1,0,1,1,1,1,0,0,0,0,0,1,1,0,1,1,0,0,0,1,0,1,1,0,1,0,1,0,1,0,0,1,1,1,0,0,1,0,0,0,1,1};","{-1,-1,-1,-1,0,-1,-1,-1,0,-1,-1,-1,-1,-1,-1,0,0,-1,-1,-1,-1,-1,-1,-1,-1,-1,-1,0,-1,0,-1,-1,-1,0,0,-1,-1,-1,-1,-1,-1,-1,0,-1,0,-1,-1,-1,-1,-1,-1,-1,-1,-1,-1,-1,0,0,-1,-1,-1,-1,0,-1,-1,-1,-1,0,-1,-1,0,-1,-1,-1,-1,0,-1,-1,-1,-1,-1,-1,-1,-1,-1,0,-1,-1,-1,0,-1,0,-1,-1,-1,-1,0,-1,-1,-1};",wr,npm
2024_05_28_acd11,acd,05/28/2024,acd11,1,water_nacl_opto,water_nacl,NA,NA,"{0,1,0,0,1,0,1,1,0,1,1,1,0,0,0,1,1,0,1,0,1,0,0,0,1,0,1,1,1,0,0,1,0,1,0,0,1,1,1,0,1,0,1,0,0,0,1,0,1,1,0,1,1,0,0,0,1,0,1,1,1,0,1,1,0,0,1,0,0,1,1,0,1,1,1,0,0,0,1,0,0,0,1,0,0,1,1,1,1,0,0,0,1,1,1,1,0,1,0,0};","{0,-1,-1,-1,-1,-1,-1,0,-1,-1,0,-1,-1,0,-1,-1,-1,-1,-1,-1,-1,-1,0,-1,-1,-1,-1,0,-1,-1,-1,-1,0,0,-1,-1,-1,-1,-1,-1,-1,-1,-1,-1,-1,-1,-1,0,-1,0,-1,0,-1,0,-1,-1,-1,-1,-1,-1,-1,-1,0,-1,-1,0,-1,-1,-1,-1,-1,-1,-1,-1,-1,-1,-1,-1,0,0,-1,0,-1,-1,-1,-1,-1,-1,0,-1,0,-1,0,-1,-1,-1,-1,-1,-1,-1};",wr,npm
2024_05_28_acd12,acd,05/28/2024,acd12,1,water_nacl_opto,water_nacl,NA,NA,"{0,1,1,1,0,1,1,0,0,0,1,1,0,1,1,0,1,0,0,0,0,0,1,1,0,1,0,1,0,1,1,0,1,1,1,0,0,1,0,0,0,1,0,1,1,1,0,0,1,0,1,1,0,1,1,0,0,1,0,0,1,1,1,1,0,1,0,0,0,0,1,0,0,1,0,1,0,1,0,1,1,0,0,0,1,1,0,1,0,1,1,1,0,1,1,0,1,0,0,0};","{-1,0,-1,-1,-1,-1,-1,-1,-1,0,-1,-1,-1,-1,0,0,-1,-1,-1,-1,0,-1,-1,-1,-1,-1,-1,-1,-1,0,-1,0,-1,-1,-1,-1,-1,0,-1,-1,0,-1,-1,-1,0,-1,-1,-1,-1,-1,-1,-1,-1,0,-1,-1,0,-1,-1,-1,-1,-1,0,-1,-1,-1,-1,0,-1,-1,-1,0,-1,-1,-1,-1,-1,-1,-1,0,-1,-1,-1,0,-1,-1,-1,0,-1,-1,-1,-1,-1,-1,-1,0,0,-1,-1,-1};",wr,npm
2024_05_28_acd13,acd,05/28/2024,acd13,1,water_nacl_opto,water_nacl,NA,NA,"{0,1,0,1,0,0,1,0,1,1,0,1,1,0,0,0,1,1,0,1,0,0,1,0,1,1,1,0,1,0,1,0,1,0,1,1,1,0,0,0,0,1,1,1,0,1,1,0,0,0,1,0,0,1,1,1,1,0,0,0,0,1,1,0,0,0,1,1,1,0,1,1,1,0,0,1,0,0,1,0,0,1,1,1,1,0,0,0,1,0,1,1,0,0,1,0,1,0,0,1};","{-1,-1,0,-1,-1,-1,-1,-1,-1,0,-1,0,-1,0,-1,-1,-1,-1,-1,-1,-1,-1,-1,-1,-1,-1,0,-1,-1,0,-1,-1,-1,-1,-1,-1,0,0,-1,-1,-1,-1,-1,-1,-1,0,-1,-1,0,-1,-1,-1,-1,-1,-1,0,-1,-1,-1,0,-1,-1,-1,0,-1,-1,-1,-1,0,-1,0,-1,-1,0,-1,-1,-1,-1,-1,-1,-1,0,-1,-1,-1,-1,-1,0,-1,-1,-1,-1,-1,-1,-1,0,-1,-1,-1,0};",wr,npm
2024_05_28_acd14,acd,05/28/2024,acd14,1,water_nacl_opto,water_nacl,NA,NA,"{0,0,1,1,1,0,0,1,1,0,0,1,1,0,1,0,1,0,0,1,0,1,0,1,1,1,0,1,0,0,0,1,0,1,1,0,0,1,0,1,1,1,0,0,1,0,1,0,1,0,1,1,0,1,0,0,0,0,1,1,1,0,1,0,0,1,0,1,1,0,1,0,1,0,1,1,0,1,0,0,0,1,1,1,0,0,0,1,1,0,1,1,0,1,1,0,0,0,1,0};","{-1,-1,-1,-1,-1,0,-1,-1,0,-1,-1,0,-1,-1,-1,-1,-1,0,-1,-1,-1,-1,-1,0,-1,-1,0,-1,-1,-1,0,-1,-1,-1,-1,-1,-1,-1,-1,0,0,-1,-1,-1,-1,-1,-1,0,-1,-1,-1,-1,-1,-1,-1,-1,-1,0,-1,0,0,0,-1,-1,-1,-1,-1,-1,-1,-1,0,0,-1,-1,-1,-1,-1,-1,-1,-1,0,-1,-1,0,-1,-1,-1,-1,-1,-1,-1,0,-1,-1,-1,0,-1,-1,-1,-1};",wr,npm
2024_05_29_acd01,acd,05/29/2024,acd01,1,water_nacl_opto,water_nacl,NA,NA,"{0,1,0,0,1,0,1,1,0,1,1,1,0,0,0,1,1,0,1,0,1,0,0,0,1,0,1,1,1,0,0,1,0,1,0,0,1,1,1,0,1,0,1,0,0,0,1,0,1,1,0,1,1,0,0,0,1,0,1,1,1,0,1,1,0,0,1,0,0,1,1,0,1,1,1,0,0,0,1,0,0,0,1,0,0,1,1,1,1,0,0,0,1,1,1,1,0,1,0,0};","{0,-1,-1,-1,-1,-1,-1,0,-1,-1,0,-1,-1,0,-1,-1,-1,-1,-1,-1,-1,-1,0,-1,-1,-1,-1,0,-1,-1,-1,-1,0,0,-1,-1,-1,-1,-1,-1,-1,-1,-1,-1,-1,-1,-1,0,-1,0,-1,0,-1,0,-1,-1,-1,-1,-1,-1,-1,-1,0,-1,-1,0,-1,-1,-1,-1,-1,-1,-1,-1,-1,-1,-1,-1,0,0,-1,0,-1,-1,-1,-1,-1,-1,0,-1,0,-1,0,-1,-1,-1,-1,-1,-1,-1};",wr,npm
2024_05_29_acd02,acd,05/29/2024,acd02,1,water_nacl_opto,water_nacl,NA,NA,"{0,1,1,1,0,1,1,0,0,0,1,1,0,1,1,0,1,0,0,0,0,0,1,1,0,1,0,1,0,1,1,0,1,1,1,0,0,1,0,0,0,1,0,1,1,1,0,0,1,0,1,1,0,1,1,0,0,1,0,0,1,1,1,1,0,1,0,0,0,0,1,0,0,1,0,1,0,1,0,1,1,0,0,0,1,1,0,1,0,1,1,1,0,1,1,0,1,0,0,0};","{-1,0,-1,-1,-1,-1,-1,-1,-1,0,-1,-1,-1,-1,0,0,-1,-1,-1,-1,0,-1,-1,-1,-1,-1,-1,-1,-1,0,-1,0,-1,-1,-1,-1,-1,0,-1,-1,0,-1,-1,-1,0,-1,-1,-1,-1,-1,-1,-1,-1,0,-1,-1,0,-1,-1,-1,-1,-1,0,-1,-1,-1,-1,0,-1,-1,-1,0,-1,-1,-1,-1,-1,-1,-1,0,-1,-1,-1,0,-1,-1,-1,0,-1,-1,-1,-1,-1,-1,-1,0,0,-1,-1,-1};",wr,npm
2024_05_29_acd03,acd,05/29/2024,acd03,1,water_nacl_opto,water_nacl,NA,NA,"{0,1,1,1,0,1,1,0,0,0,1,1,0,1,1,0,1,0,0,0,0,0,1,1,0,1,0,1,0,1,1,0,1,1,1,0,0,1,0,0,0,1,0,1,1,1,0,0,1,0,1,1,0,1,1,0,0,1,0,0,1,1,1,1,0,1,0,0,0,0,1,0,0,1,0,1,0,1,0,1,1,0,0,0,1,1,0,1,0,1,1,1,0,1,1,0,1,0,0,0};","{-1,0,-1,-1,-1,-1,-1,-1,-1,0,-1,-1,-1,-1,0,0,-1,-1,-1,-1,0,-1,-1,-1,-1,-1,-1,-1,-1,0,-1,0,-1,-1,-1,-1,-1,0,-1,-1,0,-1,-1,-1,0,-1,-1,-1,-1,-1,-1,-1,-1,0,-1,-1,0,-1,-1,-1,-1,-1,0,-1,-1,-1,-1,0,-1,-1,-1,0,-1,-1,-1,-1,-1,-1,-1,0,-1,-1,-1,0,-1,-1,-1,0,-1,-1,-1,-1,-1,-1,-1,0,0,-1,-1,-1};",wr,npm
2024_05_29_acd04,acd,05/29/2024,acd04,1,water_nacl_opto,water_nacl,NA,NA,"{1,1,0,1,1,0,0,0,0,1,1,0,0,1,0,0,1,1,0,1,1,0,1,0,1,1,0,1,0,0,1,0,0,1,0,1,0,1,0,1,1,0,0,0,1,1,0,1,1,0,0,1,0,1,1,0,1,0,1,0,1,1,1,1,0,0,0,0,0,1,1,0,1,1,0,0,0,1,0,1,1,0,1,0,1,0,1,0,0,1,1,1,0,0,1,0,0,0,1,1};","{-1,-1,-1,-1,0,-1,-1,-1,0,-1,-1,-1,-1,-1,-1,0,0,-1,-1,-1,-1,-1,-1,-1,-1,-1,-1,0,-1,0,-1,-1,-1,0,0,-1,-1,-1,-1,-1,-1,-1,0,-1,0,-1,-1,-1,-1,-1,-1,-1,-1,-1,-1,-1,0,0,-1,-1,-1,-1,0,-1,-1,-1,-1,0,-1,-1,0,-1,-1,-1,-1,0,-1,-1,-1,-1,-1,-1,-1,-1,-1,0,-1,-1,-1,0,-1,0,-1,-1,-1,-1,0,-1,-1,-1};",wr,npm
2024_05_29_acd05,acd,05/29/2024,acd05,1,water_nacl_opto,water_nacl,NA,NA,"{1,1,0,1,1,0,0,0,1,0,1,0,1,1,0,1,1,0,0,0,1,0,1,0,1,1,0,0,0,1,0,0,1,1,0,1,1,0,1,0,1,1,1,0,1,1,0,0,0,0,0,0,1,0,1,1,0,0,1,1,0,0,1,0,0,1,0,1,1,1,1,1,1,1,0,0,1,0,0,0,1,0,0,1,0,1,0,0,1,1,1,0,0,0,1,0,1,0,1,1};","{-1,-1,-1,-1,0,-1,-1,0,-1,-1,-1,-1,-1,-1,0,0,-1,-1,-1,-1,-1,-1,-1,-1,0,-1,0,-1,-1,-1,-1,-1,0,-1,-1,-1,-1,-1,-1,0,0,-1,-1,-1,-1,-1,-1,-1,0,-1,-1,0,-1,-1,-1,-1,-1,-1,0,-1,-1,-1,-1,-1,-1,-1,0,-1,-1,0,-1,-1,0,-1,-1,-1,-1,0,-1,-1,0,-1,-1,-1,-1,-1,0,-1,-1,-1,-1,-1,-1,-1,-1,-1,0,0,-1,-1};",wr,npm
2024_05_29_acd06,acd,05/29/2024,acd06,1,water_nacl_opto,water_nacl,NA,NA,"{0,1,0,0,1,0,1,1,0,1,1,1,0,0,0,1,1,0,1,0,1,0,0,0,1,0,1,1,1,0,0,1,0,1,0,0,1,1,1,0,1,0,1,0,0,0,1,0,1,1,0,1,1,0,0,0,1,0,1,1,1,0,1,1,0,0,1,0,0,1,1,0,1,1,1,0,0,0,1,0,0,0,1,0,0,1,1,1,1,0,0,0,1,1,1,1,0,1,0,0};","{0,-1,-1,-1,-1,-1,-1,0,-1,-1,0,-1,-1,0,-1,-1,-1,-1,-1,-1,-1,-1,0,-1,-1,-1,-1,0,-1,-1,-1,-1,0,0,-1,-1,-1,-1,-1,-1,-1,-1,-1,-1,-1,-1,-1,0,-1,0,-1,0,-1,0,-1,-1,-1,-1,-1,-1,-1,-1,0,-1,-1,0,-1,-1,-1,-1,-1,-1,-1,-1,-1,-1,-1,-1,0,0,-1,0,-1,-1,-1,-1,-1,-1,0,-1,0,-1,0,-1,-1,-1,-1,-1,-1,-1};",wr,npm
2024_05_29_acd07,acd,05/29/2024,acd07,1,water_nacl_opto,water_nacl,NA,NA,"{1,1,0,1,1,0,0,0,1,0,1,0,1,1,0,1,1,0,0,0,1,0,1,0,1,1,0,0,0,1,0,0,1,1,0,1,1,0,1,0,1,1,1,0,1,1,0,0,0,0,0,0,1,0,1,1,0,0,1,1,0,0,1,0,0,1,0,1,1,1,1,1,1,1,0,0,1,0,0,0,1,0,0,1,0,1,0,0,1,1,1,0,0,0,1,0,1,0,1,1};","{-1,-1,-1,-1,0,-1,-1,0,-1,-1,-1,-1,-1,-1,0,0,-1,-1,-1,-1,-1,-1,-1,-1,0,-1,0,-1,-1,-1,-1,-1,0,-1,-1,-1,-1,-1,-1,0,0,-1,-1,-1,-1,-1,-1,-1,0,-1,-1,0,-1,-1,-1,-1,-1,-1,0,-1,-1,-1,-1,-1,-1,-1,0,-1,-1,0,-1,-1,0,-1,-1,-1,-1,0,-1,-1,0,-1,-1,-1,-1,-1,0,-1,-1,-1,-1,-1,-1,-1,-1,-1,0,0,-1,-1};",wr,npm
2024_05_29_acd08,acd,05/29/2024,acd08,1,water_nacl_opto,water_nacl,NA,NA,"{1,1,0,1,1,0,0,0,0,1,1,0,0,1,0,0,1,1,0,1,1,0,1,0,1,1,0,1,0,0,1,0,0,1,0,1,0,1,0,1,1,0,0,0,1,1,0,1,1,0,0,1,0,1,1,0,1,0,1,0,1,1,1,1,0,0,0,0,0,1,1,0,1,1,0,0,0,1,0,1,1,0,1,0,1,0,1,0,0,1,1,1,0,0,1,0,0,0,1,1};","{-1,-1,-1,-1,0,-1,-1,-1,0,-1,-1,-1,-1,-1,-1,0,0,-1,-1,-1,-1,-1,-1,-1,-1,-1,-1,0,-1,0,-1,-1,-1,0,0,-1,-1,-1,-1,-1,-1,-1,0,-1,0,-1,-1,-1,-1,-1,-1,-1,-1,-1,-1,-1,0,0,-1,-1,-1,-1,0,-1,-1,-1,-1,0,-1,-1,0,-1,-1,-1,-1,0,-1,-1,-1,-1,-1,-1,-1,-1,-1,0,-1,-1,-1,0,-1,0,-1,-1,-1,-1,0,-1,-1,-1};",wr,npm
2024_05_29_acd09,acd,05/29/2024,acd09,1,water_nacl_opto,water_nacl,NA,NA,"{0,1,0,0,1,0,1,1,0,1,1,1,0,0,0,1,1,0,1,0,1,0,0,0,1,0,1,1,1,0,0,1,0,1,0,0,1,1,1,0,1,0,1,0,0,0,1,0,1,1,0,1,1,0,0,0,1,0,1,1,1,0,1,1,0,0,1,0,0,1,1,0,1,1,1,0,0,0,1,0,0,0,1,0,0,1,1,1,1,0,0,0,1,1,1,1,0,1,0,0};","{0,-1,-1,-1,-1,-1,-1,0,-1,-1,0,-1,-1,0,-1,-1,-1,-1,-1,-1,-1,-1,0,-1,-1,-1,-1,0,-1,-1,-1,-1,0,0,-1,-1,-1,-1,-1,-1,-1,-1,-1,-1,-1,-1,-1,0,-1,0,-1,0,-1,0,-1,-1,-1,-1,-1,-1,-1,-1,0,-1,-1,0,-1,-1,-1,-1,-1,-1,-1,-1,-1,-1,-1,-1,0,0,-1,0,-1,-1,-1,-1,-1,-1,0,-1,0,-1,0,-1,-1,-1,-1,-1,-1,-1};",wr,npm
2024_05_29_acd10,acd,05/29/2024,acd10,1,water_nacl_opto,water_nacl,NA,NA,"{0,1,1,1,0,1,1,0,0,0,1,1,0,1,1,0,1,0,0,0,0,0,1,1,0,1,0,1,0,1,1,0,1,1,1,0,0,1,0,0,0,1,0,1,1,1,0,0,1,0,1,1,0,1,1,0,0,1,0,0,1,1,1,1,0,1,0,0,0,0,1,0,0,1,0,1,0,1,0,1,1,0,0,0,1,1,0,1,0,1,1,1,0,1,1,0,1,0,0,0};","{-1,0,-1,-1,-1,-1,-1,-1,-1,0,-1,-1,-1,-1,0,0,-1,-1,-1,-1,0,-1,-1,-1,-1,-1,-1,-1,-1,0,-1,0,-1,-1,-1,-1,-1,0,-1,-1,0,-1,-1,-1,0,-1,-1,-1,-1,-1,-1,-1,-1,0,-1,-1,0,-1,-1,-1,-1,-1,0,-1,-1,-1,-1,0,-1,-1,-1,0,-1,-1,-1,-1,-1,-1,-1,0,-1,-1,-1,0,-1,-1,-1,0,-1,-1,-1,-1,-1,-1,-1,0,0,-1,-1,-1};",wr,npm
2024_05_29_acd11,acd,05/29/2024,acd11,1,water_nacl_opto,water_nacl,NA,NA,"{0,1,0,1,0,0,1,0,1,1,0,1,1,0,0,0,1,1,0,1,0,0,1,0,1,1,1,0,1,0,1,0,1,0,1,1,1,0,0,0,0,1,1,1,0,1,1,0,0,0,1,0,0,1,1,1,1,0,0,0,0,1,1,0,0,0,1,1,1,0,1,1,1,0,0,1,0,0,1,0,0,1,1,1,1,0,0,0,1,0,1,1,0,0,1,0,1,0,0,1};","{-1,-1,0,-1,-1,-1,-1,-1,-1,0,-1,0,-1,0,-1,-1,-1,-1,-1,-1,-1,-1,-1,-1,-1,-1,0,-1,-1,0,-1,-1,-1,-1,-1,-1,0,0,-1,-1,-1,-1,-1,-1,-1,0,-1,-1,0,-1,-1,-1,-1,-1,-1,0,-1,-1,-1,0,-1,-1,-1,0,-1,-1,-1,-1,0,-1,0,-1,-1,0,-1,-1,-1,-1,-1,-1,-1,0,-1,-1,-1,-1,-1,0,-1,-1,-1,-1,-1,-1,-1,0,-1,-1,-1,0};",wr,npm
2024_05_29_acd12,acd,05/29/2024,acd12,1,water_nacl_opto,water_nacl,NA,NA,"{0,0,1,1,1,0,0,1,1,0,0,1,1,0,1,0,1,0,0,1,0,1,0,1,1,1,0,1,0,0,0,1,0,1,1,0,0,1,0,1,1,1,0,0,1,0,1,0,1,0,1,1,0,1,0,0,0,0,1,1,1,0,1,0,0,1,0,1,1,0,1,0,1,0,1,1,0,1,0,0,0,1,1,1,0,0,0,1,1,0,1,1,0,1,1,0,0,0,1,0};","{-1,-1,-1,-1,-1,0,-1,-1,0,-1,-1,0,-1,-1,-1,-1,-1,0,-1,-1,-1,-1,-1,0,-1,-1,0,-1,-1,-1,0,-1,-1,-1,-1,-1,-1,-1,-1,0,0,-1,-1,-1,-1,-1,-1,0,-1,-1,-1,-1,-1,-1,-1,-1,-1,0,-1,0,0,0,-1,-1,-1,-1,-1,-1,-1,-1,0,0,-1,-1,-1,-1,-1,-1,-1,-1,0,-1,-1,0,-1,-1,-1,-1,-1,-1,-1,0,-1,-1,-1,0,-1,-1,-1,-1};",wr,npm
2024_05_29_acd13,acd,05/29/2024,acd13,1,water_nacl_opto,water_nacl,NA,NA,"{1,1,0,1,1,0,0,0,0,1,1,0,0,1,0,0,1,1,0,1,1,0,1,0,1,1,0,1,0,0,1,0,0,1,0,1,0,1,0,1,1,0,0,0,1,1,0,1,1,0,0,1,0,1,1,0,1,0,1,0,1,1,1,1,0,0,0,0,0,1,1,0,1,1,0,0,0,1,0,1,1,0,1,0,1,0,1,0,0,1,1,1,0,0,1,0,0,0,1,1};","{-1,-1,-1,-1,0,-1,-1,-1,0,-1,-1,-1,-1,-1,-1,0,0,-1,-1,-1,-1,-1,-1,-1,-1,-1,-1,0,-1,0,-1,-1,-1,0,0,-1,-1,-1,-1,-1,-1,-1,0,-1,0,-1,-1,-1,-1,-1,-1,-1,-1,-1,-1,-1,0,0,-1,-1,-1,-1,0,-1,-1,-1,-1,0,-1,-1,0,-1,-1,-1,-1,0,-1,-1,-1,-1,-1,-1,-1,-1,-1,0,-1,-1,-1,0,-1,0,-1,-1,-1,-1,0,-1,-1,-1};",wr,npm
2024_05_29_acd14,acd,05/29/2024,acd14,1,water_nacl_opto,water_nacl,NA,NA,"{1,1,0,1,1,0,0,0,1,0,1,0,1,1,0,1,1,0,0,0,1,0,1,0,1,1,0,0,0,1,0,0,1,1,0,1,1,0,1,0,1,1,1,0,1,1,0,0,0,0,0,0,1,0,1,1,0,0,1,1,0,0,1,0,0,1,0,1,1,1,1,1,1,1,0,0,1,0,0,0,1,0,0,1,0,1,0,0,1,1,1,0,0,0,1,0,1,0,1,1};","{-1,-1,-1,-1,0,-1,-1,0,-1,-1,-1,-1,-1,-1,0,0,-1,-1,-1,-1,-1,-1,-1,-1,0,-1,0,-1,-1,-1,-1,-1,0,-1,-1,-1,-1,-1,-1,0,0,-1,-1,-1,-1,-1,-1,-1,0,-1,-1,0,-1,-1,-1,-1,-1,-1,0,-1,-1,-1,-1,-1,-1,-1,0,-1,-1,0,-1,-1,0,-1,-1,-1,-1,0,-1,-1,0,-1,-1,-1,-1,-1,0,-1,-1,-1,-1,-1,-1,-1,-1,-1,0,0,-1,-1};",wr,npm
2024_05_30_acd01,acd,05/30/2024,acd01,1,water_nacl_opto,water_nacl,NA,NA,"{0,1,1,1,0,1,1,0,0,0,1,1,0,1,1,0,1,0,0,0,0,0,1,1,0,1,0,1,0,1,1,0,1,1,1,0,0,1,0,0,0,1,0,1,1,1,0,0,1,0,1,1,0,1,1,0,0,1,0,0,1,1,1,1,0,1,0,0,0,0,1,0,0,1,0,1,0,1,0,1,1,0,0,0,1,1,0,1,0,1,1,1,0,1,1,0,1,0,0,0};","{-1,0,-1,-1,-1,-1,-1,-1,-1,0,-1,-1,-1,-1,0,0,-1,-1,-1,-1,0,-1,-1,-1,-1,-1,-1,-1,-1,0,-1,0,-1,-1,-1,-1,-1,0,-1,-1,0,-1,-1,-1,0,-1,-1,-1,-1,-1,-1,-1,-1,0,-1,-1,0,-1,-1,-1,-1,-1,0,-1,-1,-1,-1,0,-1,-1,-1,0,-1,-1,-1,-1,-1,-1,-1,0,-1,-1,-1,0,-1,-1,-1,0,-1,-1,-1,-1,-1,-1,-1,0,0,-1,-1,-1};",wr,npm
2024_05_30_acd02,acd,05/30/2024,acd02,1,water_nacl_opto,water_nacl,NA,NA,"{1,1,0,1,1,0,0,0,0,1,1,0,0,1,0,0,1,1,0,1,1,0,1,0,1,1,0,1,0,0,1,0,0,1,0,1,0,1,0,1,1,0,0,0,1,1,0,1,1,0,0,1,0,1,1,0,1,0,1,0,1,1,1,1,0,0,0,0,0,1,1,0,1,1,0,0,0,1,0,1,1,0,1,0,1,0,1,0,0,1,1,1,0,0,1,0,0,0,1,1};","{-1,-1,-1,-1,0,-1,-1,-1,0,-1,-1,-1,-1,-1,-1,0,0,-1,-1,-1,-1,-1,-1,-1,-1,-1,-1,0,-1,0,-1,-1,-1,0,0,-1,-1,-1,-1,-1,-1,-1,0,-1,0,-1,-1,-1,-1,-1,-1,-1,-1,-1,-1,-1,0,0,-1,-1,-1,-1,0,-1,-1,-1,-1,0,-1,-1,0,-1,-1,-1,-1,0,-1,-1,-1,-1,-1,-1,-1,-1,-1,0,-1,-1,-1,0,-1,0,-1,-1,-1,-1,0,-1,-1,-1};",wr,npm
2024_05_30_acd03,acd,05/30/2024,acd03,1,water_nacl_opto,water_nacl,NA,NA,"{1,1,0,1,1,0,0,0,1,0,1,0,1,1,0,1,1,0,0,0,1,0,1,0,1,1,0,0,0,1,0,0,1,1,0,1,1,0,1,0,1,1,1,0,1,1,0,0,0,0,0,0,1,0,1,1,0,0,1,1,0,0,1,0,0,1,0,1,1,1,1,1,1,1,0,0,1,0,0,0,1,0,0,1,0,1,0,0,1,1,1,0,0,0,1,0,1,0,1,1};","{-1,-1,-1,-1,0,-1,-1,0,-1,-1,-1,-1,-1,-1,0,0,-1,-1,-1,-1,-1,-1,-1,-1,0,-1,0,-1,-1,-1,-1,-1,0,-1,-1,-1,-1,-1,-1,0,0,-1,-1,-1,-1,-1,-1,-1,0,-1,-1,0,-1,-1,-1,-1,-1,-1,0,-1,-1,-1,-1,-1,-1,-1,0,-1,-1,0,-1,-1,0,-1,-1,-1,-1,0,-1,-1,0,-1,-1,-1,-1,-1,0,-1,-1,-1,-1,-1,-1,-1,-1,-1,0,0,-1,-1};",wr,npm
2024_05_30_acd04,acd,05/30/2024,acd04,1,water_nacl_opto,water_nacl,NA,NA,"{0,1,0,0,1,0,1,1,0,1,1,1,0,0,0,1,1,0,1,0,1,0,0,0,1,0,1,1,1,0,0,1,0,1,0,0,1,1,1,0,1,0,1,0,0,0,1,0,1,1,0,1,1,0,0,0,1,0,1,1,1,0,1,1,0,0,1,0,0,1,1,0,1,1,1,0,0,0,1,0,0,0,1,0,0,1,1,1,1,0,0,0,1,1,1,1,0,1,0,0};","{0,-1,-1,-1,-1,-1,-1,0,-1,-1,0,-1,-1,0,-1,-1,-1,-1,-1,-1,-1,-1,0,-1,-1,-1,-1,0,-1,-1,-1,-1,0,0,-1,-1,-1,-1,-1,-1,-1,-1,-1,-1,-1,-1,-1,0,-1,0,-1,0,-1,0,-1,-1,-1,-1,-1,-1,-1,-1,0,-1,-1,0,-1,-1,-1,-1,-1,-1,-1,-1,-1,-1,-1,-1,0,0,-1,0,-1,-1,-1,-1,-1,-1,0,-1,0,-1,0,-1,-1,-1,-1,-1,-1,-1};",wr,npm
2024_05_30_acd05,acd,05/30/2024,acd05,1,water_nacl_opto,water_nacl,NA,NA,"{1,1,0,1,1,0,0,0,1,0,1,0,1,1,0,1,1,0,0,0,1,0,1,0,1,1,0,0,0,1,0,0,1,1,0,1,1,0,1,0,1,1,1,0,1,1,0,0,0,0,0,0,1,0,1,1,0,0,1,1,0,0,1,0,0,1,0,1,1,1,1,1,1,1,0,0,1,0,0,0,1,0,0,1,0,1,0,0,1,1,1,0,0,0,1,0,1,0,1,1};","{-1,-1,-1,-1,0,-1,-1,0,-1,-1,-1,-1,-1,-1,0,0,-1,-1,-1,-1,-1,-1,-1,-1,0,-1,0,-1,-1,-1,-1,-1,0,-1,-1,-1,-1,-1,-1,0,0,-1,-1,-1,-1,-1,-1,-1,0,-1,-1,0,-1,-1,-1,-1,-1,-1,0,-1,-1,-1,-1,-1,-1,-1,0,-1,-1,0,-1,-1,0,-1,-1,-1,-1,0,-1,-1,0,-1,-1,-1,-1,-1,0,-1,-1,-1,-1,-1,-1,-1,-1,-1,0,0,-1,-1};",wr,npm
2024_05_30_acd06,acd,05/30/2024,acd06,1,water_nacl_opto,water_nacl,NA,NA,"{1,1,0,1,1,0,0,0,0,1,1,0,0,1,0,0,1,1,0,1,1,0,1,0,1,1,0,1,0,0,1,0,0,1,0,1,0,1,0,1,1,0,0,0,1,1,0,1,1,0,0,1,0,1,1,0,1,0,1,0,1,1,1,1,0,0,0,0,0,1,1,0,1,1,0,0,0,1,0,1,1,0,1,0,1,0,1,0,0,1,1,1,0,0,1,0,0,0,1,1};","{-1,-1,-1,-1,0,-1,-1,-1,0,-1,-1,-1,-1,-1,-1,0,0,-1,-1,-1,-1,-1,-1,-1,-1,-1,-1,0,-1,0,-1,-1,-1,0,0,-1,-1,-1,-1,-1,-1,-1,0,-1,0,-1,-1,-1,-1,-1,-1,-1,-1,-1,-1,-1,0,0,-1,-1,-1,-1,0,-1,-1,-1,-1,0,-1,-1,0,-1,-1,-1,-1,0,-1,-1,-1,-1,-1,-1,-1,-1,-1,0,-1,-1,-1,0,-1,0,-1,-1,-1,-1,0,-1,-1,-1};",wr,npm
2024_05_30_acd07,acd,05/30/2024,acd07,1,water_nacl_opto,water_nacl,NA,NA,"{0,1,0,0,1,0,1,1,0,1,1,1,0,0,0,1,1,0,1,0,1,0,0,0,1,0,1,1,1,0,0,1,0,1,0,0,1,1,1,0,1,0,1,0,0,0,1,0,1,1,0,1,1,0,0,0,1,0,1,1,1,0,1,1,0,0,1,0,0,1,1,0,1,1,1,0,0,0,1,0,0,0,1,0,0,1,1,1,1,0,0,0,1,1,1,1,0,1,0,0};","{0,-1,-1,-1,-1,-1,-1,0,-1,-1,0,-1,-1,0,-1,-1,-1,-1,-1,-1,-1,-1,0,-1,-1,-1,-1,0,-1,-1,-1,-1,0,0,-1,-1,-1,-1,-1,-1,-1,-1,-1,-1,-1,-1,-1,0,-1,0,-1,0,-1,0,-1,-1,-1,-1,-1,-1,-1,-1,0,-1,-1,0,-1,-1,-1,-1,-1,-1,-1,-1,-1,-1,-1,-1,0,0,-1,0,-1,-1,-1,-1,-1,-1,0,-1,0,-1,0,-1,-1,-1,-1,-1,-1,-1};",wr,npm
2024_05_30_acd08,acd,05/30/2024,acd08,1,water_nacl_opto,water_nacl,NA,NA,"{0,1,1,1,0,1,1,0,0,0,1,1,0,1,1,0,1,0,0,0,0,0,1,1,0,1,0,1,0,1,1,0,1,1,1,0,0,1,0,0,0,1,0,1,1,1,0,0,1,0,1,1,0,1,1,0,0,1,0,0,1,1,1,1,0,1,0,0,0,0,1,0,0,1,0,1,0,1,0,1,1,0,0,0,1,1,0,1,0,1,1,1,0,1,1,0,1,0,0,0};","{-1,0,-1,-1,-1,-1,-1,-1,-1,0,-1,-1,-1,-1,0,0,-1,-1,-1,-1,0,-1,-1,-1,-1,-1,-1,-1,-1,0,-1,0,-1,-1,-1,-1,-1,0,-1,-1,0,-1,-1,-1,0,-1,-1,-1,-1,-1,-1,-1,-1,0,-1,-1,0,-1,-1,-1,-1,-1,0,-1,-1,-1,-1,0,-1,-1,-1,0,-1,-1,-1,-1,-1,-1,-1,0,-1,-1,-1,0,-1,-1,-1,0,-1,-1,-1,-1,-1,-1,-1,0,0,-1,-1,-1};",wr,npm
2024_05_30_acd09,acd,05/30/2024,acd09,1,water_nacl_opto,water_nacl,NA,NA,"{0,1,0,1,0,0,1,0,1,1,0,1,1,0,0,0,1,1,0,1,0,0,1,0,1,1,1,0,1,0,1,0,1,0,1,1,1,0,0,0,0,1,1,1,0,1,1,0,0,0,1,0,0,1,1,1,1,0,0,0,0,1,1,0,0,0,1,1,1,0,1,1,1,0,0,1,0,0,1,0,0,1,1,1,1,0,0,0,1,0,1,1,0,0,1,0,1,0,0,1};","{-1,-1,0,-1,-1,-1,-1,-1,-1,0,-1,0,-1,0,-1,-1,-1,-1,-1,-1,-1,-1,-1,-1,-1,-1,0,-1,-1,0,-1,-1,-1,-1,-1,-1,0,0,-1,-1,-1,-1,-1,-1,-1,0,-1,-1,0,-1,-1,-1,-1,-1,-1,0,-1,-1,-1,0,-1,-1,-1,0,-1,-1,-1,-1,0,-1,0,-1,-1,0,-1,-1,-1,-1,-1,-1,-1,0,-1,-1,-1,-1,-1,0,-1,-1,-1,-1,-1,-1,-1,0,-1,-1,-1,0};",wr,npm
2024_05_30_acd10,acd,05/30/2024,acd10,1,water_nacl_opto,water_nacl,NA,NA,"{0,0,1,1,1,0,0,1,1,0,0,1,1,0,1,0,1,0,0,1,0,1,0,1,1,1,0,1,0,0,0,1,0,1,1,0,0,1,0,1,1,1,0,0,1,0,1,0,1,0,1,1,0,1,0,0,0,0,1,1,1,0,1,0,0,1,0,1,1,0,1,0,1,0,1,1,0,1,0,0,0,1,1,1,0,0,0,1,1,0,1,1,0,1,1,0,0,0,1,0};","{-1,-1,-1,-1,-1,0,-1,-1,0,-1,-1,0,-1,-1,-1,-1,-1,0,-1,-1,-1,-1,-1,0,-1,-1,0,-1,-1,-1,0,-1,-1,-1,-1,-1,-1,-1,-1,0,0,-1,-1,-1,-1,-1,-1,0,-1,-1,-1,-1,-1,-1,-1,-1,-1,0,-1,0,0,0,-1,-1,-1,-1,-1,-1,-1,-1,0,0,-1,-1,-1,-1,-1,-1,-1,-1,0,-1,-1,0,-1,-1,-1,-1,-1,-1,-1,0,-1,-1,-1,0,-1,-1,-1,-1};",wr,npm
2024_05_30_acd11,acd,05/30/2024,acd11,1,water_nacl_opto,water_nacl,NA,NA,"{1,1,0,1,1,0,0,0,0,1,1,0,0,1,0,0,1,1,0,1,1,0,1,0,1,1,0,1,0,0,1,0,0,1,0,1,0,1,0,1,1,0,0,0,1,1,0,1,1,0,0,1,0,1,1,0,1,0,1,0,1,1,1,1,0,0,0,0,0,1,1,0,1,1,0,0,0,1,0,1,1,0,1,0,1,0,1,0,0,1,1,1,0,0,1,0,0,0,1,1};","{-1,-1,-1,-1,0,-1,-1,-1,0,-1,-1,-1,-1,-1,-1,0,0,-1,-1,-1,-1,-1,-1,-1,-1,-1,-1,0,-1,0,-1,-1,-1,0,0,-1,-1,-1,-1,-1,-1,-1,0,-1,0,-1,-1,-1,-1,-1,-1,-1,-1,-1,-1,-1,0,0,-1,-1,-1,-1,0,-1,-1,-1,-1,0,-1,-1,0,-1,-1,-1,-1,0,-1,-1,-1,-1,-1,-1,-1,-1,-1,0,-1,-1,-1,0,-1,0,-1,-1,-1,-1,0,-1,-1,-1};",wr,npm
2024_05_30_acd12,acd,05/30/2024,acd12,1,water_nacl_opto,water_nacl,NA,NA,"{1,1,0,1,1,0,0,0,1,0,1,0,1,1,0,1,1,0,0,0,1,0,1,0,1,1,0,0,0,1,0,0,1,1,0,1,1,0,1,0,1,1,1,0,1,1,0,0,0,0,0,0,1,0,1,1,0,0,1,1,0,0,1,0,0,1,0,1,1,1,1,1,1,1,0,0,1,0,0,0,1,0,0,1,0,1,0,0,1,1,1,0,0,0,1,0,1,0,1,1};","{-1,-1,-1,-1,0,-1,-1,0,-1,-1,-1,-1,-1,-1,0,0,-1,-1,-1,-1,-1,-1,-1,-1,0,-1,0,-1,-1,-1,-1,-1,0,-1,-1,-1,-1,-1,-1,0,0,-1,-1,-1,-1,-1,-1,-1,0,-1,-1,0,-1,-1,-1,-1,-1,-1,0,-1,-1,-1,-1,-1,-1,-1,0,-1,-1,0,-1,-1,0,-1,-1,-1,-1,0,-1,-1,0,-1,-1,-1,-1,-1,0,-1,-1,-1,-1,-1,-1,-1,-1,-1,0,0,-1,-1};",wr,npm
2024_05_30_acd13,acd,05/30/2024,acd13,1,water_nacl_opto,water_nacl,NA,NA,"{0,1,0,0,1,0,1,1,0,1,1,1,0,0,0,1,1,0,1,0,1,0,0,0,1,0,1,1,1,0,0,1,0,1,0,0,1,1,1,0,1,0,1,0,0,0,1,0,1,1,0,1,1,0,0,0,1,0,1,1,1,0,1,1,0,0,1,0,0,1,1,0,1,1,1,0,0,0,1,0,0,0,1,0,0,1,1,1,1,0,0,0,1,1,1,1,0,1,0,0};","{0,-1,-1,-1,-1,-1,-1,0,-1,-1,0,-1,-1,0,-1,-1,-1,-1,-1,-1,-1,-1,0,-1,-1,-1,-1,0,-1,-1,-1,-1,0,0,-1,-1,-1,-1,-1,-1,-1,-1,-1,-1,-1,-1,-1,0,-1,0,-1,0,-1,0,-1,-1,-1,-1,-1,-1,-1,-1,0,-1,-1,0,-1,-1,-1,-1,-1,-1,-1,-1,-1,-1,-1,-1,0,0,-1,0,-1,-1,-1,-1,-1,-1,0,-1,0,-1,0,-1,-1,-1,-1,-1,-1,-1};",wr,npm
2024_05_30_acd14,acd,05/30/2024,acd14,1,water_nacl_opto,water_nacl,NA,NA,"{0,1,1,1,0,1,1,0,0,0,1,1,0,1,1,0,1,0,0,0,0,0,1,1,0,1,0,1,0,1,1,0,1,1,1,0,0,1,0,0,0,1,0,1,1,1,0,0,1,0,1,1,0,1,1,0,0,1,0,0,1,1,1,1,0,1,0,0,0,0,1,0,0,1,0,1,0,1,0,1,1,0,0,0,1,1,0,1,0,1,1,1,0,1,1,0,1,0,0,0};","{-1,0,-1,-1,-1,-1,-1,-1,-1,0,-1,-1,-1,-1,0,0,-1,-1,-1,-1,0,-1,-1,-1,-1,-1,-1,-1,-1,0,-1,0,-1,-1,-1,-1,-1,0,-1,-1,0,-1,-1,-1,0,-1,-1,-1,-1,-1,-1,-1,-1,0,-1,-1,0,-1,-1,-1,-1,-1,0,-1,-1,-1,-1,0,-1,-1,-1,0,-1,-1,-1,-1,-1,-1,-1,0,-1,-1,-1,0,-1,-1,-1,0,-1,-1,-1,-1,-1,-1,-1,0,0,-1,-1,-1};",wr,npm
2024_05_31_acd01,acd,05/31/2024,acd01,1,water_nacl_opto,water_nacl,NA,NA,"{1,1,0,1,1,0,0,0,0,1,1,0,0,1,0,0,1,1,0,1,1,0,1,0,1,1,0,1,0,0,1,0,0,1,0,1,0,1,0,1,1,0,0,0,1,1,0,1,1,0,0,1,0,1,1,0,1,0,1,0,1,1,1,1,0,0,0,0,0,1,1,0,1,1,0,0,0,1,0,1,1,0,1,0,1,0,1,0,0,1,1,1,0,0,1,0,0,0,1,1};","{-1,-1,-1,-1,0,-1,-1,-1,0,-1,-1,-1,-1,-1,-1,0,0,-1,-1,-1,-1,-1,-1,-1,-1,-1,-1,0,-1,0,-1,-1,-1,0,0,-1,-1,-1,-1,-1,-1,-1,0,-1,0,-1,-1,-1,-1,-1,-1,-1,-1,-1,-1,-1,0,0,-1,-1,-1,-1,0,-1,-1,-1,-1,0,-1,-1,0,-1,-1,-1,-1,0,-1,-1,-1,-1,-1,-1,-1,-1,-1,0,-1,-1,-1,0,-1,0,-1,-1,-1,-1,0,-1,-1,-1};",wr,npm
2024_05_31_acd02,acd,05/31/2024,acd02,1,water_nacl_opto,water_nacl,NA,NA,"{1,1,0,1,1,0,0,0,1,0,1,0,1,1,0,1,1,0,0,0,1,0,1,0,1,1,0,0,0,1,0,0,1,1,0,1,1,0,1,0,1,1,1,0,1,1,0,0,0,0,0,0,1,0,1,1,0,0,1,1,0,0,1,0,0,1,0,1,1,1,1,1,1,1,0,0,1,0,0,0,1,0,0,1,0,1,0,0,1,1,1,0,0,0,1,0,1,0,1,1};","{-1,-1,-1,-1,0,-1,-1,0,-1,-1,-1,-1,-1,-1,0,0,-1,-1,-1,-1,-1,-1,-1,-1,0,-1,0,-1,-1,-1,-1,-1,0,-1,-1,-1,-1,-1,-1,0,0,-1,-1,-1,-1,-1,-1,-1,0,-1,-1,0,-1,-1,-1,-1,-1,-1,0,-1,-1,-1,-1,-1,-1,-1,0,-1,-1,0,-1,-1,0,-1,-1,-1,-1,0,-1,-1,0,-1,-1,-1,-1,-1,0,-1,-1,-1,-1,-1,-1,-1,-1,-1,0,0,-1,-1};",wr,npm
2024_05_31_acd03,acd,05/31/2024,acd03,1,water_nacl_opto,water_nacl,NA,NA,"{0,1,0,0,1,0,1,1,0,1,1,1,0,0,0,1,1,0,1,0,1,0,0,0,1,0,1,1,1,0,0,1,0,1,0,0,1,1,1,0,1,0,1,0,0,0,1,0,1,1,0,1,1,0,0,0,1,0,1,1,1,0,1,1,0,0,1,0,0,1,1,0,1,1,1,0,0,0,1,0,0,0,1,0,0,1,1,1,1,0,0,0,1,1,1,1,0,1,0,0};","{0,-1,-1,-1,-1,-1,-1,0,-1,-1,0,-1,-1,0,-1,-1,-1,-1,-1,-1,-1,-1,0,-1,-1,-1,-1,0,-1,-1,-1,-1,0,0,-1,-1,-1,-1,-1,-1,-1,-1,-1,-1,-1,-1,-1,0,-1,0,-1,0,-1,0,-1,-1,-1,-1,-1,-1,-1,-1,0,-1,-1,0,-1,-1,-1,-1,-1,-1,-1,-1,-1,-1,-1,-1,0,0,-1,0,-1,-1,-1,-1,-1,-1,0,-1,0,-1,0,-1,-1,-1,-1,-1,-1,-1};",wr,npm
2024_05_31_acd04,acd,05/31/2024,acd04,1,water_nacl_opto,water_nacl,NA,NA,"{1,1,0,1,1,0,0,0,1,0,1,0,1,1,0,1,1,0,0,0,1,0,1,0,1,1,0,0,0,1,0,0,1,1,0,1,1,0,1,0,1,1,1,0,1,1,0,0,0,0,0,0,1,0,1,1,0,0,1,1,0,0,1,0,0,1,0,1,1,1,1,1,1,1,0,0,1,0,0,0,1,0,0,1,0,1,0,0,1,1,1,0,0,0,1,0,1,0,1,1};","{-1,-1,-1,-1,0,-1,-1,0,-1,-1,-1,-1,-1,-1,0,0,-1,-1,-1,-1,-1,-1,-1,-1,0,-1,0,-1,-1,-1,-1,-1,0,-1,-1,-1,-1,-1,-1,0,0,-1,-1,-1,-1,-1,-1,-1,0,-1,-1,0,-1,-1,-1,-1,-1,-1,0,-1,-1,-1,-1,-1,-1,-1,0,-1,-1,0,-1,-1,0,-1,-1,-1,-1,0,-1,-1,0,-1,-1,-1,-1,-1,0,-1,-1,-1,-1,-1,-1,-1,-1,-1,0,0,-1,-1};",wr,npm
2024_05_31_acd05,acd,05/31/2024,acd05,1,water_nacl_opto,water_nacl,NA,NA,"{1,1,0,1,1,0,0,0,0,1,1,0,0,1,0,0,1,1,0,1,1,0,1,0,1,1,0,1,0,0,1,0,0,1,0,1,0,1,0,1,1,0,0,0,1,1,0,1,1,0,0,1,0,1,1,0,1,0,1,0,1,1,1,1,0,0,0,0,0,1,1,0,1,1,0,0,0,1,0,1,1,0,1,0,1,0,1,0,0,1,1,1,0,0,1,0,0,0,1,1};","{-1,-1,-1,-1,0,-1,-1,-1,0,-1,-1,-1,-1,-1,-1,0,0,-1,-1,-1,-1,-1,-1,-1,-1,-1,-1,0,-1,0,-1,-1,-1,0,0,-1,-1,-1,-1,-1,-1,-1,0,-1,0,-1,-1,-1,-1,-1,-1,-1,-1,-1,-1,-1,0,0,-1,-1,-1,-1,0,-1,-1,-1,-1,0,-1,-1,0,-1,-1,-1,-1,0,-1,-1,-1,-1,-1,-1,-1,-1,-1,0,-1,-1,-1,0,-1,0,-1,-1,-1,-1,0,-1,-1,-1};",wr,npm
2024_05_31_acd06,acd,05/31/2024,acd06,1,water_nacl_opto,water_nacl,NA,NA,"{0,1,0,0,1,0,1,1,0,1,1,1,0,0,0,1,1,0,1,0,1,0,0,0,1,0,1,1,1,0,0,1,0,1,0,0,1,1,1,0,1,0,1,0,0,0,1,0,1,1,0,1,1,0,0,0,1,0,1,1,1,0,1,1,0,0,1,0,0,1,1,0,1,1,1,0,0,0,1,0,0,0,1,0,0,1,1,1,1,0,0,0,1,1,1,1,0,1,0,0};","{0,-1,-1,-1,-1,-1,-1,0,-1,-1,0,-1,-1,0,-1,-1,-1,-1,-1,-1,-1,-1,0,-1,-1,-1,-1,0,-1,-1,-1,-1,0,0,-1,-1,-1,-1,-1,-1,-1,-1,-1,-1,-1,-1,-1,0,-1,0,-1,0,-1,0,-1,-1,-1,-1,-1,-1,-1,-1,0,-1,-1,0,-1,-1,-1,-1,-1,-1,-1,-1,-1,-1,-1,-1,0,0,-1,0,-1,-1,-1,-1,-1,-1,0,-1,0,-1,0,-1,-1,-1,-1,-1,-1,-1};",wr,npm
2024_05_31_acd07,acd,05/31/2024,acd07,1,water_nacl_opto,water_nacl,NA,NA,"{0,1,1,1,0,1,1,0,0,0,1,1,0,1,1,0,1,0,0,0,0,0,1,1,0,1,0,1,0,1,1,0,1,1,1,0,0,1,0,0,0,1,0,1,1,1,0,0,1,0,1,1,0,1,1,0,0,1,0,0,1,1,1,1,0,1,0,0,0,0,1,0,0,1,0,1,0,1,0,1,1,0,0,0,1,1,0,1,0,1,1,1,0,1,1,0,1,0,0,0};","{-1,0,-1,-1,-1,-1,-1,-1,-1,0,-1,-1,-1,-1,0,0,-1,-1,-1,-1,0,-1,-1,-1,-1,-1,-1,-1,-1,0,-1,0,-1,-1,-1,-1,-1,0,-1,-1,0,-1,-1,-1,0,-1,-1,-1,-1,-1,-1,-1,-1,0,-1,-1,0,-1,-1,-1,-1,-1,0,-1,-1,-1,-1,0,-1,-1,-1,0,-1,-1,-1,-1,-1,-1,-1,0,-1,-1,-1,0,-1,-1,-1,0,-1,-1,-1,-1,-1,-1,-1,0,0,-1,-1,-1};",wr,npm
2024_05_31_acd08,acd,05/31/2024,acd08,1,water_nacl_opto,water_nacl,NA,NA,"{0,1,0,1,0,0,1,0,1,1,0,1,1,0,0,0,1,1,0,1,0,0,1,0,1,1,1,0,1,0,1,0,1,0,1,1,1,0,0,0,0,1,1,1,0,1,1,0,0,0,1,0,0,1,1,1,1,0,0,0,0,1,1,0,0,0,1,1,1,0,1,1,1,0,0,1,0,0,1,0,0,1,1,1,1,0,0,0,1,0,1,1,0,0,1,0,1,0,0,1};","{-1,-1,0,-1,-1,-1,-1,-1,-1,0,-1,0,-1,0,-1,-1,-1,-1,-1,-1,-1,-1,-1,-1,-1,-1,0,-1,-1,0,-1,-1,-1,-1,-1,-1,0,0,-1,-1,-1,-1,-1,-1,-1,0,-1,-1,0,-1,-1,-1,-1,-1,-1,0,-1,-1,-1,0,-1,-1,-1,0,-1,-1,-1,-1,0,-1,0,-1,-1,0,-1,-1,-1,-1,-1,-1,-1,0,-1,-1,-1,-1,-1,0,-1,-1,-1,-1,-1,-1,-1,0,-1,-1,-1,0};",wr,npm
2024_05_31_acd09,acd,05/31/2024,acd09,1,water_nacl_opto,water_nacl,NA,NA,"{0,0,1,1,1,0,0,1,1,0,0,1,1,0,1,0,1,0,0,1,0,1,0,1,1,1,0,1,0,0,0,1,0,1,1,0,0,1,0,1,1,1,0,0,1,0,1,0,1,0,1,1,0,1,0,0,0,0,1,1,1,0,1,0,0,1,0,1,1,0,1,0,1,0,1,1,0,1,0,0,0,1,1,1,0,0,0,1,1,0,1,1,0,1,1,0,0,0,1,0};","{-1,-1,-1,-1,-1,0,-1,-1,0,-1,-1,0,-1,-1,-1,-1,-1,0,-1,-1,-1,-1,-1,0,-1,-1,0,-1,-1,-1,0,-1,-1,-1,-1,-1,-1,-1,-1,0,0,-1,-1,-1,-1,-1,-1,0,-1,-1,-1,-1,-1,-1,-1,-1,-1,0,-1,0,0,0,-1,-1,-1,-1,-1,-1,-1,-1,0,0,-1,-1,-1,-1,-1,-1,-1,-1,0,-1,-1,0,-1,-1,-1,-1,-1,-1,-1,0,-1,-1,-1,0,-1,-1,-1,-1};",wr,npm
2024_05_31_acd10,acd,05/31/2024,acd10,1,water_nacl_opto,water_nacl,NA,NA,"{1,1,0,1,1,0,0,0,0,1,1,0,0,1,0,0,1,1,0,1,1,0,1,0,1,1,0,1,0,0,1,0,0,1,0,1,0,1,0,1,1,0,0,0,1,1,0,1,1,0,0,1,0,1,1,0,1,0,1,0,1,1,1,1,0,0,0,0,0,1,1,0,1,1,0,0,0,1,0,1,1,0,1,0,1,0,1,0,0,1,1,1,0,0,1,0,0,0,1,1};","{-1,-1,-1,-1,0,-1,-1,-1,0,-1,-1,-1,-1,-1,-1,0,0,-1,-1,-1,-1,-1,-1,-1,-1,-1,-1,0,-1,0,-1,-1,-1,0,0,-1,-1,-1,-1,-1,-1,-1,0,-1,0,-1,-1,-1,-1,-1,-1,-1,-1,-1,-1,-1,0,0,-1,-1,-1,-1,0,-1,-1,-1,-1,0,-1,-1,0,-1,-1,-1,-1,0,-1,-1,-1,-1,-1,-1,-1,-1,-1,0,-1,-1,-1,0,-1,0,-1,-1,-1,-1,0,-1,-1,-1};",wr,npm
2024_05_31_acd11,acd,05/31/2024,acd11,1,water_nacl_opto,water_nacl,NA,NA,"{1,1,0,1,1,0,0,0,1,0,1,0,1,1,0,1,1,0,0,0,1,0,1,0,1,1,0,0,0,1,0,0,1,1,0,1,1,0,1,0,1,1,1,0,1,1,0,0,0,0,0,0,1,0,1,1,0,0,1,1,0,0,1,0,0,1,0,1,1,1,1,1,1,1,0,0,1,0,0,0,1,0,0,1,0,1,0,0,1,1,1,0,0,0,1,0,1,0,1,1};","{-1,-1,-1,-1,0,-1,-1,0,-1,-1,-1,-1,-1,-1,0,0,-1,-1,-1,-1,-1,-1,-1,-1,0,-1,0,-1,-1,-1,-1,-1,0,-1,-1,-1,-1,-1,-1,0,0,-1,-1,-1,-1,-1,-1,-1,0,-1,-1,0,-1,-1,-1,-1,-1,-1,0,-1,-1,-1,-1,-1,-1,-1,0,-1,-1,0,-1,-1,0,-1,-1,-1,-1,0,-1,-1,0,-1,-1,-1,-1,-1,0,-1,-1,-1,-1,-1,-1,-1,-1,-1,0,0,-1,-1};",wr,npm
2024_05_31_acd12,acd,05/31/2024,acd12,1,water_nacl_opto,water_nacl,NA,NA,"{0,1,0,0,1,0,1,1,0,1,1,1,0,0,0,1,1,0,1,0,1,0,0,0,1,0,1,1,1,0,0,1,0,1,0,0,1,1,1,0,1,0,1,0,0,0,1,0,1,1,0,1,1,0,0,0,1,0,1,1,1,0,1,1,0,0,1,0,0,1,1,0,1,1,1,0,0,0,1,0,0,0,1,0,0,1,1,1,1,0,0,0,1,1,1,1,0,1,0,0};","{0,-1,-1,-1,-1,-1,-1,0,-1,-1,0,-1,-1,0,-1,-1,-1,-1,-1,-1,-1,-1,0,-1,-1,-1,-1,0,-1,-1,-1,-1,0,0,-1,-1,-1,-1,-1,-1,-1,-1,-1,-1,-1,-1,-1,0,-1,0,-1,0,-1,0,-1,-1,-1,-1,-1,-1,-1,-1,0,-1,-1,0,-1,-1,-1,-1,-1,-1,-1,-1,-1,-1,-1,-1,0,0,-1,0,-1,-1,-1,-1,-1,-1,0,-1,0,-1,0,-1,-1,-1,-1,-1,-1,-1};",wr,npm
2024_05_31_acd13,acd,05/31/2024,acd13,1,water_nacl_opto,water_nacl,NA,NA,"{0,1,1,1,0,1,1,0,0,0,1,1,0,1,1,0,1,0,0,0,0,0,1,1,0,1,0,1,0,1,1,0,1,1,1,0,0,1,0,0,0,1,0,1,1,1,0,0,1,0,1,1,0,1,1,0,0,1,0,0,1,1,1,1,0,1,0,0,0,0,1,0,0,1,0,1,0,1,0,1,1,0,0,0,1,1,0,1,0,1,1,1,0,1,1,0,1,0,0,0};","{-1,0,-1,-1,-1,-1,-1,-1,-1,0,-1,-1,-1,-1,0,0,-1,-1,-1,-1,0,-1,-1,-1,-1,-1,-1,-1,-1,0,-1,0,-1,-1,-1,-1,-1,0,-1,-1,0,-1,-1,-1,0,-1,-1,-1,-1,-1,-1,-1,-1,0,-1,-1,0,-1,-1,-1,-1,-1,0,-1,-1,-1,-1,0,-1,-1,-1,0,-1,-1,-1,-1,-1,-1,-1,0,-1,-1,-1,0,-1,-1,-1,0,-1,-1,-1,-1,-1,-1,-1,0,0,-1,-1,-1};",wr,npm
2024_05_31_acd14,acd,05/31/2024,acd14,1,water_nacl_opto,water_nacl,NA,NA,"{0,1,1,1,0,1,1,0,0,0,1,1,0,1,1,0,1,0,0,0,0,0,1,1,0,1,0,1,0,1,1,0,1,1,1,0,0,1,0,0,0,1,0,1,1,1,0,0,1,0,1,1,0,1,1,0,0,1,0,0,1,1,1,1,0,1,0,0,0,0,1,0,0,1,0,1,0,1,0,1,1,0,0,0,1,1,0,1,0,1,1,1,0,1,1,0,1,0,0,0};","{-1,0,-1,-1,-1,-1,-1,-1,-1,0,-1,-1,-1,-1,0,0,-1,-1,-1,-1,0,-1,-1,-1,-1,-1,-1,-1,-1,0,-1,0,-1,-1,-1,-1,-1,0,-1,-1,0,-1,-1,-1,0,-1,-1,-1,-1,-1,-1,-1,-1,0,-1,-1,0,-1,-1,-1,-1,-1,0,-1,-1,-1,-1,0,-1,-1,-1,0,-1,-1,-1,-1,-1,-1,-1,0,-1,-1,-1,0,-1,-1,-1,0,-1,-1,-1,-1,-1,-1,-1,0,0,-1,-1,-1};",wr,npm
2024_09_11_acd15,acd,09/11/2024,acd15,2,water_nacl_opto,water_nacl,NA,NA,"{1,1,0,1,1,0,0,0,0,1,1,0,0,1,0,0,1,1,0,1,1,0,1,0,1,1,0,1,0,0,1,0,0,1,0,1,0,1,0,1,1,0,0,0,1,1,0,1,1,0,0,1,0,1,1,0,1,0,1,0,1,1,1,1,0,0,0,0,0,1,1,0,1,1,0,0,0,1,0,1,1,0,1,0,1,0,1,0,0,1,1,1,0,0,1,0,0,0,1,1};","{-1,-1,-1,-1,0,-1,-1,-1,0,-1,-1,-1,-1,-1,-1,0,0,-1,-1,-1,-1,-1,-1,-1,-1,-1,-1,0,-1,0,-1,-1,-1,0,0,-1,-1,-1,-1,-1,-1,-1,0,-1,0,-1,-1,-1,-1,-1,-1,-1,-1,-1,-1,-1,0,0,-1,-1,-1,-1,0,-1,-1,-1,-1,0,-1,-1,0,-1,-1,-1,-1,0,-1,-1,-1,-1,-1,-1,-1,-1,-1,0,-1,-1,-1,0,-1,0,-1,-1,-1,-1,0,-1,-1,-1};",wr,NA
2024_09_11_acd17,acd,09/11/2024,acd17,2,water_nacl_opto,water_nacl,NA,NA,"{1,1,0,1,1,0,0,0,1,0,1,0,1,1,0,1,1,0,0,0,1,0,1,0,1,1,0,0,0,1,0,0,1,1,0,1,1,0,1,0,1,1,1,0,1,1,0,0,0,0,0,0,1,0,1,1,0,0,1,1,0,0,1,0,0,1,0,1,1,1,1,1,1,1,0,0,1,0,0,0,1,0,0,1,0,1,0,0,1,1,1,0,0,0,1,0,1,0,1,1};","{-1,-1,-1,-1,0,-1,-1,0,-1,-1,-1,-1,-1,-1,0,0,-1,-1,-1,-1,-1,-1,-1,-1,0,-1,0,-1,-1,-1,-1,-1,0,-1,-1,-1,-1,-1,-1,0,0,-1,-1,-1,-1,-1,-1,-1,0,-1,-1,0,-1,-1,-1,-1,-1,-1,0,-1,-1,-1,-1,-1,-1,-1,0,-1,-1,0,-1,-1,0,-1,-1,-1,-1,0,-1,-1,0,-1,-1,-1,-1,-1,0,-1,-1,-1,-1,-1,-1,-1,-1,-1,0,0,-1,-1};",wr,NA
2024_09_11_acd18,acd,09/11/2024,acd18,2,water_nacl_opto,water_nacl,NA,NA,"{0,1,0,0,1,0,1,1,0,1,1,1,0,0,0,1,1,0,1,0,1,0,0,0,1,0,1,1,1,0,0,1,0,1,0,0,1,1,1,0,1,0,1,0,0,0,1,0,1,1,0,1,1,0,0,0,1,0,1,1,1,0,1,1,0,0,1,0,0,1,1,0,1,1,1,0,0,0,1,0,0,0,1,0,0,1,1,1,1,0,0,0,1,1,1,1,0,1,0,0};","{0,-1,-1,-1,-1,-1,-1,0,-1,-1,0,-1,-1,0,-1,-1,-1,-1,-1,-1,-1,-1,0,-1,-1,-1,-1,0,-1,-1,-1,-1,0,0,-1,-1,-1,-1,-1,-1,-1,-1,-1,-1,-1,-1,-1,0,-1,0,-1,0,-1,0,-1,-1,-1,-1,-1,-1,-1,-1,0,-1,-1,0,-1,-1,-1,-1,-1,-1,-1,-1,-1,-1,-1,-1,0,0,-1,0,-1,-1,-1,-1,-1,-1,0,-1,0,-1,0,-1,-1,-1,-1,-1,-1,-1};",wr,NA
2024_09_16_acd15,acd,09/16/2024,acd15,2,water_nacl_opto,water_nacl,NA,NA,"{0,1,0,0,1,0,1,1,0,1,1,1,0,0,0,1,1,0,1,0,1,0,0,0,1,0,1,1,1,0,0,1,0,1,0,0,1,1,1,0,1,0,1,0,0,0,1,0,1,1,0,1,1,0,0,0,1,0,1,1,1,0,1,1,0,0,1,0,0,1,1,0,1,1,1,0,0,0,1,0,0,0,1,0,0,1,1,1,1,0,0,0,1,1,1,1,0,1,0,0};","{0,-1,-1,-1,-1,-1,-1,0,-1,-1,0,-1,-1,0,-1,-1,-1,-1,-1,-1,-1,-1,0,-1,-1,-1,-1,0,-1,-1,-1,-1,0,0,-1,-1,-1,-1,-1,-1,-1,-1,-1,-1,-1,-1,-1,0,-1,0,-1,0,-1,0,-1,-1,-1,-1,-1,-1,-1,-1,0,-1,-1,0,-1,-1,-1,-1,-1,-1,-1,-1,-1,-1,-1,-1,0,0,-1,0,-1,-1,-1,-1,-1,-1,0,-1,0,-1,0,-1,-1,-1,-1,-1,-1,-1};",wr,NA
2024_09_16_acd17,acd,09/16/2024,acd17,2,water_nacl_opto,water_nacl,NA,NA,"{1,1,0,1,1,0,0,0,0,1,1,0,0,1,0,0,1,1,0,1,1,0,1,0,1,1,0,1,0,0,1,0,0,1,0,1,0,1,0,1,1,0,0,0,1,1,0,1,1,0,0,1,0,1,1,0,1,0,1,0,1,1,1,1,0,0,0,0,0,1,1,0,1,1,0,0,0,1,0,1,1,0,1,0,1,0,1,0,0,1,1,1,0,0,1,0,0,0,1,1};","{-1,-1,-1,-1,0,-1,-1,-1,0,-1,-1,-1,-1,-1,-1,0,0,-1,-1,-1,-1,-1,-1,-1,-1,-1,-1,0,-1,0,-1,-1,-1,0,0,-1,-1,-1,-1,-1,-1,-1,0,-1,0,-1,-1,-1,-1,-1,-1,-1,-1,-1,-1,-1,0,0,-1,-1,-1,-1,0,-1,-1,-1,-1,0,-1,-1,0,-1,-1,-1,-1,0,-1,-1,-1,-1,-1,-1,-1,-1,-1,0,-1,-1,-1,0,-1,0,-1,-1,-1,-1,0,-1,-1,-1};",wr,NA
2024_09_16_acd18,acd,09/16/2024,acd18,2,water_nacl_opto,water_nacl,NA,NA,"{1,1,0,1,1,0,0,0,1,0,1,0,1,1,0,1,1,0,0,0,1,0,1,0,1,1,0,0,0,1,0,0,1,1,0,1,1,0,1,0,1,1,1,0,1,1,0,0,0,0,0,0,1,0,1,1,0,0,1,1,0,0,1,0,0,1,0,1,1,1,1,1,1,1,0,0,1,0,0,0,1,0,0,1,0,1,0,0,1,1,1,0,0,0,1,0,1,0,1,1};","{-1,-1,-1,-1,0,-1,-1,0,-1,-1,-1,-1,-1,-1,0,0,-1,-1,-1,-1,-1,-1,-1,-1,0,-1,0,-1,-1,-1,-1,-1,0,-1,-1,-1,-1,-1,-1,0,0,-1,-1,-1,-1,-1,-1,-1,0,-1,-1,0,-1,-1,-1,-1,-1,-1,0,-1,-1,-1,-1,-1,-1,-1,0,-1,-1,0,-1,-1,0,-1,-1,-1,-1,0,-1,-1,0,-1,-1,-1,-1,-1,0,-1,-1,-1,-1,-1,-1,-1,-1,-1,0,0,-1,-1};",wr,NA
2024_09_17_acd15,acd,09/17/2024,acd15,2,water_nacl_opto,water_nacl,NA,NA,"{0,1,0,0,1,0,1,1,0,1,1,1,0,0,0,1,1,0,1,0,1,0,0,0,1,0,1,1,1,0,0,1,0,1,0,0,1,1,1,0,1,0,1,0,0,0,1,0,1,1,0,1,1,0,0,0,1,0,1,1,1,0,1,1,0,0,1,0,0,1,1,0,1,1,1,0,0,0,1,0,0,0,1,0,0,1,1,1,1,0,0,0,1,1,1,1,0,1,0,0};","{0,-1,-1,-1,-1,-1,-1,0,-1,-1,0,-1,-1,0,-1,-1,-1,-1,-1,-1,-1,-1,0,-1,-1,-1,-1,0,-1,-1,-1,-1,0,0,-1,-1,-1,-1,-1,-1,-1,-1,-1,-1,-1,-1,-1,0,-1,0,-1,0,-1,0,-1,-1,-1,-1,-1,-1,-1,-1,0,-1,-1,0,-1,-1,-1,-1,-1,-1,-1,-1,-1,-1,-1,-1,0,0,-1,0,-1,-1,-1,-1,-1,-1,0,-1,0,-1,0,-1,-1,-1,-1,-1,-1,-1};",wr,NA
2024_09_17_acd17,acd,09/17/2024,acd17,2,water_nacl_opto,water_nacl,NA,NA,"{1,1,0,1,1,0,0,0,0,1,1,0,0,1,0,0,1,1,0,1,1,0,1,0,1,1,0,1,0,0,1,0,0,1,0,1,0,1,0,1,1,0,0,0,1,1,0,1,1,0,0,1,0,1,1,0,1,0,1,0,1,1,1,1,0,0,0,0,0,1,1,0,1,1,0,0,0,1,0,1,1,0,1,0,1,0,1,0,0,1,1,1,0,0,1,0,0,0,1,1};","{-1,-1,-1,-1,0,-1,-1,-1,0,-1,-1,-1,-1,-1,-1,0,0,-1,-1,-1,-1,-1,-1,-1,-1,-1,-1,0,-1,0,-1,-1,-1,0,0,-1,-1,-1,-1,-1,-1,-1,0,-1,0,-1,-1,-1,-1,-1,-1,-1,-1,-1,-1,-1,0,0,-1,-1,-1,-1,0,-1,-1,-1,-1,0,-1,-1,0,-1,-1,-1,-1,0,-1,-1,-1,-1,-1,-1,-1,-1,-1,0,-1,-1,-1,0,-1,0,-1,-1,-1,-1,0,-1,-1,-1};",wr,NA
2024_09_17_acd18,acd,09/17/2024,acd18,2,water_nacl_opto,water_nacl,NA,NA,"{1,1,0,1,1,0,0,0,1,0,1,0,1,1,0,1,1,0,0,0,1,0,1,0,1,1,0,0,0,1,0,0,1,1,0,1,1,0,1,0,1,1,1,0,1,1,0,0,0,0,0,0,1,0,1,1,0,0,1,1,0,0,1,0,0,1,0,1,1,1,1,1,1,1,0,0,1,0,0,0,1,0,0,1,0,1,0,0,1,1,1,0,0,0,1,0,1,0,1,1};","{-1,-1,-1,-1,0,-1,-1,0,-1,-1,-1,-1,-1,-1,0,0,-1,-1,-1,-1,-1,-1,-1,-1,0,-1,0,-1,-1,-1,-1,-1,0,-1,-1,-1,-1,-1,-1,0,0,-1,-1,-1,-1,-1,-1,-1,0,-1,-1,0,-1,-1,-1,-1,-1,-1,0,-1,-1,-1,-1,-1,-1,-1,0,-1,-1,0,-1,-1,0,-1,-1,-1,-1,0,-1,-1,0,-1,-1,-1,-1,-1,0,-1,-1,-1,-1,-1,-1,-1,-1,-1,0,0,-1,-1};",wr,NA
2024_09_18_acd15,acd,09/18/2024,acd15,2,water_nacl_opto,water_nacl,NA,NA,"{1,1,0,1,1,0,0,0,0,1,1,0,0,1,0,0,1,1,0,1,1,0,1,0,1,1,0,1,0,0,1,0,0,1,0,1,0,1,0,1,1,0,0,0,1,1,0,1,1,0,0,1,0,1,1,0,1,0,1,0,1,1,1,1,0,0,0,0,0,1,1,0,1,1,0,0,0,1,0,1,1,0,1,0,1,0,1,0,0,1,1,1,0,0,1,0,0,0,1,1};","{-1,-1,-1,-1,0,-1,-1,-1,0,-1,-1,-1,-1,-1,-1,0,0,-1,-1,-1,-1,-1,-1,-1,-1,-1,-1,0,-1,0,-1,-1,-1,0,0,-1,-1,-1,-1,-1,-1,-1,0,-1,0,-1,-1,-1,-1,-1,-1,-1,-1,-1,-1,-1,0,0,-1,-1,-1,-1,0,-1,-1,-1,-1,0,-1,-1,0,-1,-1,-1,-1,0,-1,-1,-1,-1,-1,-1,-1,-1,-1,0,-1,-1,-1,0,-1,0,-1,-1,-1,-1,0,-1,-1,-1};",wr,NA
2024_09_18_acd17,acd,09/18/2024,acd17,2,water_nacl_opto,water_nacl,NA,NA,"{1,1,0,1,1,0,0,0,1,0,1,0,1,1,0,1,1,0,0,0,1,0,1,0,1,1,0,0,0,1,0,0,1,1,0,1,1,0,1,0,1,1,1,0,1,1,0,0,0,0,0,0,1,0,1,1,0,0,1,1,0,0,1,0,0,1,0,1,1,1,1,1,1,1,0,0,1,0,0,0,1,0,0,1,0,1,0,0,1,1,1,0,0,0,1,0,1,0,1,1};","{-1,-1,-1,-1,0,-1,-1,0,-1,-1,-1,-1,-1,-1,0,0,-1,-1,-1,-1,-1,-1,-1,-1,0,-1,0,-1,-1,-1,-1,-1,0,-1,-1,-1,-1,-1,-1,0,0,-1,-1,-1,-1,-1,-1,-1,0,-1,-1,0,-1,-1,-1,-1,-1,-1,0,-1,-1,-1,-1,-1,-1,-1,0,-1,-1,0,-1,-1,0,-1,-1,-1,-1,0,-1,-1,0,-1,-1,-1,-1,-1,0,-1,-1,-1,-1,-1,-1,-1,-1,-1,0,0,-1,-1};",wr,NA
2024_09_19_acd18,acd,09/19/2024,acd18,2,water_nacl_opto,water_nacl,NA,NA,"{1,1,0,1,1,0,0,0,1,0,1,0,1,1,0,1,1,0,0,0,1,0,1,0,1,1,0,0,0,1,0,0,1,1,0,1,1,0,1,0,1,1,1,0,1,1,0,0,0,0,0,0,1,0,1,1,0,0,1,1,0,0,1,0,0,1,0,1,1,1,1,1,1,1,0,0,1,0,0,0,1,0,0,1,0,1,0,0,1,1,1,0,0,0,1,0,1,0,1,1};","{-1,-1,-1,-1,0,-1,-1,0,-1,-1,-1,-1,-1,-1,0,0,-1,-1,-1,-1,-1,-1,-1,-1,0,-1,0,-1,-1,-1,-1,-1,0,-1,-1,-1,-1,-1,-1,0,0,-1,-1,-1,-1,-1,-1,-1,0,-1,-1,0,-1,-1,-1,-1,-1,-1,0,-1,-1,-1,-1,-1,-1,-1,0,-1,-1,0,-1,-1,0,-1,-1,-1,-1,0,-1,-1,0,-1,-1,-1,-1,-1,0,-1,-1,-1,-1,-1,-1,-1,-1,-1,0,0,-1,-1};",wr,NA
2025_08_20_acr01,acr,08/20/2025,acr01,1,multi_sucrose,multi_sucrose,NA,NA,"{4,1,4,0,0,3,2,2,1,3,0,4,3,2,4,1,2,0,1,3,2,2,1,1,3,0,3,4,4,0,1,3,2,4,0,3,4,1,0,2,0,4,2,4,2,3,3,1,1,0,4,1,1,4,2,3,0,3,0,2,2,4,1,4,0,3,3,2,0,1,0,4,2,1,1,2,3,3,0,4,2,1,3,3,2,0,4,0,4,1,0,3,0,4,2,3,1,2,1,4};",NA,wr,npm
2025_08_20_acr03,acr,08/20/2025,acr03,1,multi_sucrose,multi_sucrose,NA,NA,"{4,3,2,0,1,2,4,1,3,0,1,2,0,4,3,0,2,4,3,1,0,1,1,2,4,0,3,2,3,4,4,3,4,1,0,3,2,1,2,0,2,0,1,3,4,2,3,0,4,1,1,3,3,1,0,0,4,2,4,2,3,2,1,0,4,2,1,0,4,3,2,4,3,1,2,1,3,4,0,0,2,1,0,1,4,2,3,0,4,3,0,4,1,2,4,3,2,0,1,3};",NA,wr,npm
2025_08_20_acr04,acr,08/20/2025,acr04,1,multi_sucrose,multi_sucrose,NA,NA,"{0,3,0,1,3,1,2,4,2,4,3,0,1,1,2,0,4,4,3,2,2,1,0,3,0,2,3,4,1,4,3,3,1,4,2,1,2,0,0,4,0,4,1,4,0,1,2,2,3,3,4,0,3,0,2,3,2,1,4,1,4,2,0,2,1,1,3,3,0,4,4,2,2,0,4,1,1,0,3,3,0,3,4,3,0,1,2,2,1,4,4,1,2,2,0,3,0,1,4,3};",NA,fr,npm
2025_08_20_acr05,acr,08/20/2025,acr05,1,multi_sucrose,multi_sucrose,NA,NA,"{1,4,3,3,0,1,0,2,2,4,1,3,2,0,0,3,4,4,1,2,3,4,3,2,1,0,0,4,2,1,3,4,0,1,1,2,0,2,3,4,3,4,3,0,0,4,2,1,2,1,3,1,2,3,0,1,4,2,0,4,0,0,3,1,3,2,2,4,4,1,2,0,2,4,4,1,0,1,3,3,3,1,0,1,3,2,4,4,2,0,2,1,1,2,0,4,4,0,3,3};",NA,wr,npm
2025_08_20_acr06,acr,08/20/2025,acr06,1,multi_sucrose,multi_sucrose,NA,NA,"{0,4,3,0,3,1,4,2,1,2,1,4,0,0,4,1,2,2,3,3,3,0,1,1,4,4,0,2,3,2,2,0,2,0,4,1,3,4,1,3,4,3,2,0,4,2,1,3,1,0,3,0,1,0,1,4,2,2,4,3,2,2,4,0,4,1,3,3,1,0,3,4,2,0,2,4,0,3,1,1,2,0,1,3,1,3,0,4,4,2,3,2,1,4,4,0,3,0,1,2};",NA,fr,npm
2025_08_20_acr07,acr,08/20/2025,acr07,1,multi_sucrose,multi_sucrose,NA,NA,"{4,1,0,3,0,3,2,2,4,1,4,1,4,3,2,0,3,2,0,1,3,3,4,2,1,4,0,1,0,2,1,2,4,0,4,3,3,1,0,2,0,2,4,3,1,3,4,0,2,1,0,1,4,2,2,4,0,3,3,1,2,1,2,1,0,4,3,3,0,4,4,1,3,2,3,4,2,0,1,0,0,1,2,0,2,3,4,3,4,1,1,0,2,4,1,4,2,0,3,3};",NA,wr,npm
2025_08_20_acr08,acr,08/20/2025,acr08,1,multi_sucrose,multi_sucrose,NA,NA,"{3,2,0,4,2,1,3,4,0,1,1,4,2,3,0,2,4,3,1,0,0,3,3,4,1,1,2,2,0,4,4,2,3,0,1,2,1,3,4,0,4,2,2,3,0,1,4,1,0,3,4,1,4,1,3,2,0,3,0,2,4,3,1,1,2,3,0,2,0,4,3,0,2,0,4,4,3,2,1,1,0,1,4,3,4,2,0,1,2,3,3,1,4,4,2,3,0,1,0,2};",NA,fr,npm
2025_08_21_acr01,acr,08/21/2025,acr01,1,multi_sucrose,multi_sucrose,NA,NA,"{4,2,3,4,1,0,2,0,1,3,2,3,2,4,1,4,0,1,0,3,1,3,2,0,3,4,4,2,1,0,4,1,0,2,3,0,1,3,4,2,2,0,1,0,2,4,3,3,1,4,1,1,2,2,4,0,0,3,4,3,4,4,0,3,2,3,2,0,1,1,4,1,1,0,4,2,0,3,2,3,3,1,3,1,2,0,0,4,4,2,1,1,2,0,0,2,3,4,3,4};",NA,wr,npm
2025_08_21_acr03,acr,08/21/2025,acr03,1,multi_sucrose,multi_sucrose,NA,NA,"{3,0,0,2,3,4,4,1,2,1,2,3,4,0,4,0,3,1,2,1,0,4,2,0,1,1,4,3,2,3,2,3,2,1,4,0,3,4,0,1,0,1,1,3,2,0,3,4,2,4,1,2,4,0,0,1,4,2,3,3,3,4,2,4,3,2,1,0,0,1,4,0,2,3,2,1,3,1,4,0,4,0,3,2,4,0,3,1,1,2,2,3,4,1,1,2,0,4,3,0};",NA,wr,npm
2025_08_21_acr04,acr,08/21/2025,acr04,1,multi_sucrose,multi_sucrose,NA,NA,"{0,4,3,2,0,3,4,1,1,2,3,4,1,3,2,2,0,0,1,4,3,0,4,1,2,3,2,1,0,4,2,0,4,1,1,3,2,0,3,4,0,3,0,2,1,4,2,4,1,3,3,2,1,0,4,0,3,1,4,2,2,2,3,0,1,4,0,3,4,1,1,2,3,0,1,4,0,4,2,3,3,1,0,1,3,4,2,0,4,2,0,2,4,0,1,4,3,3,2,1};",NA,fr,npm
2025_08_21_acr05,acr,08/21/2025,acr05,1,multi_sucrose,multi_sucrose,NA,NA,"{2,1,3,2,0,0,4,1,3,4,3,2,0,2,1,3,1,4,4,0,4,2,1,4,2,0,3,0,1,3,3,4,2,1,4,1,2,0,3,0,0,4,1,4,3,1,0,3,2,2,0,0,1,2,1,2,4,3,3,4,3,3,0,4,2,0,1,1,2,4,0,2,4,4,1,3,2,3,0,1,3,1,0,0,2,4,2,4,1,3,3,0,2,2,1,0,3,1,4,4};",NA,wr,npm
2025_08_21_acr06,acr,08/21/2025,acr06,1,multi_sucrose,multi_sucrose,NA,NA,"{4,0,3,2,1,3,4,1,0,2,0,1,3,2,0,3,2,4,1,4,3,4,0,4,0,2,1,3,1,2,4,0,1,1,3,4,2,2,0,3,2,1,0,4,4,0,1,2,3,3,3,2,2,4,1,0,0,3,4,1,3,3,2,0,1,2,1,4,0,4,3,0,2,4,4,1,3,1,0,2,1,0,3,4,3,2,2,0,1,4,1,3,0,2,2,0,3,4,4,1};",NA,fr,npm
2025_08_21_acr07,acr,08/21/2025,acr07,1,multi_sucrose,multi_sucrose,NA,NA,"{2,4,4,1,1,2,0,0,3,3,4,1,4,1,2,3,3,0,2,0,3,0,4,2,1,1,0,3,4,2,4,1,2,1,2,3,4,3,0,0,4,2,0,4,3,0,1,1,3,2,4,0,3,2,0,1,2,3,4,1,1,0,3,1,3,2,2,4,0,4,4,1,4,2,3,0,1,0,2,3,4,2,3,2,4,3,1,0,1,0,1,0,4,1,4,3,2,2,0,3};",NA,wr,npm
2025_08_21_acr08,acr,08/21/2025,acr08,1,multi_sucrose,multi_sucrose,NA,NA,"{1,3,0,2,2,3,1,4,0,4,4,0,3,1,2,2,1,4,0,3,1,2,0,1,3,0,4,2,4,3,0,3,1,4,3,1,4,0,2,2,3,4,1,0,0,2,3,2,1,4,1,1,4,0,4,3,2,3,2,0,1,0,4,3,0,2,3,2,4,1,3,3,1,1,2,4,2,4,0,0,3,1,1,4,2,0,3,0,2,4,2,1,4,0,2,4,3,1,0,3};",NA,fr,npm
2025_08_22_acr01,acr,08/22/2025,acr01,1,multi_sucrose,multi_sucrose,NA,NA,"{3,4,4,2,0,1,3,1,0,2,2,1,0,4,0,1,3,4,2,3,4,2,3,4,1,2,0,0,1,3,2,4,1,3,4,2,0,0,3,1,2,2,3,1,3,4,4,0,0,1,4,1,2,0,2,3,3,1,4,0,4,0,3,0,2,4,1,1,2,3,0,1,4,2,4,3,2,1,3,0,0,2,1,3,4,0,4,1,3,2,4,1,2,4,3,3,1,2,0,0};",NA,wr,npm
2025_08_22_acr03,acr,08/22/2025,acr03,1,multi_sucrose,multi_sucrose,NA,NA,"{0,4,1,2,4,2,0,3,1,3,2,2,4,3,0,1,0,1,4,3,1,1,0,2,4,2,3,0,4,3,2,1,3,4,3,4,1,0,0,2,3,4,2,1,3,2,0,1,0,4,1,3,2,3,4,1,0,0,4,2,4,0,1,4,3,2,3,0,1,2,0,3,2,1,4,0,1,4,3,2,1,0,3,4,3,2,0,1,2,4,4,1,1,3,0,0,2,2,4,3};",NA,wr,npm
2025_08_22_acr04,acr,08/22/2025,acr04,1,multi_sucrose,multi_sucrose,NA,NA,"{3,2,1,0,4,3,1,0,2,4,2,3,1,4,3,1,0,4,2,0,3,0,0,4,1,2,2,4,1,3,1,2,3,4,2,0,1,3,0,4,2,2,3,1,4,1,3,0,4,0,3,4,1,0,2,4,3,0,2,1,3,1,1,3,0,4,2,4,0,2,3,2,1,2,0,4,1,4,3,0,3,0,1,2,4,1,4,2,0,3,1,4,3,3,2,0,0,4,2,1};",NA,fr,npm
2025_08_22_acr05,acr,08/22/2025,acr05,1,multi_sucrose,multi_sucrose,NA,NA,"{3,2,4,0,2,1,1,4,0,3,4,0,2,0,4,1,3,1,3,2,1,4,3,1,2,0,3,0,2,4,2,3,1,2,4,0,3,0,1,4,3,1,2,4,3,0,1,4,2,0,1,0,2,3,0,1,4,3,2,4,4,3,0,0,2,1,4,3,1,2,0,2,4,1,0,3,2,4,3,1,2,3,3,1,0,4,2,4,0,1,1,2,0,3,0,4,3,2,1,4};",NA,wr,npm
2025_08_22_acr06,acr,08/22/2025,acr06,1,multi_sucrose,multi_sucrose,NA,NA,"{1,4,3,1,2,4,0,3,0,2,2,4,2,4,1,3,3,1,0,0,4,1,1,0,0,3,3,4,2,2,1,3,0,2,2,4,1,4,3,0,1,3,2,4,3,2,4,0,1,0,0,3,1,1,2,2,4,0,3,4,1,4,4,0,1,0,2,2,3,3,3,1,1,2,4,0,2,4,3,0,3,0,2,4,1,3,4,2,0,1,1,3,4,2,4,0,3,0,2,1};",NA,fr,npm
2025_08_22_acr07,acr,08/22/2025,acr07,1,multi_sucrose,multi_sucrose,NA,NA,"{1,4,2,2,0,3,4,0,3,1,2,4,0,4,1,3,2,1,3,0,4,2,1,3,3,2,0,1,4,0,1,4,2,3,3,2,0,0,1,4,1,4,4,2,1,3,0,2,0,3,4,0,1,3,4,0,2,1,2,3,0,1,0,4,2,1,2,3,3,4,0,4,4,0,3,3,1,2,2,1,4,3,2,0,0,1,3,4,2,1,2,1,3,1,4,0,0,4,2,3};",NA,wr,npm
2025_08_22_acr08,acr,08/22/2025,acr08,1,multi_sucrose,multi_sucrose,NA,NA,"{0,3,2,4,0,1,3,2,4,1,0,2,2,0,3,3,4,1,4,1,1,2,0,3,1,2,0,3,4,4,0,3,1,4,3,2,0,2,4,1,3,3,0,0,4,2,1,4,1,2,3,4,1,0,1,2,0,4,3,2,3,2,0,2,4,1,4,0,3,1,3,4,0,2,3,0,4,2,1,1,2,4,4,3,1,1,0,0,3,2,4,1,3,0,0,2,2,3,1,4};",NA,fr,npm
2025_08_28_acq01,acq,08/28/2025,acq01,1,multi_sucrose,multi s,NA,NA,"{1,2,0,3,1,4,2,0,3,4,2,2,3,1,4,3,0,4,0,1,4,1,3,3,4,0,1,0,2,2,3,0,1,2,1,3,4,2,4,0,1,1,0,2,3,2,4,3,0,4,1,1,4,0,0,3,3,4,2,2,2,1,0,3,4,0,2,3,4,1,3,0,4,2,3,0,1,1,4,2,4,2,0,1,1,4,0,2,3,3,0,3,2,4,1,3,4,2,0,1};",NA,fr,tdt
2025_08_28_acq02,acq,08/28/2025,acq02,1,multi_sucrose,multi s,NA,NA,"{0,4,3,1,2,1,3,0,2,4,0,3,4,1,1,3,0,2,2,4,1,4,3,3,0,2,0,2,4,1,4,4,1,2,3,0,1,2,3,0,3,2,1,3,4,4,0,0,2,1,0,1,2,4,4,1,3,3,2,0,2,0,0,4,1,3,2,4,3,1,1,1,2,2,4,3,3,4,0,0,1,3,4,0,0,2,3,1,4,2,2,1,4,3,1,2,0,3,4,0};",NA,fr,tdt
2025_08_28_acq03,acq,08/28/2025,acq03,1,multi_sucrose,multi s,NA,NA,"{2,0,1,4,3,3,0,4,1,2,2,0,4,3,2,1,1,4,3,0,3,4,1,0,1,3,4,0,2,2,1,3,0,2,4,4,1,0,2,3,2,2,0,3,1,1,0,4,4,3,0,3,4,3,2,2,0,4,1,1,0,2,3,2,4,1,0,1,3,4,1,0,2,2,3,0,3,4,1,4,1,3,2,3,0,1,2,4,4,0,0,4,1,3,2,3,2,1,0,4};",NA,fr,tdt
2025_08_29_acr01,acr,08/29/2025,acr01,1,multi_sucrose,multi_sucrose,NA,NA,"{0,1,3,4,3,0,2,4,1,2,1,2,3,2,4,0,3,0,1,4,4,1,3,2,1,0,3,2,4,0,0,2,3,2,1,4,3,0,1,4,0,2,1,4,3,3,2,4,1,0,4,2,3,1,0,4,1,0,2,3,2,4,2,1,3,0,1,0,4,3,3,2,2,1,4,0,0,1,4,3,4,0,2,1,0,4,2,3,3,1,1,3,4,2,0,0,3,4,1,2};",NA,fr,npm
2025_08_29_acr03,acr,08/29/2025,acr03,1,multi_sucrose,multi_sucrose,NA,NA,"{0,1,0,2,3,1,4,3,2,4,0,3,1,4,2,3,0,1,4,2,0,1,2,4,1,4,2,3,3,0,4,1,4,0,3,2,0,3,1,2,1,0,0,1,4,3,4,2,3,2,3,2,2,1,0,4,0,1,3,4,1,3,4,4,2,0,0,1,2,3,3,2,2,0,1,3,4,0,1,4,3,2,0,2,1,4,1,0,3,4,3,4,0,0,2,1,3,4,2,1};",NA,fr,npm
2025_08_29_acr04,acr,08/29/2025,acr04,1,multi_sucrose,multi_sucrose,NA,NA,"{3,2,0,1,1,4,0,4,3,2,4,1,0,2,4,1,0,3,3,2,3,4,2,0,4,1,0,3,1,2,2,1,3,0,0,2,4,1,4,3,3,2,1,1,4,2,3,0,4,0,4,3,0,4,1,3,2,2,1,0,1,0,3,1,0,3,4,4,2,2,1,0,4,4,3,2,0,2,3,1,4,3,1,0,4,1,3,0,2,2,3,3,0,4,2,4,2,1,0,1};",NA,wr,npm
2025_08_29_acr05,acr,08/29/2025,acr05,1,multi_sucrose,multi_sucrose,NA,NA,"{3,2,3,4,4,0,1,1,0,2,3,2,0,2,3,4,0,1,1,4,0,4,3,4,2,1,2,1,3,0,0,2,4,1,2,1,3,3,0,4,0,2,3,4,1,1,3,4,0,2,2,4,1,3,0,4,0,1,2,3,1,1,4,4,0,2,0,3,2,3,0,4,2,0,3,3,4,2,1,1,2,3,3,0,2,1,0,4,4,1,3,3,0,2,4,1,4,1,0,2};",NA,fr,npm
2025_08_29_acr06,acr,08/29/2025,acr06,1,multi_sucrose,multi_sucrose,NA,NA,"{1,4,0,3,4,1,2,2,3,0,0,1,3,1,2,2,4,0,3,4,2,3,1,1,2,4,0,3,4,0,4,3,2,1,3,0,2,1,4,0,3,3,4,2,2,0,1,1,0,4,3,3,0,4,0,1,2,1,4,2,2,4,2,0,3,4,1,1,3,0,0,2,4,1,1,2,0,3,4,3,4,0,1,3,3,2,4,0,2,1,2,3,4,0,1,3,1,4,2,0};",NA,wr,npm
2025_08_29_acr07,acr,08/29/2025,acr07,1,multi_sucrose,multi_sucrose,NA,NA,"{1,0,2,4,3,0,4,3,2,1,4,1,0,0,2,2,3,1,4,3,3,0,3,4,1,2,0,1,2,4,3,0,1,4,3,2,2,4,0,1,1,1,0,2,4,3,3,2,0,4,0,4,0,3,1,3,2,2,1,4,2,0,4,2,1,0,1,3,3,4,2,0,2,0,4,1,3,4,3,1,2,1,2,0,1,0,3,4,3,4,3,4,0,3,4,0,1,2,1,2};",NA,fr,npm
2025_08_29_acr08,acr,08/29/2025,acr08,1,multi_sucrose,multi_sucrose,NA,NA,"{2,2,4,1,4,0,0,1,3,3,3,4,2,4,0,1,0,3,1,2,3,4,3,4,1,2,0,0,2,1,1,2,0,4,2,0,1,3,3,4,1,4,2,4,0,2,3,0,3,1,0,2,4,4,1,1,0,3,2,3,0,4,1,1,3,0,3,2,4,2,3,2,0,4,4,1,0,2,1,3,2,0,1,3,0,4,1,3,4,2,3,2,4,4,0,2,1,1,3,0};",NA,wr,npm
2025_08_30_acr01,acr,08/30/2025,acr01,1,multi_sucrose,multi_sucrose,NA,NA,"{0,1,3,4,4,2,2,0,3,1,2,1,0,2,3,1,0,4,4,3,1,4,3,4,2,0,2,1,3,0,0,0,1,3,3,2,4,2,4,1,2,4,3,0,0,1,3,4,2,1,4,1,2,0,1,2,0,3,4,3,4,2,0,0,2,3,4,1,3,1,0,3,2,0,1,3,1,4,4,2,1,2,2,4,1,0,3,3,4,0,1,2,3,0,2,4,3,1,0,4};",NA,fr,npm
2025_08_30_acr03,acr,08/30/2025,acr03,1,multi_sucrose,multi_sucrose,NA,NA,"{1,2,3,1,3,4,4,2,0,0,0,4,2,2,3,0,1,4,3,1,1,3,2,0,0,4,3,1,4,2,0,4,0,3,1,1,4,2,3,2,0,2,4,1,3,3,0,4,1,2,4,1,2,2,3,0,3,4,1,0,3,0,0,3,4,1,1,4,2,2,1,4,0,3,1,0,2,3,2,4,3,4,3,2,0,2,1,1,4,0,4,4,3,1,2,2,0,1,0,3};",NA,fr,npm
2025_08_30_acr04,acr,08/30/2025,acr04,1,multi_sucrose,multi_sucrose,NA,NA,"{0,3,3,1,1,4,2,4,0,2,2,2,1,4,3,4,3,1,0,0,1,1,0,4,4,3,3,0,2,2,4,0,4,3,2,2,0,3,1,1,4,4,0,2,3,1,3,2,1,0,1,4,2,1,0,3,3,0,2,4,1,1,0,2,0,2,4,3,3,4,2,4,1,3,4,0,1,3,2,0,1,3,4,2,0,0,1,4,2,3,0,4,3,2,2,4,1,1,0,3};",NA,wr,npm
2025_08_30_acr05,acr,08/30/2025,acr05,1,multi_sucrose,multi_sucrose,NA,NA,"{3,0,2,4,1,2,3,0,4,1,1,3,4,0,2,2,0,4,3,1,2,0,3,4,0,4,1,2,3,1,0,1,3,2,3,4,0,2,4,1,2,0,0,1,4,4,1,2,3,3,4,0,2,3,1,3,4,0,2,1,2,2,0,3,4,0,4,1,1,3,1,3,0,2,0,1,4,2,3,4,4,2,0,4,3,1,2,3,0,1,1,3,4,3,4,2,0,0,2,1};",NA,fr,npm
2025_08_30_acr06,acr,08/30/2025,acr06,1,multi_sucrose,multi_sucrose,NA,NA,"{4,1,0,3,2,3,4,2,1,0,0,3,4,2,0,2,3,1,4,1,2,1,4,4,0,0,2,3,3,1,0,1,2,0,2,1,3,4,3,4,0,3,0,3,4,1,1,4,2,2,2,1,1,2,0,4,0,4,3,3,1,4,1,4,2,0,3,2,3,0,2,0,4,3,0,1,4,1,2,3,0,2,4,3,0,2,4,1,3,1,4,2,0,3,2,1,1,3,0,4};",NA,wr,npm
2025_08_30_acr07,acr,08/30/2025,acr07,1,multi_sucrose,multi_sucrose,NA,NA,"{4,3,1,1,4,0,2,0,3,2,3,1,0,4,4,0,1,2,2,3,3,1,2,2,1,4,4,0,0,3,4,3,4,0,1,2,1,0,3,2,4,2,2,1,0,3,4,3,0,1,1,3,2,0,4,3,2,4,0,1,2,2,3,4,0,4,3,0,1,1,3,3,2,2,0,1,1,0,4,4,0,2,0,3,3,2,4,1,4,1,2,2,1,4,0,3,1,3,4,0};",NA,fr,npm
2025_08_30_acr08,acr,08/30/2025,acr08,1,multi_sucrose,multi_sucrose,NA,NA,"{4,3,4,2,1,0,1,0,3,2,1,3,2,4,4,0,1,0,3,2,3,2,1,0,1,2,4,3,4,0,3,1,4,0,4,2,2,1,0,3,2,2,0,4,4,1,1,3,3,0,2,0,4,3,4,0,1,2,3,1,1,4,0,4,3,3,2,1,0,2,1,2,3,2,4,1,3,0,0,4,0,4,1,4,3,0,2,1,2,3,3,4,2,3,1,2,0,4,1,0};",NA,wr,npm
2025_08_30_acq01,acq,08/30/2025,acq01,1,multi_sucrose,multi s,NA,NA,"{1,2,1,3,0,4,3,2,4,0,0,2,4,1,3,0,1,2,3,4,3,4,2,0,2,3,4,1,1,0,1,3,1,2,4,0,3,2,0,4,3,0,4,4,1,3,2,0,2,1,1,1,0,3,4,4,0,3,2,2,3,1,2,0,1,3,0,4,2,4,3,0,3,1,2,1,0,4,2,4,3,2,1,2,0,1,0,4,4,3,4,1,4,1,3,0,3,2,2,0};",NA,fr,tdt
2025_08_30_acq02,acq,08/30/2025,acq02,1,multi_sucrose,multi s,NA,NA,"{2,2,1,4,4,3,0,1,0,3,2,3,0,4,0,4,1,3,2,1,0,4,2,0,3,1,2,4,3,1,2,2,4,3,0,1,1,3,0,4,0,3,1,3,1,2,2,0,4,4,2,1,0,4,4,2,3,0,3,1,3,2,3,4,1,0,0,1,2,4,1,3,0,1,2,3,2,0,4,4,4,2,3,2,0,0,4,1,3,1,2,1,0,1,4,0,4,3,3,2};",NA,fr,tdt
2025_08_30_acq03,acq,08/30/2025,acq03,1,multi_sucrose,multi s,NA,NA,"{4,3,3,1,1,2,4,2,0,0,3,0,3,2,2,4,1,1,0,4,2,1,4,2,0,3,3,4,0,1,1,2,0,1,3,2,3,4,0,4,4,0,0,4,1,2,2,3,3,1,1,4,2,0,3,4,1,0,2,3,0,3,4,2,1,1,3,2,4,0,3,4,0,2,0,3,4,1,1,2,2,4,4,0,1,2,3,1,3,0,1,0,1,4,4,2,0,2,3,3};",NA,fr,tdt
2025_09_01_acr01,acr,09/01/2025,acr01,1,multi_sucrose,multi_sucrose,NA,NA,"{2,4,1,0,3,3,2,1,4,0,2,3,0,1,3,1,2,4,0,4,0,2,1,4,0,3,3,1,4,2,3,1,0,1,2,0,3,4,2,4,3,4,4,0,1,2,1,2,3,0,0,1,4,3,2,0,4,3,1,2,3,1,0,1,4,0,4,3,2,2,3,3,1,2,0,2,1,0,4,4,1,3,0,2,2,0,4,4,3,1,0,4,1,0,2,4,3,3,2,1};",NA,fr,npm
2025_09_01_acr03,acr,09/01/2025,acr03,1,multi_sucrose,multi_sucrose,NA,NA,"{1,4,1,2,4,3,0,3,2,0,1,3,4,0,0,2,4,2,1,3,4,3,1,4,0,2,2,1,0,3,4,0,0,1,3,1,2,2,3,4,4,4,3,2,1,1,2,3,0,0,2,3,1,1,3,4,2,0,4,0,3,0,2,0,2,4,1,3,1,4,4,2,2,1,1,0,4,3,0,3,0,2,3,0,1,3,4,2,1,4,0,2,4,1,2,3,3,0,4,1};",NA,fr,npm
2025_09_01_acr04,acr,09/01/2025,acr04,1,multi_sucrose,multi_sucrose,NA,NA,"{2,0,2,4,3,1,0,1,3,4,3,0,2,0,4,3,1,2,1,4,4,3,4,1,2,3,0,0,2,1,2,1,1,3,0,0,2,3,4,4,2,0,1,4,4,2,3,1,0,3,2,4,4,0,2,1,3,0,1,3,0,3,3,2,1,4,1,2,0,4,2,2,1,4,1,0,3,0,3,4,1,0,1,4,3,3,4,2,0,2,0,4,2,0,1,2,4,3,3,1};",NA,wr,npm
2025_09_01_acr05,acr,09/01/2025,acr05,1,multi_sucrose,multi_sucrose,NA,NA,"{3,0,2,4,1,4,2,0,1,3,0,2,3,0,4,1,3,1,4,2,0,1,2,1,4,3,0,3,4,2,1,2,1,0,4,0,2,4,3,3,2,3,0,1,0,1,3,2,4,4,3,1,2,1,2,4,3,0,0,4,4,2,1,3,0,4,2,1,0,3,4,2,3,1,2,0,4,0,1,3,3,4,0,2,1,3,4,2,1,0,3,2,4,0,4,3,1,0,2,1};",NA,fr,npm
2025_09_01_acr06,acr,09/01/2025,acr06,1,multi_sucrose,multi_sucrose,NA,NA,"{0,3,1,1,2,4,3,2,4,0,2,1,4,4,3,2,3,0,1,0,0,4,3,0,1,4,2,1,2,3,0,2,0,2,3,4,4,1,3,1,2,4,3,1,1,4,0,3,0,2,1,2,0,4,3,0,2,4,3,1,1,2,2,0,0,4,1,4,3,3,4,0,1,2,3,0,1,2,4,3,2,3,1,3,0,0,4,1,4,2,4,2,4,1,3,0,0,3,2,1};",NA,wr,npm
2025_09_01_acr07,acr,09/01/2025,acr07,1,multi_sucrose,multi_sucrose,NA,NA,"{0,1,2,3,0,4,1,4,3,2,0,3,4,2,4,1,3,0,2,1,2,1,1,4,0,2,3,0,3,4,1,3,3,2,4,1,0,0,2,4,4,3,0,1,4,1,2,3,2,0,1,2,4,4,3,0,1,0,2,3,2,4,0,3,1,0,1,3,4,2,1,1,0,2,2,3,0,3,4,4,2,3,0,4,3,1,4,2,1,0,3,4,0,1,4,2,1,3,2,0};",NA,fr,npm
2025_09_01_acr08,acr,09/01/2025,acr08,1,multi_sucrose,multi_sucrose,NA,NA,"{0,3,2,0,1,3,4,2,4,1,1,1,3,2,3,4,0,0,2,4,3,1,0,4,0,1,4,2,3,2,1,0,3,4,4,3,2,0,2,1,4,3,0,2,2,3,0,1,4,1,0,4,3,3,2,1,4,2,1,0,4,3,1,2,0,2,0,3,1,4,0,2,4,3,0,2,1,1,4,3,4,1,2,2,3,0,3,0,4,1,1,1,2,4,3,0,3,2,4,0};",NA,wr,npm
2025_09_04_acr01,acr,09/04/2025,acr01,1,multi_nacl,multi nacl,NA,NA,"{4,0,3,2,4,1,0,2,1,3,0,1,1,3,3,4,0,4,2,2,0,2,4,4,1,2,1,3,3,0,3,1,0,2,1,4,4,2,0,3,2,0,2,4,0,1,1,4,3,3,0,2,1,4,3,1,0,2,3,4,0,3,4,0,4,1,2,3,2,1,4,2,1,2,4,3,0,1,0,3,3,2,0,3,4,0,4,1,2,1,3,3,4,2,1,0,4,0,1,2};",NA,wr,npm
2025_09_04_acr03,acr,09/04/2025,acr03,1,multi_nacl,multi nacl,NA,NA,"{2,4,3,4,1,3,2,0,0,1,1,0,4,2,0,3,1,3,4,2,2,0,3,4,4,3,1,1,2,0,0,3,4,0,4,2,1,1,3,2,3,4,1,4,0,2,0,2,3,1,3,3,0,4,2,0,1,4,2,1,0,2,0,3,3,4,1,1,2,4,2,3,1,3,0,4,4,2,0,1,3,3,4,2,1,2,4,0,1,0,2,0,4,4,3,0,3,1,2,1};",NA,wr,npm
2025_09_04_acr04,acr,09/04/2025,acr04,1,multi_nacl,multi nacl,NA,NA,"{0,2,1,2,3,3,4,0,4,1,2,2,0,3,1,4,0,1,4,3,2,0,2,1,4,0,1,3,3,4,4,0,3,4,2,0,2,3,1,1,1,0,3,2,4,0,4,3,1,2,2,0,4,3,0,2,1,4,3,1,1,2,4,4,2,3,0,0,3,1,2,3,0,2,0,4,1,3,4,1,2,4,1,4,0,3,2,1,3,0,3,1,0,4,2,0,3,2,4,1};",NA,wr,npm
2025_09_04_acr05,acr,09/04/2025,acr05,1,multi_nacl,multi nacl,NA,NA,"{3,2,4,1,1,3,4,2,0,0,4,3,1,2,3,0,2,1,0,4,0,4,4,3,1,1,0,2,2,3,0,4,1,0,2,3,1,3,4,2,4,3,3,0,1,1,0,2,4,2,3,0,1,4,2,1,2,0,3,4,1,0,3,4,1,3,4,0,2,2,3,0,1,3,2,4,2,0,4,1,4,3,2,3,0,1,1,0,2,4,3,4,0,2,2,1,1,3,0,4};",NA,wr,npm
2025_09_04_acr06,acr,09/04/2025,acr06,1,multi_nacl,multi nacl,NA,NA,"{1,3,3,2,4,4,1,2,0,0,3,0,1,2,3,2,4,0,4,1,2,4,1,0,3,3,0,4,2,1,4,1,4,2,1,0,2,0,3,3,1,2,3,1,4,0,0,2,4,3,0,4,1,3,0,1,3,2,2,4,0,2,4,2,1,4,3,1,3,0,2,3,1,2,4,0,3,0,1,4,4,1,2,2,3,0,4,1,0,3,3,0,1,1,2,0,4,2,4,3};",NA,wr,npm
2025_09_04_acr07,acr,09/04/2025,acr07,1,multi_nacl,multi nacl,NA,NA,"{2,3,1,4,4,3,0,1,2,0,3,0,3,4,1,2,4,2,0,1,0,1,2,4,2,0,3,4,1,3,2,4,1,4,2,0,1,0,3,3,3,3,0,2,4,4,2,1,0,1,2,1,0,3,1,0,2,3,4,4,3,4,4,3,1,1,0,2,0,2,2,1,1,0,4,2,0,3,3,4,0,0,2,4,4,1,1,3,3,2,0,0,3,2,4,1,2,1,3,4};",NA,wr,npm
2025_09_04_acr08,acr,09/04/2025,acr08,1,multi_nacl,multi nacl,NA,NA,"{0,4,2,0,3,1,1,2,3,4,1,4,0,3,2,0,1,4,2,3,0,3,3,1,4,1,2,0,2,4,1,4,4,3,2,0,1,0,3,2,2,4,3,1,3,4,1,0,0,2,2,0,3,4,1,1,3,0,2,4,0,2,4,2,1,3,0,3,1,4,3,0,0,4,1,2,2,1,3,4,0,3,4,4,3,2,1,1,0,2,4,0,3,2,1,1,3,4,2,0};",NA,wr,npm
2025_09_04_acq01,acq,09/04/2025,acq01,1,multi_nacl,multi nacl,NA,NA,"{2,4,0,2,1,3,3,1,4,0,3,3,4,1,2,2,1,0,4,0,3,2,4,4,1,0,1,2,3,0,3,2,1,4,4,1,3,2,0,0,3,4,1,4,2,1,0,3,0,2,2,3,2,0,1,4,0,1,4,3,2,4,1,4,3,0,1,0,2,3,0,0,1,2,2,4,4,1,3,3,2,4,0,2,4,3,1,3,0,1,1,1,2,4,0,4,3,0,2,3};",NA,wr,tdt
2025_09_05_acr01,acr,09/05/2025,acr01,1,multi_nacl,multi nacl,NA,NA,"{0,1,2,4,2,3,1,4,3,0,4,3,4,2,3,2,1,1,0,0,1,0,0,1,3,2,4,2,3,4,2,0,3,1,0,4,2,3,4,1,2,0,3,4,0,3,2,4,1,1,2,1,3,2,3,1,4,0,0,4,4,3,2,3,0,4,1,1,2,0,2,0,0,3,1,3,4,4,2,1,0,1,0,3,3,1,4,2,2,4,0,3,2,0,2,4,1,3,1,4};",NA,wr,npm
2025_09_05_acr03,acr,09/05/2025,acr03,1,multi_nacl,multi nacl,NA,NA,"{2,0,4,0,1,1,3,3,2,4,2,3,1,4,2,1,0,4,3,0,0,2,1,2,1,4,3,3,4,0,4,0,1,0,3,2,1,3,4,2,2,4,3,0,1,4,2,0,1,3,0,3,1,4,1,2,2,0,4,3,0,3,0,2,1,3,4,1,4,2,0,0,1,3,2,4,3,2,1,4,0,2,4,4,2,0,1,3,3,1,2,4,3,3,1,2,4,0,1,0};",NA,wr,npm
2025_09_05_acr04,acr,09/05/2025,acr04,1,multi_nacl,multi nacl,NA,NA,"{0,4,1,2,2,3,0,4,1,3,4,4,2,2,3,0,3,1,1,0,3,0,2,1,4,2,3,0,1,4,1,3,4,3,2,4,0,2,1,0,1,4,1,0,2,2,3,0,3,4,3,2,2,0,4,1,3,1,4,0,4,1,2,2,3,0,0,1,4,3,3,3,4,1,2,0,2,4,1,0,1,1,4,0,4,2,0,3,2,3,3,2,1,1,0,2,4,3,0,4};",NA,wr,npm
2025_09_05_acr05,acr,09/05/2025,acr05,1,multi_nacl,multi nacl,NA,NA,"{3,0,2,4,1,2,1,4,3,0,4,3,3,2,2,0,0,1,1,4,1,2,0,2,3,4,0,1,4,3,4,0,1,3,0,3,1,2,2,4,1,4,2,1,4,3,0,0,2,3,0,1,3,2,4,0,3,1,4,2,2,4,0,1,2,1,3,0,4,3,2,4,0,0,3,3,2,1,1,4,0,2,1,4,1,3,0,2,4,3,1,3,2,0,2,3,0,1,4,4};",NA,wr,npm
2025_09_05_acr06,acr,09/05/2025,acr06,1,multi_nacl,multi nacl,NA,NA,"{2,3,4,2,4,0,0,3,1,1,1,4,3,1,2,0,4,3,0,2,0,4,0,4,1,2,3,2,1,3,2,2,1,0,3,3,4,4,0,1,3,4,0,1,2,2,0,4,3,1,1,2,4,3,4,0,1,3,2,0,3,4,2,0,1,0,2,1,3,4,0,4,3,1,0,4,2,2,1,3,3,0,0,2,2,1,4,3,1,4,3,1,1,4,3,2,0,2,4,0};",NA,wr,npm
2025_09_05_acr07,acr,09/05/2025,acr07,1,multi_nacl,multi nacl,NA,NA,"{1,4,0,3,1,2,0,3,2,4,1,4,0,2,3,3,4,1,2,0,4,3,2,1,1,0,0,4,3,2,2,4,1,3,0,0,3,2,1,4,1,2,0,3,2,1,4,4,0,3,2,3,1,0,1,2,4,3,0,4,0,2,0,1,2,4,1,3,4,3,2,0,1,4,2,3,4,3,0,1,3,2,1,0,1,2,4,0,3,4,1,4,3,0,0,2,3,4,1,2};",NA,wr,npm
2025_09_05_acr08,acr,09/05/2025,acr08,1,multi_nacl,multi nacl,NA,NA,"{4,4,2,1,3,3,2,0,0,1,0,1,4,3,2,3,1,0,4,2,1,4,4,2,0,2,0,3,3,1,0,4,3,1,2,3,2,1,0,4,0,1,0,4,2,3,1,2,3,4,0,3,3,1,0,2,1,4,2,4,3,4,4,1,1,3,2,0,2,0,4,0,3,2,4,2,0,3,1,1,4,3,2,0,1,3,4,2,0,1,1,3,4,3,0,2,0,1,2,4};",NA,wr,npm
2025_09_06_acr01,acr,09/06/2025,acr01,1,multi_nacl,multi nacl,NA,NA,"{0,4,2,3,1,1,3,2,4,0,0,4,2,1,3,2,1,3,4,0,2,0,3,4,3,2,1,1,4,0,0,3,2,1,4,0,3,2,1,4,1,0,2,4,3,4,0,1,3,2,4,2,3,0,3,2,0,1,1,4,2,1,2,0,4,3,4,3,1,0,3,0,2,4,2,1,4,3,1,0,0,0,4,2,3,2,4,1,3,1,0,1,4,4,3,3,0,1,2,2};",NA,wr,npm
2025_09_06_acr03,acr,09/06/2025,acr03,1,multi_nacl,multi nacl,NA,NA,"{2,3,2,1,4,3,4,0,1,0,0,2,4,1,3,4,0,1,2,3,4,3,0,1,3,0,2,4,2,1,1,1,3,3,0,4,0,2,2,4,2,3,4,1,1,3,4,2,0,0,0,2,4,3,2,0,4,1,3,1,4,1,1,2,3,4,3,0,0,2,3,3,0,0,4,2,4,1,2,1,2,3,1,3,4,1,2,0,4,0,2,4,2,3,1,1,0,4,0,3};",NA,wr,npm
2025_09_06_acr04,acr,09/06/2025,acr04,1,multi_nacl,multi nacl,NA,NA,"{2,0,2,1,3,1,3,4,0,4,4,2,1,2,3,4,0,1,3,0,0,2,0,2,4,3,3,4,1,1,0,4,2,3,3,0,4,2,1,1,1,3,4,4,0,2,1,2,0,3,4,3,1,0,3,2,1,0,2,4,1,1,2,4,3,4,3,0,0,2,3,1,2,0,4,0,3,2,4,1,4,2,3,0,1,4,3,1,2,0,2,0,4,0,3,1,2,1,3,4};",NA,wr,npm
2025_09_06_acr05,acr,09/06/2025,acr05,1,multi_nacl,multi nacl,NA,NA,"{1,3,2,2,0,3,4,0,4,1,2,1,1,2,4,4,0,3,3,0,0,1,2,2,4,3,4,3,0,1,1,3,0,0,3,4,2,4,2,1,1,0,2,2,3,0,4,3,1,4,2,3,0,3,2,4,4,1,0,1,2,0,1,0,4,3,3,1,4,2,1,2,0,0,1,4,2,4,3,3,0,4,3,1,3,2,1,4,2,0,0,1,1,3,4,2,3,4,2,0};",NA,wr,npm
2025_09_06_acr06,acr,09/06/2025,acr06,1,multi_nacl,multi nacl,NA,NA,"{4,1,3,0,1,2,2,3,4,0,3,3,0,1,1,0,2,2,4,4,3,3,1,2,1,4,0,4,0,2,3,4,0,2,4,1,1,3,2,0,4,1,2,0,3,3,0,4,2,1,2,1,4,3,0,4,0,3,1,2,1,0,4,3,4,3,2,2,1,0,2,2,1,4,4,3,0,3,1,0,0,3,1,4,2,4,1,2,3,0,1,3,2,0,4,0,4,3,2,1};",NA,wr,npm
2025_09_06_acr07,acr,09/06/2025,acr07,1,multi_nacl,multi nacl,NA,NA,"{1,0,3,2,4,4,0,3,2,1,3,4,0,3,2,0,4,2,1,1,3,4,1,2,3,1,0,2,4,0,3,4,1,2,0,1,0,3,2,4,2,1,4,0,3,0,3,4,2,1,3,4,2,3,0,1,4,0,2,1,4,0,2,2,4,3,1,0,1,3,4,0,2,4,3,1,1,2,3,0,0,1,4,1,0,4,2,2,3,3,1,4,3,0,4,0,2,1,3,2};",NA,wr,npm
2025_09_06_acr08,acr,09/06/2025,acr08,1,multi_nacl,multi nacl,NA,NA,"{4,3,1,4,2,0,0,1,2,3,0,0,1,2,2,4,4,1,3,3,3,4,4,1,1,0,2,3,2,0,1,0,3,0,2,4,1,3,4,2,1,1,2,3,2,0,4,0,4,3,4,1,3,3,0,4,2,1,0,2,3,0,1,1,2,2,4,3,0,4,2,3,0,0,1,1,4,3,4,2,1,1,3,2,3,4,4,2,0,0,2,3,0,0,4,4,1,2,3,1};",NA,wr,npm
2025_09_09_acr01,acr,09/09/2025,acr01,1,multi_water,multi water,NA,NA,"{2,3,2,1,4,3,4,0,1,0,0,2,4,1,3,4,0,1,2,3,4,3,0,1,3,0,2,4,2,1,1,1,3,3,0,4,0,2,2,4,2,3,4,1,1,3,4,2,0,0,0,2,4,3,2,0,4,1,3,1,4,1,1,2,3,4,3,0,0,2,3,3,0,0,4,2,4,1,2,1,2,3,1,3,4,1,2,0,4,0,2,4,2,3,1,1,0,4,0,3};",NA,wr,npm
2025_09_09_acr03,acr,09/09/2025,acr03,1,multi_water,multi water,NA,NA,"{2,0,2,1,3,1,3,4,0,4,4,2,1,2,3,4,0,1,3,0,0,2,0,2,4,3,3,4,1,1,0,4,2,3,3,0,4,2,1,1,1,3,4,4,0,2,1,2,0,3,4,3,1,0,3,2,1,0,2,4,1,1,2,4,3,4,3,0,0,2,3,1,2,0,4,0,3,2,4,1,4,2,3,0,1,4,3,1,2,0,2,0,4,0,3,1,2,1,3,4};",NA,wr,npm
2025_09_09_acr04,acr,09/09/2025,acr04,1,multi_water,multi water,NA,NA,"{1,3,2,2,0,3,4,0,4,1,2,1,1,2,4,4,0,3,3,0,0,1,2,2,4,3,4,3,0,1,1,3,0,0,3,4,2,4,2,1,1,0,2,2,3,0,4,3,1,4,2,3,0,3,2,4,4,1,0,1,2,0,1,0,4,3,3,1,4,2,1,2,0,0,1,4,2,4,3,3,0,4,3,1,3,2,1,4,2,0,0,1,1,3,4,2,3,4,2,0};",NA,wr,npm
2025_09_09_acr05,acr,09/09/2025,acr05,1,multi_water,multi water,NA,NA,"{4,1,3,0,1,2,2,3,4,0,3,3,0,1,1,0,2,2,4,4,3,3,1,2,1,4,0,4,0,2,3,4,0,2,4,1,1,3,2,0,4,1,2,0,3,3,0,4,2,1,2,1,4,3,0,4,0,3,1,2,1,0,4,3,4,3,2,2,1,0,2,2,1,4,4,3,0,3,1,0,0,3,1,4,2,4,1,2,3,0,1,3,2,0,4,0,4,3,2,1};",NA,wr,npm
2025_09_09_acr06,acr,09/09/2025,acr06,1,multi_water,multi water,NA,NA,"{1,0,3,2,4,4,0,3,2,1,3,4,0,3,2,0,4,2,1,1,3,4,1,2,3,1,0,2,4,0,3,4,1,2,0,1,0,3,2,4,2,1,4,0,3,0,3,4,2,1,3,4,2,3,0,1,4,0,2,1,4,0,2,2,4,3,1,0,1,3,4,0,2,4,3,1,1,2,3,0,0,1,4,1,0,4,2,2,3,3,1,4,3,0,4,0,2,1,3,2};",NA,wr,npm
2025_09_09_acr07,acr,09/09/2025,acr07,1,multi_water,multi water,NA,NA,"{4,3,1,4,2,0,0,1,2,3,0,0,1,2,2,4,4,1,3,3,3,4,4,1,1,0,2,3,2,0,1,0,3,0,2,4,1,3,4,2,1,1,2,3,2,0,4,0,4,3,4,1,3,3,0,4,2,1,0,2,3,0,1,1,2,2,4,3,0,4,2,3,0,0,1,1,4,3,4,2,1,1,3,2,3,4,4,2,0,0,2,3,0,0,4,4,1,2,3,1};",NA,wr,npm
2025_09_09_acr08,acr,09/09/2025,acr08,1,multi_water,multi water,NA,NA,"{3,3,4,2,0,1,0,4,2,1,2,1,3,1,4,4,0,2,3,0,3,0,0,1,2,2,3,1,4,4,1,1,4,0,3,2,2,0,4,3,3,1,2,0,4,1,3,0,4,2,1,1,3,4,0,0,2,3,4,2,1,2,4,3,4,3,1,0,2,0,2,1,2,1,3,0,4,3,4,0,0,1,3,0,3,2,1,4,2,4,3,4,4,1,1,2,2,3,0,0};",NA,wr,npm
2025_09_10_acr01,acr,09/10/2025,acr01,1,multi_water,multi water,NA,NA,"{2,3,2,1,4,3,4,0,1,0,0,2,4,1,3,4,0,1,2,3,4,3,0,1,3,0,2,4,2,1,1,1,3,3,0,4,0,2,2,4,2,3,4,1,1,3,4,2,0,0,0,2,4,3,2,0,4,1,3,1,4,1,1,2,3,4,3,0,0,2,3,3,0,0,4,2,4,1,2,1,2,3,1,3,4,1,2,0,4,0,2,4,2,3,1,1,0,4,0,3};",NA,wr,npm
2025_09_10_acr03,acr,09/10/2025,acr03,1,multi_water,multi water,NA,NA,"{2,0,2,1,3,1,3,4,0,4,4,2,1,2,3,4,0,1,3,0,0,2,0,2,4,3,3,4,1,1,0,4,2,3,3,0,4,2,1,1,1,3,4,4,0,2,1,2,0,3,4,3,1,0,3,2,1,0,2,4,1,1,2,4,3,4,3,0,0,2,3,1,2,0,4,0,3,2,4,1,4,2,3,0,1,4,3,1,2,0,2,0,4,0,3,1,2,1,3,4};",NA,wr,npm
2025_09_10_acr04,acr,09/10/2025,acr04,1,multi_water,multi water,NA,NA,"{1,3,2,2,0,3,4,0,4,1,2,1,1,2,4,4,0,3,3,0,0,1,2,2,4,3,4,3,0,1,1,3,0,0,3,4,2,4,2,1,1,0,2,2,3,0,4,3,1,4,2,3,0,3,2,4,4,1,0,1,2,0,1,0,4,3,3,1,4,2,1,2,0,0,1,4,2,4,3,3,0,4,3,1,3,2,1,4,2,0,0,1,1,3,4,2,3,4,2,0};",NA,wr,npm
2025_09_10_acr05,acr,09/10/2025,acr05,1,multi_water,multi water,NA,NA,"{4,1,3,0,1,2,2,3,4,0,3,3,0,1,1,0,2,2,4,4,3,3,1,2,1,4,0,4,0,2,3,4,0,2,4,1,1,3,2,0,4,1,2,0,3,3,0,4,2,1,2,1,4,3,0,4,0,3,1,2,1,0,4,3,4,3,2,2,1,0,2,2,1,4,4,3,0,3,1,0,0,3,1,4,2,4,1,2,3,0,1,3,2,0,4,0,4,3,2,1};",NA,wr,npm
2025_09_10_acr06,acr,09/10/2025,acr06,1,multi_water,multi water,NA,NA,"{1,0,3,2,4,4,0,3,2,1,3,4,0,3,2,0,4,2,1,1,3,4,1,2,3,1,0,2,4,0,3,4,1,2,0,1,0,3,2,4,2,1,4,0,3,0,3,4,2,1,3,4,2,3,0,1,4,0,2,1,4,0,2,2,4,3,1,0,1,3,4,0,2,4,3,1,1,2,3,0,0,1,4,1,0,4,2,2,3,3,1,4,3,0,4,0,2,1,3,2};",NA,wr,npm
2025_09_10_acr07,acr,09/10/2025,acr07,1,multi_water,multi water,NA,NA,"{4,3,1,4,2,0,0,1,2,3,0,0,1,2,2,4,4,1,3,3,3,4,4,1,1,0,2,3,2,0,1,0,3,0,2,4,1,3,4,2,1,1,2,3,2,0,4,0,4,3,4,1,3,3,0,4,2,1,0,2,3,0,1,1,2,2,4,3,0,4,2,3,0,0,1,1,4,3,4,2,1,1,3,2,3,4,4,2,0,0,2,3,0,0,4,4,1,2,3,1};",NA,wr,npm
2025_09_10_acr08,acr,09/10/2025,acr08,1,multi_water,multi water,NA,NA,"{3,3,4,2,0,1,0,4,2,1,2,1,3,1,4,4,0,2,3,0,3,0,0,1,2,2,3,1,4,4,1,1,4,0,3,2,2,0,4,3,3,1,2,0,4,1,3,0,4,2,1,1,3,4,0,0,2,3,4,2,1,2,4,3,4,3,1,0,2,0,2,1,2,1,3,0,4,3,4,0,0,1,3,0,3,2,1,4,2,4,3,4,4,1,1,2,2,3,0,0};",NA,wr,npm
2025_09_17_acr01,acr,09/17/2025,acr01,1,multi_sacc,multi_sacc02,NA,NA,"{3,2,4,0,3,0,1,4,2,1,0,2,1,3,3,1,4,0,2,4,4,2,2,1,0,3,4,3,0,1,3,3,4,1,2,4,0,0,1,2,4,3,2,2,0,0,4,3,1,1,3,1,2,4,0,0,4,3,2,1,4,2,1,4,2,1,0,3,3,0,3,0,0,4,2,1,1,2,3,4,2,1,0,1,4,3,4,2,0,3,1,2,3,4,2,4,3,1,0,0};",NA,fr,npm
2025_09_17_acr03,acr,09/17/2025,acr03,1,multi_sacc,multi_sacc02,NA,NA,"{4,1,0,1,3,0,3,4,2,2,0,4,2,3,4,2,1,3,1,0,1,1,0,4,4,3,2,2,3,0,0,0,3,3,1,1,2,4,2,4,2,4,4,2,3,3,0,1,0,1,0,2,2,0,3,1,3,4,4,1,1,4,2,0,3,1,3,4,2,0,3,2,1,0,3,1,0,2,4,4,3,0,3,0,1,1,4,4,2,2,2,1,2,3,3,0,4,0,4,1};",NA,fr,npm
2025_09_17_acr04,acr,09/17/2025,acr04,1,multi_sacc,multi_sacc02,NA,NA,"{2,3,4,0,3,0,1,4,2,1,0,3,1,4,2,4,1,2,0,3,4,0,2,1,4,3,1,0,3,2,1,1,4,4,2,3,0,3,2,0,0,1,4,2,1,3,2,4,3,0,3,2,1,3,1,4,4,2,0,0,4,0,3,1,0,4,2,2,3,1,0,0,3,2,3,4,1,1,2,4,0,0,3,4,3,2,4,1,1,2,0,2,0,3,4,3,1,2,4,1};",NA,fr,npm
2025_09_17_acr05,acr,09/17/2025,acr05,1,multi_sacc,multi_sacc02,NA,NA,"{2,4,0,2,1,1,4,3,0,3,2,0,1,4,3,2,1,4,3,0,4,0,3,1,1,3,2,2,4,0,3,1,0,2,1,0,4,2,3,4,3,3,0,1,1,4,4,2,0,2,3,2,3,4,2,1,1,0,0,4,0,3,4,1,2,4,1,3,0,2,2,4,0,4,2,1,3,0,1,3,3,1,0,2,2,4,1,4,3,0,1,1,4,0,4,0,2,2,3,3};",NA,fr,npm
2025_09_17_acr06,acr,09/17/2025,acr06,1,multi_sacc,multi_sacc02,NA,NA,"{0,1,4,1,2,4,2,3,0,3,4,3,2,4,3,2,1,0,0,1,4,4,1,3,2,0,2,1,0,3,2,3,0,2,1,3,1,4,0,4,2,1,2,4,3,3,4,0,0,1,2,1,4,3,0,3,0,2,4,1,0,3,3,0,1,2,2,1,4,4,3,3,4,0,2,1,0,2,1,4,0,2,3,3,4,2,1,4,0,1,1,0,1,3,0,4,3,2,2,4};",NA,fr,npm
2025_09_17_acr07,acr,09/17/2025,acr07,1,multi_sacc,multi_sacc02,NA,NA,"{4,4,3,0,0,2,1,2,3,1,2,4,1,0,2,1,3,4,0,3,3,1,4,1,2,0,3,2,4,0,3,4,2,3,4,0,0,1,1,2,2,3,3,4,0,1,1,4,2,0,0,2,3,3,0,4,4,2,1,1,0,1,2,3,3,2,0,1,4,4,3,2,0,0,1,3,2,4,1,4,4,1,4,0,0,2,1,2,3,3,3,3,0,1,2,1,2,4,4,0};",NA,fr,npm
2025_09_17_acr08,acr,09/17/2025,acr08,1,multi_sacc,multi_sacc02,NA,NA,"{2,1,4,2,3,4,0,1,3,0,2,0,4,3,0,1,3,4,2,1,2,1,0,2,4,1,0,4,3,3,4,2,0,1,2,0,1,3,3,4,2,1,4,0,2,0,1,3,3,4,2,2,3,0,1,3,4,4,0,1,1,3,2,1,0,4,2,0,3,4,3,0,4,2,0,3,1,4,2,1,3,0,2,4,1,4,3,1,0,2,0,2,2,3,4,0,1,3,1,4};",NA,fr,npm
2025_09_18_acr01,acr,09/18/2025,acr01,1,multi_sacc,multi_sacc02,NA,NA,"{2,1,4,0,2,3,3,1,0,4,0,3,1,2,0,1,3,2,4,4,1,2,1,4,3,3,0,2,4,0,1,4,2,2,0,4,1,0,3,3,4,1,2,3,0,3,0,4,2,1,1,0,1,2,4,0,3,2,3,4,0,4,3,1,2,4,3,0,2,1,2,0,0,1,4,4,1,2,3,3,2,4,3,1,2,0,1,3,4,0,1,3,0,1,3,2,2,4,4,0};",NA,fr,npm
2025_09_18_acr03,acr,09/18/2025,acr03,1,multi_sacc,multi_sacc02,NA,NA,"{0,3,4,2,0,1,4,3,1,2,3,2,1,0,2,4,1,4,0,3,0,2,2,1,1,4,3,0,4,3,4,1,2,4,2,0,3,0,3,1,2,4,3,0,1,4,0,1,2,3,0,3,4,2,4,1,2,0,3,1,4,4,0,1,3,2,1,0,2,3,1,2,3,4,3,2,0,4,1,0,3,2,1,1,2,3,4,0,0,4,0,0,2,1,1,4,3,3,4,2};",NA,fr,npm
2025_09_18_acr04,acr,09/18/2025,acr04,1,multi_sacc,multi_sacc02,NA,NA,"{0,1,3,0,4,2,3,2,1,4,4,3,3,2,0,2,1,4,0,1,4,3,0,2,3,0,1,2,4,1,2,3,1,0,2,1,0,4,3,4,3,4,0,4,0,3,1,2,1,2,1,2,1,0,4,2,4,3,3,0,1,3,2,0,0,2,4,3,4,1,3,1,2,4,4,0,3,1,0,2,0,2,4,0,1,2,3,3,1,4,2,1,4,0,1,4,3,0,2,3};",NA,fr,npm
2025_09_18_acr05,acr,09/18/2025,acr05,1,multi_sacc,multi_sacc02,NA,NA,"{2,1,3,0,0,2,4,3,1,4,1,0,2,4,2,0,4,1,3,3,4,3,1,3,0,2,2,4,1,0,4,3,3,1,2,0,2,0,1,4,1,2,4,4,0,3,1,2,3,0,2,2,4,1,4,0,3,1,0,3,3,1,3,1,4,0,2,0,2,4,4,2,1,3,0,3,2,1,4,0,4,0,0,4,3,2,3,2,1,1,0,3,2,3,1,0,4,2,4,1};",NA,fr,npm
2025_09_18_acr06,acr,09/18/2025,acr06,1,multi_sacc,multi_sacc02,NA,NA,"{4,2,1,2,0,1,4,0,3,3,1,2,1,0,3,4,3,2,0,4,4,4,3,1,1,0,2,3,2,0,3,4,0,4,1,0,1,3,2,2,4,4,1,3,0,2,3,1,2,0,1,2,0,0,2,1,4,4,3,3,3,0,2,3,4,1,4,2,0,1,3,2,2,1,3,4,4,1,0,0,1,2,0,4,4,0,3,3,1,2,2,0,4,2,3,1,0,4,3,1};",NA,fr,npm
2025_09_18_acr07,acr,09/18/2025,acr07,1,multi_sacc,multi_sacc02,NA,NA,"{0,2,2,0,1,1,4,3,4,3,3,0,1,4,2,2,1,3,4,0,0,4,2,4,1,2,1,0,3,3,1,0,3,3,4,1,0,4,2,2,1,0,3,2,4,0,2,1,3,4,1,4,1,4,2,2,0,0,3,3,1,2,1,4,3,0,2,4,0,3,1,2,3,0,4,3,0,1,2,4,0,2,4,0,4,3,1,1,2,3,2,0,4,1,3,3,4,1,0,2};",NA,fr,npm
2025_09_18_acr08,acr,09/18/2025,acr08,1,multi_sacc,multi_sacc02,NA,NA,"{0,4,3,2,1,4,1,0,2,3,1,4,2,0,3,4,1,0,3,2,0,1,1,2,4,4,2,3,0,3,4,4,2,0,3,1,1,0,2,3,2,1,4,2,0,0,1,3,3,4,3,2,0,3,1,0,1,4,4,2,3,0,4,1,2,1,2,4,0,3,3,0,4,1,2,4,1,2,3,0,0,4,4,1,3,1,2,3,2,0,4,3,2,4,1,0,1,2,3,0};",NA,fr,npm
2025_09_19_acr01,acr,09/19/2025,acr01,1,multi_sacc,multi_sacc02,NA,NA,"{4,0,2,0,3,3,1,1,2,4,2,4,1,1,3,2,0,3,4,0,2,4,4,0,0,3,2,1,1,3,1,1,3,0,2,4,0,4,3,2,2,4,0,1,3,4,1,0,2,3,1,2,1,4,3,0,4,2,0,3,1,2,0,4,4,3,2,3,1,0,3,2,1,2,0,3,0,1,4,4,3,0,2,2,1,4,3,4,0,1,0,0,3,4,1,3,1,4,2,2};",NA,fr,npm
2025_09_19_acr03,acr,09/19/2025,acr03,1,multi_sacc,multi_sacc02,NA,NA,"{0,4,1,2,3,2,1,0,3,4,1,3,2,2,4,0,0,4,3,1,0,4,3,2,1,0,2,3,1,4,4,3,0,2,3,1,2,4,1,0,0,2,1,1,3,3,2,4,4,0,0,3,3,4,2,0,1,4,1,2,4,3,4,2,1,0,3,1,0,2,0,3,2,3,0,4,1,4,1,2,2,4,2,3,0,4,1,3,1,0,2,1,1,0,3,4,0,3,4,2};",NA,fr,npm
2025_09_19_acr04,acr,09/19/2025,acr04,1,multi_sacc,multi_sacc02,NA,NA,"{2,1,3,4,0,3,1,4,2,0,0,3,1,2,4,2,4,0,3,1,2,3,3,4,0,1,4,2,1,0,1,2,3,2,1,0,0,4,4,3,3,1,0,1,4,2,2,3,0,4,3,1,2,4,1,3,4,0,0,2,3,4,2,0,1,0,1,3,4,2,0,3,4,3,4,2,0,1,1,2,0,0,2,1,4,4,2,3,1,3,1,2,0,0,3,3,4,1,2,4};",NA,fr,npm
2025_09_19_acr05,acr,09/19/2025,acr05,1,multi_sacc,multi_sacc02,NA,NA,"{1,0,4,4,1,0,3,2,2,3,2,4,3,0,0,1,4,2,3,1,1,3,2,2,4,3,0,0,1,4,3,0,2,2,3,0,4,1,4,1,0,2,1,4,1,3,4,3,0,2,3,2,4,1,3,1,4,0,0,2,3,3,1,4,2,0,1,2,4,0,3,2,0,4,4,1,2,1,3,0,3,2,4,3,1,2,1,0,4,0,0,0,1,2,2,4,3,4,3,1};",NA,fr,npm
2025_09_19_acr06,acr,09/19/2025,acr06,1,multi_sacc,multi_sacc02,NA,NA,"{3,2,3,4,1,2,0,4,0,1,4,0,3,0,4,3,2,1,1,2,4,4,1,0,3,3,2,1,0,2,1,3,4,0,4,3,0,2,2,1,2,3,3,0,1,2,1,4,4,0,3,4,1,4,0,3,2,2,1,0,4,4,3,2,1,0,3,2,1,0,0,3,4,2,1,3,0,4,1,2,1,3,2,2,0,3,0,4,4,1,3,2,0,3,1,4,2,0,1,4};",NA,fr,npm
2025_09_19_acr07,acr,09/19/2025,acr07,1,multi_sacc,multi_sacc02,NA,NA,"{1,2,1,2,4,0,0,3,4,3,2,4,3,4,1,1,0,2,0,3,3,4,2,4,0,0,3,1,1,2,0,4,0,3,1,1,3,2,2,4,3,0,4,2,3,0,2,4,1,1,1,2,4,0,1,2,3,4,3,0,0,3,4,1,4,1,3,2,0,2,2,0,4,1,1,4,0,3,2,3,0,3,2,2,0,4,3,1,1,4,3,4,4,3,0,1,2,0,2,1};",NA,fr,npm
2025_09_19_acr08,acr,09/19/2025,acr08,1,multi_sacc,multi_sacc02,NA,NA,"{0,3,2,2,1,4,1,0,3,4,4,0,2,1,4,2,3,1,0,3,2,3,4,3,0,0,1,1,4,2,3,1,2,4,2,3,0,0,4,1,4,0,1,3,0,3,1,2,2,4,1,3,0,2,1,4,4,3,0,2,4,4,0,2,0,3,2,1,1,3,4,0,4,3,2,1,1,2,0,3,2,4,0,4,0,3,2,1,1,3,4,3,4,2,0,3,0,1,2,1};",NA,fr,npm
2025_09_30_aco05,aco,09/30/2025,aco05,1,fa_licktriggeredlaser_vta,10% sucrose,NA,NA,NA,NA,fr,NA
2025_10_01_aco08,aco,10/01/2025,aco08,1,fa_licktriggeredlaser_vta,10% sucrose,NA,NA,NA,NA,fr,NA
2025_11_03_aco05,aco,11/03/2025,aco05,1,multi_licktriggeredlaser_suc_fr_3s_vta,10% sucrose,NA,NA,"{0,0,0,0,0,0,0,0,0,0,0,0,0,0,0,0,0,0,0,0,0,0,0,0,0,0,0,0,0,0,0,0,0,0,0,0,0,0,0,0,0,0,0,0,0,0,0,0,0,0,0,0,0,0,0,0,0,0,0,0,0,0,0,0,0,0,0,0,0,0,0,0,0,0,0,0,0,0,0,0,0,0,0,0,0,0,0,0,0,0,0,0,0,0,0,0,0,0,0,0};","{-1,-1,-1,-1,-1,-1,-1,-1,-1,-1,0,0,0,0,0,0,0,0,0,0,-1,-1,-1,-1,-1,-1,-1,-1,-1,-1,0,0,0,0,0,0,0,0,0,0,-1,-1,-1,-1,-1,-1,-1,-1,-1,-1,0,0,0,0,0,0,0,0,0,0,-1,-1,-1,-1,-1,-1,-1,-1,-1,-1,0,0,0,0,0,0,0,0,0,0,-1,-1,-1,-1,-1,-1,-1,-1,-1,-1,0,0,0,0,0,0,0,0,0,0};",fr,NA
2025_11_04_aco08,aco,11/04/2025,aco08,1,multi_licktriggeredlaser_suc_fr_3s_vta,10% sucrose,NA,NA,"{0,0,0,0,0,0,0,0,0,0,0,0,0,0,0,0,0,0,0,0,0,0,0,0,0,0,0,0,0,0,0,0,0,0,0,0,0,0,0,0,0,0,0,0,0,0,0,0,0,0,0,0,0,0,0,0,0,0,0,0,0,0,0,0,0,0,0,0,0,0,0,0,0,0,0,0,0,0,0,0,0,0,0,0,0,0,0,0,0,0,0,0,0,0,0,0,0,0,0,0};","{-1,-1,-1,-1,-1,-1,-1,-1,-1,-1,0,0,0,0,0,0,0,0,0,0,-1,-1,-1,-1,-1,-1,-1,-1,-1,-1,0,0,0,0,0,0,0,0,0,0,-1,-1,-1,-1,-1,-1,-1,-1,-1,-1,0,0,0,0,0,0,0,0,0,0,-1,-1,-1,-1,-1,-1,-1,-1,-1,-1,0,0,0,0,0,0,0,0,0,0,-1,-1,-1,-1,-1,-1,-1,-1,-1,-1,0,0,0,0,0,0,0,0,0,0};",fr,NA
2026_01_14_acr09,acr,01/14/2026,acr09,1,multi_sucrose,multi_sucrose,NA,NA,"{2,1,4,0,2,3,3,1,0,4,0,3,1,2,0,1,3,2,4,4,1,2,1,4,3,3,0,2,4,0,1,4,2,2,0,4,1,0,3,3,4,1,2,3,0,3,0,4,2,1,1,0,1,2,4,0,3,2,3,4,0,4,3,1,2,4,3,0,2,1,2,0,0,1,4,4,1,2,3,3,2,4,3,1,2,0,1,3,4,0,1,3,0,1,3,2,2,4,4,0};",NA,wr,npm
2026_01_14_acr10,acr,01/14/2026,acr10,1,multi_sucrose,multi_sucrose,NA,NA,"{0,3,4,2,0,1,4,3,1,2,3,2,1,0,2,4,1,4,0,3,0,2,2,1,1,4,3,0,4,3,4,1,2,4,2,0,3,0,3,1,2,4,3,0,1,4,0,1,2,3,0,3,4,2,4,1,2,0,3,1,4,4,0,1,3,2,1,0,2,3,1,2,3,4,3,2,0,4,1,0,3,2,1,1,2,3,4,0,0,4,0,0,2,1,1,4,3,3,4,2};",NA,wr,npm
2026_01_15_acr09,acr,01/15/2026,acr09,1,multi_sucrose,multi_sucrose,NA,NA,"{3,2,3,1,0,4,0,2,4,1,4,4,0,1,2,3,2,0,1,3,1,0,3,2,4,3,4,0,1,2,1,3,2,4,0,0,2,3,4,1,0,0,1,4,3,2,1,4,3,2,0,4,1,1,3,2,3,4,0,2,1,0,3,2,4,4,1,3,0,2,1,1,4,3,4,0,2,2,0,3,4,2,4,1,1,2,0,0,3,3,0,0,1,2,4,3,3,4,2,1};",NA,wr,npm
2026_01_15_acr10,acr,01/15/2026,acr10,1,multi_sucrose,multi_sucrose,NA,NA,"{1,0,3,1,4,2,4,2,3,0,1,1,3,2,3,4,0,4,0,2,0,1,3,2,3,2,0,1,4,4,4,0,3,3,1,1,0,2,4,2,1,0,2,2,3,1,4,4,0,3,1,2,4,4,0,1,3,3,0,2,2,4,4,2,1,3,0,0,1,3,2,4,3,3,2,0,4,0,1,1,2,2,4,1,3,0,1,4,3,0,4,0,2,0,3,2,3,1,4,1};",NA,wr,npm
2026_01_16_acr09,acr,01/16/2026,acr09,1,multi_sucrose,multi_sucrose,NA,NA,"{4,0,2,4,3,0,1,2,3,1,2,3,4,2,1,0,3,1,0,4,2,4,0,4,3,1,3,0,1,2,3,0,4,1,2,0,3,4,2,1,4,4,3,2,1,1,3,2,0,0,1,0,0,4,3,2,1,2,4,3,0,4,1,4,2,1,3,2,0,3,0,2,4,2,3,1,3,1,0,4,3,0,3,1,1,2,4,0,2,4,0,3,1,3,0,2,2,1,4,4};",NA,wr,npm
2026_01_16_acr10,acr,01/16/2026,acr10,1,multi_sucrose,multi_sucrose,NA,NA,"{4,1,2,3,2,0,1,0,4,3,0,2,0,4,3,3,4,1,1,2,1,1,0,0,3,2,2,4,4,3,3,4,3,0,1,4,1,2,0,2,3,4,2,1,0,1,2,3,4,0,1,4,0,2,0,1,2,4,3,3,1,2,0,3,1,4,2,0,4,3,2,3,0,4,3,2,4,1,1,0,2,0,1,3,4,0,3,2,1,4,2,4,4,0,3,1,2,1,3,0};",NA,wr,npm
2026_01_21_acr09,acr,01/21/2026,acr09,1,multi_nacl,multi_nacl,NA,NA,"{4,2,3,1,0,0,4,3,2,1,2,4,1,1,3,3,0,2,4,0,3,1,0,0,2,3,2,4,4,1,3,1,4,3,0,2,0,2,4,1,0,4,1,2,0,4,3,3,2,1,0,4,1,2,4,2,1,0,3,3,2,4,1,0,0,3,3,2,1,4,1,4,3,0,2,2,4,3,1,0,0,1,3,4,1,3,4,2,2,0,4,1,2,0,0,4,1,3,3,2};",NA,wr,npm
2026_01_21_acr10,acr,01/21/2026,acr10,1,multi_nacl,multi_nacl,NA,NA,"{2,3,0,4,1,4,2,3,0,1,2,1,0,0,2,4,3,1,3,4,1,0,4,4,3,3,1,2,2,0,0,3,3,4,2,4,1,1,0,2,0,0,4,1,2,2,3,4,1,3,2,4,3,3,1,1,0,2,4,0,0,1,1,0,4,4,3,2,3,2,2,3,1,0,3,2,0,4,1,4,1,2,2,0,0,4,1,3,4,3,1,4,0,4,1,2,2,3,0,3};",NA,wr,npm
2026_01_21_acp01,acp,01/21/2026,acp01,1,multi_sucrose,multi_sucrose,NA,NA,"{2,2,4,0,1,0,3,4,1,3,1,2,0,0,4,3,4,2,1,3,4,1,2,3,0,3,2,0,1,4,4,1,2,0,0,1,2,3,3,4,3,3,2,4,1,0,0,2,1,4,1,2,0,0,4,3,4,1,2,3,0,4,2,4,3,3,0,1,2,1,2,2,4,0,3,3,1,4,0,1,2,0,0,3,1,2,3,4,1,4,0,0,2,4,1,1,2,3,4,3};",NA,fr,npm
2026_01_21_acp02,acp,01/21/2026,acp02,1,multi_sucrose,multi_sucrose,NA,NA,"{2,0,1,3,1,4,2,3,0,4,3,0,2,1,4,1,0,3,2,4,3,4,3,0,1,1,2,2,0,4,1,2,1,4,0,2,3,3,4,0,4,3,0,4,2,2,3,1,1,0,0,1,0,2,1,4,3,4,2,3,3,2,3,2,0,0,1,1,4,4,4,1,0,2,3,2,4,3,1,0,3,3,0,2,1,1,0,2,4,4,4,2,0,4,1,3,1,3,2,0};",NA,wr,npm
2026_01_21_acp04,acp,01/21/2026,acp04,1,multi_sucrose,multi_sucrose,NA,NA,"{3,0,2,1,4,0,4,3,1,2,0,4,2,2,0,4,1,1,3,3,1,3,4,3,0,2,2,4,0,1,4,4,1,2,3,0,2,1,3,0,4,1,3,1,0,4,3,2,0,2,3,4,2,1,3,2,1,0,4,0,1,2,1,0,4,3,4,2,3,0,0,4,2,2,4,3,1,0,1,3,1,2,3,0,3,2,0,4,4,1,3,3,1,4,0,1,2,2,4,0};",NA,wr,npm
2026_01_21_acp05,acp,01/21/2026,acp05,1,multi_sucrose,multi_sucrose,NA,NA,"{0,2,4,3,3,1,4,0,1,2,4,2,1,1,0,3,2,0,4,3,1,3,1,3,4,4,2,0,2,0,2,1,2,3,3,1,0,4,4,0,4,2,1,0,4,1,2,0,3,3,3,2,1,0,0,4,3,1,4,2,3,3,2,0,1,4,2,0,1,4,1,3,0,2,4,0,4,3,1,2,0,3,3,1,2,1,4,0,2,4,3,2,1,1,0,0,3,4,4,2};",NA,wr,npm
2026_01_21_acp06,acp,01/21/2026,acp06,1,multi_sucrose,multi_sucrose,NA,NA,"{3,4,3,0,4,2,2,1,1,0,2,0,3,4,2,4,3,1,1,0,2,1,2,1,4,4,3,3,0,0,1,3,0,2,2,1,0,4,4,3,0,3,0,1,3,2,4,2,1,4,3,0,0,4,1,2,1,2,4,3,1,1,2,3,4,0,4,2,3,0,3,0,2,3,0,1,1,4,4,2,2,1,0,3,4,4,2,3,1,0,4,0,3,4,2,1,1,2,0,3};",NA,fr,npm
2026_01_21_acp08,acp,01/21/2026,acp08,1,multi_sucrose,multi_sucrose,NA,NA,"{3,3,0,4,2,2,0,1,4,1,2,0,4,3,3,1,2,0,1,4,2,0,4,1,3,2,1,4,0,3,2,3,3,0,4,4,0,1,2,1,1,0,2,3,0,2,4,3,1,4,4,2,1,3,2,3,4,0,0,1,1,2,2,4,4,1,3,3,0,0,2,1,4,3,2,3,1,4,0,0,1,2,4,3,4,3,2,0,1,0,3,2,0,4,2,1,4,1,0,3};",NA,wr,npm
2026_01_21_acp11,acp,01/21/2026,acp11,1,multi_sucrose,multi_sucrose,NA,NA,"{2,0,3,4,3,2,1,4,0,1,0,4,3,1,1,2,0,2,3,4,4,1,4,0,0,3,2,2,1,3,4,0,2,1,0,1,2,3,4,3,0,4,2,1,2,0,3,4,1,3,2,3,2,4,3,0,0,1,1,4,1,4,4,2,0,3,2,3,1,0,2,0,1,4,4,3,0,1,3,2,3,2,4,1,1,3,0,2,4,0,3,2,4,4,1,0,3,2,1,0};",NA,fr,npm
2026_01_21_acp13,acp,01/21/2026,acp13,1,multi_sucrose,multi_sucrose,NA,NA,"{3,0,4,2,3,4,1,1,0,2,2,0,3,1,2,0,3,1,4,4,4,0,0,3,4,2,1,1,3,2,0,1,1,0,3,2,3,4,4,2,1,0,3,2,0,2,4,1,4,3,3,0,1,4,0,3,1,2,4,2,4,0,2,4,3,2,0,1,1,3,4,3,1,0,2,0,1,2,3,4,3,4,1,0,4,2,1,3,2,0,0,3,2,4,3,1,0,1,4,2};",NA,wr,npm
2026_01_21_acp14,acp,01/21/2026,acp14,1,multi_sucrose,multi_sucrose,NA,NA,"{1,4,0,3,2,4,1,3,0,2,3,0,4,2,3,1,0,4,1,2,0,4,1,3,3,2,0,4,2,1,3,1,0,2,4,0,3,4,2,1,0,3,2,4,2,1,1,0,3,4,2,1,2,1,4,0,0,4,3,3,1,4,2,0,3,2,3,1,4,0,0,3,4,1,2,0,1,3,2,4,3,3,1,4,2,0,2,4,1,0,2,3,0,3,0,4,2,1,1,4};",NA,fr,npm
2026_01_21_acp15,acp,01/21/2026,acp15,1,multi_sucrose,multi_sucrose,NA,NA,"{0,4,4,1,3,3,2,0,1,2,1,4,1,2,0,3,2,3,0,4,3,2,1,4,3,0,1,4,2,0,0,1,4,0,3,1,2,4,2,3,4,1,3,2,1,4,3,0,2,0,2,2,3,4,0,4,1,3,0,1,2,1,3,0,0,1,2,3,4,4,3,2,1,4,0,1,0,2,3,4,3,4,3,0,1,4,2,1,0,2,0,4,0,1,3,2,4,2,1,3};",NA,wr,npm
2026_01_22_acr09,acr,01/22/2026,acr09,1,multi_nacl,multi_nacl,NA,NA,"{1,2,4,3,2,1,3,4,0,0,4,1,3,0,3,0,2,1,2,4,4,1,2,4,2,3,0,1,0,3,4,2,3,3,0,0,1,2,4,1,0,1,2,3,3,4,1,4,2,0,2,4,2,1,3,4,0,3,1,0,3,3,1,0,4,0,2,1,4,2,3,0,4,2,2,3,4,0,1,1,0,2,4,1,2,0,4,1,3,3,1,0,2,2,1,4,0,3,4,3};",NA,wr,npm
2026_01_22_acr10,acr,01/22/2026,acr10,1,multi_nacl,multi_nacl,NA,NA,"{4,3,2,0,1,2,4,1,3,0,3,4,1,0,4,1,0,2,2,3,4,4,2,3,0,2,1,3,0,1,2,0,3,2,1,4,4,3,1,0,1,3,4,3,0,0,4,1,2,2,3,3,1,0,2,0,4,2,4,1,0,3,4,1,1,0,2,2,3,4,4,0,2,0,4,3,3,2,1,1,2,4,0,4,1,3,3,0,2,1,2,2,4,3,1,0,3,4,0,1};",NA,wr,npm
2026_01_22_acp01,acp,01/22/2026,acp01,1,multi_sucrose,multi_sucrose,NA,NA,"{4,0,3,2,0,4,1,1,3,2,1,2,2,3,4,1,3,4,0,0,3,0,2,1,0,1,3,2,4,4,4,1,2,4,3,3,0,2,0,1,1,0,4,1,4,2,3,2,3,0,2,2,4,1,0,4,3,3,1,0,2,1,1,0,4,3,0,3,2,4,1,0,0,4,2,1,2,3,4,3,0,1,2,4,3,2,3,4,1,0,1,0,3,2,0,4,1,2,3,4};",NA,fr,npm
2026_01_22_acp02,acp,01/22/2026,acp02,1,multi_sucrose,multi_sucrose,NA,NA,"{0,4,1,3,0,4,3,2,2,1,0,4,1,3,1,0,3,4,2,2,3,3,4,1,0,2,1,4,0,2,4,4,3,3,1,0,1,2,2,0,4,0,1,1,3,2,3,2,4,0,4,3,2,3,1,2,4,0,1,0,4,3,0,2,2,1,0,3,1,4,2,4,1,0,3,4,0,2,3,1,0,1,3,2,0,4,2,1,4,3,4,4,1,3,2,0,0,1,2,3};",NA,wr,npm
2026_01_22_acp04,acp,01/22/2026,acp04,1,multi_sucrose,multi_sucrose,NA,NA,"{4,0,0,2,3,3,1,2,4,1,1,2,2,3,4,0,4,1,3,0,1,3,4,1,2,3,0,4,2,0,0,4,2,3,1,3,4,0,1,2,4,1,3,3,2,0,4,0,2,1,0,1,0,1,3,4,2,4,3,2,2,1,3,0,0,2,4,1,3,4,4,0,1,3,2,2,3,0,4,1,1,3,0,2,1,4,4,0,2,3,4,1,2,3,1,4,0,2,0,3};",NA,wr,npm
2026_01_22_acp05,acp,01/22/2026,acp05,1,multi_sucrose,multi_sucrose,NA,NA,"{2,0,2,4,3,1,1,0,4,3,4,0,2,3,2,1,1,4,3,0,3,4,0,3,2,1,2,0,4,1,0,2,3,2,4,0,4,1,3,1,1,4,4,2,3,3,1,0,2,0,4,4,3,2,3,1,0,1,0,2,4,1,2,3,1,4,3,0,2,0,2,4,3,3,1,0,0,4,1,2,3,0,2,1,4,2,4,3,1,0,0,1,0,1,3,2,2,4,3,4};",NA,wr,npm
2026_01_22_acp06,acp,01/22/2026,acp06,1,multi_sucrose,multi_sucrose,NA,NA,"{4,1,4,3,0,2,2,3,1,0,0,4,2,1,3,2,1,0,4,3,3,0,0,2,3,1,4,1,2,4,4,1,4,2,1,3,3,2,0,0,2,3,0,3,4,4,1,1,0,2,1,4,4,0,2,1,0,3,2,3,2,1,0,0,4,3,4,1,2,3,3,4,0,2,3,1,2,1,4,0,0,4,3,2,1,4,2,3,0,1,0,1,4,3,2,1,2,3,4,0};",NA,fr,npm
2026_01_22_acp08,acp,01/22/2026,acp08,1,multi_sucrose,multi_sucrose,NA,NA,"{0,4,2,3,3,4,1,0,2,1,3,1,2,4,3,2,0,1,0,4,3,3,1,2,1,0,4,4,2,0,4,1,3,3,1,2,0,4,0,2,2,3,2,4,0,1,4,0,1,3,4,4,3,2,0,1,2,1,0,3,3,2,2,0,4,1,1,4,3,0,1,0,3,3,2,0,2,4,4,1,4,0,3,4,2,1,1,3,0,2,0,4,3,3,0,2,1,2,4,1};",NA,wr,npm
2026_01_22_acp11,acp,01/22/2026,acp11,1,multi_sucrose,multi_sucrose,NA,NA,"{0,0,2,1,3,4,4,3,1,2,4,3,2,4,0,1,0,3,2,1,4,2,0,1,3,3,4,0,1,2,3,2,1,4,0,4,2,3,0,1,4,0,0,1,3,2,4,3,1,2,1,3,2,4,0,2,0,3,4,1,4,3,2,2,0,1,4,3,0,1,3,0,4,1,2,3,4,1,2,0,1,4,3,1,2,2,3,0,4,0,3,1,4,4,0,3,2,2,1,0};",NA,fr,npm
2026_01_22_acp13,acp,01/22/2026,acp13,1,multi_sucrose,multi_sucrose,NA,NA,"{0,2,4,1,2,3,4,0,1,3,3,4,0,2,1,0,4,1,2,3,3,1,2,2,3,0,4,0,1,4,0,0,1,3,2,1,4,4,3,2,1,3,3,1,0,2,0,4,4,2,2,1,4,3,2,0,1,3,4,0,4,0,0,2,2,1,3,4,1,3,0,0,1,4,3,4,2,3,2,1,2,2,4,3,1,0,0,1,4,3,1,0,4,3,4,2,0,2,1,3};",NA,wr,npm
2026_01_22_acp14,acp,01/22/2026,acp14,1,multi_sucrose,multi_sucrose,NA,NA,"{1,0,4,0,2,3,4,3,2,1,3,0,0,2,4,1,1,4,3,2,0,4,1,2,1,3,3,4,0,2,2,1,4,3,1,4,2,0,3,0,4,4,0,3,0,3,1,2,2,1,1,0,3,2,2,4,0,3,1,4,2,1,3,1,3,0,4,2,0,4,4,3,1,3,4,0,2,2,1,0,2,3,4,0,1,1,2,4,0,3,3,2,3,2,1,1,0,0,4,4};",NA,fr,npm
2026_01_22_acp15,acp,01/22/2026,acp15,1,multi_sucrose,multi_sucrose,NA,NA,"{1,3,1,0,4,4,2,0,3,2,2,1,0,3,2,0,1,3,4,4,3,2,0,4,2,0,1,4,3,1,3,0,2,4,3,4,0,1,1,2,1,4,0,3,2,1,2,0,3,4,1,4,4,3,2,2,1,0,3,0,2,1,3,2,0,4,3,4,1,0,3,4,3,0,4,2,1,2,1,0,4,1,4,1,0,3,2,3,2,0,4,2,4,1,2,1,3,3,0,0};",NA,wr,npm
2026_01_23_acr09,acr,01/23/2026,acr09,1,multi_nacl,multi_nacl,NA,NA,"{3,3,1,2,4,0,4,1,0,2,4,2,3,0,1,3,2,0,4,1,3,0,3,2,1,4,4,2,0,1,0,1,4,4,2,1,3,3,0,2,4,3,1,4,3,0,2,0,1,2,1,0,2,2,4,3,1,3,0,4,3,0,0,2,1,3,4,4,2,1,1,0,4,2,0,2,3,4,1,3,3,2,0,1,4,2,0,1,3,4,4,2,1,4,1,3,0,2,0,3};",NA,wr,npm
2026_01_23_acr10,acr,01/23/2026,acr10,1,multi_nacl,multi_nacl,NA,NA,"{4,1,4,2,1,0,3,0,2,3,4,0,2,1,3,1,4,2,3,0,2,1,3,0,1,0,4,3,4,2,4,4,3,0,1,2,3,0,2,1,2,4,2,0,0,3,3,1,4,1,3,1,3,2,4,2,0,1,0,4,1,4,1,3,3,0,2,2,0,4,0,4,2,1,4,2,3,1,0,3,4,0,3,4,1,2,0,3,1,2,2,0,3,0,1,4,4,3,1,2};",NA,wr,npm
2026_01_23_acp01,acp,01/23/2026,acp01,1,multi_sucrose,multi_sucrose,NA,NA,"{1,1,4,2,3,4,2,0,0,3,0,3,3,4,1,2,4,0,1,2,4,2,2,3,1,0,4,3,1,0,2,4,1,1,4,0,3,3,0,2,0,1,0,3,1,4,2,3,4,2,4,1,3,0,0,1,4,3,2,2,1,2,4,1,3,4,2,3,0,0,4,1,1,3,0,2,0,4,3,2,4,1,2,2,3,3,0,0,1,4,3,0,1,2,1,4,3,0,2,4};",NA,fr,npm
2026_01_23_acp02,acp,01/23/2026,acp02,1,multi_sucrose,multi_sucrose,NA,NA,"{1,1,3,2,4,0,0,4,3,2,0,4,3,0,1,2,2,3,4,1,2,0,4,0,3,2,1,3,1,4,1,4,4,0,1,3,2,0,2,3,4,2,3,4,1,3,1,0,0,2,3,2,0,0,1,4,4,1,2,3,3,2,0,1,3,0,1,4,4,2,1,4,2,1,3,2,0,4,3,0,2,4,0,0,3,1,2,3,4,1,2,4,1,1,4,0,2,3,0,3};",NA,wr,npm
2026_01_23_acp04,acp,01/23/2026,acp04,1,multi_sucrose,multi_sucrose,NA,NA,"{3,2,4,0,1,1,0,2,4,3,0,3,1,2,1,2,4,4,0,3,2,1,4,0,1,3,3,4,2,0,2,4,1,2,0,4,3,0,3,1,3,2,4,1,4,3,0,1,2,0,4,1,2,2,0,0,4,3,1,3,1,3,2,1,4,4,0,2,0,3,4,2,2,0,3,1,4,3,0,1,1,4,2,3,0,2,4,3,1,0,4,0,1,2,0,3,1,3,4,2};",NA,wr,npm
2026_01_23_acp05,acp,01/23/2026,acp05,1,multi_sucrose,multi_sucrose,NA,NA,"{3,3,4,1,0,2,2,0,1,4,0,3,1,4,0,3,2,1,2,4,0,1,3,4,4,1,3,0,2,2,3,1,3,4,2,4,0,2,0,1,1,1,2,3,0,3,0,4,4,2,4,0,1,3,2,2,4,3,0,1,2,0,3,2,1,1,4,4,0,3,4,4,3,0,3,0,2,1,1,2,1,0,1,2,0,3,4,4,2,3,3,0,4,2,1,1,3,4,0,2};",NA,wr,npm
2026_01_23_acp06,acp,01/23/2026,acp06,1,multi_sucrose,multi_sucrose,NA,NA,"{2,0,1,2,1,0,4,3,4,3,0,1,2,4,1,0,3,4,3,2,0,2,3,0,4,1,3,1,4,2,4,0,2,4,3,0,1,2,1,3,4,4,3,0,0,2,2,3,1,1,3,4,0,1,0,4,2,3,2,1,0,4,3,2,0,1,2,4,1,3,1,2,4,0,0,1,4,3,3,2,2,3,0,1,1,3,4,2,4,0,2,1,4,4,1,0,3,3,2,0};",NA,fr,npm
2026_01_23_acp08,acp,01/23/2026,acp08,1,multi_sucrose,multi_sucrose,NA,NA,"{1,0,4,1,3,3,4,2,2,0,3,4,0,3,0,1,2,4,2,1,1,3,4,0,4,3,2,1,2,0,0,1,4,3,3,0,1,4,2,2,0,4,1,1,2,3,0,4,3,2,4,2,0,2,0,3,1,3,4,1,2,0,0,1,4,4,1,3,2,3,3,1,2,3,0,2,4,4,1,0,1,1,0,2,0,3,4,3,2,4,4,1,0,4,3,0,2,1,2,3};",NA,wr,npm
2026_01_23_acp11,acp,01/23/2026,acp11,1,multi_sucrose,multi_sucrose,NA,NA,"{2,4,2,1,4,3,0,1,0,3,0,1,1,4,2,0,3,3,4,2,1,0,2,4,4,2,3,3,0,1,4,1,3,0,0,2,4,3,1,2,2,3,3,2,1,0,4,1,0,4,1,3,4,3,0,0,2,2,4,1,0,4,1,1,2,2,3,3,0,4,0,0,3,3,2,4,1,1,2,4,2,0,1,1,3,4,2,3,4,0,4,0,2,4,3,0,3,1,2,1};",NA,fr,npm
2026_01_23_acp13,acp,01/23/2026,acp13,1,multi_sucrose,multi_sucrose,NA,NA,"{4,0,1,2,3,3,1,4,0,2,2,1,3,3,1,0,2,4,0,4,1,4,3,0,2,0,3,2,4,1,3,2,1,4,1,2,3,0,0,4,3,0,0,2,2,4,1,4,3,1,4,4,3,2,2,0,1,0,1,3,1,0,1,3,3,4,2,0,4,2,2,1,4,3,2,1,0,4,0,3,3,0,1,3,1,0,2,4,2,4,1,4,3,0,1,2,4,3,2,0};",NA,wr,npm
2026_01_23_acp14,acp,01/23/2026,acp14,1,multi_sucrose,multi_sucrose,NA,NA,"{4,2,0,1,0,4,3,1,2,3,2,1,3,3,4,2,4,0,0,1,4,3,2,0,0,1,2,4,3,1,1,0,3,3,4,1,2,4,2,0,3,0,2,4,2,1,4,0,1,3,3,2,4,1,0,3,0,4,2,1,3,1,1,4,2,0,4,3,2,0,3,2,0,1,2,4,0,4,1,3,3,2,0,1,2,1,0,4,4,3,4,2,2,0,4,0,1,3,3,1};",NA,fr,npm
2026_01_23_acp15,acp,01/23/2026,acp15,1,multi_sucrose,multi_sucrose,NA,NA,"{2,1,4,3,0,4,2,1,0,3,1,4,1,2,0,4,3,2,0,3,4,4,2,2,1,0,3,1,0,3,0,2,1,2,4,3,1,0,4,3,1,0,2,2,1,4,0,4,3,3,3,0,1,3,4,1,4,2,2,0,2,0,1,3,4,1,3,4,2,0,1,2,2,3,0,0,1,4,4,3,0,3,0,4,1,2,4,2,3,1,1,4,0,2,3,2,4,1,3,0};",NA,wr,npm
2026_01_28_acr09,acr,01/28/2026,acr09,1,multi_sucrose,multi_sucrose,NA,NA,"{4,1,3,4,2,3,2,1,0,0,3,2,0,1,4,4,1,0,2,3,1,4,2,1,2,4,3,3,0,0,2,3,2,4,3,0,1,0,1,4,3,0,2,3,1,2,1,0,4,4,3,4,0,0,3,1,4,2,1,2,4,3,4,2,1,0,0,1,3,2,3,0,0,4,1,2,3,4,1,2,2,3,1,0,3,2,0,4,1,4,0,3,4,4,3,2,1,0,1,2};",NA,fr,npm
2026_01_28_acr10,acr,01/28/2026,acr10,1,multi_sucrose,multi_sucrose,NA,NA,"{3,0,1,1,3,4,0,2,4,2,1,1,4,2,3,0,4,0,2,3,2,3,1,0,4,1,4,0,3,2,3,0,1,2,2,4,3,4,1,0,0,0,4,4,1,2,1,3,2,3,2,1,4,0,0,3,3,2,1,4,1,2,4,0,2,3,0,4,1,3,2,3,4,1,1,2,0,4,3,0,4,3,2,3,1,2,0,4,1,0,4,0,2,3,2,3,1,1,0,4};",NA,fr,npm
2026_01_28_acp01,acp,01/28/2026,acp01,1,multi_sucrose,multi_sucrose,NA,NA,"{2,3,4,2,4,0,0,3,1,1,4,3,1,0,4,2,2,1,0,3,2,3,4,0,2,3,1,0,1,4,1,0,4,2,0,1,2,3,3,4,3,2,3,4,1,4,1,0,0,2,0,1,4,1,2,3,4,2,3,0,4,0,0,2,3,3,1,4,2,1,1,2,0,0,4,3,2,3,4,1,0,4,4,2,0,2,1,3,1,3,1,0,2,4,2,4,0,1,3,3};",NA,wr,npm
2026_01_28_acp02,acp,01/28/2026,acp02,1,multi_sucrose,multi_sucrose,NA,NA,"{3,0,2,0,1,3,4,1,4,2,0,2,0,1,2,3,4,1,4,3,2,1,3,3,4,2,1,4,0,0,2,4,1,3,1,3,0,2,0,4,2,3,1,4,2,1,0,3,0,4,3,3,0,0,4,1,4,2,2,1,2,1,4,0,3,4,0,3,2,1,1,2,4,2,0,1,4,0,3,3,1,0,0,4,4,3,2,1,3,2,3,1,0,4,3,1,0,2,4,2};",NA,fr,npm
2026_01_28_acp04,acp,01/28/2026,acp04,1,multi_sucrose,multi_sucrose,NA,NA,"{0,2,3,1,1,2,4,0,3,4,1,0,2,2,3,0,4,1,3,4,0,1,0,4,3,2,2,1,3,4,3,1,2,0,4,1,0,4,2,3,0,4,1,3,4,3,1,0,2,2,2,2,3,0,1,4,4,3,0,1,2,4,0,4,2,3,3,1,1,0,2,0,0,4,4,1,3,3,1,2,2,3,4,4,0,1,0,2,1,3,2,4,1,2,4,3,0,3,1,0};",NA,fr,npm
2026_01_28_acp05,acp,01/28/2026,acp05,1,multi_sucrose,multi_sucrose,NA,NA,"{4,3,1,2,1,3,0,2,4,0,0,3,2,3,2,0,1,4,4,1,3,0,4,4,3,1,0,2,2,1,0,3,4,2,0,1,3,1,2,4,0,4,2,1,2,3,3,0,4,1,1,1,3,4,2,0,4,0,2,3,4,1,0,2,2,3,3,1,4,0,0,4,2,2,4,1,1,3,0,3,3,4,2,0,1,1,3,0,4,2,1,2,0,2,0,3,4,4,1,3};",NA,fr,npm
2026_01_28_acp06,acp,01/28/2026,acp06,1,multi_sucrose,multi_sucrose,NA,NA,"{0,1,0,3,1,2,4,2,4,3,0,2,1,3,3,4,4,0,2,1,4,3,1,0,0,2,4,3,2,1,0,2,3,1,1,4,3,0,2,4,0,4,3,1,3,2,4,2,1,0,0,1,1,2,3,0,3,4,2,4,0,4,2,2,1,3,4,0,3,1,3,4,2,0,4,2,1,0,3,1,0,1,1,4,3,3,2,2,4,0,4,1,3,2,2,4,1,3,0,0};",NA,wr,npm
2026_01_28_acp08,acp,01/28/2026,acp08,1,multi_sucrose,multi_sucrose,NA,NA,"{4,3,0,2,3,1,2,4,1,0,3,2,0,0,1,1,4,2,4,3,4,3,4,3,1,0,2,0,2,1,3,0,4,3,2,2,4,1,0,1,3,0,4,2,4,3,1,0,2,1,3,1,3,2,0,0,1,4,4,2,1,4,2,3,0,1,0,3,4,2,2,2,0,4,1,3,1,3,0,4,0,0,2,4,3,2,1,4,1,3,1,2,0,2,1,0,3,4,3,4};",NA,fr,npm
2026_01_28_acp11,acp,01/28/2026,acp11,1,multi_sucrose,multi_sucrose,NA,NA,"{4,3,0,2,0,4,1,1,3,2,4,0,2,3,2,1,3,1,0,4,4,1,4,2,1,3,0,0,2,3,3,4,1,4,0,2,2,3,1,0,4,0,2,0,1,1,2,3,3,4,0,2,1,3,4,2,3,0,1,4,2,4,4,0,1,1,3,0,3,2,2,1,2,0,0,4,3,1,3,4,2,4,1,2,0,4,3,0,3,1,3,0,4,1,1,2,2,0,3,4};",NA,wr,npm
2026_01_28_acp13,acp,01/28/2026,acp13,1,multi_sucrose,multi_sucrose,NA,NA,"{1,2,0,4,4,1,3,0,3,2,3,4,0,3,4,2,2,0,1,1,0,4,1,3,0,2,3,4,2,1,0,2,3,1,3,2,4,4,0,1,0,3,4,1,3,2,2,0,4,1,2,4,0,0,4,3,2,3,1,1,2,4,4,2,0,1,0,3,3,1,3,0,2,1,1,0,4,2,4,3,3,0,1,2,1,0,3,4,2,4,1,0,3,4,4,2,1,2,0,3};",NA,fr,npm
2026_01_28_acp14,acp,01/28/2026,acp14,1,multi_sucrose,multi_sucrose,NA,NA,"{4,4,1,1,3,2,0,0,2,3,3,1,4,2,0,2,3,1,0,4,0,4,1,2,3,0,1,3,2,4,3,2,4,0,1,3,2,0,4,1,0,3,1,1,3,2,4,4,0,2,3,2,4,4,1,0,1,0,3,2,2,0,0,3,4,1,3,4,2,1,4,3,1,4,2,1,0,0,3,2,0,2,3,1,4,2,4,1,0,3,4,4,0,1,2,2,0,3,1,3};",NA,wr,npm
2026_01_28_acp15,acp,01/28/2026,acp15,1,multi_sucrose,multi_sucrose,NA,NA,"{4,3,2,0,3,2,1,0,1,4,2,2,3,0,1,0,3,1,4,4,4,3,2,1,3,4,2,0,1,0,0,2,0,1,4,2,3,3,4,1,1,3,0,4,2,0,1,4,2,3,2,2,0,4,0,4,1,3,1,3,4,3,2,1,2,3,0,0,4,1,2,1,4,0,4,0,3,2,3,1,2,4,4,2,1,3,0,1,0,3,0,1,3,3,0,4,2,1,4,2};",NA,fr,npm
2026_01_29_acr09,acr,01/29/2026,acr09,1,multi_sucrose,multi_sucrose,NA,NA,"{0,2,1,4,4,1,3,2,3,0,2,3,0,4,0,2,3,1,1,4,1,4,0,1,2,3,2,0,4,3,1,4,3,4,2,0,1,0,2,3,3,1,0,2,4,3,0,1,4,2,4,2,3,1,3,1,0,4,2,0,4,4,2,1,3,2,3,1,0,0,1,0,1,3,2,4,3,0,2,4,0,2,3,2,3,1,4,4,0,1,0,1,4,3,1,0,2,4,3,2};",NA,fr,npm
2026_01_29_acr10,acr,01/29/2026,acr10,1,multi_sucrose,multi_sucrose,NA,NA,"{4,1,0,4,3,3,2,0,2,1,2,1,4,4,3,3,0,1,0,2,0,4,0,3,4,2,1,1,2,3,0,2,4,3,1,4,0,3,1,2,2,3,4,3,0,1,4,1,2,0,1,1,3,3,0,2,0,2,4,4,2,2,3,0,4,0,3,4,1,1,4,0,3,0,2,3,1,1,2,4,1,0,4,3,3,0,4,2,1,2,1,0,2,3,4,3,1,0,4,2};",NA,fr,npm
2026_01_29_acp01,acp,01/29/2026,acp01,1,multi_sucrose,multi_sucrose,NA,NA,"{1,4,3,0,4,1,2,3,2,0,3,4,2,0,0,3,1,2,1,4,4,2,2,0,1,4,3,3,0,1,0,4,1,0,2,2,3,4,1,3,3,1,3,4,2,0,1,4,2,0,0,0,3,1,2,3,1,4,4,2,4,0,2,3,4,0,1,3,2,1,3,3,0,1,4,2,2,0,4,1,4,2,0,4,1,3,0,1,3,2,3,0,4,1,2,3,4,0,1,2};",NA,wr,npm
2026_01_29_acp02,acp,01/29/2026,acp02,1,multi_sucrose,multi_sucrose,NA,NA,"{0,2,2,1,4,1,3,4,3,0,0,3,2,3,2,0,1,4,4,1,2,1,4,1,3,3,0,2,4,0,3,1,0,1,0,2,3,2,4,4,4,2,4,3,2,0,1,0,1,3,1,1,0,4,2,3,0,3,2,4,3,0,4,2,2,3,4,1,1,0,2,4,2,3,3,0,1,1,0,4,2,1,0,4,1,4,3,3,2,0,0,4,2,1,1,0,3,3,4,2};",NA,fr,npm
2026_01_29_acp04,acp,01/29/2026,acp04,1,multi_sucrose,multi_sucrose,NA,NA,"{0,2,3,1,1,4,3,4,0,2,0,2,1,3,4,1,3,2,0,4,0,0,2,2,3,3,1,4,4,1,2,1,3,0,4,3,0,4,1,2,2,4,1,2,0,1,3,0,4,3,2,4,2,0,1,3,3,0,1,4,4,3,3,0,0,1,2,1,4,2,4,2,2,0,0,3,4,1,1,3,2,1,2,1,3,4,4,0,3,0,3,0,1,2,3,0,1,4,2,4};",NA,fr,npm
2026_01_29_acp05,acp,01/29/2026,acp05,1,multi_sucrose,multi_sucrose,NA,NA,"{0,3,2,1,3,1,4,2,4,0,1,4,2,0,3,0,2,1,4,3,0,3,2,1,3,1,4,4,0,2,1,0,4,2,0,1,2,3,4,3,3,4,0,3,1,4,1,0,2,2,1,0,3,3,4,4,2,0,2,1,1,1,0,0,4,2,3,3,2,4,0,4,2,3,0,1,3,4,1,2,3,1,4,3,4,2,0,1,2,0,3,0,1,4,2,2,4,0,3,1};",NA,fr,npm
2026_01_29_acp06,acp,01/29/2026,acp06,1,multi_sucrose,multi_sucrose,NA,NA,"{0,0,4,4,2,3,1,2,1,3,0,3,1,2,2,4,0,1,3,4,3,0,2,2,4,1,3,4,0,1,0,1,2,1,2,3,0,3,4,4,1,0,4,0,1,4,3,3,2,2,3,0,4,2,2,3,1,1,0,4,1,3,2,4,0,2,3,0,1,4,3,1,2,1,3,0,4,2,0,4,2,1,0,0,3,2,1,4,3,4,4,1,3,0,2,0,3,4,2,1};",NA,wr,npm
2026_01_29_acp08,acp,01/29/2026,acp08,1,multi_sucrose,multi_sucrose,NA,NA,"{0,3,2,0,1,3,2,4,1,4,1,2,1,0,4,3,0,2,4,3,4,3,2,3,2,4,1,0,0,1,1,2,2,1,3,3,4,0,0,4,2,4,0,1,3,1,3,2,4,0,1,4,2,1,4,0,3,2,0,3,1,2,0,3,4,4,0,3,1,2,4,0,3,1,2,1,3,2,4,0,3,2,1,4,4,1,0,2,3,0,4,4,1,2,0,0,3,2,3,1};",NA,fr,npm
2026_01_29_acp11,acp,01/29/2026,acp11,1,multi_sucrose,multi_sucrose,NA,NA,"{2,1,2,0,4,1,0,4,3,3,2,4,0,3,4,1,1,2,3,0,0,4,4,2,1,3,3,2,0,1,2,0,2,1,1,4,3,4,0,3,2,4,1,1,3,4,2,3,0,0,4,4,0,3,2,0,2,1,3,1,4,0,4,1,2,3,0,1,2,3,0,2,4,0,1,3,3,1,4,2,1,3,1,0,4,2,2,0,3,4,3,1,4,4,2,3,0,1,0,2};",NA,wr,npm
2026_01_29_acp13,acp,01/29/2026,acp13,1,multi_sucrose,multi_sucrose,NA,NA,"{4,1,3,2,1,2,0,4,0,3,3,1,0,4,4,2,1,0,2,3,4,3,1,3,0,4,1,2,0,2,0,0,1,1,2,4,4,2,3,3,0,4,3,1,0,3,1,2,4,2,2,1,1,4,0,2,0,3,3,4,2,4,1,0,2,3,4,3,0,1,1,1,4,4,2,3,0,3,0,2,0,2,4,0,3,2,1,1,4,3,1,3,2,0,3,1,2,4,0,4};",NA,fr,npm
2026_01_29_acp14,acp,01/29/2026,acp14,1,multi_sucrose,multi_sucrose,NA,NA,"{0,3,1,1,0,2,4,3,4,2,1,0,3,4,4,2,1,2,0,3,2,4,1,0,0,1,3,3,2,4,3,2,0,0,2,1,4,1,3,4,3,2,1,0,4,0,4,1,2,3,3,1,0,2,4,4,3,0,1,2,3,4,1,4,0,0,1,3,2,2,1,3,0,1,0,2,2,3,4,4,0,4,1,1,0,3,2,4,3,2,3,4,0,1,1,2,3,2,4,0};",NA,wr,npm
2026_01_29_acp15,acp,01/29/2026,acp15,1,multi_sucrose,multi_sucrose,NA,NA,"{4,4,3,0,0,2,1,3,1,2,0,1,2,0,4,3,4,2,3,1,3,2,0,1,1,4,4,2,0,3,2,4,2,3,4,1,0,0,1,3,0,3,4,2,1,3,2,1,0,4,0,3,0,1,3,4,2,1,2,4,3,2,0,1,4,4,1,0,3,2,1,0,2,1,3,4,0,3,2,4,1,2,3,3,1,4,2,4,0,0,1,3,2,0,2,4,4,0,1,3};",NA,fr,npm
2026_01_30_acr09,acr,01/30/2026,acr09,1,multi_sucrose,multi_sucrose,NA,NA,"{2,3,4,4,2,0,1,1,0,3,0,4,3,0,1,2,1,2,4,3,3,2,3,1,0,2,4,0,1,4,4,1,0,2,3,2,4,0,1,3,2,1,0,0,3,3,1,4,4,2,0,3,1,3,0,2,4,4,1,2,2,3,4,3,0,0,1,2,1,4,3,2,1,4,3,1,0,4,0,2,2,3,4,2,0,4,1,1,0,3,3,1,4,1,3,2,4,0,2,0};",NA,fr,npm
2026_01_30_acr10,acr,01/30/2026,acr10,1,multi_sucrose,multi_sucrose,NA,NA,"{4,1,2,0,1,3,3,4,0,2,4,0,2,1,3,0,4,3,2,1,0,3,1,4,3,2,0,1,2,4,4,3,2,4,0,1,3,2,1,0,0,4,2,3,1,1,2,3,0,4,2,3,1,0,2,4,0,4,3,1,2,3,4,0,3,2,1,0,1,4,2,1,3,3,4,0,1,2,0,4,3,3,4,1,1,2,0,4,0,2,3,0,2,4,0,1,3,1,4,2};",NA,fr,npm
2026_01_30_acp01,acp,01/30/2026,acp01,1,multi_sucrose,multi_sucrose,NA,NA,"{2,2,0,1,4,1,3,4,3,0,1,4,1,0,0,4,2,3,2,3,4,2,3,4,0,1,3,2,1,0,4,3,2,1,3,4,0,1,0,2,1,0,3,4,3,2,0,1,4,2,0,3,4,1,3,0,1,2,2,4,2,2,0,3,3,1,4,1,4,0,3,2,1,4,1,3,0,0,4,2,1,3,1,0,3,4,2,2,0,4,3,4,3,1,2,0,2,4,1,0};",NA,wr,npm
2026_01_30_acp02,acp,01/30/2026,acp02,1,multi_sucrose,multi_sucrose,NA,NA,"{3,2,0,0,1,2,4,3,4,1,0,1,4,2,4,2,3,1,0,3,0,2,3,1,4,3,4,1,0,2,4,0,3,0,4,2,1,1,3,2,3,0,2,2,1,4,1,3,4,0,4,3,3,1,0,0,4,2,2,1,1,4,3,2,1,0,3,2,0,4,2,4,1,4,3,0,2,1,3,0,2,1,4,2,0,0,1,3,3,4,4,3,4,0,0,1,2,3,1,2};",NA,fr,npm
2026_01_30_acp04,acp,01/30/2026,acp04,1,multi_sucrose,multi_sucrose,NA,NA,"{0,3,2,1,1,2,0,3,4,4,4,3,2,2,4,0,3,1,0,1,0,4,4,1,2,3,2,1,0,3,2,4,3,3,2,1,0,4,1,0,1,2,2,0,1,4,3,3,4,0,3,1,4,3,0,2,1,2,4,0,3,4,3,4,0,2,0,2,1,1,3,0,2,1,1,2,4,3,0,4,2,1,1,3,0,0,4,3,2,4,3,0,0,1,2,2,1,4,4,3};",NA,fr,npm
2026_01_30_acp05,acp,01/30/2026,acp05,1,multi_sucrose,multi_sucrose,NA,NA,"{3,4,0,2,1,0,1,3,4,2,3,0,1,4,2,4,1,0,2,3,4,1,3,0,2,0,2,4,1,3,3,1,0,3,0,2,4,4,1,2,4,3,1,2,2,4,0,1,3,0,3,2,0,1,2,4,1,4,3,0,1,3,0,0,4,2,3,4,2,1,3,4,1,0,2,4,3,0,1,2,4,3,2,0,2,0,1,3,1,4,3,4,2,0,1,2,1,0,4,3};",NA,fr,npm
2026_01_30_acp06,acp,01/30/2026,acp06,1,multi_sucrose,multi_sucrose,NA,NA,"{3,2,4,2,0,4,1,0,1,3,2,0,4,1,2,0,3,4,3,1,3,2,0,1,4,2,1,4,3,0,2,0,3,2,1,4,1,3,4,0,4,3,1,2,0,3,4,1,2,0,4,4,3,2,1,3,1,0,0,2,4,1,0,2,0,2,4,3,3,1,2,4,1,4,0,0,3,1,2,3,1,1,3,4,4,2,3,2,0,0,4,0,3,2,1,4,3,1,2,0};",NA,wr,npm
2026_01_30_acp08,acp,01/30/2026,acp08,1,multi_sucrose,multi_sucrose,NA,NA,"{4,2,4,3,0,0,1,2,1,3,2,2,3,4,4,3,1,1,0,0,1,4,2,4,0,3,0,1,2,3,1,0,3,4,0,4,1,3,2,2,1,3,4,3,2,4,2,1,0,0,3,3,0,2,1,1,0,4,2,4,1,3,4,4,0,3,1,2,2,0,0,4,0,1,3,2,1,3,2,4,0,0,3,4,2,2,1,3,4,1,1,0,3,1,0,3,2,2,4,4};",NA,fr,npm
2026_01_30_acp11,acp,01/30/2026,acp11,1,multi_sucrose,multi_sucrose,NA,NA,"{4,0,3,3,1,2,2,1,0,4,1,3,0,2,4,4,1,2,3,0,1,4,0,2,3,0,2,1,3,4,3,1,4,3,2,2,1,0,0,4,3,0,0,4,1,4,1,3,2,2,2,1,3,1,3,0,4,4,2,0,0,3,4,0,3,1,4,1,2,2,4,0,1,1,2,4,3,2,0,3,4,2,4,1,0,0,3,1,3,2,3,4,4,0,1,3,2,1,0,2};",NA,wr,npm
2026_01_30_acp13,acp,01/30/2026,acp13,1,multi_sucrose,multi_sucrose,NA,NA,"{0,4,2,0,4,3,3,2,1,1,4,3,0,4,2,3,0,2,1,1,1,2,3,0,4,0,1,3,4,2,2,1,1,0,4,3,0,2,4,3,2,3,3,1,0,0,4,1,4,2,2,4,3,2,1,3,0,1,4,0,1,0,3,2,3,0,1,4,2,4,0,2,4,2,4,1,3,0,1,3,1,3,2,4,1,4,0,2,3,0,0,4,0,1,3,1,2,2,3,4};",NA,fr,npm
2026_01_30_acp14,acp,01/30/2026,acp14,1,multi_sucrose,multi_sucrose,NA,NA,"{4,3,0,2,1,2,4,0,1,3,0,1,2,4,0,3,4,1,3,2,4,3,1,3,2,2,4,0,1,0,1,1,3,2,2,0,3,4,0,4,0,3,1,1,4,2,3,0,2,4,0,4,1,3,0,3,1,2,2,4,2,0,0,1,1,4,2,3,3,4,4,0,0,4,3,1,1,2,3,2,3,3,1,0,2,4,4,0,2,1,4,2,1,0,3,3,2,1,0,4};",NA,wr,npm
2026_01_30_acp15,acp,01/30/2026,acp15,1,multi_sucrose,multi_sucrose,NA,NA,"{4,0,3,2,4,3,1,0,1,2,2,4,1,3,1,4,0,2,3,0,4,0,1,1,2,2,4,3,3,0,2,0,2,0,1,4,3,1,3,4,4,3,2,2,3,1,0,1,4,0,1,2,1,4,0,3,2,4,0,3,2,1,3,3,1,4,4,0,2,0,4,0,0,2,4,1,2,1,3,3,3,0,1,1,2,0,4,4,3,2,0,4,2,1,2,1,3,0,4,3};",NA,fr,npm
2026_02_02_acr09,acr,02/02/2026,acr09,1,multi_water,multi water,NA,NA,"{1,1,3,2,4,0,0,4,3,2,0,4,3,0,1,2,2,3,4,1,2,0,4,0,3,2,1,3,1,4,1,4,4,0,1,3,2,0,2,3,4,2,3,4,1,3,1,0,0,2,3,2,0,0,1,4,4,1,2,3,3,2,0,1,3,0,1,4,4,2,1,4,2,1,3,2,0,4,3,0,2,4,0,0,3,1,2,3,4,1,2,4,1,1,4,0,2,3,0,3};",NA,wr,npm
2026_02_02_acr10,acr,02/02/2026,acr10,1,multi_water,multi water,NA,NA,"{3,2,4,0,1,1,0,2,4,3,0,3,1,2,1,2,4,4,0,3,2,1,4,0,1,3,3,4,2,0,2,4,1,2,0,4,3,0,3,1,3,2,4,1,4,3,0,1,2,0,4,1,2,2,0,0,4,3,1,3,1,3,2,1,4,4,0,2,0,3,4,2,2,0,3,1,4,3,0,1,1,4,2,3,0,2,4,3,1,0,4,0,1,2,0,3,1,3,4,2};",NA,wr,npm
2026_02_03_acr09,acr,02/03/2026,acr09,1,multi_water,multi water,NA,NA,"{2,3,3,0,1,1,4,2,4,0,3,1,4,4,2,3,0,2,0,1,4,0,2,3,1,0,1,3,4,2,4,0,3,2,3,1,0,2,1,4,1,2,4,1,4,0,0,2,3,3,3,3,2,4,1,2,0,4,1,0,1,1,3,0,4,4,3,0,2,2,2,2,3,1,4,0,3,4,0,1,0,0,3,4,1,2,3,4,2,1,2,3,0,4,4,1,3,0,1,2};",NA,wr,npm
2026_02_03_acr10,acr,02/03/2026,acr10,1,multi_water,multi water,NA,NA,"{0,2,4,3,1,0,3,4,1,2,3,0,0,1,1,2,4,4,2,3,1,4,0,3,2,0,3,2,4,1,3,4,1,2,0,3,4,0,2,1,4,0,4,3,0,1,2,3,2,1,1,3,2,4,2,4,0,1,3,0,0,3,1,4,2,4,2,1,0,3,2,2,1,3,4,4,3,1,0,0,2,0,1,3,0,2,1,3,4,4,3,4,1,0,2,4,0,2,3,1};",NA,wr,npm
2026_02_04_acp01,acp,02/04/2026,acp01,1,multi_nacl,multi_nacl,NA,NA,"{0,3,4,1,2,0,2,4,3,1,4,1,0,3,2,4,0,1,3,2,0,3,2,4,3,0,4,1,1,2,4,1,1,2,3,4,2,3,0,0,1,0,3,4,2,3,2,1,0,4,4,1,0,0,2,3,2,3,4,1,3,0,4,2,1,4,1,3,0,2,3,0,4,1,1,0,3,2,2,4,3,2,4,0,1,0,2,1,4,3,2,4,3,3,2,4,0,0,1,1};",NA,wr,npm
2026_02_04_acp02,acp,02/04/2026,acp02,1,multi_nacl,multi_nacl,NA,NA,"{0,4,2,3,4,1,0,1,2,3,3,3,4,1,0,2,0,2,1,4,0,1,3,4,1,2,4,0,3,2,0,3,2,4,3,0,4,1,2,1,3,4,2,0,2,4,1,1,0,3,2,1,4,4,3,1,0,3,2,0,0,1,4,0,4,2,3,2,1,3,2,0,3,2,1,0,4,4,3,1,2,0,4,1,3,4,3,0,2,1,0,1,1,4,4,3,2,3,2,0};",NA,wr,npm
2026_02_04_acp04,acp,02/04/2026,acp04,1,multi_nacl,multi_nacl,NA,NA,"{1,0,4,3,2,3,4,0,1,2,3,3,0,1,0,4,2,4,2,1,2,2,1,0,3,4,3,1,0,4,3,0,1,3,2,4,0,4,1,2,1,0,2,2,3,4,4,1,0,3,4,1,1,2,3,0,4,0,3,2,0,1,3,4,2,2,3,4,0,1,0,2,0,3,1,4,2,4,3,1,0,3,2,1,1,4,4,0,3,2,3,1,2,0,1,4,0,4,3,2};",NA,wr,npm
2026_02_04_acp05,acp,02/04/2026,acp05,1,multi_nacl,multi_nacl,NA,NA,"{3,1,0,0,2,3,4,1,4,2,1,2,3,2,0,0,4,3,4,1,3,1,0,1,2,4,4,3,0,2,3,1,3,4,4,2,2,0,0,1,2,0,1,1,0,3,4,3,2,4,1,2,1,3,4,4,3,2,0,0,2,1,3,3,0,4,0,1,4,2,4,2,2,4,1,3,0,0,3,1,2,0,1,2,3,4,0,1,4,3,2,0,1,4,1,4,3,3,2,0};",NA,wr,npm
2026_02_04_acp06,acp,02/04/2026,acp06,1,multi_nacl,multi_nacl,NA,NA,"{2,2,0,4,3,3,4,1,0,1,0,4,0,4,1,3,1,2,2,3,2,4,3,0,3,4,0,1,2,1,0,3,3,0,1,1,4,4,2,2,0,0,4,1,3,4,1,3,2,2,3,3,4,2,2,0,4,1,0,1,2,0,4,0,3,2,4,1,1,3,4,3,2,0,0,2,4,1,1,3,3,0,2,2,0,4,4,1,1,3,4,2,3,4,1,1,2,3,0,0};",NA,wr,npm
2026_02_04_acp08,acp,02/04/2026,acp08,1,multi_nacl,multi_nacl,NA,NA,"{3,0,1,2,3,4,4,2,0,1,0,1,3,2,4,3,0,1,2,4,4,2,0,3,1,1,2,0,3,4,3,3,0,4,4,2,1,2,0,1,2,4,0,4,3,1,2,3,0,1,3,1,2,2,4,4,0,0,3,1,2,0,3,2,4,1,1,4,3,0,0,1,0,3,4,2,2,3,4,1,4,2,2,0,1,3,1,3,4,0,3,0,0,4,1,2,1,4,3,2};",NA,wr,npm
2026_02_04_acp11,acp,02/04/2026,acp11,1,multi_nacl,multi_nacl,NA,NA,"{2,3,1,0,0,4,1,2,3,4,2,0,3,4,1,0,1,4,3,2,2,1,0,3,4,1,4,3,0,2,3,3,4,0,1,4,2,2,1,0,3,3,0,2,1,4,2,1,0,4,4,1,0,2,4,3,3,0,2,1,4,1,1,3,0,2,3,4,2,0,1,4,2,4,2,3,1,0,0,3,2,1,3,0,4,1,4,0,3,2,2,3,2,1,0,4,3,1,4,0};",NA,wr,npm
2026_02_04_acp13,acp,02/04/2026,acp13,1,multi_nacl,multi_nacl,NA,NA,"{0,4,3,4,1,1,3,2,0,2,0,2,3,1,3,4,4,0,1,2,0,1,4,4,0,1,2,3,3,2,4,0,2,3,2,4,3,0,1,1,3,1,3,0,2,4,0,1,4,2,0,2,4,3,0,1,4,3,2,1,4,0,4,2,1,1,0,2,3,3,1,1,0,2,3,2,0,4,3,4,1,3,4,4,2,0,0,2,3,1,4,0,1,3,1,3,0,2,4,2};",NA,wr,npm
2026_02_04_acp14,acp,02/04/2026,acp14,1,multi_nacl,multi_nacl,NA,NA,"{0,2,0,3,2,3,1,4,1,4,2,3,0,4,0,3,2,4,1,1,0,3,1,4,4,3,0,1,2,2,1,0,2,4,3,4,1,3,2,0,0,3,4,1,4,1,2,0,2,3,0,4,1,4,1,0,3,2,2,3,4,2,1,3,0,2,0,1,3,4,4,0,1,2,4,1,2,3,3,0,3,0,4,1,1,0,3,2,2,4,4,3,2,1,3,0,1,4,2,0};",NA,wr,npm
2026_02_04_acp15,acp,02/04/2026,acp15,1,multi_nacl,multi_nacl,NA,NA,"{2,3,0,0,2,4,3,4,1,1,0,4,1,1,3,2,2,0,4,3,3,1,0,4,1,4,2,3,0,2,4,0,1,3,0,4,1,3,2,2,0,4,1,2,1,2,3,4,3,0,4,1,2,1,0,0,4,3,3,2,3,2,4,4,0,1,2,1,3,0,1,4,0,3,3,2,0,4,1,2,1,2,3,4,0,1,0,2,3,4,1,1,4,4,3,0,0,2,2,3};",NA,wr,npm
2026_02_05_acp01,acp,02/05/2026,acp01,1,multi_nacl,multi_nacl,NA,NA,"{0,1,2,0,1,3,4,3,4,2,2,1,4,3,3,4,2,1,0,0,0,2,2,0,4,3,4,1,1,3,2,4,3,3,1,0,0,4,1,2,2,4,0,3,1,4,2,3,1,0,2,0,4,4,1,3,3,1,2,0,2,3,4,0,2,1,3,4,1,0,3,2,4,1,0,4,1,2,3,0,3,4,3,2,0,1,2,0,4,1,1,0,0,3,2,1,3,4,2,4};",NA,wr,npm
2026_02_05_acp02,acp,02/05/2026,acp02,1,multi_nacl,multi_nacl,NA,NA,"{3,2,1,4,0,0,3,2,4,1,4,2,2,1,4,0,3,1,0,3,3,1,2,0,2,0,4,4,3,1,3,2,3,2,4,0,1,4,0,1,1,4,3,4,3,2,2,1,0,0,1,0,3,4,2,4,0,3,2,1,1,2,0,4,4,0,3,1,2,3,2,4,3,0,3,2,1,1,4,0,3,3,2,1,0,1,2,0,4,4,4,1,2,3,2,0,4,0,1,3};",NA,wr,npm
2026_02_05_acp04,acp,02/05/2026,acp04,1,multi_nacl,multi_nacl,NA,NA,"{1,3,1,4,0,2,3,2,4,0,2,0,1,2,4,4,1,3,3,0,2,4,3,3,4,1,0,0,1,2,1,2,4,0,3,3,4,0,2,1,1,1,4,3,3,2,0,0,4,2,0,1,3,4,2,3,1,2,4,0,1,4,3,2,0,3,0,1,2,4,2,3,4,1,0,2,3,1,0,4,4,3,4,3,2,0,1,1,0,2,1,2,1,4,0,0,4,3,2,3};",NA,wr,npm
2026_02_05_acp05,acp,02/05/2026,acp05,1,multi_nacl,multi_nacl,NA,NA,"{2,1,0,1,3,4,0,2,4,3,3,1,0,0,4,1,4,3,2,2,4,3,1,1,0,3,4,2,0,2,3,4,3,2,4,0,0,2,1,1,0,4,2,1,1,2,3,3,4,0,3,1,4,2,0,4,2,1,0,3,1,2,3,2,4,4,1,0,3,0,1,2,3,4,0,4,3,0,2,1,3,0,2,2,3,4,1,1,0,4,1,0,0,3,2,3,4,4,1,2};",NA,wr,npm
2026_02_05_acp06,acp,02/05/2026,acp06,1,multi_nacl,multi_nacl,NA,NA,"{3,3,2,4,2,4,0,0,1,1,2,0,3,1,3,4,2,1,0,4,3,2,0,2,0,4,1,3,1,4,0,1,3,4,2,1,4,3,0,2,0,2,1,2,4,3,3,0,1,4,1,3,4,0,2,2,1,4,3,0,3,3,0,2,2,4,0,1,4,1,1,3,4,2,0,2,1,0,3,4,1,4,3,4,1,2,0,0,2,3,3,2,1,2,3,4,1,0,4,0};",NA,wr,npm
2026_02_05_acp08,acp,02/05/2026,acp08,1,multi_nacl,multi_nacl,NA,NA,"{3,1,3,4,2,0,2,1,4,0,4,0,3,0,1,1,2,4,2,3,4,1,4,0,3,2,0,2,3,1,2,0,1,3,3,0,2,4,4,1,3,1,0,2,4,3,0,2,4,1,0,3,2,3,2,0,1,1,4,4,3,4,0,1,0,2,4,1,2,3,2,4,3,1,3,1,0,2,0,4,4,1,0,2,2,0,4,1,3,3,2,0,3,3,4,4,1,1,2,0};",NA,wr,npm
2026_02_05_acp11,acp,02/05/2026,acp11,1,multi_nacl,multi_nacl,NA,NA,"{2,3,0,1,2,4,4,0,1,3,4,2,4,3,1,2,0,1,0,3,1,4,0,3,2,1,2,0,4,3,2,4,0,1,3,3,2,4,1,0,0,3,3,2,2,0,4,1,4,1,2,3,3,4,2,1,1,4,0,0,3,4,0,2,4,1,2,1,3,0,3,4,0,4,2,1,3,0,1,2,2,4,0,3,2,3,4,0,1,1,4,1,0,3,2,4,3,1,0,2};",NA,wr,npm
2026_02_05_acp13,acp,02/05/2026,acp13,1,multi_nacl,multi_nacl,NA,NA,"{1,0,3,4,1,2,3,0,2,4,1,2,4,2,3,1,3,0,0,4,1,4,2,0,3,0,4,1,3,2,4,3,2,0,2,1,3,1,0,4,1,3,3,2,4,4,1,0,0,2,0,4,3,1,4,1,0,3,2,2,3,0,4,1,1,4,2,0,3,2,3,1,2,2,4,3,0,0,4,1,1,3,4,3,2,2,4,0,1,0,0,0,2,1,3,4,4,3,2,1};",NA,wr,npm
2026_02_05_acp14,acp,02/05/2026,acp14,1,multi_nacl,multi_nacl,NA,NA,"{1,4,4,2,3,2,1,0,0,3,2,3,0,0,4,3,1,2,4,1,1,4,2,1,0,4,0,3,3,2,1,3,2,2,0,0,3,4,4,1,0,1,2,4,3,4,0,1,3,2,2,4,4,1,2,0,3,1,3,0,1,4,3,1,4,2,0,3,2,0,0,0,3,4,3,2,2,4,1,1,2,4,0,1,2,3,4,3,0,1,4,1,3,2,0,1,0,4,2,3};",NA,wr,npm
2026_02_05_acp15,acp,02/05/2026,acp15,1,multi_nacl,multi_nacl,NA,NA,"{4,0,0,4,3,3,2,1,2,1,0,0,2,4,4,1,1,2,3,3,3,4,2,0,1,1,3,4,2,0,2,4,3,0,1,4,0,1,2,3,0,1,2,4,1,3,0,3,4,2,3,2,0,4,1,2,3,0,4,1,4,0,4,1,3,3,2,1,0,2,4,0,2,4,1,1,0,2,3,3,0,2,0,3,4,4,3,2,1,1,0,2,3,1,0,1,2,3,4,4};",NA,wr,npm
2026_02_06_acp01,acp,02/06/2026,acp01,1,multi_nacl,multi_nacl,NA,NA,"{3,2,2,4,0,4,1,3,0,1,2,0,1,4,3,2,0,1,3,4,0,2,0,4,1,2,3,1,4,3,2,4,4,2,1,3,1,0,0,3,1,2,4,3,2,0,3,0,4,1,4,1,0,0,3,4,1,2,2,3,1,2,1,2,3,3,4,0,4,0,3,2,0,3,4,1,1,4,0,2,3,4,3,0,2,1,2,0,4,1,2,0,0,4,4,1,3,2,3,1};",NA,wr,npm
2026_02_06_acp02,acp,02/06/2026,acp02,1,multi_nacl,multi_nacl,NA,NA,"{4,4,1,2,2,0,3,0,1,3,4,0,0,2,3,4,2,3,1,1,3,3,0,2,1,0,2,4,1,4,0,2,3,4,1,0,2,3,4,1,4,0,1,3,4,2,2,1,0,3,2,0,1,2,3,4,4,1,0,3,3,0,1,4,3,4,2,0,2,1,1,2,2,0,1,4,0,3,4,3,1,3,1,0,2,0,4,3,4,2,0,1,3,1,0,2,3,2,4,4};",NA,wr,npm
2026_02_06_acp04,acp,02/06/2026,acp04,1,multi_nacl,multi_nacl,NA,NA,"{2,0,1,4,3,3,4,1,2,0,1,4,4,1,2,3,3,0,2,0,2,4,1,0,1,4,0,3,2,3,2,4,0,4,1,3,2,1,0,3,4,2,1,4,3,0,0,1,2,3,2,4,1,4,0,3,1,2,0,3,0,2,0,2,3,4,1,3,1,4,1,4,3,2,1,3,4,0,2,0,0,4,0,1,3,2,4,2,1,3,0,4,0,3,2,4,1,1,2,3};",NA,wr,npm
2026_02_06_acp05,acp,02/06/2026,acp05,1,multi_nacl,multi_nacl,NA,NA,"{1,0,1,3,4,2,0,4,2,3,0,4,0,1,3,4,1,2,2,3,2,4,2,1,0,4,3,1,0,3,0,1,4,1,0,3,2,2,3,4,0,1,4,2,0,2,4,3,1,3,0,1,3,1,0,3,2,2,4,4,4,4,3,3,1,1,0,2,2,0,0,1,0,4,2,4,1,3,3,2,0,1,2,3,4,1,2,0,3,4,3,1,4,4,0,3,2,1,2,0};",NA,wr,npm
2026_02_06_acp06,acp,02/06/2026,acp06,1,multi_nacl,multi_nacl,NA,NA,"{2,0,0,4,4,1,3,3,2,1,2,1,3,2,3,0,0,4,1,4,1,4,3,0,4,3,0,2,2,1,0,1,1,2,3,4,3,4,0,2,4,1,1,4,3,0,2,0,3,2,0,1,1,2,3,4,3,2,4,0,0,4,2,1,1,0,3,2,3,4,0,1,2,3,2,0,4,3,1,4,2,4,3,3,0,2,1,1,4,0,3,4,3,4,1,0,1,2,0,2};",NA,wr,npm
2026_02_06_acp08,acp,02/06/2026,acp08,1,multi_nacl,multi_nacl,NA,NA,"{4,1,0,3,2,1,4,2,3,0,1,2,2,0,3,4,3,1,0,4,1,4,4,1,3,0,0,3,2,2,1,3,2,0,3,2,1,0,4,4,0,1,4,4,3,0,1,3,2,2,2,4,1,0,0,3,3,4,2,1,3,2,0,3,4,0,4,2,1,1,4,3,2,4,0,1,2,1,0,3,1,3,3,0,2,2,0,4,1,4,4,1,3,0,2,0,2,3,4,1};",NA,wr,npm
2026_02_06_acp11,acp,02/06/2026,acp11,1,multi_nacl,multi_nacl,NA,NA,"{3,1,2,1,4,0,3,0,4,2,4,2,0,3,3,1,0,4,1,2,1,1,4,2,0,0,4,3,2,3,2,0,4,0,3,2,4,3,1,1,2,0,2,3,3,4,1,4,0,1,0,2,1,0,1,2,3,4,3,4,1,2,2,4,0,4,1,3,3,0,2,4,0,3,4,1,1,0,2,3,4,2,1,0,0,4,3,3,2,1,2,3,4,4,1,3,0,0,1,2};",NA,wr,npm
2026_02_06_acp13,acp,02/06/2026,acp13,1,multi_nacl,multi_nacl,NA,NA,"{2,4,1,1,3,4,0,2,0,3,1,4,0,1,3,3,0,2,4,2,4,3,1,2,2,4,3,0,0,1,1,2,4,1,4,2,3,3,0,0,1,2,0,3,3,0,1,4,4,2,3,2,3,4,0,2,1,0,4,1,1,2,4,3,4,2,1,0,0,3,3,4,2,0,3,1,1,2,0,4,4,1,0,4,3,0,2,1,2,3,2,0,2,4,0,4,3,3,1,1};",NA,wr,npm
2026_02_06_acp14,acp,02/06/2026,acp14,1,multi_nacl,multi_nacl,NA,NA,"{3,1,1,0,4,4,2,2,3,0,2,0,4,0,3,3,1,4,1,2,3,1,4,0,1,3,4,0,2,2,2,0,4,1,1,3,0,3,2,4,1,4,2,3,0,4,0,3,2,1,4,3,1,3,0,2,2,4,1,0,0,4,2,0,2,1,4,3,3,1,4,3,1,0,2,3,4,2,0,1,0,4,0,1,4,2,3,2,3,1,4,3,0,1,4,3,0,2,1,2};",NA,wr,npm
2026_02_06_acp15,acp,02/06/2026,acp15,1,multi_nacl,multi_nacl,NA,NA,"{1,4,2,0,0,3,3,1,2,4,2,4,2,3,0,1,4,3,1,0,4,3,0,2,0,3,1,4,1,2,1,2,3,4,1,4,0,3,0,2,3,0,2,1,0,4,1,3,2,4,2,2,0,0,1,3,4,4,1,3,2,3,4,1,1,2,4,0,3,0,4,1,0,0,3,2,3,1,4,2,1,1,4,3,0,4,3,0,2,2,2,3,0,0,4,1,3,2,4,1};",NA,wr,npm
2026_02_09_acp01,acp,02/09/2026,acp01,1,multi_water,multi water,NA,NA,"{3,2,0,0,2,4,1,1,3,4,2,1,0,3,4,2,4,3,0,1,1,4,2,0,0,2,4,3,1,3,0,2,3,0,4,4,2,1,3,1,0,4,0,3,2,4,1,1,2,3,4,3,2,0,4,1,2,0,1,3,3,0,4,2,4,1,0,3,2,1,4,1,0,4,1,2,0,2,3,3,2,4,3,2,3,1,0,0,4,1,3,0,0,2,4,4,3,1,1,2};",NA,wr,npm
2026_02_09_acp02,acp,02/09/2026,acp02,1,multi_water,multi water,NA,NA,"{1,4,2,4,1,3,2,3,0,0,1,2,3,1,4,3,4,2,0,0,4,0,4,3,2,1,1,0,2,3,3,0,1,2,4,1,2,3,4,0,0,0,3,3,4,2,1,2,4,1,4,2,0,3,3,1,4,2,1,0,0,1,0,4,4,1,2,2,3,3,3,4,0,4,3,2,0,1,1,2,1,1,0,4,3,2,0,3,2,4,3,1,2,0,1,0,4,3,4,2};",NA,wr,npm
2026_02_09_acp04,acp,02/09/2026,acp04,1,multi_water,multi water,NA,NA,"{3,1,1,3,2,0,0,2,4,4,3,1,0,3,0,1,4,4,2,2,1,4,4,0,3,2,2,0,1,3,0,1,4,0,2,3,1,4,2,3,1,3,0,1,2,4,2,3,4,0,4,3,4,2,1,3,0,2,1,0,4,1,0,2,0,4,2,1,3,3,3,0,0,4,3,2,1,4,1,2,3,4,4,2,0,1,2,3,1,0,2,1,0,1,0,3,3,2,4,4};",NA,wr,npm
2026_02_09_acp05,acp,02/09/2026,acp05,1,multi_water,multi water,NA,NA,"{3,0,4,0,1,4,2,2,1,3,0,3,0,1,3,4,2,4,2,1,1,4,1,3,0,4,3,2,0,2,3,1,2,0,4,1,4,3,0,2,4,4,2,1,2,0,1,3,3,0,3,4,3,1,1,2,4,0,2,0,2,1,4,1,0,3,3,2,0,4,3,0,1,4,2,4,0,3,2,1,3,2,4,0,4,3,2,1,1,0,1,4,3,1,2,2,0,3,0,4};",NA,wr,npm
2026_02_09_acp06,acp,02/09/2026,acp06,1,multi_water,multi water,NA,NA,"{2,0,4,1,4,3,2,0,3,1,1,3,0,0,2,1,2,4,4,3,1,2,3,3,0,2,4,4,0,1,3,0,0,1,2,4,3,4,1,2,4,3,2,3,0,2,1,0,1,4,4,0,3,3,1,2,0,2,4,1,2,4,2,1,3,0,0,4,1,3,2,1,0,4,2,1,3,3,0,4,0,1,3,0,4,4,2,2,1,3,2,0,3,2,0,1,1,3,4,4};",NA,wr,npm
2026_02_09_acp08,acp,02/09/2026,acp08,1,multi_water,multi water,NA,NA,"{3,0,0,3,4,2,4,1,1,2,0,0,4,1,4,1,2,3,2,3,3,0,2,1,2,3,1,4,0,4,0,2,3,3,1,2,1,4,4,0,2,0,4,0,1,1,3,2,4,3,1,2,4,4,1,2,3,0,0,3,4,1,0,2,4,1,0,2,3,3,0,2,0,4,4,3,3,1,1,2,0,1,4,1,2,3,0,3,2,4,4,4,1,2,2,0,0,3,1,3};",NA,wr,npm
2026_02_09_acp11,acp,02/09/2026,acp11,1,multi_water,multi water,NA,NA,"{1,1,2,0,4,0,3,4,3,2,3,1,0,2,4,0,4,3,2,1,1,0,3,3,4,4,0,2,1,2,4,0,0,1,3,3,1,2,4,2,2,4,3,3,0,4,0,2,1,1,2,0,4,1,2,0,4,3,1,3,2,1,0,4,3,3,4,2,1,0,0,2,1,4,4,1,0,2,3,3,3,1,0,1,2,0,4,3,2,4,4,2,3,1,3,0,2,1,4,0};",NA,wr,npm
2026_02_09_acp13,acp,02/09/2026,acp13,1,multi_water,multi water,NA,NA,"{1,3,0,2,0,1,3,2,4,4,4,2,3,3,1,2,1,0,0,4,1,0,0,4,1,3,2,3,2,4,2,3,4,0,0,3,4,1,2,1,2,3,2,1,4,0,3,1,0,4,0,0,1,4,3,3,4,2,1,2,4,1,3,0,0,4,3,2,2,1,3,0,4,0,2,1,3,4,1,2,2,1,0,2,3,3,1,4,4,0,2,2,1,0,0,4,4,3,1,3};",NA,wr,npm
2026_02_09_acp14,acp,02/09/2026,acp14,1,multi_water,multi water,NA,NA,"{2,1,4,0,1,0,3,2,4,3,0,2,4,3,2,1,3,4,1,0,0,2,1,4,2,4,3,3,0,1,3,2,1,0,1,2,4,4,3,0,0,4,3,2,1,4,2,0,1,3,3,0,2,4,1,4,0,2,3,1,1,3,1,3,2,0,4,2,4,0,4,1,0,2,0,3,3,4,1,2,4,3,2,4,1,3,0,0,2,1,2,3,1,2,4,0,1,0,3,4};",NA,wr,npm
2026_02_09_acp15,acp,02/09/2026,acp15,1,multi_water,multi water,NA,NA,"{2,3,3,0,1,1,4,2,4,0,3,1,4,4,2,3,0,2,0,1,4,0,2,3,1,0,1,3,4,2,4,0,3,2,3,1,0,2,1,4,1,2,4,1,4,0,0,2,3,3,3,3,2,4,1,2,0,4,1,0,1,1,3,0,4,4,3,0,2,2,2,2,3,1,4,0,3,4,0,1,0,0,3,4,1,2,3,4,2,1,2,3,0,4,4,1,3,0,1,2};",NA,wr,npm
2026_02_10_acp01,acp,02/10/2026,acp01,1,multi_water,multi water,NA,NA,"{2,4,4,0,2,1,1,3,3,0,0,3,2,4,2,1,0,3,1,4,1,3,1,0,4,2,4,0,3,2,1,1,4,3,2,4,0,2,0,3,3,1,1,0,0,4,3,2,2,4,4,3,2,1,4,0,2,0,1,3,2,3,3,0,1,1,0,2,4,4,0,3,4,4,0,3,1,2,1,2,4,1,0,0,4,1,2,2,3,3,0,2,4,1,0,4,3,1,3,2};",NA,wr,npm
2026_02_10_acp02,acp,02/10/2026,acp02,1,multi_water,multi water,NA,NA,"{2,2,0,1,4,0,4,3,1,3,3,2,4,2,1,3,4,1,0,0,4,3,1,4,2,1,3,0,0,2,2,4,1,4,0,0,1,3,2,3,3,4,0,2,4,3,1,1,2,0,3,1,2,0,1,4,0,2,4,3,0,2,4,3,1,4,3,2,0,1,3,0,1,0,3,2,4,1,2,4,4,0,3,2,3,1,0,4,1,2,2,1,3,0,3,4,1,0,4,2};",NA,wr,npm
2026_02_10_acp04,acp,02/10/2026,acp04,1,multi_water,multi water,NA,NA,"{3,2,1,3,2,1,4,0,4,0,0,3,2,4,2,3,1,1,4,0,3,3,2,4,1,4,1,0,2,0,1,2,4,0,3,3,2,4,1,0,2,3,0,4,1,0,4,2,3,1,2,1,0,4,0,3,3,2,4,1,0,4,3,0,1,3,2,2,4,1,2,1,3,1,4,0,4,2,0,3,1,1,3,0,4,2,4,2,3,0,3,3,1,0,2,0,4,4,2,1};",NA,wr,npm
2026_02_10_acp05,acp,02/10/2026,acp05,1,multi_water,multi water,NA,NA,"{1,2,0,0,1,3,2,4,3,4,3,4,0,1,0,2,1,4,2,3,2,1,4,2,3,3,0,0,1,4,4,0,2,2,3,1,4,3,0,1,2,2,4,1,4,0,3,1,0,3,2,0,1,2,1,3,3,4,4,0,4,0,3,2,3,4,2,1,1,0,3,3,2,4,4,2,1,1,0,0,3,1,4,2,2,3,1,0,0,4,2,3,0,3,0,2,4,1,1,4};",NA,wr,npm
2026_02_10_acp06,acp,02/10/2026,acp06,1,multi_water,multi water,NA,NA,"{1,0,2,4,1,0,3,2,3,4,4,2,3,1,4,2,1,3,0,0,1,0,3,4,1,3,2,4,2,0,1,0,3,0,2,3,4,2,1,4,0,2,4,4,3,0,1,3,1,2,4,1,1,0,3,0,3,2,4,2,3,2,0,1,4,1,3,2,0,4,4,4,2,1,2,0,0,1,3,3,3,0,0,3,2,4,1,2,4,1,1,0,3,2,3,4,4,0,2,1};",NA,wr,npm
2026_02_10_acp08,acp,02/10/2026,acp08,1,multi_water,multi water,NA,NA,"{0,3,4,3,1,2,2,4,1,0,4,4,1,1,2,0,2,0,3,3,4,2,0,3,4,3,1,0,1,2,2,3,4,3,0,4,1,2,1,0,4,3,1,4,3,0,2,1,0,2,1,0,1,3,2,2,4,3,0,4,0,4,3,0,2,2,1,1,4,3,1,3,1,0,0,4,2,3,4,2,1,0,4,0,3,2,1,3,2,4,1,0,0,3,4,4,1,2,2,3};",NA,wr,npm
2026_02_10_acp11,acp,02/10/2026,acp11,1,multi_water,multi water,NA,NA,"{1,0,2,3,0,3,2,4,1,4,0,0,1,4,2,3,1,2,3,4,4,3,3,2,0,0,1,1,2,4,3,2,1,4,4,0,0,3,1,2,0,0,1,4,3,2,4,3,2,1,1,4,1,2,0,3,0,3,4,2,3,1,0,4,1,4,2,3,2,0,1,0,4,3,3,1,2,0,4,2,2,0,1,3,1,3,4,2,0,4,2,3,0,4,0,1,1,3,4,2};",NA,wr,npm
2026_02_10_acp13,acp,02/10/2026,acp13,1,multi_water,multi water,NA,NA,"{1,3,4,2,3,2,1,0,4,0,1,4,3,2,0,2,3,4,1,0,0,2,3,1,1,4,3,4,0,2,1,0,1,3,4,2,2,0,4,3,0,1,2,3,3,4,2,0,4,1,0,0,2,4,4,2,3,1,1,3,2,0,4,1,1,3,2,3,0,4,3,1,2,4,3,0,0,1,2,4,2,1,1,3,0,3,2,4,0,4,4,3,2,0,0,2,1,1,3,4};",NA,wr,npm
2026_02_10_acp14,acp,02/10/2026,acp14,1,multi_water,multi water,NA,NA,"{2,0,4,1,4,2,3,0,1,3,3,4,0,2,0,1,4,3,2,1,0,2,3,1,0,3,2,4,4,1,0,4,2,3,1,2,0,1,3,4,3,4,2,1,0,0,1,2,4,3,4,0,3,2,3,1,2,0,4,1,0,1,3,4,2,4,0,2,1,3,2,0,0,4,4,1,2,3,1,3,4,3,1,2,1,4,0,0,3,2,3,3,0,2,1,2,4,4,0,1};",NA,wr,npm
2026_02_10_acp15,acp,02/10/2026,acp15,1,multi_water,multi water,NA,NA,"{1,0,0,4,2,3,4,2,1,3,3,2,4,3,2,1,0,1,0,4,3,1,4,0,0,4,2,3,2,1,3,1,1,4,0,2,0,4,2,3,4,0,0,2,2,3,1,4,1,3,0,1,2,1,3,2,4,3,0,4,2,4,1,2,0,3,0,4,3,1,1,3,1,2,2,0,4,0,3,4,2,4,1,1,0,2,3,3,0,4,2,2,3,4,1,3,0,4,0,1};",NA,wr,npm
2026_02_11_acr09,acr,02/11/2026,acr09,1,multi_sacc,multi_sacc02,NA,NA,"{1,0,4,0,3,2,2,1,3,4,2,4,1,1,3,0,2,3,4,0,1,3,4,1,2,0,4,0,2,3,0,2,1,2,1,3,4,3,4,0,4,1,0,3,0,3,4,2,2,1,1,1,2,0,4,3,3,4,0,2,2,3,0,2,3,0,1,4,4,1,4,3,1,0,3,0,2,4,1,2,2,4,1,1,3,0,3,2,4,0,2,3,0,4,0,1,2,4,1,3};",NA,fr,npm
2026_02_11_acr10,acr,02/11/2026,acr10,1,multi_sacc,multi_sacc02,NA,NA,"{0,3,4,1,2,0,2,4,3,1,4,1,0,3,2,4,0,1,3,2,0,3,2,4,3,0,4,1,1,2,4,1,1,2,3,4,2,3,0,0,1,0,3,4,2,3,2,1,0,4,4,1,0,0,2,3,2,3,4,1,3,0,4,2,1,4,1,3,0,2,3,0,4,1,1,0,3,2,2,4,3,2,4,0,1,0,2,1,4,3,2,4,3,3,2,4,0,0,1,1};",NA,fr,npm
2026_02_12_acr09,acr,02/12/2026,acr09,1,multi_sacc,multi_sacc02,NA,NA,"{2,1,4,1,0,3,0,3,4,2,1,3,0,1,3,0,2,4,4,2,0,4,1,1,3,3,4,2,0,2,1,0,4,3,3,4,2,2,0,1,1,2,0,3,1,3,4,4,0,2,3,4,2,4,1,1,3,0,2,0,2,0,2,3,1,4,4,0,3,1,4,1,3,3,2,2,1,4,0,0,0,1,1,2,2,3,0,3,4,4,0,3,0,4,1,2,1,4,2,3};",NA,fr,npm
2026_02_12_acr10,acr,02/12/2026,acr10,1,multi_sacc,multi_sacc02,NA,NA,"{0,1,2,0,1,3,4,3,4,2,2,1,4,3,3,4,2,1,0,0,0,2,2,0,4,3,4,1,1,3,2,4,3,3,1,0,0,4,1,2,2,4,0,3,1,4,2,3,1,0,2,0,4,4,1,3,3,1,2,0,2,3,4,0,2,1,3,4,1,0,3,2,4,1,0,4,1,2,3,0,3,4,3,2,0,1,2,0,4,1,1,0,0,3,2,1,3,4,2,4};",NA,fr,npm
2026_02_13_acr09,acr,02/13/2026,acr09,1,multi_sacc,multi_sacc02,NA,NA,"{1,3,2,3,0,4,1,2,4,0,2,1,4,0,1,0,3,2,4,3,3,2,4,0,1,0,2,3,1,4,0,1,4,4,0,3,3,1,2,2,4,1,0,4,2,1,3,3,2,0,3,1,1,4,2,4,3,2,0,0,0,1,2,4,3,3,2,4,1,0,4,2,2,3,0,1,1,3,0,4,3,1,4,3,2,4,1,2,0,0,2,3,1,2,4,0,0,4,1,3};",NA,fr,npm
2026_02_13_acr10,acr,02/13/2026,acr10,1,multi_sacc,multi_sacc02,NA,NA,"{3,2,2,4,0,4,1,3,0,1,2,0,1,4,3,2,0,1,3,4,0,2,0,4,1,2,3,1,4,3,2,4,4,2,1,3,1,0,0,3,1,2,4,3,2,0,3,0,4,1,4,1,0,0,3,4,1,2,2,3,1,2,1,2,3,3,4,0,4,0,3,2,0,3,4,1,1,4,0,2,3,4,3,0,2,1,2,0,4,1,2,0,0,4,4,1,3,2,3,1};",NA,fr,npm
2026_02_18_acp01,acp,02/18/2026,acp01,1,multi_sacc,multi_sacc02,NA,NA,"{3,1,0,0,2,3,4,1,4,2,1,2,3,2,0,0,4,3,4,1,3,1,0,1,2,4,4,3,0,2,3,1,3,4,4,2,2,0,0,1,2,0,1,1,0,3,4,3,2,4,1,2,1,3,4,4,3,2,0,0,2,1,3,3,0,4,0,1,4,2,4,2,2,4,1,3,0,0,3,1,2,0,1,2,3,4,0,1,4,3,2,0,1,4,1,4,3,3,2,0};",NA,fr,npm
2026_02_18_acp02,acp,02/18/2026,acp02,1,multi_sacc,multi_sacc02,NA,NA,"{2,2,0,4,3,3,4,1,0,1,0,4,0,4,1,3,1,2,2,3,2,4,3,0,3,4,0,1,2,1,0,3,3,0,1,1,4,4,2,2,0,0,4,1,3,4,1,3,2,2,3,3,4,2,2,0,4,1,0,1,2,0,4,0,3,2,4,1,1,3,4,3,2,0,0,2,4,1,1,3,3,0,2,2,0,4,4,1,1,3,4,2,3,4,1,1,2,3,0,0};",NA,fr,npm
2026_02_18_acp04,acp,02/18/2026,acp04,1,multi_sacc,multi_sacc02,NA,NA,"{3,0,1,2,3,4,4,2,0,1,0,1,3,2,4,3,0,1,2,4,4,2,0,3,1,1,2,0,3,4,3,3,0,4,4,2,1,2,0,1,2,4,0,4,3,1,2,3,0,1,3,1,2,2,4,4,0,0,3,1,2,0,3,2,4,1,1,4,3,0,0,1,0,3,4,2,2,3,4,1,4,2,2,0,1,3,1,3,4,0,3,0,0,4,1,2,1,4,3,2};",NA,fr,npm
2026_02_18_acp05,acp,02/18/2026,acp05,1,multi_sacc,multi_sacc02,NA,NA,"{2,3,1,0,0,4,1,2,3,4,2,0,3,4,1,0,1,4,3,2,2,1,0,3,4,1,4,3,0,2,3,3,4,0,1,4,2,2,1,0,3,3,0,2,1,4,2,1,0,4,4,1,0,2,4,3,3,0,2,1,4,1,1,3,0,2,3,4,2,0,1,4,2,4,2,3,1,0,0,3,2,1,3,0,4,1,4,0,3,2,2,3,2,1,0,4,3,1,4,0};",NA,fr,npm
2026_02_18_acp06,acp,02/18/2026,acp06,1,multi_sacc,multi_sacc02,NA,NA,"{0,4,3,4,1,1,3,2,0,2,0,2,3,1,3,4,4,0,1,2,0,1,4,4,0,1,2,3,3,2,4,0,2,3,2,4,3,0,1,1,3,1,3,0,2,4,0,1,4,2,0,2,4,3,0,1,4,3,2,1,4,0,4,2,1,1,0,2,3,3,1,1,0,2,3,2,0,4,3,4,1,3,4,4,2,0,0,2,3,1,4,0,1,3,1,3,0,2,4,2};",NA,fr,npm
2026_02_18_acp08,acp,02/18/2026,acp08,1,multi_sacc,multi_sacc02,NA,NA,"{0,2,0,3,2,3,1,4,1,4,2,3,0,4,0,3,2,4,1,1,0,3,1,4,4,3,0,1,2,2,1,0,2,4,3,4,1,3,2,0,0,3,4,1,4,1,2,0,2,3,0,4,1,4,1,0,3,2,2,3,4,2,1,3,0,2,0,1,3,4,4,0,1,2,4,1,2,3,3,0,3,0,4,1,1,0,3,2,2,4,4,3,2,1,3,0,1,4,2,0};",NA,fr,npm
2026_02_18_acp11,acp,02/18/2026,acp11,1,multi_sacc,multi_sacc02,NA,NA,"{2,3,0,0,2,4,3,4,1,1,0,4,1,1,3,2,2,0,4,3,3,1,0,4,1,4,2,3,0,2,4,0,1,3,0,4,1,3,2,2,0,4,1,2,1,2,3,4,3,0,4,1,2,1,0,0,4,3,3,2,3,2,4,4,0,1,2,1,3,0,1,4,0,3,3,2,0,4,1,2,1,2,3,4,0,1,0,2,3,4,1,1,4,4,3,0,0,2,2,3};",NA,fr,npm
2026_02_18_acp13,acp,02/18/2026,acp13,1,multi_sacc,multi_sacc02,NA,NA,"{1,4,3,1,2,3,0,2,0,4,1,4,0,4,0,3,2,1,2,3,3,2,1,1,3,4,0,2,4,0,4,0,3,0,2,4,2,3,1,1,4,1,3,2,3,1,2,4,0,0,2,1,4,3,0,2,1,4,3,0,0,2,1,3,0,2,4,3,1,4,4,1,3,3,0,2,4,0,1,2,3,4,1,0,3,1,4,0,2,2,0,2,0,2,3,3,4,1,4,1};",NA,fr,npm
2026_02_18_acp14,acp,02/18/2026,acp14,1,multi_sacc,multi_sacc02,NA,NA,"{3,2,1,4,0,0,3,2,4,1,4,2,2,1,4,0,3,1,0,3,3,1,2,0,2,0,4,4,3,1,3,2,3,2,4,0,1,4,0,1,1,4,3,4,3,2,2,1,0,0,1,0,3,4,2,4,0,3,2,1,1,2,0,4,4,0,3,1,2,3,2,4,3,0,3,2,1,1,4,0,3,3,2,1,0,1,2,0,4,4,4,1,2,3,2,0,4,0,1,3};",NA,fr,npm
2026_02_18_acp15,acp,02/18/2026,acp15,1,multi_sacc,multi_sacc02,NA,NA,"{1,3,1,4,0,2,3,2,4,0,2,0,1,2,4,4,1,3,3,0,2,4,3,3,4,1,0,0,1,2,1,2,4,0,3,3,4,0,2,1,1,1,4,3,3,2,0,0,4,2,0,1,3,4,2,3,1,2,4,0,1,4,3,2,0,3,0,1,2,4,2,3,4,1,0,2,3,1,0,4,4,3,4,3,2,0,1,1,0,2,1,2,1,4,0,0,4,3,2,3};",NA,fr,npm
2026_02_19_acp01,acp,02/19/2026,acp01,1,multi_sacc,multi_sacc02,NA,NA,"{2,1,0,1,3,4,0,2,4,3,3,1,0,0,4,1,4,3,2,2,4,3,1,1,0,3,4,2,0,2,3,4,3,2,4,0,0,2,1,1,0,4,2,1,1,2,3,3,4,0,3,1,4,2,0,4,2,1,0,3,1,2,3,2,4,4,1,0,3,0,1,2,3,4,0,4,3,0,2,1,3,0,2,2,3,4,1,1,0,4,1,0,0,3,2,3,4,4,1,2};",NA,fr,npm
2026_02_19_acp02,acp,02/19/2026,acp02,1,multi_sacc,multi_sacc02,NA,NA,"{3,3,2,4,2,4,0,0,1,1,2,0,3,1,3,4,2,1,0,4,3,2,0,2,0,4,1,3,1,4,0,1,3,4,2,1,4,3,0,2,0,2,1,2,4,3,3,0,1,4,1,3,4,0,2,2,1,4,3,0,3,3,0,2,2,4,0,1,4,1,1,3,4,2,0,2,1,0,3,4,1,4,3,4,1,2,0,0,2,3,3,2,1,2,3,4,1,0,4,0};",NA,fr,npm
2026_02_19_acp04,acp,02/19/2026,acp04,1,multi_sacc,multi_sacc02,NA,NA,"{3,1,3,4,2,0,2,1,4,0,4,0,3,0,1,1,2,4,2,3,4,1,4,0,3,2,0,2,3,1,2,0,1,3,3,0,2,4,4,1,3,1,0,2,4,3,0,2,4,1,0,3,2,3,2,0,1,1,4,4,3,4,0,1,0,2,4,1,2,3,2,4,3,1,3,1,0,2,0,4,4,1,0,2,2,0,4,1,3,3,2,0,3,3,4,4,1,1,2,0};",NA,fr,npm
2026_02_19_acp05,acp,02/19/2026,acp05,1,multi_sacc,multi_sacc02,NA,NA,"{2,3,0,1,2,4,4,0,1,3,4,2,4,3,1,2,0,1,0,3,1,4,0,3,2,1,2,0,4,3,2,4,0,1,3,3,2,4,1,0,0,3,3,2,2,0,4,1,4,1,2,3,3,4,2,1,1,4,0,0,3,4,0,2,4,1,2,1,3,0,3,4,0,4,2,1,3,0,1,2,2,4,0,3,2,3,4,0,1,1,4,1,0,3,2,4,3,1,0,2};",NA,fr,npm
2026_02_19_acp06,acp,02/19/2026,acp06,1,multi_sacc,multi_sacc02,NA,NA,"{1,0,3,4,1,2,3,0,2,4,1,2,4,2,3,1,3,0,0,4,1,4,2,0,3,0,4,1,3,2,4,3,2,0,2,1,3,1,0,4,1,3,3,2,4,4,1,0,0,2,0,4,3,1,4,1,0,3,2,2,3,0,4,1,1,4,2,0,3,2,3,1,2,2,4,3,0,0,4,1,1,3,4,3,2,2,4,0,1,0,0,0,2,1,3,4,4,3,2,1};",NA,fr,npm
2026_02_19_acp08,acp,02/19/2026,acp08,1,multi_sacc,multi_sacc02,NA,NA,"{1,4,4,2,3,2,1,0,0,3,2,3,0,0,4,3,1,2,4,1,1,4,2,1,0,4,0,3,3,2,1,3,2,2,0,0,3,4,4,1,0,1,2,4,3,4,0,1,3,2,2,4,4,1,2,0,3,1,3,0,1,4,3,1,4,2,0,3,2,0,0,0,3,4,3,2,2,4,1,1,2,4,0,1,2,3,4,3,0,1,4,1,3,2,0,1,0,4,2,3};",NA,fr,npm
2026_02_19_acp11,acp,02/19/2026,acp11,1,multi_sacc,multi_sacc02,NA,NA,"{4,0,0,4,3,3,2,1,2,1,0,0,2,4,4,1,1,2,3,3,3,4,2,0,1,1,3,4,2,0,2,4,3,0,1,4,0,1,2,3,0,1,2,4,1,3,0,3,4,2,3,2,0,4,1,2,3,0,4,1,4,0,4,1,3,3,2,1,0,2,4,0,2,4,1,1,0,2,3,3,0,2,0,3,4,4,3,2,1,1,0,2,3,1,0,1,2,3,4,4};",NA,fr,npm
2026_02_19_acp13,acp,02/19/2026,acp13,1,multi_sacc,multi_sacc02,NA,NA,"{2,1,3,0,4,2,4,0,1,3,1,0,1,3,2,3,4,0,2,4,4,1,3,0,2,4,1,0,3,2,0,0,2,2,4,4,1,3,1,3,0,3,4,3,1,4,1,0,2,2,4,4,0,0,3,1,2,2,3,1,2,0,3,4,2,1,0,4,1,3,0,0,1,4,1,4,3,2,2,3,2,1,1,3,0,0,3,4,4,2,0,2,1,3,2,4,1,0,3,4};",NA,fr,npm
2026_02_19_acp14,acp,02/19/2026,acp14,1,multi_sacc,multi_sacc02,NA,NA,"{4,4,1,2,2,0,3,0,1,3,4,0,0,2,3,4,2,3,1,1,3,3,0,2,1,0,2,4,1,4,0,2,3,4,1,0,2,3,4,1,4,0,1,3,4,2,2,1,0,3,2,0,1,2,3,4,4,1,0,3,3,0,1,4,3,4,2,0,2,1,1,2,2,0,1,4,0,3,4,3,1,3,1,0,2,0,4,3,4,2,0,1,3,1,0,2,3,2,4,4};",NA,fr,npm
2026_02_19_acp15,acp,02/19/2026,acp15,1,multi_sacc,multi_sacc02,NA,NA,"{2,0,1,4,3,3,4,1,2,0,1,4,4,1,2,3,3,0,2,0,2,4,1,0,1,4,0,3,2,3,2,4,0,4,1,3,2,1,0,3,4,2,1,4,3,0,0,1,2,3,2,4,1,4,0,3,1,2,0,3,0,2,0,2,3,4,1,3,1,4,1,4,3,2,1,3,4,0,2,0,0,4,0,1,3,2,4,2,1,3,0,4,0,3,2,4,1,1,2,3};",NA,fr,npm
2026_02_20_acp01,acp,02/20/2026,acp01,1,multi_sacc,multi_sacc02,NA,NA,"{1,0,1,3,4,2,0,4,2,3,0,4,0,1,3,4,1,2,2,3,2,4,2,1,0,4,3,1,0,3,0,1,4,1,0,3,2,2,3,4,0,1,4,2,0,2,4,3,1,3,0,1,3,1,0,3,2,2,4,4,4,4,3,3,1,1,0,2,2,0,0,1,0,4,2,4,1,3,3,2,0,1,2,3,4,1,2,0,3,4,3,1,4,4,0,3,2,1,2,0};",NA,fr,npm
2026_02_20_acp02,acp,02/20/2026,acp02,1,multi_sacc,multi_sacc02,NA,NA,"{2,0,0,4,4,1,3,3,2,1,2,1,3,2,3,0,0,4,1,4,1,4,3,0,4,3,0,2,2,1,0,1,1,2,3,4,3,4,0,2,4,1,1,4,3,0,2,0,3,2,0,1,1,2,3,4,3,2,4,0,0,4,2,1,1,0,3,2,3,4,0,1,2,3,2,0,4,3,1,4,2,4,3,3,0,2,1,1,4,0,3,4,3,4,1,0,1,2,0,2};",NA,fr,npm
2026_02_20_acp04,acp,02/20/2026,acp04,1,multi_sacc,multi_sacc02,NA,NA,"{4,1,0,3,2,1,4,2,3,0,1,2,2,0,3,4,3,1,0,4,1,4,4,1,3,0,0,3,2,2,1,3,2,0,3,2,1,0,4,4,0,1,4,4,3,0,1,3,2,2,2,4,1,0,0,3,3,4,2,1,3,2,0,3,4,0,4,2,1,1,4,3,2,4,0,1,2,1,0,3,1,3,3,0,2,2,0,4,1,4,4,1,3,0,2,0,2,3,4,1};",NA,fr,npm
2026_02_20_acp05,acp,02/20/2026,acp05,1,multi_sacc,multi_sacc02,NA,NA,"{3,1,2,1,4,0,3,0,4,2,4,2,0,3,3,1,0,4,1,2,1,1,4,2,0,0,4,3,2,3,2,0,4,0,3,2,4,3,1,1,2,0,2,3,3,4,1,4,0,1,0,2,1,0,1,2,3,4,3,4,1,2,2,4,0,4,1,3,3,0,2,4,0,3,4,1,1,0,2,3,4,2,1,0,0,4,3,3,2,1,2,3,4,4,1,3,0,0,1,2};",NA,fr,npm
2026_02_20_acp06,acp,02/20/2026,acp06,1,multi_sacc,multi_sacc02,NA,NA,"{2,4,1,1,3,4,0,2,0,3,1,4,0,1,3,3,0,2,4,2,4,3,1,2,2,4,3,0,0,1,1,2,4,1,4,2,3,3,0,0,1,2,0,3,3,0,1,4,4,2,3,2,3,4,0,2,1,0,4,1,1,2,4,3,4,2,1,0,0,3,3,4,2,0,3,1,1,2,0,4,4,1,0,4,3,0,2,1,2,3,2,0,2,4,0,4,3,3,1,1};",NA,fr,npm
2026_02_20_acp08,acp,02/20/2026,acp08,1,multi_sacc,multi_sacc02,NA,NA,"{3,1,1,0,4,4,2,2,3,0,2,0,4,0,3,3,1,4,1,2,3,1,4,0,1,3,4,0,2,2,2,0,4,1,1,3,0,3,2,4,1,4,2,3,0,4,0,3,2,1,4,3,1,3,0,2,2,4,1,0,0,4,2,0,2,1,4,3,3,1,4,3,1,0,2,3,4,2,0,1,0,4,0,1,4,2,3,2,3,1,4,3,0,1,4,3,0,2,1,2};",NA,fr,npm
2026_02_20_acp11,acp,02/20/2026,acp11,1,multi_sacc,multi_sacc02,NA,NA,"{1,4,2,0,0,3,3,1,2,4,2,4,2,3,0,1,4,3,1,0,4,3,0,2,0,3,1,4,1,2,1,2,3,4,1,4,0,3,0,2,3,0,2,1,0,4,1,3,2,4,2,2,0,0,1,3,4,4,1,3,2,3,4,1,1,2,4,0,3,0,4,1,0,0,3,2,3,1,4,2,1,1,4,3,0,4,3,0,2,2,2,3,0,0,4,1,3,2,4,1};",NA,fr,npm
2026_02_20_acp13,acp,02/20/2026,acp13,1,multi_sacc,multi_sacc02,NA,NA,"{1,1,3,2,4,0,0,4,3,2,0,4,3,0,1,2,2,3,4,1,2,0,4,0,3,2,1,3,1,4,1,4,4,0,1,3,2,0,2,3,4,2,3,4,1,3,1,0,0,2,3,2,0,0,1,4,4,1,2,3,3,2,0,1,3,0,1,4,4,2,1,4,2,1,3,2,0,4,3,0,2,4,0,0,3,1,2,3,4,1,2,4,1,1,4,0,2,3,0,3};",NA,fr,npm
2026_02_20_acp14,acp,02/20/2026,acp14,1,multi_sacc,multi_sacc02,NA,NA,"{3,2,0,0,2,4,1,1,3,4,2,1,0,3,4,2,4,3,0,1,1,4,2,0,0,2,4,3,1,3,0,2,3,0,4,4,2,1,3,1,0,4,0,3,2,4,1,1,2,3,4,3,2,0,4,1,2,0,1,3,3,0,4,2,4,1,0,3,2,1,4,1,0,4,1,2,0,2,3,3,2,4,3,2,3,1,0,0,4,1,3,0,0,2,4,4,3,1,1,2};",NA,fr,npm
2026_02_20_acp15,acp,02/20/2026,acp15,1,multi_sacc,multi_sacc02,NA,NA,"{1,4,2,4,1,3,2,3,0,0,1,2,3,1,4,3,4,2,0,0,4,0,4,3,2,1,1,0,2,3,3,0,1,2,4,1,2,3,4,0,0,0,3,3,4,2,1,2,4,1,4,2,0,3,3,1,4,2,1,0,0,1,0,4,4,1,2,2,3,3,3,4,0,4,3,2,0,1,1,2,1,1,0,4,3,2,0,3,2,4,3,1,2,0,1,0,4,3,4,2};",NA,fr,npm
