blockname,experiment,subject,date,round,session_name,procedure,exclude,exclude_note,roi_set,branch_id,region,input0,input1,clock_pin,channel_wavelength,input_power,channel_power,led_state,channel_color,tm_trim_start,tm_trim_end,tm_baseline,tm_post,signal_id01,signal_id02,control_id,smoothing_window,poly_degree_fitted_control,poly_degree_polyfit,baseline_fit,down_sampled_freq,peth_pre,peth_post,events_of_interest,events_manual_fn
2023_07_22_abo01,abo,abo01,7/22/2023,1,2023_07_22_abo_r01,NA,0,NA,dual,1,nac,NA,NA,30,415; 470,7.61; 3.98,55;40,1;2,g;g,0,0,120,10,470,NA,415,0.1,3,4,0,20,10,20,spout_extended,NA
2023_07_22_abo01,abo,abo01,7/22/2023,1,2023_07_22_abo_r01,NA,0,NA,dual,3,dms,NA,NA,30,415; 470,7.61; 3.98,55;40,1;2,g;g,0,0,120,10,470,NA,415,0.1,3,4,0,20,10,20,spout_extended,NA
2023_07_22_abo01,abo,abo01,7/22/2023,1,2023_07_22_abo_r01,NA,0,NA,dual,4,dls,NA,NA,30,415; 470,7.61; 3.98,55;40,1;2,g;g,0,0,120,10,470,NA,415,0.1,3,4,0,20,10,20,spout_extended,NA
2023_07_22_abo01,abo,abo01,7/22/2023,1,2023_07_22_abo_r01,NA,0,NA,dual,2,ts,NA,NA,30,415; 470,7.61; 3.98,55;40,1;2,g;g,0,0,120,10,470,NA,415,0.1,3,4,0,20,10,20,spout_extended,NA
2023_07_22_abo02,abo,abo02,7/22/2023,2,2023_07_22_abo_r02,NA,0,NA,dual,2,nac,NA,NA,30,415; 470,7.61; 3.98,55;40,1;2,g;g,0,0,120,10,470,NA,415,0.1,3,4,0,20,10,20,spout_extended,NA
2023_07_22_abo02,abo,abo02,7/22/2023,2,2023_07_22_abo_r02,NA,0,NA,dual,1,dms,NA,NA,30,415; 470,7.61; 3.98,55;40,1;2,g;g,0,0,120,10,470,NA,415,0.1,3,4,0,20,10,20,spout_extended,NA
2023_07_22_abo02,abo,abo02,7/22/2023,2,2023_07_22_abo_r02,NA,0,NA,dual,3,dls,NA,NA,30,415; 470,7.61; 3.98,55;40,1;2,g;g,0,0,120,10,470,NA,415,0.1,3,4,0,20,10,20,spout_extended,NA
2023_07_22_abo02,abo,abo02,7/22/2023,2,2023_07_22_abo_r02,NA,0,NA,dual,4,ts,NA,NA,30,415; 470,7.61; 3.98,55;40,1;2,g;g,0,0,120,10,470,NA,415,0.1,3,4,0,20,10,20,spout_extended,NA
2023_07_22_abo03,abo,abo03,7/22/2023,3,2023_07_22_abo_r03,NA,0,NA,dual,3,nac,NA,NA,30,415; 470,7.61; 3.98,55;40,1;2,g;g,0,0,120,10,470,NA,415,0.1,3,4,0,20,10,20,spout_extended,NA
2023_07_22_abo03,abo,abo03,7/22/2023,3,2023_07_22_abo_r03,NA,0,NA,dual,4,dms,NA,NA,30,415; 470,7.61; 3.98,55;40,1;2,g;g,0,0,120,10,470,NA,415,0.1,3,4,0,20,10,20,spout_extended,NA
2023_07_22_abo03,abo,abo03,7/22/2023,3,2023_07_22_abo_r03,NA,0,NA,dual,2,dls,NA,NA,30,415; 470,7.61; 3.98,55;40,1;2,g;g,0,0,120,10,470,NA,415,0.1,3,4,0,20,10,20,spout_extended,NA
2023_07_22_abo03,abo,abo03,7/22/2023,3,2023_07_22_abo_r03,NA,0,NA,dual,1,ts,NA,NA,30,415; 470,7.61; 3.98,55;40,1;2,g;g,0,0,120,10,470,NA,415,0.1,3,4,0,20,10,20,spout_extended,NA
2023_07_22_abo04,abo,abo04,7/22/2023,4,2023_07_22_abo_r04,NA,0,NA,dual,4,nac,NA,NA,30,415; 470,7.61; 3.98,55;40,1;2,g;g,0,0,120,10,470,NA,415,0.1,3,4,0,20,10,20,spout_extended,NA
2023_07_22_abo04,abo,abo04,7/22/2023,4,2023_07_22_abo_r04,NA,0,NA,dual,2,dms,NA,NA,30,415; 470,7.61; 3.98,55;40,1;2,g;g,0,0,120,10,470,NA,415,0.1,3,4,0,20,10,20,spout_extended,NA
2023_07_22_abo04,abo,abo04,7/22/2023,4,2023_07_22_abo_r04,NA,0,NA,dual,1,dls,NA,NA,30,415; 470,7.61; 3.98,55;40,1;2,g;g,0,0,120,10,470,NA,415,0.1,3,4,0,20,10,20,spout_extended,NA
2023_07_22_abo04,abo,abo04,7/22/2023,4,2023_07_22_abo_r04,NA,0,NA,dual,3,ts,NA,NA,30,415; 470,7.61; 3.98,55;40,1;2,g;g,0,0,120,10,470,NA,415,0.1,3,4,0,20,10,20,spout_extended,NA
2023_07_23_abo01,abo,abo01,7/23/2023,1,2023_07_23_abo_r01,multi_s,0,NA,dual,1,nac,NA,NA,30,415; 470,7.61; 3.98,55;40,1;2,g;g,0,0,120,10,470,NA,415,0.1,3,4,0,20,10,20,spout_extended,NA
2023_07_23_abo01,abo,abo01,7/23/2023,1,2023_07_23_abo_r01,multi_s,0,NA,dual,3,dms,NA,NA,30,415; 470,7.61; 3.98,55;40,1;2,g;g,0,0,120,10,470,NA,415,0.1,3,4,0,20,10,20,spout_extended,NA
2023_07_23_abo01,abo,abo01,7/23/2023,1,2023_07_23_abo_r01,multi_s,0,NA,dual,4,dls,NA,NA,30,415; 470,7.61; 3.98,55;40,1;2,g;g,0,0,120,10,470,NA,415,0.1,3,4,0,20,10,20,spout_extended,NA
2023_07_23_abo01,abo,abo01,7/23/2023,1,2023_07_23_abo_r01,multi_s,0,NA,dual,2,ts,NA,NA,30,415; 470,7.61; 3.98,55;40,1;2,g;g,0,0,120,10,470,NA,415,0.1,3,4,0,20,10,20,spout_extended,NA
2023_07_23_abo02,abo,abo02,7/23/2023,2,2023_07_23_abo_r02,multi_s,0,NA,dual,2,nac,NA,NA,30,415; 470,7.61; 3.98,55;40,1;2,g;g,0,0,120,10,470,NA,415,0.1,3,4,0,20,10,20,spout_extended,NA
2023_07_23_abo02,abo,abo02,7/23/2023,2,2023_07_23_abo_r02,multi_s,0,NA,dual,1,dms,NA,NA,30,415; 470,7.61; 3.98,55;40,1;2,g;g,0,0,120,10,470,NA,415,0.1,3,4,0,20,10,20,spout_extended,NA
2023_07_23_abo02,abo,abo02,7/23/2023,2,2023_07_23_abo_r02,multi_s,0,NA,dual,3,dls,NA,NA,30,415; 470,7.61; 3.98,55;40,1;2,g;g,0,0,120,10,470,NA,415,0.1,3,4,0,20,10,20,spout_extended,NA
2023_07_23_abo02,abo,abo02,7/23/2023,2,2023_07_23_abo_r02,multi_s,0,NA,dual,4,ts,NA,NA,30,415; 470,7.61; 3.98,55;40,1;2,g;g,0,0,120,10,470,NA,415,0.1,3,4,0,20,10,20,spout_extended,NA
2023_07_23_abo03,abo,abo03,7/23/2023,3,2023_07_23_abo_r03,multi_s,0,NA,dual,3,nac,NA,NA,30,415; 470,7.61; 3.98,55;40,1;2,g;g,0,0,120,10,470,NA,415,0.1,3,4,0,20,10,20,spout_extended,NA
2023_07_23_abo03,abo,abo03,7/23/2023,3,2023_07_23_abo_r03,multi_s,0,NA,dual,4,dms,NA,NA,30,415; 470,7.61; 3.98,55;40,1;2,g;g,0,0,120,10,470,NA,415,0.1,3,4,0,20,10,20,spout_extended,NA
2023_07_23_abo03,abo,abo03,7/23/2023,3,2023_07_23_abo_r03,multi_s,0,NA,dual,2,dls,NA,NA,30,415; 470,7.61; 3.98,55;40,1;2,g;g,0,0,120,10,470,NA,415,0.1,3,4,0,20,10,20,spout_extended,NA
2023_07_23_abo03,abo,abo03,7/23/2023,3,2023_07_23_abo_r03,multi_s,0,NA,dual,1,ts,NA,NA,30,415; 470,7.61; 3.98,55;40,1;2,g;g,0,0,120,10,470,NA,415,0.1,3,4,0,20,10,20,spout_extended,NA
2023_07_23_abo04,abo,abo04,7/23/2023,4,2023_07_23_abo_r04,multi_s,0,NA,dual,4,nac,NA,NA,30,415; 470,7.61; 3.98,55;40,1;2,g;g,0,0,120,10,470,NA,415,0.1,3,4,0,20,10,20,spout_extended,NA
2023_07_23_abo04,abo,abo04,7/23/2023,4,2023_07_23_abo_r04,multi_s,0,NA,dual,2,dms,NA,NA,30,415; 470,7.61; 3.98,55;40,1;2,g;g,0,0,120,10,470,NA,415,0.1,3,4,0,20,10,20,spout_extended,NA
2023_07_23_abo04,abo,abo04,7/23/2023,4,2023_07_23_abo_r04,multi_s,0,NA,dual,1,dls,NA,NA,30,415; 470,7.61; 3.98,55;40,1;2,g;g,0,0,120,10,470,NA,415,0.1,3,4,0,20,10,20,spout_extended,NA
2023_07_23_abo04,abo,abo04,7/23/2023,4,2023_07_23_abo_r04,multi_s,0,NA,dual,3,ts,NA,NA,30,415; 470,7.61; 3.98,55;40,1;2,g;g,0,0,120,10,470,NA,415,0.1,3,4,0,20,10,20,spout_extended,NA
2023_07_25_abo01,abo,abo01,7/25/2023,1,2023_07_25_abo_r01,multi_s,0,NA,dual,1,nac,NA,NA,30,415; 470,12.68; 9.06,100;100,1;2,g;g,0,0,120,10,470,NA,415,0.1,3,4,0,20,10,20,spout_extended,NA
2023_07_25_abo01,abo,abo01,7/25/2023,1,2023_07_25_abo_r01,multi_s,0,NA,dual,3,dms,NA,NA,30,415; 470,12.68; 9.06,100;100,1;2,g;g,0,0,120,10,470,NA,415,0.1,3,4,0,20,10,20,spout_extended,NA
2023_07_25_abo01,abo,abo01,7/25/2023,1,2023_07_25_abo_r01,multi_s,0,NA,dual,4,dls,NA,NA,30,415; 470,12.68; 9.06,100;100,1;2,g;g,0,0,120,10,470,NA,415,0.1,3,4,0,20,10,20,spout_extended,NA
2023_07_25_abo01,abo,abo01,7/25/2023,1,2023_07_25_abo_r01,multi_s,0,NA,dual,2,ts,NA,NA,30,415; 470,12.68; 9.06,100;100,1;2,g;g,0,0,120,10,470,NA,415,0.1,3,4,0,20,10,20,spout_extended,NA
2023_07_25_abo02,abo,abo02,7/25/2023,2,2023_07_25_abo_r02,multi_s,0,NA,dual,2,nac,NA,NA,30,415; 470,12.68; 9.06,100;100,1;2,g;g,0,0,120,10,470,NA,415,0.1,3,4,0,20,10,20,spout_extended,NA
2023_07_25_abo02,abo,abo02,7/25/2023,2,2023_07_25_abo_r02,multi_s,0,NA,dual,1,dms,NA,NA,30,415; 470,12.68; 9.06,100;100,1;2,g;g,0,0,120,10,470,NA,415,0.1,3,4,0,20,10,20,spout_extended,NA
2023_07_25_abo02,abo,abo02,7/25/2023,2,2023_07_25_abo_r02,multi_s,0,NA,dual,3,dls,NA,NA,30,415; 470,12.68; 9.06,100;100,1;2,g;g,0,0,120,10,470,NA,415,0.1,3,4,0,20,10,20,spout_extended,NA
2023_07_25_abo02,abo,abo02,7/25/2023,2,2023_07_25_abo_r02,multi_s,0,NA,dual,4,ts,NA,NA,30,415; 470,12.68; 9.06,100;100,1;2,g;g,0,0,120,10,470,NA,415,0.1,3,4,0,20,10,20,spout_extended,NA
2023_07_25_abo03,abo,abo03,7/25/2023,3,2023_07_25_abo_r03,multi_s,0,NA,dual,3,nac,NA,NA,30,415; 470,12.68; 9.06,100;100,1;2,g;g,0,0,120,10,470,NA,415,0.1,3,4,0,20,10,20,spout_extended,NA
2023_07_25_abo03,abo,abo03,7/25/2023,3,2023_07_25_abo_r03,multi_s,0,NA,dual,4,dms,NA,NA,30,415; 470,12.68; 9.06,100;100,1;2,g;g,0,0,120,10,470,NA,415,0.1,3,4,0,20,10,20,spout_extended,NA
2023_07_25_abo03,abo,abo03,7/25/2023,3,2023_07_25_abo_r03,multi_s,0,NA,dual,2,dls,NA,NA,30,415; 470,12.68; 9.06,100;100,1;2,g;g,0,0,120,10,470,NA,415,0.1,3,4,0,20,10,20,spout_extended,NA
2023_07_25_abo03,abo,abo03,7/25/2023,3,2023_07_25_abo_r03,multi_s,0,NA,dual,1,ts,NA,NA,30,415; 470,12.68; 9.06,100;100,1;2,g;g,0,0,120,10,470,NA,415,0.1,3,4,0,20,10,20,spout_extended,NA
2023_07_25_abo04,abo,abo04,7/25/2023,4,2023_07_25_abo_r04,multi_s,0,NA,dual,4,nac,NA,NA,30,415; 470,12.68; 9.06,100;100,1;2,g;g,0,0,120,10,470,NA,415,0.1,3,4,0,20,10,20,spout_extended,NA
2023_07_25_abo04,abo,abo04,7/25/2023,4,2023_07_25_abo_r04,multi_s,0,NA,dual,2,dms,NA,NA,30,415; 470,12.68; 9.06,100;100,1;2,g;g,0,0,120,10,470,NA,415,0.1,3,4,0,20,10,20,spout_extended,NA
2023_07_25_abo04,abo,abo04,7/25/2023,4,2023_07_25_abo_r04,multi_s,0,NA,dual,1,dls,NA,NA,30,415; 470,12.68; 9.06,100;100,1;2,g;g,0,0,120,10,470,NA,415,0.1,3,4,0,20,10,20,spout_extended,NA
2023_07_25_abo04,abo,abo04,7/25/2023,4,2023_07_25_abo_r04,multi_s,0,NA,dual,3,ts,NA,NA,30,415; 470,12.68; 9.06,100;100,1;2,g;g,0,0,120,10,470,NA,415,0.1,3,4,0,20,10,20,spout_extended,NA
2023_07_26_abo01,abo,abo01,7/26/2023,1,2023_07_26_abo_r01,multi_s,0,NA,dual,2,nac,NA,NA,30,415; 470,7.61; 3.98,55;40,1;2,g;g,0,0,120,10,470,NA,415,0.1,3,4,0,20,10,20,spout_extended,NA
2023_07_26_abo01,abo,abo01,7/26/2023,1,2023_07_26_abo_r01,multi_s,0,NA,dual,1,dms,NA,NA,30,415; 470,7.61; 3.98,55;40,1;2,g;g,0,0,120,10,470,NA,415,0.1,3,4,0,20,10,20,spout_extended,NA
2023_07_26_abo01,abo,abo01,7/26/2023,1,2023_07_26_abo_r01,multi_s,0,NA,dual,3,dls,NA,NA,30,415; 470,7.61; 3.98,55;40,1;2,g;g,0,0,120,10,470,NA,415,0.1,3,4,0,20,10,20,spout_extended,NA
2023_07_26_abo01,abo,abo01,7/26/2023,1,2023_07_26_abo_r01,multi_s,0,NA,dual,4,ts,NA,NA,30,415; 470,7.61; 3.98,55;40,1;2,g;g,0,0,120,10,470,NA,415,0.1,3,4,0,20,10,20,spout_extended,NA
2023_07_26_abo02,abo,abo02,7/26/2023,2,2023_07_26_abo_r02,multi_s,0,NA,dual,3,nac,NA,NA,30,415; 470,7.61; 3.98,55;40,1;2,g;g,0,0,120,10,470,NA,415,0.1,3,4,0,20,10,20,spout_extended,NA
2023_07_26_abo02,abo,abo02,7/26/2023,2,2023_07_26_abo_r02,multi_s,0,NA,dual,4,dms,NA,NA,30,415; 470,7.61; 3.98,55;40,1;2,g;g,0,0,120,10,470,NA,415,0.1,3,4,0,20,10,20,spout_extended,NA
2023_07_26_abo02,abo,abo02,7/26/2023,2,2023_07_26_abo_r02,multi_s,0,NA,dual,2,dls,NA,NA,30,415; 470,7.61; 3.98,55;40,1;2,g;g,0,0,120,10,470,NA,415,0.1,3,4,0,20,10,20,spout_extended,NA
2023_07_26_abo02,abo,abo02,7/26/2023,2,2023_07_26_abo_r02,multi_s,0,NA,dual,1,ts,NA,NA,30,415; 470,7.61; 3.98,55;40,1;2,g;g,0,0,120,10,470,NA,415,0.1,3,4,0,20,10,20,spout_extended,NA
2023_07_26_abo03,abo,abo03,7/26/2023,3,2023_07_26_abo_r03,multi_s,0,NA,dual,4,nac,NA,NA,30,415; 470,7.61; 3.98,55;40,1;2,g;g,0,0,120,10,470,NA,415,0.1,3,4,0,20,10,20,spout_extended,NA
2023_07_26_abo03,abo,abo03,7/26/2023,3,2023_07_26_abo_r03,multi_s,0,NA,dual,2,dms,NA,NA,30,415; 470,7.61; 3.98,55;40,1;2,g;g,0,0,120,10,470,NA,415,0.1,3,4,0,20,10,20,spout_extended,NA
2023_07_26_abo03,abo,abo03,7/26/2023,3,2023_07_26_abo_r03,multi_s,0,NA,dual,1,dls,NA,NA,30,415; 470,7.61; 3.98,55;40,1;2,g;g,0,0,120,10,470,NA,415,0.1,3,4,0,20,10,20,spout_extended,NA
2023_07_26_abo03,abo,abo03,7/26/2023,3,2023_07_26_abo_r03,multi_s,0,NA,dual,3,ts,NA,NA,30,415; 470,7.61; 3.98,55;40,1;2,g;g,0,0,120,10,470,NA,415,0.1,3,4,0,20,10,20,spout_extended,NA
2023_07_26_abo04,abo,abo04,7/26/2023,4,2023_07_26_abo_r04,multi_s,0,NA,dual,1,nac,NA,NA,30,415; 470,7.61; 3.98,55;40,1;2,g;g,0,0,120,10,470,NA,415,0.1,3,4,0,20,10,20,spout_extended,NA
2023_07_26_abo04,abo,abo04,7/26/2023,4,2023_07_26_abo_r04,multi_s,0,NA,dual,3,dms,NA,NA,30,415; 470,7.61; 3.98,55;40,1;2,g;g,0,0,120,10,470,NA,415,0.1,3,4,0,20,10,20,spout_extended,NA
2023_07_26_abo04,abo,abo04,7/26/2023,4,2023_07_26_abo_r04,multi_s,0,NA,dual,4,dls,NA,NA,30,415; 470,7.61; 3.98,55;40,1;2,g;g,0,0,120,10,470,NA,415,0.1,3,4,0,20,10,20,spout_extended,NA
2023_07_26_abo04,abo,abo04,7/26/2023,4,2023_07_26_abo_r04,multi_s,0,NA,dual,2,ts,NA,NA,30,415; 470,7.61; 3.98,55;40,1;2,g;g,0,0,120,10,470,NA,415,0.1,3,4,0,20,10,20,spout_extended,NA
2023_07_27_abo01,abo,abo01,7/27/2023,1,2023_07_27_abo_r01,multi_s,0,NA,dual,3,nac,NA,NA,30,415; 470,7.61; 3.98,55;40,1;2,g;g,0,0,120,10,470,NA,415,0.1,3,4,0,20,10,20,spout_extended,NA
2023_07_27_abo01,abo,abo01,7/27/2023,1,2023_07_27_abo_r01,multi_s,0,NA,dual,4,dms,NA,NA,30,415; 470,7.61; 3.98,55;40,1;2,g;g,0,0,120,10,470,NA,415,0.1,3,4,0,20,10,20,spout_extended,NA
2023_07_27_abo01,abo,abo01,7/27/2023,1,2023_07_27_abo_r01,multi_s,0,NA,dual,2,dls,NA,NA,30,415; 470,7.61; 3.98,55;40,1;2,g;g,0,0,120,10,470,NA,415,0.1,3,4,0,20,10,20,spout_extended,NA
2023_07_27_abo01,abo,abo01,7/27/2023,1,2023_07_27_abo_r01,multi_s,0,NA,dual,1,ts,NA,NA,30,415; 470,7.61; 3.98,55;40,1;2,g;g,0,0,120,10,470,NA,415,0.1,3,4,0,20,10,20,spout_extended,NA
2023_07_27_abo02,abo,abo02,7/27/2023,2,2023_07_27_abo_r02,multi_s,0,NA,dual,4,nac,NA,NA,30,415; 470,7.61; 3.98,55;40,1;2,g;g,0,0,120,10,470,NA,415,0.1,3,4,0,20,10,20,spout_extended,NA
2023_07_27_abo02,abo,abo02,7/27/2023,2,2023_07_27_abo_r02,multi_s,0,NA,dual,2,dms,NA,NA,30,415; 470,7.61; 3.98,55;40,1;2,g;g,0,0,120,10,470,NA,415,0.1,3,4,0,20,10,20,spout_extended,NA
2023_07_27_abo02,abo,abo02,7/27/2023,2,2023_07_27_abo_r02,multi_s,0,NA,dual,1,dls,NA,NA,30,415; 470,7.61; 3.98,55;40,1;2,g;g,0,0,120,10,470,NA,415,0.1,3,4,0,20,10,20,spout_extended,NA
2023_07_27_abo02,abo,abo02,7/27/2023,2,2023_07_27_abo_r02,multi_s,0,NA,dual,3,ts,NA,NA,30,415; 470,7.61; 3.98,55;40,1;2,g;g,0,0,120,10,470,NA,415,0.1,3,4,0,20,10,20,spout_extended,NA
2023_07_27_abo03,abo,abo03,7/27/2023,3,2023_07_27_abo_r03,multi_s,0,NA,dual,1,nac,NA,NA,30,415; 470,7.61; 3.98,55;40,1;2,g;g,0,0,120,10,470,NA,415,0.1,3,4,0,20,10,20,spout_extended,NA
2023_07_27_abo03,abo,abo03,7/27/2023,3,2023_07_27_abo_r03,multi_s,0,NA,dual,3,dms,NA,NA,30,415; 470,7.61; 3.98,55;40,1;2,g;g,0,0,120,10,470,NA,415,0.1,3,4,0,20,10,20,spout_extended,NA
2023_07_27_abo03,abo,abo03,7/27/2023,3,2023_07_27_abo_r03,multi_s,0,NA,dual,4,dls,NA,NA,30,415; 470,7.61; 3.98,55;40,1;2,g;g,0,0,120,10,470,NA,415,0.1,3,4,0,20,10,20,spout_extended,NA
2023_07_27_abo03,abo,abo03,7/27/2023,3,2023_07_27_abo_r03,multi_s,0,NA,dual,2,ts,NA,NA,30,415; 470,7.61; 3.98,55;40,1;2,g;g,0,0,120,10,470,NA,415,0.1,3,4,0,20,10,20,spout_extended,NA
2023_07_27_abo04,abo,abo04,7/27/2023,4,2023_07_27_abo_r04,multi_s,0,NA,dual,2,nac,NA,NA,30,415; 470,7.61; 3.98,55;40,1;2,g;g,0,0,120,10,470,NA,415,0.1,3,4,0,20,10,20,spout_extended,NA
2023_07_27_abo04,abo,abo04,7/27/2023,4,2023_07_27_abo_r04,multi_s,0,NA,dual,1,dms,NA,NA,30,415; 470,7.61; 3.98,55;40,1;2,g;g,0,0,120,10,470,NA,415,0.1,3,4,0,20,10,20,spout_extended,NA
2023_07_27_abo04,abo,abo04,7/27/2023,4,2023_07_27_abo_r04,multi_s,0,NA,dual,3,dls,NA,NA,30,415; 470,7.61; 3.98,55;40,1;2,g;g,0,0,120,10,470,NA,415,0.1,3,4,0,20,10,20,spout_extended,NA
2023_07_27_abo04,abo,abo04,7/27/2023,4,2023_07_27_abo_r04,multi_s,0,NA,dual,4,ts,NA,NA,30,415; 470,7.61; 3.98,55;40,1;2,g;g,0,0,120,10,470,NA,415,0.1,3,4,0,20,10,20,spout_extended,NA
2023_07_28_abo01,abo,abo01,7/28/2023,1,2023_07_28_abo_r01,multi_s,0,NA,dual,4,nac,NA,NA,30,415; 470,7.61; 3.98,55;40,1;2,g;g,0,0,120,10,470,NA,415,0.1,3,4,0,20,10,20,spout_extended,NA
2023_07_28_abo01,abo,abo01,7/28/2023,1,2023_07_28_abo_r01,multi_s,0,NA,dual,2,dms,NA,NA,30,415; 470,7.61; 3.98,55;40,1;2,g;g,0,0,120,10,470,NA,415,0.1,3,4,0,20,10,20,spout_extended,NA
2023_07_28_abo01,abo,abo01,7/28/2023,1,2023_07_28_abo_r01,multi_s,0,NA,dual,1,dls,NA,NA,30,415; 470,7.61; 3.98,55;40,1;2,g;g,0,0,120,10,470,NA,415,0.1,3,4,0,20,10,20,spout_extended,NA
2023_07_28_abo01,abo,abo01,7/28/2023,1,2023_07_28_abo_r01,multi_s,0,NA,dual,3,ts,NA,NA,30,415; 470,7.61; 3.98,55;40,1;2,g;g,0,0,120,10,470,NA,415,0.1,3,4,0,20,10,20,spout_extended,NA
2023_07_28_abo02,abo,abo02,7/28/2023,2,2023_07_28_abo_r02,multi_s,0,NA,dual,1,nac,NA,NA,30,415; 470,7.61; 3.98,55;40,1;2,g;g,0,0,120,10,470,NA,415,0.1,3,4,0,20,10,20,spout_extended,NA
2023_07_28_abo02,abo,abo02,7/28/2023,2,2023_07_28_abo_r02,multi_s,0,NA,dual,3,dms,NA,NA,30,415; 470,7.61; 3.98,55;40,1;2,g;g,0,0,120,10,470,NA,415,0.1,3,4,0,20,10,20,spout_extended,NA
2023_07_28_abo02,abo,abo02,7/28/2023,2,2023_07_28_abo_r02,multi_s,0,NA,dual,4,dls,NA,NA,30,415; 470,7.61; 3.98,55;40,1;2,g;g,0,0,120,10,470,NA,415,0.1,3,4,0,20,10,20,spout_extended,NA
2023_07_28_abo02,abo,abo02,7/28/2023,2,2023_07_28_abo_r02,multi_s,0,NA,dual,2,ts,NA,NA,30,415; 470,7.61; 3.98,55;40,1;2,g;g,0,0,120,10,470,NA,415,0.1,3,4,0,20,10,20,spout_extended,NA
2023_07_28_abo03,abo,abo03,7/28/2023,3,2023_07_28_abo_r03,multi_s,0,NA,dual,2,nac,NA,NA,30,415; 470,7.61; 3.98,55;40,1;2,g;g,0,0,120,10,470,NA,415,0.1,3,4,0,20,10,20,spout_extended,NA
2023_07_28_abo03,abo,abo03,7/28/2023,3,2023_07_28_abo_r03,multi_s,0,NA,dual,1,dms,NA,NA,30,415; 470,7.61; 3.98,55;40,1;2,g;g,0,0,120,10,470,NA,415,0.1,3,4,0,20,10,20,spout_extended,NA
2023_07_28_abo03,abo,abo03,7/28/2023,3,2023_07_28_abo_r03,multi_s,0,NA,dual,3,dls,NA,NA,30,415; 470,7.61; 3.98,55;40,1;2,g;g,0,0,120,10,470,NA,415,0.1,3,4,0,20,10,20,spout_extended,NA
2023_07_28_abo03,abo,abo03,7/28/2023,3,2023_07_28_abo_r03,multi_s,0,NA,dual,4,ts,NA,NA,30,415; 470,7.61; 3.98,55;40,1;2,g;g,0,0,120,10,470,NA,415,0.1,3,4,0,20,10,20,spout_extended,NA
2023_07_28_abo04,abo,abo04,7/28/2023,4,2023_07_28_abo_r04,multi_s,0,NA,dual,3,nac,NA,NA,30,415; 470,7.61; 3.98,55;40,1;2,g;g,0,0,120,10,470,NA,415,0.1,3,4,0,20,10,20,spout_extended,NA
2023_07_28_abo04,abo,abo04,7/28/2023,4,2023_07_28_abo_r04,multi_s,0,NA,dual,4,dms,NA,NA,30,415; 470,7.61; 3.98,55;40,1;2,g;g,0,0,120,10,470,NA,415,0.1,3,4,0,20,10,20,spout_extended,NA
2023_07_28_abo04,abo,abo04,7/28/2023,4,2023_07_28_abo_r04,multi_s,0,NA,dual,2,dls,NA,NA,30,415; 470,7.61; 3.98,55;40,1;2,g;g,0,0,120,10,470,NA,415,0.1,3,4,0,20,10,20,spout_extended,NA
2023_07_28_abo04,abo,abo04,7/28/2023,4,2023_07_28_abo_r04,multi_s,0,NA,dual,1,ts,NA,NA,30,415; 470,7.61; 3.98,55;40,1;2,g;g,0,0,120,10,470,NA,415,0.1,3,4,0,20,10,20,spout_extended,NA
2023_07_29_abo01optostim,abo,abo01,7/29/2023,1,2023_07_29_abo_r01,opto_characterization,0,NA,dual,3,nac,opto_stim,NA,NA,415; 470,7.61; 3.98,55;40,1;2,g;g,20,0,60,0,470,NA,415,0.1,3,4,0,20,10,20,opto_stim,NA
2023_07_29_abo01optostim,abo,abo01,7/29/2023,1,2023_07_29_abo_r01,opto_characterization,0,NA,dual,4,dms,opto_stim,NA,NA,415; 470,7.61; 3.98,55;40,1;2,g;g,20,0,60,0,470,NA,415,0.1,3,4,0,20,10,20,opto_stim,NA
2023_07_29_abo01optostim,abo,abo01,7/29/2023,1,2023_07_29_abo_r01,opto_characterization,0,NA,dual,2,dls,opto_stim,NA,NA,415; 470,7.61; 3.98,55;40,1;2,g;g,20,0,60,0,470,NA,415,0.1,3,4,0,20,10,20,opto_stim,NA
2023_07_29_abo01optostim,abo,abo01,7/29/2023,1,2023_07_29_abo_r01,opto_characterization,0,NA,dual,1,ts,opto_stim,NA,NA,415; 470,7.61; 3.98,55;40,1;2,g;g,20,0,60,0,470,NA,415,0.1,3,4,0,20,10,20,opto_stim,NA
2023_07_29_abo02optostim,abo,abo02,7/29/2023,2,2023_07_29_abo_r02,opto_characterization,0,NA,dual,4,nac,opto_stim,NA,NA,415; 470,7.61; 3.98,55;40,1;2,g;g,20,0,60,0,470,NA,415,0.1,3,4,0,20,10,20,opto_stim,NA
2023_07_29_abo02optostim,abo,abo02,7/29/2023,2,2023_07_29_abo_r02,opto_characterization,0,NA,dual,2,dms,opto_stim,NA,NA,415; 470,7.61; 3.98,55;40,1;2,g;g,20,0,60,0,470,NA,415,0.1,3,4,0,20,10,20,opto_stim,NA
2023_07_29_abo02optostim,abo,abo02,7/29/2023,2,2023_07_29_abo_r02,opto_characterization,0,NA,dual,1,dls,opto_stim,NA,NA,415; 470,7.61; 3.98,55;40,1;2,g;g,20,0,60,0,470,NA,415,0.1,3,4,0,20,10,20,opto_stim,NA
2023_07_29_abo02optostim,abo,abo02,7/29/2023,2,2023_07_29_abo_r02,opto_characterization,0,NA,dual,3,ts,opto_stim,NA,NA,415; 470,7.61; 3.98,55;40,1;2,g;g,20,0,60,0,470,NA,415,0.1,3,4,0,20,10,20,opto_stim,NA
2023_07_29_abo03optostim,abo,abo03,7/29/2023,3,2023_07_29_abo_r03,opto_characterization,0,NA,dual,1,nac,opto_stim,NA,NA,415; 470,7.61; 3.98,55;40,1;2,g;g,20,0,60,0,470,NA,415,0.1,3,4,0,20,10,20,opto_stim,NA
2023_07_29_abo03optostim,abo,abo03,7/29/2023,3,2023_07_29_abo_r03,opto_characterization,0,NA,dual,3,dms,opto_stim,NA,NA,415; 470,7.61; 3.98,55;40,1;2,g;g,20,0,60,0,470,NA,415,0.1,3,4,0,20,10,20,opto_stim,NA
2023_07_29_abo03optostim,abo,abo03,7/29/2023,3,2023_07_29_abo_r03,opto_characterization,0,NA,dual,4,dls,opto_stim,NA,NA,415; 470,7.61; 3.98,55;40,1;2,g;g,20,0,60,0,470,NA,415,0.1,3,4,0,20,10,20,opto_stim,NA
2023_07_29_abo03optostim,abo,abo03,7/29/2023,3,2023_07_29_abo_r03,opto_characterization,0,NA,dual,2,ts,opto_stim,NA,NA,415; 470,7.61; 3.98,55;40,1;2,g;g,20,0,60,0,470,NA,415,0.1,3,4,0,20,10,20,opto_stim,NA
2023_07_29_abo04optostim,abo,abo04,7/29/2023,4,2023_07_29_abo_r04,opto_characterization,0,NA,dual,2,nac,opto_stim,NA,NA,415; 470,7.61; 3.98,55;40,1;2,g;g,20,0,60,0,470,NA,415,0.1,3,4,0,20,10,20,opto_stim,NA
2023_07_29_abo04optostim,abo,abo04,7/29/2023,4,2023_07_29_abo_r04,opto_characterization,0,NA,dual,1,dms,opto_stim,NA,NA,415; 470,7.61; 3.98,55;40,1;2,g;g,20,0,60,0,470,NA,415,0.1,3,4,0,20,10,20,opto_stim,NA
2023_07_29_abo04optostim,abo,abo04,7/29/2023,4,2023_07_29_abo_r04,opto_characterization,0,NA,dual,3,dls,opto_stim,NA,NA,415; 470,7.61; 3.98,55;40,1;2,g;g,20,0,60,0,470,NA,415,0.1,3,4,0,20,10,20,opto_stim,NA
2023_07_29_abo04optostim,abo,abo04,7/29/2023,4,2023_07_29_abo_r04,opto_characterization,0,NA,dual,4,ts,opto_stim,NA,NA,415; 470,7.61; 3.98,55;40,1;2,g;g,20,0,60,0,470,NA,415,0.1,3,4,0,20,10,20,opto_stim,NA
2023_07_31_abo01,abo,abo01,7/31/2023,1,2023_07_31_abo_r01,multi_nacl,0,NA,dual,4,nac,NA,NA,30,415; 470,7.61; 3.98,55;40,1;2,g;g,0,0,120,10,470,NA,415,0.1,3,4,0,20,10,20,spout_extended,NA
2023_07_31_abo01,abo,abo01,7/31/2023,1,2023_07_31_abo_r01,multi_nacl,0,NA,dual,2,dms,NA,NA,30,415; 470,7.61; 3.98,55;40,1;2,g;g,0,0,120,10,470,NA,415,0.1,3,4,0,20,10,20,spout_extended,NA
2023_07_31_abo01,abo,abo01,7/31/2023,1,2023_07_31_abo_r01,multi_nacl,0,NA,dual,1,dls,NA,NA,30,415; 470,7.61; 3.98,55;40,1;2,g;g,0,0,120,10,470,NA,415,0.1,3,4,0,20,10,20,spout_extended,NA
2023_07_31_abo01,abo,abo01,7/31/2023,1,2023_07_31_abo_r01,multi_nacl,0,NA,dual,3,ts,NA,NA,30,415; 470,7.61; 3.98,55;40,1;2,g;g,0,0,120,10,470,NA,415,0.1,3,4,0,20,10,20,spout_extended,NA
2023_07_31_abo02,abo,abo02,7/31/2023,2,2023_07_31_abo_r02,multi_nacl,0,NA,dual,1,nac,NA,NA,30,415; 470,7.61; 3.98,55;40,1;2,g;g,0,0,120,10,470,NA,415,0.1,3,4,0,20,10,20,spout_extended,NA
2023_07_31_abo02,abo,abo02,7/31/2023,2,2023_07_31_abo_r02,multi_nacl,0,NA,dual,3,dms,NA,NA,30,415; 470,7.61; 3.98,55;40,1;2,g;g,0,0,120,10,470,NA,415,0.1,3,4,0,20,10,20,spout_extended,NA
2023_07_31_abo02,abo,abo02,7/31/2023,2,2023_07_31_abo_r02,multi_nacl,0,NA,dual,4,dls,NA,NA,30,415; 470,7.61; 3.98,55;40,1;2,g;g,0,0,120,10,470,NA,415,0.1,3,4,0,20,10,20,spout_extended,NA
2023_07_31_abo02,abo,abo02,7/31/2023,2,2023_07_31_abo_r02,multi_nacl,0,NA,dual,2,ts,NA,NA,30,415; 470,7.61; 3.98,55;40,1;2,g;g,0,0,120,10,470,NA,415,0.1,3,4,0,20,10,20,spout_extended,NA
2023_07_31_abo03,abo,abo03,7/31/2023,3,2023_07_31_abo_r03,multi_nacl,0,NA,dual,2,nac,NA,NA,30,415; 470,7.61; 3.98,55;40,1;2,g;g,0,0,120,10,470,NA,415,0.1,3,4,0,20,10,20,spout_extended,NA
2023_07_31_abo03,abo,abo03,7/31/2023,3,2023_07_31_abo_r03,multi_nacl,0,NA,dual,1,dms,NA,NA,30,415; 470,7.61; 3.98,55;40,1;2,g;g,0,0,120,10,470,NA,415,0.1,3,4,0,20,10,20,spout_extended,NA
2023_07_31_abo03,abo,abo03,7/31/2023,3,2023_07_31_abo_r03,multi_nacl,0,NA,dual,3,dls,NA,NA,30,415; 470,7.61; 3.98,55;40,1;2,g;g,0,0,120,10,470,NA,415,0.1,3,4,0,20,10,20,spout_extended,NA
2023_07_31_abo03,abo,abo03,7/31/2023,3,2023_07_31_abo_r03,multi_nacl,0,NA,dual,4,ts,NA,NA,30,415; 470,7.61; 3.98,55;40,1;2,g;g,0,0,120,10,470,NA,415,0.1,3,4,0,20,10,20,spout_extended,NA
2023_07_31_abo04,abo,abo04,7/31/2023,4,2023_07_31_abo_r04,multi_nacl,0,NA,dual,3,nac,NA,NA,30,415; 470,7.61; 3.98,55;40,1;2,g;g,0,0,120,10,470,NA,415,0.1,3,4,0,20,10,20,spout_extended,NA
2023_07_31_abo04,abo,abo04,7/31/2023,4,2023_07_31_abo_r04,multi_nacl,0,NA,dual,4,dms,NA,NA,30,415; 470,7.61; 3.98,55;40,1;2,g;g,0,0,120,10,470,NA,415,0.1,3,4,0,20,10,20,spout_extended,NA
2023_07_31_abo04,abo,abo04,7/31/2023,4,2023_07_31_abo_r04,multi_nacl,0,NA,dual,2,dls,NA,NA,30,415; 470,7.61; 3.98,55;40,1;2,g;g,0,0,120,10,470,NA,415,0.1,3,4,0,20,10,20,spout_extended,NA
2023_07_31_abo04,abo,abo04,7/31/2023,4,2023_07_31_abo_r04,multi_nacl,0,NA,dual,1,ts,NA,NA,30,415; 470,7.61; 3.98,55;40,1;2,g;g,0,0,120,10,470,NA,415,0.1,3,4,0,20,10,20,spout_extended,NA
2023_08_01_abo01,abo,abo01,8/1/2023,1,2023_08_01_abo_r01,multi_nacl,0,NA,dual,4,nac,NA,NA,30,415; 470,7.61; 3.98,55;40,1;2,g;g,0,0,120,10,470,NA,415,0.1,3,4,0,20,10,20,spout_extended,NA
2023_08_01_abo01,abo,abo01,8/1/2023,1,2023_08_01_abo_r01,multi_nacl,0,NA,dual,2,dms,NA,NA,30,415; 470,7.61; 3.98,55;40,1;2,g;g,0,0,120,10,470,NA,415,0.1,3,4,0,20,10,20,spout_extended,NA
2023_08_01_abo01,abo,abo01,8/1/2023,1,2023_08_01_abo_r01,multi_nacl,0,NA,dual,1,dls,NA,NA,30,415; 470,7.61; 3.98,55;40,1;2,g;g,0,0,120,10,470,NA,415,0.1,3,4,0,20,10,20,spout_extended,NA
2023_08_01_abo01,abo,abo01,8/1/2023,1,2023_08_01_abo_r01,multi_nacl,0,NA,dual,3,ts,NA,NA,30,415; 470,7.61; 3.98,55;40,1;2,g;g,0,0,120,10,470,NA,415,0.1,3,4,0,20,10,20,spout_extended,NA
2023_08_01_abo02,abo,abo02,8/1/2023,2,2023_08_01_abo_r02,multi_nacl,0,NA,dual,1,nac,NA,NA,30,415; 470,7.61; 3.98,55;40,1;2,g;g,0,0,120,10,470,NA,415,0.1,3,4,0,20,10,20,spout_extended,NA
2023_08_01_abo02,abo,abo02,8/1/2023,2,2023_08_01_abo_r02,multi_nacl,0,NA,dual,3,dms,NA,NA,30,415; 470,7.61; 3.98,55;40,1;2,g;g,0,0,120,10,470,NA,415,0.1,3,4,0,20,10,20,spout_extended,NA
2023_08_01_abo02,abo,abo02,8/1/2023,2,2023_08_01_abo_r02,multi_nacl,0,NA,dual,4,dls,NA,NA,30,415; 470,7.61; 3.98,55;40,1;2,g;g,0,0,120,10,470,NA,415,0.1,3,4,0,20,10,20,spout_extended,NA
2023_08_01_abo02,abo,abo02,8/1/2023,2,2023_08_01_abo_r02,multi_nacl,0,NA,dual,2,ts,NA,NA,30,415; 470,7.61; 3.98,55;40,1;2,g;g,0,0,120,10,470,NA,415,0.1,3,4,0,20,10,20,spout_extended,NA
2023_08_01_abo03,abo,abo03,8/1/2023,3,2023_08_01_abo_r03,multi_nacl,0,NA,dual,2,nac,NA,NA,30,415; 470,7.61; 3.98,55;40,1;2,g;g,0,0,120,10,470,NA,415,0.1,3,4,0,20,10,20,spout_extended,NA
2023_08_01_abo03,abo,abo03,8/1/2023,3,2023_08_01_abo_r03,multi_nacl,0,NA,dual,1,dms,NA,NA,30,415; 470,7.61; 3.98,55;40,1;2,g;g,0,0,120,10,470,NA,415,0.1,3,4,0,20,10,20,spout_extended,NA
2023_08_01_abo03,abo,abo03,8/1/2023,3,2023_08_01_abo_r03,multi_nacl,0,NA,dual,3,dls,NA,NA,30,415; 470,7.61; 3.98,55;40,1;2,g;g,0,0,120,10,470,NA,415,0.1,3,4,0,20,10,20,spout_extended,NA
2023_08_01_abo03,abo,abo03,8/1/2023,3,2023_08_01_abo_r03,multi_nacl,0,NA,dual,4,ts,NA,NA,30,415; 470,7.61; 3.98,55;40,1;2,g;g,0,0,120,10,470,NA,415,0.1,3,4,0,20,10,20,spout_extended,NA
2023_08_01_abo04,abo,abo04,8/1/2023,4,2023_08_01_abo_r04,multi_nacl,0,NA,dual,3,nac,NA,NA,30,415; 470,7.61; 3.98,55;40,1;2,g;g,0,0,120,10,470,NA,415,0.1,3,4,0,20,10,20,spout_extended,NA
2023_08_01_abo04,abo,abo04,8/1/2023,4,2023_08_01_abo_r04,multi_nacl,0,NA,dual,4,dms,NA,NA,30,415; 470,7.61; 3.98,55;40,1;2,g;g,0,0,120,10,470,NA,415,0.1,3,4,0,20,10,20,spout_extended,NA
2023_08_01_abo04,abo,abo04,8/1/2023,4,2023_08_01_abo_r04,multi_nacl,0,NA,dual,2,dls,NA,NA,30,415; 470,7.61; 3.98,55;40,1;2,g;g,0,0,120,10,470,NA,415,0.1,3,4,0,20,10,20,spout_extended,NA
2023_08_01_abo04,abo,abo04,8/1/2023,4,2023_08_01_abo_r04,multi_nacl,0,NA,dual,1,ts,NA,NA,30,415; 470,7.61; 3.98,55;40,1;2,g;g,0,0,120,10,470,NA,415,0.1,3,4,0,20,10,20,spout_extended,NA
2023_08_02_abo01,abo,abo01,8/2/2023,1,2023_08_02_abo_r01,multi_nacl,0,NA,dual,3,nac,NA,NA,30,415; 470,7.61; 3.98,55;40,1;2,g;g,0,0,120,10,470,NA,415,0.1,3,4,0,20,10,20,spout_extended,NA
2023_08_02_abo01,abo,abo01,8/2/2023,1,2023_08_02_abo_r01,multi_nacl,0,NA,dual,4,dms,NA,NA,30,415; 470,7.61; 3.98,55;40,1;2,g;g,0,0,120,10,470,NA,415,0.1,3,4,0,20,10,20,spout_extended,NA
2023_08_02_abo01,abo,abo01,8/2/2023,1,2023_08_02_abo_r01,multi_nacl,0,NA,dual,2,dls,NA,NA,30,415; 470,7.61; 3.98,55;40,1;2,g;g,0,0,120,10,470,NA,415,0.1,3,4,0,20,10,20,spout_extended,NA
2023_08_02_abo01,abo,abo01,8/2/2023,1,2023_08_02_abo_r01,multi_nacl,0,NA,dual,1,ts,NA,NA,30,415; 470,7.61; 3.98,55;40,1;2,g;g,0,0,120,10,470,NA,415,0.1,3,4,0,20,10,20,spout_extended,NA
2023_08_02_abo02,abo,abo02,8/2/2023,2,2023_08_02_abo_r02,multi_nacl,0,NA,dual,4,nac,NA,NA,30,415; 470,7.61; 3.98,55;40,1;2,g;g,0,0,120,10,470,NA,415,0.1,3,4,0,20,10,20,spout_extended,NA
2023_08_02_abo02,abo,abo02,8/2/2023,2,2023_08_02_abo_r02,multi_nacl,0,NA,dual,2,dms,NA,NA,30,415; 470,7.61; 3.98,55;40,1;2,g;g,0,0,120,10,470,NA,415,0.1,3,4,0,20,10,20,spout_extended,NA
2023_08_02_abo02,abo,abo02,8/2/2023,2,2023_08_02_abo_r02,multi_nacl,0,NA,dual,1,dls,NA,NA,30,415; 470,7.61; 3.98,55;40,1;2,g;g,0,0,120,10,470,NA,415,0.1,3,4,0,20,10,20,spout_extended,NA
2023_08_02_abo02,abo,abo02,8/2/2023,2,2023_08_02_abo_r02,multi_nacl,0,NA,dual,3,ts,NA,NA,30,415; 470,7.61; 3.98,55;40,1;2,g;g,0,0,120,10,470,NA,415,0.1,3,4,0,20,10,20,spout_extended,NA
2023_08_02_abo03,abo,abo03,8/2/2023,3,2023_08_02_abo_r03,multi_nacl,0,NA,dual,1,nac,NA,NA,30,415; 470,7.61; 3.98,55;40,1;2,g;g,0,0,120,10,470,NA,415,0.1,3,4,0,20,10,20,spout_extended,NA
2023_08_02_abo03,abo,abo03,8/2/2023,3,2023_08_02_abo_r03,multi_nacl,0,NA,dual,3,dms,NA,NA,30,415; 470,7.61; 3.98,55;40,1;2,g;g,0,0,120,10,470,NA,415,0.1,3,4,0,20,10,20,spout_extended,NA
2023_08_02_abo03,abo,abo03,8/2/2023,3,2023_08_02_abo_r03,multi_nacl,0,NA,dual,4,dls,NA,NA,30,415; 470,7.61; 3.98,55;40,1;2,g;g,0,0,120,10,470,NA,415,0.1,3,4,0,20,10,20,spout_extended,NA
2023_08_02_abo03,abo,abo03,8/2/2023,3,2023_08_02_abo_r03,multi_nacl,0,NA,dual,2,ts,NA,NA,30,415; 470,7.61; 3.98,55;40,1;2,g;g,0,0,120,10,470,NA,415,0.1,3,4,0,20,10,20,spout_extended,NA
2023_08_02_abo04,abo,abo04,8/2/2023,4,2023_08_02_abo_r04,multi_nacl,0,NA,dual,2,nac,NA,NA,30,415; 470,7.61; 3.98,55;40,1;2,g;g,0,0,120,10,470,NA,415,0.1,3,4,0,20,10,20,spout_extended,NA
2023_08_02_abo04,abo,abo04,8/2/2023,4,2023_08_02_abo_r04,multi_nacl,0,NA,dual,1,dms,NA,NA,30,415; 470,7.61; 3.98,55;40,1;2,g;g,0,0,120,10,470,NA,415,0.1,3,4,0,20,10,20,spout_extended,NA
2023_08_02_abo04,abo,abo04,8/2/2023,4,2023_08_02_abo_r04,multi_nacl,0,NA,dual,3,dls,NA,NA,30,415; 470,7.61; 3.98,55;40,1;2,g;g,0,0,120,10,470,NA,415,0.1,3,4,0,20,10,20,spout_extended,NA
2023_08_02_abo04,abo,abo04,8/2/2023,4,2023_08_02_abo_r04,multi_nacl,0,NA,dual,4,ts,NA,NA,30,415; 470,7.61; 3.98,55;40,1;2,g;g,0,0,120,10,470,NA,415,0.1,3,4,0,20,10,20,spout_extended,NA
2023_08_03_abo01,abo,abo01,8/3/2023,1,2023_08_03_abo_r01,multi_nacl,0,NA,dual,4,nac,NA,NA,30,415; 470,7.61; 3.98,55;40,1;2,g;g,0,0,120,10,470,NA,415,0.1,3,4,0,20,10,20,spout_extended,NA
2023_08_03_abo01,abo,abo01,8/3/2023,1,2023_08_03_abo_r01,multi_nacl,0,NA,dual,2,dms,NA,NA,30,415; 470,7.61; 3.98,55;40,1;2,g;g,0,0,120,10,470,NA,415,0.1,3,4,0,20,10,20,spout_extended,NA
2023_08_03_abo01,abo,abo01,8/3/2023,1,2023_08_03_abo_r01,multi_nacl,0,NA,dual,1,dls,NA,NA,30,415; 470,7.61; 3.98,55;40,1;2,g;g,0,0,120,10,470,NA,415,0.1,3,4,0,20,10,20,spout_extended,NA
2023_08_03_abo01,abo,abo01,8/3/2023,1,2023_08_03_abo_r01,multi_nacl,0,NA,dual,3,ts,NA,NA,30,415; 470,7.61; 3.98,55;40,1;2,g;g,0,0,120,10,470,NA,415,0.1,3,4,0,20,10,20,spout_extended,NA
2023_08_03_abo02,abo,abo02,8/3/2023,2,2023_08_03_abo_r02,multi_nacl,0,NA,dual,1,nac,NA,NA,30,415; 470,7.61; 3.98,55;40,1;2,g;g,0,0,120,10,470,NA,415,0.1,3,4,0,20,10,20,spout_extended,NA
2023_08_03_abo02,abo,abo02,8/3/2023,2,2023_08_03_abo_r02,multi_nacl,0,NA,dual,3,dms,NA,NA,30,415; 470,7.61; 3.98,55;40,1;2,g;g,0,0,120,10,470,NA,415,0.1,3,4,0,20,10,20,spout_extended,NA
2023_08_03_abo02,abo,abo02,8/3/2023,2,2023_08_03_abo_r02,multi_nacl,0,NA,dual,4,dls,NA,NA,30,415; 470,7.61; 3.98,55;40,1;2,g;g,0,0,120,10,470,NA,415,0.1,3,4,0,20,10,20,spout_extended,NA
2023_08_03_abo02,abo,abo02,8/3/2023,2,2023_08_03_abo_r02,multi_nacl,0,NA,dual,2,ts,NA,NA,30,415; 470,7.61; 3.98,55;40,1;2,g;g,0,0,120,10,470,NA,415,0.1,3,4,0,20,10,20,spout_extended,NA
2023_08_03_abo03,abo,abo03,8/3/2023,3,2023_08_03_abo_r03,multi_nacl,0,NA,dual,2,nac,NA,NA,30,415; 470,7.61; 3.98,55;40,1;2,g;g,0,0,120,10,470,NA,415,0.1,3,4,0,20,10,20,spout_extended,NA
2023_08_03_abo03,abo,abo03,8/3/2023,3,2023_08_03_abo_r03,multi_nacl,0,NA,dual,1,dms,NA,NA,30,415; 470,7.61; 3.98,55;40,1;2,g;g,0,0,120,10,470,NA,415,0.1,3,4,0,20,10,20,spout_extended,NA
2023_08_03_abo03,abo,abo03,8/3/2023,3,2023_08_03_abo_r03,multi_nacl,0,NA,dual,3,dls,NA,NA,30,415; 470,7.61; 3.98,55;40,1;2,g;g,0,0,120,10,470,NA,415,0.1,3,4,0,20,10,20,spout_extended,NA
2023_08_03_abo03,abo,abo03,8/3/2023,3,2023_08_03_abo_r03,multi_nacl,0,NA,dual,4,ts,NA,NA,30,415; 470,7.61; 3.98,55;40,1;2,g;g,0,0,120,10,470,NA,415,0.1,3,4,0,20,10,20,spout_extended,NA
2023_08_03_abo04,abo,abo04,8/3/2023,4,2023_08_03_abo_r04,multi_nacl,0,NA,dual,3,nac,NA,NA,30,415; 470,7.61; 3.98,55;40,1;2,g;g,0,0,120,10,470,NA,415,0.1,3,4,0,20,10,20,spout_extended,NA
2023_08_03_abo04,abo,abo04,8/3/2023,4,2023_08_03_abo_r04,multi_nacl,0,NA,dual,4,dms,NA,NA,30,415; 470,7.61; 3.98,55;40,1;2,g;g,0,0,120,10,470,NA,415,0.1,3,4,0,20,10,20,spout_extended,NA
2023_08_03_abo04,abo,abo04,8/3/2023,4,2023_08_03_abo_r04,multi_nacl,0,NA,dual,2,dls,NA,NA,30,415; 470,7.61; 3.98,55;40,1;2,g;g,0,0,120,10,470,NA,415,0.1,3,4,0,20,10,20,spout_extended,NA
2023_08_03_abo04,abo,abo04,8/3/2023,4,2023_08_03_abo_r04,multi_nacl,0,NA,dual,1,ts,NA,NA,30,415; 470,7.61; 3.98,55;40,1;2,g;g,0,0,120,10,470,NA,415,0.1,3,4,0,20,10,20,spout_extended,NA
2023_08_04_abo01,abo,abo01,8/4/2023,1,2023_08_04_abo_r01,multi_nacl,0,NA,dual,1,nac,NA,NA,30,415; 470,7.61; 3.98,55;40,1;2,g;g,0,0,120,10,470,NA,415,0.1,3,4,0,20,10,20,spout_extended,NA
2023_08_04_abo01,abo,abo01,8/4/2023,1,2023_08_04_abo_r01,multi_nacl,0,NA,dual,3,dms,NA,NA,30,415; 470,7.61; 3.98,55;40,1;2,g;g,0,0,120,10,470,NA,415,0.1,3,4,0,20,10,20,spout_extended,NA
2023_08_04_abo01,abo,abo01,8/4/2023,1,2023_08_04_abo_r01,multi_nacl,0,NA,dual,4,dls,NA,NA,30,415; 470,7.61; 3.98,55;40,1;2,g;g,0,0,120,10,470,NA,415,0.1,3,4,0,20,10,20,spout_extended,NA
2023_08_04_abo01,abo,abo01,8/4/2023,1,2023_08_04_abo_r01,multi_nacl,0,NA,dual,2,ts,NA,NA,30,415; 470,7.61; 3.98,55;40,1;2,g;g,0,0,120,10,470,NA,415,0.1,3,4,0,20,10,20,spout_extended,NA
2023_08_04_abo02,abo,abo02,8/4/2023,2,2023_08_04_abo_r02,multi_nacl,0,NA,dual,2,nac,NA,NA,30,415; 470,7.61; 3.98,55;40,1;2,g;g,0,0,120,10,470,NA,415,0.1,3,4,0,20,10,20,spout_extended,NA
2023_08_04_abo02,abo,abo02,8/4/2023,2,2023_08_04_abo_r02,multi_nacl,0,NA,dual,1,dms,NA,NA,30,415; 470,7.61; 3.98,55;40,1;2,g;g,0,0,120,10,470,NA,415,0.1,3,4,0,20,10,20,spout_extended,NA
2023_08_04_abo02,abo,abo02,8/4/2023,2,2023_08_04_abo_r02,multi_nacl,0,NA,dual,3,dls,NA,NA,30,415; 470,7.61; 3.98,55;40,1;2,g;g,0,0,120,10,470,NA,415,0.1,3,4,0,20,10,20,spout_extended,NA
2023_08_04_abo02,abo,abo02,8/4/2023,2,2023_08_04_abo_r02,multi_nacl,0,NA,dual,4,ts,NA,NA,30,415; 470,7.61; 3.98,55;40,1;2,g;g,0,0,120,10,470,NA,415,0.1,3,4,0,20,10,20,spout_extended,NA
2023_08_04_abo03,abo,abo03,8/4/2023,3,2023_08_04_abo_r03,multi_nacl,0,NA,dual,3,nac,NA,NA,30,415; 470,7.61; 3.98,55;40,1;2,g;g,0,0,120,10,470,NA,415,0.1,3,4,0,20,10,20,spout_extended,NA
2023_08_04_abo03,abo,abo03,8/4/2023,3,2023_08_04_abo_r03,multi_nacl,0,NA,dual,4,dms,NA,NA,30,415; 470,7.61; 3.98,55;40,1;2,g;g,0,0,120,10,470,NA,415,0.1,3,4,0,20,10,20,spout_extended,NA
2023_08_04_abo03,abo,abo03,8/4/2023,3,2023_08_04_abo_r03,multi_nacl,0,NA,dual,2,dls,NA,NA,30,415; 470,7.61; 3.98,55;40,1;2,g;g,0,0,120,10,470,NA,415,0.1,3,4,0,20,10,20,spout_extended,NA
2023_08_04_abo03,abo,abo03,8/4/2023,3,2023_08_04_abo_r03,multi_nacl,0,NA,dual,1,ts,NA,NA,30,415; 470,7.61; 3.98,55;40,1;2,g;g,0,0,120,10,470,NA,415,0.1,3,4,0,20,10,20,spout_extended,NA
2023_08_04_abo04,abo,abo04,8/4/2023,4,2023_08_04_abo_r04,multi_nacl,0,NA,dual,4,nac,NA,NA,30,415; 470,7.61; 3.98,55;40,1;2,g;g,0,0,120,10,470,NA,415,0.1,3,4,0,20,10,20,spout_extended,NA
2023_08_04_abo04,abo,abo04,8/4/2023,4,2023_08_04_abo_r04,multi_nacl,0,NA,dual,2,dms,NA,NA,30,415; 470,7.61; 3.98,55;40,1;2,g;g,0,0,120,10,470,NA,415,0.1,3,4,0,20,10,20,spout_extended,NA
2023_08_04_abo04,abo,abo04,8/4/2023,4,2023_08_04_abo_r04,multi_nacl,0,NA,dual,1,dls,NA,NA,30,415; 470,7.61; 3.98,55;40,1;2,g;g,0,0,120,10,470,NA,415,0.1,3,4,0,20,10,20,spout_extended,NA
2023_08_04_abo04,abo,abo04,8/4/2023,4,2023_08_04_abo_r04,multi_nacl,0,NA,dual,3,ts,NA,NA,30,415; 470,7.61; 3.98,55;40,1;2,g;g,0,0,120,10,470,NA,415,0.1,3,4,0,20,10,20,spout_extended,NA
2023_08_06_abo01,abo,abo01,8/6/2023,1,2023_08_06_abo_r01,multi_s,0,NA,dual,2,nac,NA,NA,30,415; 470,7.61; 3.98,55;40,1;2,g;g,0,0,120,10,470,NA,415,0.1,3,4,0,20,10,20,spout_extended,NA
2023_08_06_abo01,abo,abo01,8/6/2023,1,2023_08_06_abo_r01,multi_s,0,NA,dual,1,dms,NA,NA,30,415; 470,7.61; 3.98,55;40,1;2,g;g,0,0,120,10,470,NA,415,0.1,3,4,0,20,10,20,spout_extended,NA
2023_08_06_abo01,abo,abo01,8/6/2023,1,2023_08_06_abo_r01,multi_s,0,NA,dual,3,dls,NA,NA,30,415; 470,7.61; 3.98,55;40,1;2,g;g,0,0,120,10,470,NA,415,0.1,3,4,0,20,10,20,spout_extended,NA
2023_08_06_abo01,abo,abo01,8/6/2023,1,2023_08_06_abo_r01,multi_s,0,NA,dual,4,ts,NA,NA,30,415; 470,7.61; 3.98,55;40,1;2,g;g,0,0,120,10,470,NA,415,0.1,3,4,0,20,10,20,spout_extended,NA
2023_08_06_abo02,abo,abo02,8/6/2023,2,2023_08_06_abo_r02,multi_s,0,NA,dual,3,nac,NA,NA,30,415; 470,7.61; 3.98,55;40,1;2,g;g,0,0,120,10,470,NA,415,0.1,3,4,0,20,10,20,spout_extended,NA
2023_08_06_abo02,abo,abo02,8/6/2023,2,2023_08_06_abo_r02,multi_s,0,NA,dual,4,dms,NA,NA,30,415; 470,7.61; 3.98,55;40,1;2,g;g,0,0,120,10,470,NA,415,0.1,3,4,0,20,10,20,spout_extended,NA
2023_08_06_abo02,abo,abo02,8/6/2023,2,2023_08_06_abo_r02,multi_s,0,NA,dual,2,dls,NA,NA,30,415; 470,7.61; 3.98,55;40,1;2,g;g,0,0,120,10,470,NA,415,0.1,3,4,0,20,10,20,spout_extended,NA
2023_08_06_abo02,abo,abo02,8/6/2023,2,2023_08_06_abo_r02,multi_s,0,NA,dual,1,ts,NA,NA,30,415; 470,7.61; 3.98,55;40,1;2,g;g,0,0,120,10,470,NA,415,0.1,3,4,0,20,10,20,spout_extended,NA
2023_08_06_abo03,abo,abo03,8/6/2023,3,2023_08_06_abo_r03,multi_s,0,NA,dual,4,nac,NA,NA,30,415; 470,7.61; 3.98,55;40,1;2,g;g,0,0,120,10,470,NA,415,0.1,3,4,0,20,10,20,spout_extended,NA
2023_08_06_abo03,abo,abo03,8/6/2023,3,2023_08_06_abo_r03,multi_s,0,NA,dual,2,dms,NA,NA,30,415; 470,7.61; 3.98,55;40,1;2,g;g,0,0,120,10,470,NA,415,0.1,3,4,0,20,10,20,spout_extended,NA
2023_08_06_abo03,abo,abo03,8/6/2023,3,2023_08_06_abo_r03,multi_s,0,NA,dual,1,dls,NA,NA,30,415; 470,7.61; 3.98,55;40,1;2,g;g,0,0,120,10,470,NA,415,0.1,3,4,0,20,10,20,spout_extended,NA
2023_08_06_abo03,abo,abo03,8/6/2023,3,2023_08_06_abo_r03,multi_s,0,NA,dual,3,ts,NA,NA,30,415; 470,7.61; 3.98,55;40,1;2,g;g,0,0,120,10,470,NA,415,0.1,3,4,0,20,10,20,spout_extended,NA
2023_08_06_abo04,abo,abo04,8/6/2023,4,2023_08_06_abo_r04,multi_s,0,NA,dual,1,nac,NA,NA,30,415; 470,7.61; 3.98,55;40,1;2,g;g,0,0,120,10,470,NA,415,0.1,3,4,0,20,10,20,spout_extended,NA
2023_08_06_abo04,abo,abo04,8/6/2023,4,2023_08_06_abo_r04,multi_s,0,NA,dual,3,dms,NA,NA,30,415; 470,7.61; 3.98,55;40,1;2,g;g,0,0,120,10,470,NA,415,0.1,3,4,0,20,10,20,spout_extended,NA
2023_08_06_abo04,abo,abo04,8/6/2023,4,2023_08_06_abo_r04,multi_s,0,NA,dual,4,dls,NA,NA,30,415; 470,7.61; 3.98,55;40,1;2,g;g,0,0,120,10,470,NA,415,0.1,3,4,0,20,10,20,spout_extended,NA
2023_08_06_abo04,abo,abo04,8/6/2023,4,2023_08_06_abo_r04,multi_s,0,NA,dual,2,ts,NA,NA,30,415; 470,7.61; 3.98,55;40,1;2,g;g,0,0,120,10,470,NA,415,0.1,3,4,0,20,10,20,spout_extended,NA
2023_08_07_abo01,abo,abo01,8/7/2023,1,2023_08_07_abo_r01,multi_s,0,NA,dual,3,nac,NA,NA,30,415; 470,7.61; 3.98,55;40,1;2,g;g,0,0,120,10,470,NA,415,0.1,3,4,0,20,10,20,spout_extended,NA
2023_08_07_abo01,abo,abo01,8/7/2023,1,2023_08_07_abo_r01,multi_s,0,NA,dual,4,dms,NA,NA,30,415; 470,7.61; 3.98,55;40,1;2,g;g,0,0,120,10,470,NA,415,0.1,3,4,0,20,10,20,spout_extended,NA
2023_08_07_abo01,abo,abo01,8/7/2023,1,2023_08_07_abo_r01,multi_s,0,NA,dual,2,dls,NA,NA,30,415; 470,7.61; 3.98,55;40,1;2,g;g,0,0,120,10,470,NA,415,0.1,3,4,0,20,10,20,spout_extended,NA
2023_08_07_abo01,abo,abo01,8/7/2023,1,2023_08_07_abo_r01,multi_s,0,NA,dual,1,ts,NA,NA,30,415; 470,7.61; 3.98,55;40,1;2,g;g,0,0,120,10,470,NA,415,0.1,3,4,0,20,10,20,spout_extended,NA
2023_08_07_abo02,abo,abo02,8/7/2023,2,2023_08_07_abo_r02,multi_s,0,NA,dual,4,nac,NA,NA,30,415; 470,7.61; 3.98,55;40,1;2,g;g,0,0,120,10,470,NA,415,0.1,3,4,0,20,10,20,spout_extended,NA
2023_08_07_abo02,abo,abo02,8/7/2023,2,2023_08_07_abo_r02,multi_s,0,NA,dual,2,dms,NA,NA,30,415; 470,7.61; 3.98,55;40,1;2,g;g,0,0,120,10,470,NA,415,0.1,3,4,0,20,10,20,spout_extended,NA
2023_08_07_abo02,abo,abo02,8/7/2023,2,2023_08_07_abo_r02,multi_s,0,NA,dual,1,dls,NA,NA,30,415; 470,7.61; 3.98,55;40,1;2,g;g,0,0,120,10,470,NA,415,0.1,3,4,0,20,10,20,spout_extended,NA
2023_08_07_abo02,abo,abo02,8/7/2023,2,2023_08_07_abo_r02,multi_s,0,NA,dual,3,ts,NA,NA,30,415; 470,7.61; 3.98,55;40,1;2,g;g,0,0,120,10,470,NA,415,0.1,3,4,0,20,10,20,spout_extended,NA
2023_08_07_abo03,abo,abo03,8/7/2023,3,2023_08_07_abo_r03,multi_s,0,NA,dual,1,nac,NA,NA,30,415; 470,7.61; 3.98,55;40,1;2,g;g,0,0,120,10,470,NA,415,0.1,3,4,0,20,10,20,spout_extended,NA
2023_08_07_abo03,abo,abo03,8/7/2023,3,2023_08_07_abo_r03,multi_s,0,NA,dual,3,dms,NA,NA,30,415; 470,7.61; 3.98,55;40,1;2,g;g,0,0,120,10,470,NA,415,0.1,3,4,0,20,10,20,spout_extended,NA
2023_08_07_abo03,abo,abo03,8/7/2023,3,2023_08_07_abo_r03,multi_s,0,NA,dual,4,dls,NA,NA,30,415; 470,7.61; 3.98,55;40,1;2,g;g,0,0,120,10,470,NA,415,0.1,3,4,0,20,10,20,spout_extended,NA
2023_08_07_abo03,abo,abo03,8/7/2023,3,2023_08_07_abo_r03,multi_s,0,NA,dual,2,ts,NA,NA,30,415; 470,7.61; 3.98,55;40,1;2,g;g,0,0,120,10,470,NA,415,0.1,3,4,0,20,10,20,spout_extended,NA
2023_08_07_abo04,abo,abo04,8/7/2023,4,2023_08_07_abo_r04,multi_s,0,NA,dual,2,nac,NA,NA,30,415; 470,7.61; 3.98,55;40,1;2,g;g,0,0,120,10,470,NA,415,0.1,3,4,0,20,10,20,spout_extended,NA
2023_08_07_abo04,abo,abo04,8/7/2023,4,2023_08_07_abo_r04,multi_s,0,NA,dual,1,dms,NA,NA,30,415; 470,7.61; 3.98,55;40,1;2,g;g,0,0,120,10,470,NA,415,0.1,3,4,0,20,10,20,spout_extended,NA
2023_08_07_abo04,abo,abo04,8/7/2023,4,2023_08_07_abo_r04,multi_s,0,NA,dual,3,dls,NA,NA,30,415; 470,7.61; 3.98,55;40,1;2,g;g,0,0,120,10,470,NA,415,0.1,3,4,0,20,10,20,spout_extended,NA
2023_08_07_abo04,abo,abo04,8/7/2023,4,2023_08_07_abo_r04,multi_s,0,NA,dual,4,ts,NA,NA,30,415; 470,7.61; 3.98,55;40,1;2,g;g,0,0,120,10,470,NA,415,0.1,3,4,0,20,10,20,spout_extended,NA
2023_08_08_abo01,abo,abo01,8/8/2023,1,2023_08_08_abo_r01,multi_s,0,NA,dual,4,nac,NA,NA,30,415; 470,7.61; 3.98,55;40,1;2,g;g,0,0,120,10,470,NA,415,0.1,3,4,0,20,10,20,spout_extended,NA
2023_08_08_abo01,abo,abo01,8/8/2023,1,2023_08_08_abo_r01,multi_s,0,NA,dual,2,dms,NA,NA,30,415; 470,7.61; 3.98,55;40,1;2,g;g,0,0,120,10,470,NA,415,0.1,3,4,0,20,10,20,spout_extended,NA
2023_08_08_abo01,abo,abo01,8/8/2023,1,2023_08_08_abo_r01,multi_s,0,NA,dual,1,dls,NA,NA,30,415; 470,7.61; 3.98,55;40,1;2,g;g,0,0,120,10,470,NA,415,0.1,3,4,0,20,10,20,spout_extended,NA
2023_08_08_abo01,abo,abo01,8/8/2023,1,2023_08_08_abo_r01,multi_s,0,NA,dual,3,ts,NA,NA,30,415; 470,7.61; 3.98,55;40,1;2,g;g,0,0,120,10,470,NA,415,0.1,3,4,0,20,10,20,spout_extended,NA
2023_08_08_abo02,abo,abo02,8/8/2023,2,2023_08_08_abo_r02,multi_s,0,NA,dual,1,nac,NA,NA,30,415; 470,7.61; 3.98,55;40,1;2,g;g,0,0,120,10,470,NA,415,0.1,3,4,0,20,10,20,spout_extended,NA
2023_08_08_abo02,abo,abo02,8/8/2023,2,2023_08_08_abo_r02,multi_s,0,NA,dual,3,dms,NA,NA,30,415; 470,7.61; 3.98,55;40,1;2,g;g,0,0,120,10,470,NA,415,0.1,3,4,0,20,10,20,spout_extended,NA
2023_08_08_abo02,abo,abo02,8/8/2023,2,2023_08_08_abo_r02,multi_s,0,NA,dual,4,dls,NA,NA,30,415; 470,7.61; 3.98,55;40,1;2,g;g,0,0,120,10,470,NA,415,0.1,3,4,0,20,10,20,spout_extended,NA
2023_08_08_abo02,abo,abo02,8/8/2023,2,2023_08_08_abo_r02,multi_s,0,NA,dual,2,ts,NA,NA,30,415; 470,7.61; 3.98,55;40,1;2,g;g,0,0,120,10,470,NA,415,0.1,3,4,0,20,10,20,spout_extended,NA
2023_08_08_abo03,abo,abo03,8/8/2023,3,2023_08_08_abo_r03,multi_s,0,NA,dual,2,nac,NA,NA,30,415; 470,7.61; 3.98,55;40,1;2,g;g,0,0,120,10,470,NA,415,0.1,3,4,0,20,10,20,spout_extended,NA
2023_08_08_abo03,abo,abo03,8/8/2023,3,2023_08_08_abo_r03,multi_s,0,NA,dual,1,dms,NA,NA,30,415; 470,7.61; 3.98,55;40,1;2,g;g,0,0,120,10,470,NA,415,0.1,3,4,0,20,10,20,spout_extended,NA
2023_08_08_abo03,abo,abo03,8/8/2023,3,2023_08_08_abo_r03,multi_s,0,NA,dual,3,dls,NA,NA,30,415; 470,7.61; 3.98,55;40,1;2,g;g,0,0,120,10,470,NA,415,0.1,3,4,0,20,10,20,spout_extended,NA
2023_08_08_abo03,abo,abo03,8/8/2023,3,2023_08_08_abo_r03,multi_s,0,NA,dual,4,ts,NA,NA,30,415; 470,7.61; 3.98,55;40,1;2,g;g,0,0,120,10,470,NA,415,0.1,3,4,0,20,10,20,spout_extended,NA
2023_08_08_abo04,abo,abo04,8/8/2023,4,2023_08_08_abo_r04,multi_s,0,NA,dual,3,nac,NA,NA,30,415; 470,7.61; 3.98,55;40,1;2,g;g,0,0,120,10,470,NA,415,0.1,3,4,0,20,10,20,spout_extended,NA
2023_08_08_abo04,abo,abo04,8/8/2023,4,2023_08_08_abo_r04,multi_s,0,NA,dual,4,dms,NA,NA,30,415; 470,7.61; 3.98,55;40,1;2,g;g,0,0,120,10,470,NA,415,0.1,3,4,0,20,10,20,spout_extended,NA
2023_08_08_abo04,abo,abo04,8/8/2023,4,2023_08_08_abo_r04,multi_s,0,NA,dual,2,dls,NA,NA,30,415; 470,7.61; 3.98,55;40,1;2,g;g,0,0,120,10,470,NA,415,0.1,3,4,0,20,10,20,spout_extended,NA
2023_08_08_abo04,abo,abo04,8/8/2023,4,2023_08_08_abo_r04,multi_s,0,NA,dual,1,ts,NA,NA,30,415; 470,7.61; 3.98,55;40,1;2,g;g,0,0,120,10,470,NA,415,0.1,3,4,0,20,10,20,spout_extended,NA
2023_08_09_abo01,abo,abo01,8/9/2023,1,2023_08_09_abo_r01,multi_s,0,NA,dual,1,nac,NA,NA,30,415; 470,7.61; 3.98,55;40,1;2,g;g,0,0,120,10,470,NA,415,0.1,3,4,0,20,10,20,spout_extended,NA
2023_08_09_abo01,abo,abo01,8/9/2023,1,2023_08_09_abo_r01,multi_s,0,NA,dual,3,dms,NA,NA,30,415; 470,7.61; 3.98,55;40,1;2,g;g,0,0,120,10,470,NA,415,0.1,3,4,0,20,10,20,spout_extended,NA
2023_08_09_abo01,abo,abo01,8/9/2023,1,2023_08_09_abo_r01,multi_s,0,NA,dual,4,dls,NA,NA,30,415; 470,7.61; 3.98,55;40,1;2,g;g,0,0,120,10,470,NA,415,0.1,3,4,0,20,10,20,spout_extended,NA
2023_08_09_abo01,abo,abo01,8/9/2023,1,2023_08_09_abo_r01,multi_s,0,NA,dual,2,ts,NA,NA,30,415; 470,7.61; 3.98,55;40,1;2,g;g,0,0,120,10,470,NA,415,0.1,3,4,0,20,10,20,spout_extended,NA
2023_08_09_abo02,abo,abo02,8/9/2023,2,2023_08_09_abo_r02,multi_s,0,NA,dual,2,nac,NA,NA,30,415; 470,7.61; 3.98,55;40,1;2,g;g,0,0,120,10,470,NA,415,0.1,3,4,0,20,10,20,spout_extended,NA
2023_08_09_abo02,abo,abo02,8/9/2023,2,2023_08_09_abo_r02,multi_s,0,NA,dual,1,dms,NA,NA,30,415; 470,7.61; 3.98,55;40,1;2,g;g,0,0,120,10,470,NA,415,0.1,3,4,0,20,10,20,spout_extended,NA
2023_08_09_abo02,abo,abo02,8/9/2023,2,2023_08_09_abo_r02,multi_s,0,NA,dual,3,dls,NA,NA,30,415; 470,7.61; 3.98,55;40,1;2,g;g,0,0,120,10,470,NA,415,0.1,3,4,0,20,10,20,spout_extended,NA
2023_08_09_abo02,abo,abo02,8/9/2023,2,2023_08_09_abo_r02,multi_s,0,NA,dual,4,ts,NA,NA,30,415; 470,7.61; 3.98,55;40,1;2,g;g,0,0,120,10,470,NA,415,0.1,3,4,0,20,10,20,spout_extended,NA
2023_08_09_abo03,abo,abo03,8/9/2023,3,2023_08_09_abo_r03,multi_s,0,NA,dual,3,nac,NA,NA,30,415; 470,7.61; 3.98,55;40,1;2,g;g,0,0,120,10,470,NA,415,0.1,3,4,0,20,10,20,spout_extended,NA
2023_08_09_abo03,abo,abo03,8/9/2023,3,2023_08_09_abo_r03,multi_s,0,NA,dual,4,dms,NA,NA,30,415; 470,7.61; 3.98,55;40,1;2,g;g,0,0,120,10,470,NA,415,0.1,3,4,0,20,10,20,spout_extended,NA
2023_08_09_abo03,abo,abo03,8/9/2023,3,2023_08_09_abo_r03,multi_s,0,NA,dual,2,dls,NA,NA,30,415; 470,7.61; 3.98,55;40,1;2,g;g,0,0,120,10,470,NA,415,0.1,3,4,0,20,10,20,spout_extended,NA
2023_08_09_abo03,abo,abo03,8/9/2023,3,2023_08_09_abo_r03,multi_s,0,NA,dual,1,ts,NA,NA,30,415; 470,7.61; 3.98,55;40,1;2,g;g,0,0,120,10,470,NA,415,0.1,3,4,0,20,10,20,spout_extended,NA
2023_08_09_abo04,abo,abo04,8/9/2023,4,2023_08_09_abo_r04,multi_s,0,NA,dual,4,nac,NA,NA,30,415; 470,7.61; 3.98,55;40,1;2,g;g,0,0,120,10,470,NA,415,0.1,3,4,0,20,10,20,spout_extended,NA
2023_08_09_abo04,abo,abo04,8/9/2023,4,2023_08_09_abo_r04,multi_s,0,NA,dual,2,dms,NA,NA,30,415; 470,7.61; 3.98,55;40,1;2,g;g,0,0,120,10,470,NA,415,0.1,3,4,0,20,10,20,spout_extended,NA
2023_08_09_abo04,abo,abo04,8/9/2023,4,2023_08_09_abo_r04,multi_s,0,NA,dual,1,dls,NA,NA,30,415; 470,7.61; 3.98,55;40,1;2,g;g,0,0,120,10,470,NA,415,0.1,3,4,0,20,10,20,spout_extended,NA
2023_08_09_abo04,abo,abo04,8/9/2023,4,2023_08_09_abo_r04,multi_s,0,NA,dual,3,ts,NA,NA,30,415; 470,7.61; 3.98,55;40,1;2,g;g,0,0,120,10,470,NA,415,0.1,3,4,0,20,10,20,spout_extended,NA
2024_01_16_abo05,abo,abo05,1/16/2024,1,2024_01_16_abo_r01,opto_characterization,0,NA,dual,3,nac_shelllat,NA,opto_trial,34,415; 470,1.8;4,10; 30,1;2,g;g,20,0,120,20,470,NA,415,0.1,3,4,0,20,10,20,trial_start,NA
2024_01_16_abo05,abo,abo05,1/16/2024,1,2024_01_16_abo_r01,opto_characterization,0,NA,dual,4,nac_corr,NA,opto_trial,34,415; 470,1.8;4,10; 30,1;2,g;g,20,0,120,20,470,NA,415,0.1,3,4,0,20,10,20,trial_start,NA
2024_01_16_abo05,abo,abo05,1/16/2024,1,2024_01_16_abo_r01,opto_characterization,0,NA,dual,5,nac,NA,opto_trial,34,415; 470,1.8;4,10; 30,1;2,g;g,20,0,120,20,470,NA,415,0.1,3,4,0,20,10,20,trial_start,NA
2024_01_16_abo05,abo,abo05,1/16/2024,1,2024_01_16_abo_r01,opto_characterization,0,NA,dual,10,dms,NA,opto_trial,34,415; 470,1.8;4,10; 30,1;2,g;g,20,0,120,20,470,NA,415,0.1,3,4,0,20,10,20,trial_start,NA
2024_01_16_abo05,abo,abo05,1/16/2024,1,2024_01_16_abo_r01,opto_characterization,0,NA,dual,6,dls,NA,opto_trial,34,415; 470,1.8;4,10; 30,1;2,g;g,20,0,120,20,470,NA,415,0.1,3,4,0,20,10,20,trial_start,NA
2024_01_16_abo05,abo,abo05,1/16/2024,1,2024_01_16_abo_r01,opto_characterization,0,NA,dual,12,ts,NA,opto_trial,34,415; 470,1.8;4,10; 30,1;2,g;g,20,0,120,20,470,NA,415,0.1,3,4,0,20,10,20,trial_start,NA
2024_01_16_abo06,abo,abo06,1/16/2024,2,2024_01_16_abo_r02,opto_characterization,0,NA,dual,10,nac_shelllat,NA,opto_trial,34,415; 470,1.8;4,10; 30,1;2,g;g,20,0,120,20,470,NA,415,0.1,3,4,0,20,10,20,trial_start,NA
2024_01_16_abo06,abo,abo06,1/16/2024,2,2024_01_16_abo_r02,opto_characterization,0,NA,dual,6,nac_corr,NA,opto_trial,34,415; 470,1.8;4,10; 30,1;2,g;g,20,0,120,20,470,NA,415,0.1,3,4,0,20,10,20,trial_start,NA
2024_01_16_abo06,abo,abo06,1/16/2024,2,2024_01_16_abo_r02,opto_characterization,0,NA,dual,3,nac,NA,opto_trial,34,415; 470,1.8;4,10; 30,1;2,g;g,20,0,120,20,470,NA,415,0.1,3,4,0,20,10,20,trial_start,NA
2024_01_16_abo06,abo,abo06,1/16/2024,2,2024_01_16_abo_r02,opto_characterization,0,NA,dual,4,dms,NA,opto_trial,34,415; 470,1.8;4,10; 30,1;2,g;g,20,0,120,20,470,NA,415,0.1,3,4,0,20,10,20,trial_start,NA
2024_01_16_abo06,abo,abo06,1/16/2024,2,2024_01_16_abo_r02,opto_characterization,0,NA,dual,5,dls,NA,opto_trial,34,415; 470,1.8;4,10; 30,1;2,g;g,20,0,120,20,470,NA,415,0.1,3,4,0,20,10,20,trial_start,NA
2024_01_16_abo06,abo,abo06,1/16/2024,2,2024_01_16_abo_r02,opto_characterization,0,NA,dual,12,ts,NA,opto_trial,34,415; 470,1.8;4,10; 30,1;2,g;g,20,0,120,20,470,NA,415,0.1,3,4,0,20,10,20,trial_start,NA
2024_01_16_abo07,abo,abo07,1/16/2024,3,2024_01_16_abo_r03,opto_characterization,0,NA,dual,12,nac_shelllat,NA,opto_trial,34,415; 470,1.8;4,10; 30,1;2,g;g,20,0,120,20,470,NA,415,0.1,3,4,0,20,10,20,trial_start,NA
2024_01_16_abo07,abo,abo07,1/16/2024,3,2024_01_16_abo_r03,opto_characterization,0,NA,dual,10,nac_corr,NA,opto_trial,34,415; 470,1.8;4,10; 30,1;2,g;g,20,0,120,20,470,NA,415,0.1,3,4,0,20,10,20,trial_start,NA
2024_01_16_abo07,abo,abo07,1/16/2024,3,2024_01_16_abo_r03,opto_characterization,0,NA,dual,6,nac,NA,opto_trial,34,415; 470,1.8;4,10; 30,1;2,g;g,20,0,120,20,470,NA,415,0.1,3,4,0,20,10,20,trial_start,NA
2024_01_16_abo07,abo,abo07,1/16/2024,3,2024_01_16_abo_r03,opto_characterization,0,NA,dual,5,dms,NA,opto_trial,34,415; 470,1.8;4,10; 30,1;2,g;g,20,0,120,20,470,NA,415,0.1,3,4,0,20,10,20,trial_start,NA
2024_01_16_abo07,abo,abo07,1/16/2024,3,2024_01_16_abo_r03,opto_characterization,0,NA,dual,4,dls,NA,opto_trial,34,415; 470,1.8;4,10; 30,1;2,g;g,20,0,120,20,470,NA,415,0.1,3,4,0,20,10,20,trial_start,NA
2024_01_16_abo07,abo,abo07,1/16/2024,3,2024_01_16_abo_r03,opto_characterization,0,NA,dual,3,ts,NA,opto_trial,34,415; 470,1.8;4,10; 30,1;2,g;g,20,0,120,20,470,NA,415,0.1,3,4,0,20,10,20,trial_start,NA
2024_01_16_abo08,abo,abo08,1/16/2024,4,2024_01_16_abo_r04,opto_characterization,0,NA,dual,6,nac_shelllat,NA,opto_trial,34,415; 470,1.8;4,10; 30,1;2,g;g,20,0,120,20,470,NA,415,0.1,3,4,0,20,10,20,trial_start,NA
2024_01_16_abo08,abo,abo08,1/16/2024,4,2024_01_16_abo_r04,opto_characterization,0,NA,dual,12,nac_corr,NA,opto_trial,34,415; 470,1.8;4,10; 30,1;2,g;g,20,0,120,20,470,NA,415,0.1,3,4,0,20,10,20,trial_start,NA
2024_01_16_abo08,abo,abo08,1/16/2024,4,2024_01_16_abo_r04,opto_characterization,0,NA,dual,10,nac,NA,opto_trial,34,415; 470,1.8;4,10; 30,1;2,g;g,20,0,120,20,470,NA,415,0.1,3,4,0,20,10,20,trial_start,NA
2024_01_16_abo08,abo,abo08,1/16/2024,4,2024_01_16_abo_r04,opto_characterization,0,NA,dual,5,dms,NA,opto_trial,34,415; 470,1.8;4,10; 30,1;2,g;g,20,0,120,20,470,NA,415,0.1,3,4,0,20,10,20,trial_start,NA
2024_01_16_abo08,abo,abo08,1/16/2024,4,2024_01_16_abo_r04,opto_characterization,0,NA,dual,3,dls,NA,opto_trial,34,415; 470,1.8;4,10; 30,1;2,g;g,20,0,120,20,470,NA,415,0.1,3,4,0,20,10,20,trial_start,NA
2024_01_16_abo08,abo,abo08,1/16/2024,4,2024_01_16_abo_r04,opto_characterization,0,NA,dual,4,ts,NA,opto_trial,34,415; 470,1.8;4,10; 30,1;2,g;g,20,0,120,20,470,NA,415,0.1,3,4,0,20,10,20,trial_start,NA
2024_01_17_abo05,abo,abo05,1/17/2024,1,2024_01_17_abo_r01,opto_characterization,0,NA,dual,12,nac_shelllat,NA,opto_trial,34,415; 470,1.8;4,10; 30,1;2,g;g,20,0,60,20,470,NA,415,0.1,3,4,0,20,10,20,trial_start,NA
2024_01_17_abo05,abo,abo05,1/17/2024,1,2024_01_17_abo_r01,opto_characterization,0,NA,dual,10,nac_corr,NA,opto_trial,34,415; 470,1.8;4,10; 30,1;2,g;g,20,0,60,20,470,NA,415,0.1,3,4,0,20,10,20,trial_start,NA
2024_01_17_abo05,abo,abo05,1/17/2024,1,2024_01_17_abo_r01,opto_characterization,0,NA,dual,6,nac,NA,opto_trial,34,415; 470,1.8;4,10; 30,1;2,g;g,20,0,60,20,470,NA,415,0.1,3,4,0,20,10,20,trial_start,NA
2024_01_17_abo05,abo,abo05,1/17/2024,1,2024_01_17_abo_r01,opto_characterization,0,NA,dual,5,dms,NA,opto_trial,34,415; 470,1.8;4,10; 30,1;2,g;g,20,0,60,20,470,NA,415,0.1,3,4,0,20,10,20,trial_start,NA
2024_01_17_abo05,abo,abo05,1/17/2024,1,2024_01_17_abo_r01,opto_characterization,0,NA,dual,3,dls,NA,opto_trial,34,415; 470,1.8;4,10; 30,1;2,g;g,20,0,60,20,470,NA,415,0.1,3,4,0,20,10,20,trial_start,NA
2024_01_17_abo05,abo,abo05,1/17/2024,1,2024_01_17_abo_r01,opto_characterization,0,NA,dual,4,ts,NA,opto_trial,34,415; 470,1.8;4,10; 30,1;2,g;g,20,0,60,20,470,NA,415,0.1,3,4,0,20,10,20,trial_start,NA
2024_01_17_abo06,abo,abo06,1/17/2024,2,2024_01_17_abo_r02,opto_characterization,0,NA,dual,6,nac_shelllat,NA,opto_trial,34,415; 470,1.8;4,10; 30,1;2,g;g,20,0,60,20,470,NA,415,0.1,3,4,0,20,10,20,trial_start,NA
2024_01_17_abo06,abo,abo06,1/17/2024,2,2024_01_17_abo_r02,opto_characterization,0,NA,dual,10,nac_corr,NA,opto_trial,34,415; 470,1.8;4,10; 30,1;2,g;g,20,0,60,20,470,NA,415,0.1,3,4,0,20,10,20,trial_start,NA
2024_01_17_abo06,abo,abo06,1/17/2024,2,2024_01_17_abo_r02,opto_characterization,0,NA,dual,12,nac,NA,opto_trial,34,415; 470,1.8;4,10; 30,1;2,g;g,20,0,60,20,470,NA,415,0.1,3,4,0,20,10,20,trial_start,NA
2024_01_17_abo06,abo,abo06,1/17/2024,2,2024_01_17_abo_r02,opto_characterization,0,NA,dual,3,dms,NA,opto_trial,34,415; 470,1.8;4,10; 30,1;2,g;g,20,0,60,20,470,NA,415,0.1,3,4,0,20,10,20,trial_start,NA
2024_01_17_abo06,abo,abo06,1/17/2024,2,2024_01_17_abo_r02,opto_characterization,0,NA,dual,4,dls,NA,opto_trial,34,415; 470,1.8;4,10; 30,1;2,g;g,20,0,60,20,470,NA,415,0.1,3,4,0,20,10,20,trial_start,NA
2024_01_17_abo06,abo,abo06,1/17/2024,2,2024_01_17_abo_r02,opto_characterization,0,NA,dual,5,ts,NA,opto_trial,34,415; 470,1.8;4,10; 30,1;2,g;g,20,0,60,20,470,NA,415,0.1,3,4,0,20,10,20,trial_start,NA
2024_01_17_abo07,abo,abo07,1/17/2024,3,2024_01_17_abo_r03,opto_characterization,0,NA,dual,5,nac_shelllat,NA,opto_trial,34,415; 470,1.8;4,10; 30,1;2,g;g,20,0,60,20,470,NA,415,0.1,3,4,0,20,10,20,trial_start,NA
2024_01_17_abo07,abo,abo07,1/17/2024,3,2024_01_17_abo_r03,opto_characterization,0,NA,dual,6,nac_corr,NA,opto_trial,34,415; 470,1.8;4,10; 30,1;2,g;g,20,0,60,20,470,NA,415,0.1,3,4,0,20,10,20,trial_start,NA
2024_01_17_abo07,abo,abo07,1/17/2024,3,2024_01_17_abo_r03,opto_characterization,0,NA,dual,4,nac,NA,opto_trial,34,415; 470,1.8;4,10; 30,1;2,g;g,20,0,60,20,470,NA,415,0.1,3,4,0,20,10,20,trial_start,NA
2024_01_17_abo07,abo,abo07,1/17/2024,3,2024_01_17_abo_r03,opto_characterization,0,NA,dual,3,dms,NA,opto_trial,34,415; 470,1.8;4,10; 30,1;2,g;g,20,0,60,20,470,NA,415,0.1,3,4,0,20,10,20,trial_start,NA
2024_01_17_abo07,abo,abo07,1/17/2024,3,2024_01_17_abo_r03,opto_characterization,0,NA,dual,12,dls,NA,opto_trial,34,415; 470,1.8;4,10; 30,1;2,g;g,20,0,60,20,470,NA,415,0.1,3,4,0,20,10,20,trial_start,NA
2024_01_17_abo07,abo,abo07,1/17/2024,3,2024_01_17_abo_r03,opto_characterization,0,NA,dual,10,ts,NA,opto_trial,34,415; 470,1.8;4,10; 30,1;2,g;g,20,0,60,20,470,NA,415,0.1,3,4,0,20,10,20,trial_start,NA
2024_01_17_abo08,abo,abo08,1/17/2024,4,2024_01_17_abo_r04,opto_characterization,0,NA,dual,4,nac_shelllat,NA,opto_trial,34,415; 470,1.8;4,10; 30,1;2,g;g,20,0,60,20,470,NA,415,0.1,3,4,0,20,10,20,trial_start,NA
2024_01_17_abo08,abo,abo08,1/17/2024,4,2024_01_17_abo_r04,opto_characterization,0,NA,dual,5,nac_corr,NA,opto_trial,34,415; 470,1.8;4,10; 30,1;2,g;g,20,0,60,20,470,NA,415,0.1,3,4,0,20,10,20,trial_start,NA
2024_01_17_abo08,abo,abo08,1/17/2024,4,2024_01_17_abo_r04,opto_characterization,0,NA,dual,3,nac,NA,opto_trial,34,415; 470,1.8;4,10; 30,1;2,g;g,20,0,60,20,470,NA,415,0.1,3,4,0,20,10,20,trial_start,NA
2024_01_17_abo08,abo,abo08,1/17/2024,4,2024_01_17_abo_r04,opto_characterization,0,NA,dual,12,dms,NA,opto_trial,34,415; 470,1.8;4,10; 30,1;2,g;g,20,0,60,20,470,NA,415,0.1,3,4,0,20,10,20,trial_start,NA
2024_01_17_abo08,abo,abo08,1/17/2024,4,2024_01_17_abo_r04,opto_characterization,0,NA,dual,10,dls,NA,opto_trial,34,415; 470,1.8;4,10; 30,1;2,g;g,20,0,60,20,470,NA,415,0.1,3,4,0,20,10,20,trial_start,NA
2024_01_17_abo08,abo,abo08,1/17/2024,4,2024_01_17_abo_r04,opto_characterization,0,NA,dual,6,ts,NA,opto_trial,34,415; 470,1.8;4,10; 30,1;2,g;g,20,0,60,20,470,NA,415,0.1,3,4,0,20,10,20,trial_start,NA
2024_01_17_abw01,abw,abw01,1/17/2024,1,2024_01_17_abw_r01,opto_characterization,0,NA,dual,2,nac,NA,opto_trial,34,415; 470,2.6;2.9,30;60,1;2,g;g,20,0,60,20,470,NA,415,0.1,3,4,0,20,10,20,trial_start,NA
2024_01_17_abw01,abw,abw01,1/17/2024,1,2024_01_17_abw_r01,opto_characterization,0,NA,dual,1,dms,NA,opto_trial,34,415; 470,2.6;2.9,30;60,1;2,g;g,20,0,60,20,470,NA,415,0.1,3,4,0,20,10,20,trial_start,NA
2024_01_17_abw01,abw,abw01,1/17/2024,1,2024_01_17_abw_r01,opto_characterization,0,NA,dual,4,dls,NA,opto_trial,34,415; 470,2.6;2.9,30;60,1;2,g;g,20,0,60,20,470,NA,415,0.1,3,4,0,20,10,20,trial_start,NA
2024_01_17_abw01,abw,abw01,1/17/2024,1,2024_01_17_abw_r01,opto_characterization,0,NA,dual,3,ts,NA,opto_trial,34,415; 470,2.6;2.9,30;60,1;2,g;g,20,0,60,20,470,NA,415,0.1,3,4,0,20,10,20,trial_start,NA
2024_01_17_abw02,abw,abw02,1/17/2024,2,2024_01_17_abw_r02,opto_characterization,0,NA,dual,3,nac,NA,opto_trial,34,415; 470,2.6;2.9,30;60,1;2,g;g,20,0,60,20,470,NA,415,0.1,3,4,0,20,10,20,trial_start,NA
2024_01_17_abw02,abw,abw02,1/17/2024,2,2024_01_17_abw_r02,opto_characterization,0,NA,dual,4,dms,NA,opto_trial,34,415; 470,2.6;2.9,30;60,1;2,g;g,20,0,60,20,470,NA,415,0.1,3,4,0,20,10,20,trial_start,NA
2024_01_17_abw02,abw,abw02,1/17/2024,2,2024_01_17_abw_r02,opto_characterization,0,NA,dual,1,dls,NA,opto_trial,34,415; 470,2.6;2.9,30;60,1;2,g;g,20,0,60,20,470,NA,415,0.1,3,4,0,20,10,20,trial_start,NA
2024_01_17_abw02,abw,abw02,1/17/2024,2,2024_01_17_abw_r02,opto_characterization,0,NA,dual,2,ts,NA,opto_trial,34,415; 470,2.6;2.9,30;60,1;2,g;g,20,0,60,20,470,NA,415,0.1,3,4,0,20,10,20,trial_start,NA
2024_01_17_abw04,abw,abw04,1/17/2024,4,2024_01_17_abw_r04,opto_characterization,0,NA,dual,1,nac,NA,opto_trial,34,415; 470,2.6;2.9,30;60,1;2,g;g,20,0,60,20,470,NA,415,0.1,3,4,0,20,10,20,trial_start,NA
2024_01_17_abw04,abw,abw04,1/17/2024,4,2024_01_17_abw_r04,opto_characterization,0,NA,dual,2,dms,NA,opto_trial,34,415; 470,2.6;2.9,30;60,1;2,g;g,20,0,60,20,470,NA,415,0.1,3,4,0,20,10,20,trial_start,NA
2024_01_17_abw04,abw,abw04,1/17/2024,4,2024_01_17_abw_r04,opto_characterization,0,NA,dual,3,dls,NA,opto_trial,34,415; 470,2.6;2.9,30;60,1;2,g;g,20,0,60,20,470,NA,415,0.1,3,4,0,20,10,20,trial_start,NA
2024_01_17_abw04,abw,abw04,1/17/2024,4,2024_01_17_abw_r04,opto_characterization,0,NA,dual,4,ts,NA,opto_trial,34,415; 470,2.6;2.9,30;60,1;2,g;g,20,0,60,20,470,NA,415,0.1,3,4,0,20,10,20,trial_start,NA
2024_01_18_abw02,abw,abw02,1/18/2024,2,2024_01_18_abw_r02,opto_characterization,0,NA,dual,4,nac,NA,opto_trial,34,415; 470,2.6;2.9,30;60,1;2,g;g,20,0,60,20,470,NA,415,0.1,3,4,0,20,10,20,trial_start,NA
2024_01_18_abw02,abw,abw02,1/18/2024,2,2024_01_18_abw_r02,opto_characterization,0,NA,dual,3,dms,NA,opto_trial,34,415; 470,2.6;2.9,30;60,1;2,g;g,20,0,60,20,470,NA,415,0.1,3,4,0,20,10,20,trial_start,NA
2024_01_18_abw02,abw,abw02,1/18/2024,2,2024_01_18_abw_r02,opto_characterization,0,NA,dual,2,dls,NA,opto_trial,34,415; 470,2.6;2.9,30;60,1;2,g;g,20,0,60,20,470,NA,415,0.1,3,4,0,20,10,20,trial_start,NA
2024_01_18_abw02,abw,abw02,1/18/2024,2,2024_01_18_abw_r02,opto_characterization,0,NA,dual,1,ts,NA,opto_trial,34,415; 470,2.6;2.9,30;60,1;2,g;g,20,0,60,20,470,NA,415,0.1,3,4,0,20,10,20,trial_start,NA
2024_01_18_abw04,abw,abw04,1/18/2024,4,2024_01_18_abw_r04,opto_characterization,0,NA,dual,3,nac,NA,opto_trial,34,415; 470,2.6;2.9,30;60,1;2,g;g,20,0,60,20,470,NA,415,0.1,3,4,0,20,10,20,trial_start,NA
2024_01_18_abw04,abw,abw04,1/18/2024,4,2024_01_18_abw_r04,opto_characterization,0,NA,dual,4,dms,NA,opto_trial,34,415; 470,2.6;2.9,30;60,1;2,g;g,20,0,60,20,470,NA,415,0.1,3,4,0,20,10,20,trial_start,NA
2024_01_18_abw04,abw,abw04,1/18/2024,4,2024_01_18_abw_r04,opto_characterization,0,NA,dual,1,dls,NA,opto_trial,34,415; 470,2.6;2.9,30;60,1;2,g;g,20,0,60,20,470,NA,415,0.1,3,4,0,20,10,20,trial_start,NA
2024_01_18_abw04,abw,abw04,1/18/2024,4,2024_01_18_abw_r04,opto_characterization,0,NA,dual,2,ts,NA,opto_trial,34,415; 470,2.6;2.9,30;60,1;2,g;g,20,0,60,20,470,NA,415,0.1,3,4,0,20,10,20,trial_start,NA
2024_01_19_abw01,abw,abw01,1/19/2024,1,2024_01_19_abw_r01,opto_characterization,0,NA,dual,3,nac,NA,opto_trial,34,415; 470,2.6;2.9,30;60,1;2,g;g,20,0,60,20,470,NA,415,0.1,3,4,0,20,10,20,trial_start,NA
2024_01_19_abw01,abw,abw01,1/19/2024,1,2024_01_19_abw_r01,opto_characterization,0,NA,dual,4,dms,NA,opto_trial,34,415; 470,2.6;2.9,30;60,1;2,g;g,20,0,60,20,470,NA,415,0.1,3,4,0,20,10,20,trial_start,NA
2024_01_19_abw01,abw,abw01,1/19/2024,1,2024_01_19_abw_r01,opto_characterization,0,NA,dual,1,dls,NA,opto_trial,34,415; 470,2.6;2.9,30;60,1;2,g;g,20,0,60,20,470,NA,415,0.1,3,4,0,20,10,20,trial_start,NA
2024_01_19_abw01,abw,abw01,1/19/2024,1,2024_01_19_abw_r01,opto_characterization,0,NA,dual,2,ts,NA,opto_trial,34,415; 470,2.6;2.9,30;60,1;2,g;g,20,0,60,20,470,NA,415,0.1,3,4,0,20,10,20,trial_start,NA
2024_01_19_abw04,abw,abw04,1/19/2024,4,2024_01_19_abw_r04,opto_characterization,0,NA,dual,2,nac,NA,opto_trial,34,415; 470,2.6;2.9,30;60,1;2,g;g,20,0,60,20,470,NA,415,0.1,3,4,0,20,10,20,trial_start,NA
2024_01_19_abw04,abw,abw04,1/19/2024,4,2024_01_19_abw_r04,opto_characterization,0,NA,dual,1,dms,NA,opto_trial,34,415; 470,2.6;2.9,30;60,1;2,g;g,20,0,60,20,470,NA,415,0.1,3,4,0,20,10,20,trial_start,NA
2024_01_19_abw04,abw,abw04,1/19/2024,4,2024_01_19_abw_r04,opto_characterization,0,NA,dual,4,dls,NA,opto_trial,34,415; 470,2.6;2.9,30;60,1;2,g;g,20,0,60,20,470,NA,415,0.1,3,4,0,20,10,20,trial_start,NA
2024_01_19_abw04,abw,abw04,1/19/2024,4,2024_01_19_abw_r04,opto_characterization,0,NA,dual,3,ts,NA,opto_trial,34,415; 470,2.6;2.9,30;60,1;2,g;g,20,0,60,20,470,NA,415,0.1,3,4,0,20,10,20,trial_start,NA
2024_01_20_abw02,abw,abw02,1/20/2024,2,2024_01_20_abw_r02,opto_characterization,0,NA,dual,1,nac,NA,opto_trial,34,415; 470,2.6;2.9,30;60,1;2,g;g,20,0,60,20,470,NA,415,0.1,3,4,0,20,10,20,trial_start,NA
2024_01_20_abw02,abw,abw02,1/20/2024,2,2024_01_20_abw_r02,opto_characterization,0,NA,dual,2,dms,NA,opto_trial,34,415; 470,2.6;2.9,30;60,1;2,g;g,20,0,60,20,470,NA,415,0.1,3,4,0,20,10,20,trial_start,NA
2024_01_20_abw02,abw,abw02,1/20/2024,2,2024_01_20_abw_r02,opto_characterization,0,NA,dual,4,dls,NA,opto_trial,34,415; 470,2.6;2.9,30;60,1;2,g;g,20,0,60,20,470,NA,415,0.1,3,4,0,20,10,20,trial_start,NA
2024_01_20_abw02,abw,abw02,1/20/2024,2,2024_01_20_abw_r02,opto_characterization,0,NA,dual,3,ts,NA,opto_trial,34,415; 470,2.6;2.9,30;60,1;2,g;g,20,0,60,20,470,NA,415,0.1,3,4,0,20,10,20,trial_start,NA
2024_01_20_abw04,abw,abw04,1/20/2024,4,2024_01_20_abw_r04,opto_characterization,0,NA,dual,4,nac,NA,opto_trial,34,415; 470,2.6;2.9,30;60,1;2,g;g,20,0,60,20,470,NA,415,0.1,3,4,0,20,10,20,trial_start,NA
2024_01_20_abw04,abw,abw04,1/20/2024,4,2024_01_20_abw_r04,opto_characterization,0,NA,dual,3,dms,NA,opto_trial,34,415; 470,2.6;2.9,30;60,1;2,g;g,20,0,60,20,470,NA,415,0.1,3,4,0,20,10,20,trial_start,NA
2024_01_20_abw04,abw,abw04,1/20/2024,4,2024_01_20_abw_r04,opto_characterization,0,NA,dual,2,dls,NA,opto_trial,34,415; 470,2.6;2.9,30;60,1;2,g;g,20,0,60,20,470,NA,415,0.1,3,4,0,20,10,20,trial_start,NA
2024_01_20_abw04,abw,abw04,1/20/2024,4,2024_01_20_abw_r04,opto_characterization,0,NA,dual,1,ts,NA,opto_trial,34,415; 470,2.6;2.9,30;60,1;2,g;g,20,0,60,20,470,NA,415,0.1,3,4,0,20,10,20,trial_start,NA
2024_01_24_abw01,abw,abw01,1/24/2024,1,2024_01_24_abw_r01,opto_characterization,0,NA,dual,3,nac,NA,opto_trial,34,415; 470,2.6;2.9,30;60,1;2,g;g,20,0,60,20,470,NA,415,0.1,3,4,0,20,10,20,trial_start,NA
2024_01_24_abw01,abw,abw01,1/24/2024,1,2024_01_24_abw_r01,opto_characterization,0,NA,dual,4,dms,NA,opto_trial,34,415; 470,2.6;2.9,30;60,1;2,g;g,20,0,60,20,470,NA,415,0.1,3,4,0,20,10,20,trial_start,NA
2024_01_24_abw01,abw,abw01,1/24/2024,1,2024_01_24_abw_r01,opto_characterization,0,NA,dual,1,dls,NA,opto_trial,34,415; 470,2.6;2.9,30;60,1;2,g;g,20,0,60,20,470,NA,415,0.1,3,4,0,20,10,20,trial_start,NA
2024_01_24_abw01,abw,abw01,1/24/2024,1,2024_01_24_abw_r01,opto_characterization,0,NA,dual,2,ts,NA,opto_trial,34,415; 470,2.6;2.9,30;60,1;2,g;g,20,0,60,20,470,NA,415,0.1,3,4,0,20,10,20,trial_start,NA
2024_01_24_abw02,abw,abw02,1/24/2024,2,2024_01_24_abw_r02,opto_characterization,0,NA,dual,1,nac,NA,opto_trial,34,415; 470,2.6;2.9,30;60,1;2,g;g,20,0,60,20,470,NA,415,0.1,3,4,0,20,10,20,trial_start,NA
2024_01_24_abw02,abw,abw02,1/24/2024,2,2024_01_24_abw_r02,opto_characterization,0,NA,dual,3,dms,NA,opto_trial,34,415; 470,2.6;2.9,30;60,1;2,g;g,20,0,60,20,470,NA,415,0.1,3,4,0,20,10,20,trial_start,NA
2024_01_24_abw02,abw,abw02,1/24/2024,2,2024_01_24_abw_r02,opto_characterization,0,NA,dual,2,dls,NA,opto_trial,34,415; 470,2.6;2.9,30;60,1;2,g;g,20,0,60,20,470,NA,415,0.1,3,4,0,20,10,20,trial_start,NA
2024_01_24_abw02,abw,abw02,1/24/2024,2,2024_01_24_abw_r02,opto_characterization,0,NA,dual,4,ts,NA,opto_trial,34,415; 470,2.6;2.9,30;60,1;2,g;g,20,0,60,20,470,NA,415,0.1,3,4,0,20,10,20,trial_start,NA
2024_01_25_abw01,abw,abw01,1/25/2024,1,2024_01_25_abw_r01,opto_characterization,0,NA,dual,1,nac,NA,opto_trial,34,415; 470,2.6;2.9,30;60,1;2,g;g,20,0,60,20,470,NA,415,0.1,3,4,0,20,10,20,trial_start,NA
2024_01_25_abw01,abw,abw01,1/25/2024,1,2024_01_25_abw_r01,opto_characterization,0,NA,dual,2,dms,NA,opto_trial,34,415; 470,2.6;2.9,30;60,1;2,g;g,20,0,60,20,470,NA,415,0.1,3,4,0,20,10,20,trial_start,NA
2024_01_25_abw01,abw,abw01,1/25/2024,1,2024_01_25_abw_r01,opto_characterization,0,NA,dual,3,dls,NA,opto_trial,34,415; 470,2.6;2.9,30;60,1;2,g;g,20,0,60,20,470,NA,415,0.1,3,4,0,20,10,20,trial_start,NA
2024_01_25_abw01,abw,abw01,1/25/2024,1,2024_01_25_abw_r01,opto_characterization,0,NA,dual,4,ts,NA,opto_trial,34,415; 470,2.6;2.9,30;60,1;2,g;g,20,0,60,20,470,NA,415,0.1,3,4,0,20,10,20,trial_start,NA
2024_02_21_abo06,abo,abo06,2/21/2024,2,2024_02_21_abo_r02,multi_s,0,NA,dual,6,nac_shelllat,NA,NA,42,415; 470,1.8;4,10; 30,1;2,g;g,20,0,60,20,470,NA,415,0.1,3,4,0,20,10,20,spout_extended,NA
2024_02_21_abo06,abo,abo06,2/21/2024,2,2024_02_21_abo_r02,multi_s,0,NA,dual,10,nac_corr,NA,NA,42,415; 470,1.8;4,10; 30,1;2,g;g,20,0,60,20,470,NA,415,0.1,3,4,0,20,10,20,spout_extended,NA
2024_02_21_abo06,abo,abo06,2/21/2024,2,2024_02_21_abo_r02,multi_s,0,NA,dual,12,nac,NA,NA,42,415; 470,1.8;4,10; 30,1;2,g;g,20,0,60,20,470,NA,415,0.1,3,4,0,20,10,20,spout_extended,NA
2024_02_21_abo06,abo,abo06,2/21/2024,2,2024_02_21_abo_r02,multi_s,0,NA,dual,3,dms,NA,NA,42,415; 470,1.8;4,10; 30,1;2,g;g,20,0,60,20,470,NA,415,0.1,3,4,0,20,10,20,spout_extended,NA
2024_02_21_abo06,abo,abo06,2/21/2024,2,2024_02_21_abo_r02,multi_s,0,NA,dual,4,dls,NA,NA,42,415; 470,1.8;4,10; 30,1;2,g;g,20,0,60,20,470,NA,415,0.1,3,4,0,20,10,20,spout_extended,NA
2024_02_21_abo06,abo,abo06,2/21/2024,2,2024_02_21_abo_r02,multi_s,0,NA,dual,5,ts,NA,NA,42,415; 470,1.8;4,10; 30,1;2,g;g,20,0,60,20,470,NA,415,0.1,3,4,0,20,10,20,spout_extended,NA
2024_02_21_abo07,abo,abo07,2/21/2024,3,2024_02_21_abo_r03,multi_s,0,NA,dual,5,nac_shelllat,NA,NA,42,415; 470,1.8;4,10; 30,1;2,g;g,20,0,60,20,470,NA,415,0.1,3,4,0,20,10,20,spout_extended,NA
2024_02_21_abo07,abo,abo07,2/21/2024,3,2024_02_21_abo_r03,multi_s,0,NA,dual,6,nac_corr,NA,NA,42,415; 470,1.8;4,10; 30,1;2,g;g,20,0,60,20,470,NA,415,0.1,3,4,0,20,10,20,spout_extended,NA
2024_02_21_abo07,abo,abo07,2/21/2024,3,2024_02_21_abo_r03,multi_s,0,NA,dual,4,nac,NA,NA,42,415; 470,1.8;4,10; 30,1;2,g;g,20,0,60,20,470,NA,415,0.1,3,4,0,20,10,20,spout_extended,NA
2024_02_21_abo07,abo,abo07,2/21/2024,3,2024_02_21_abo_r03,multi_s,0,NA,dual,3,dms,NA,NA,42,415; 470,1.8;4,10; 30,1;2,g;g,20,0,60,20,470,NA,415,0.1,3,4,0,20,10,20,spout_extended,NA
2024_02_21_abo07,abo,abo07,2/21/2024,3,2024_02_21_abo_r03,multi_s,0,NA,dual,12,dls,NA,NA,42,415; 470,1.8;4,10; 30,1;2,g;g,20,0,60,20,470,NA,415,0.1,3,4,0,20,10,20,spout_extended,NA
2024_02_21_abo07,abo,abo07,2/21/2024,3,2024_02_21_abo_r03,multi_s,0,NA,dual,10,ts,NA,NA,42,415; 470,1.8;4,10; 30,1;2,g;g,20,0,60,20,470,NA,415,0.1,3,4,0,20,10,20,spout_extended,NA
2024_02_21_abo08,abo,abo08,2/21/2024,4,2024_02_21_abo_r04,multi_s,0,NA,dual,4,nac_shelllat,NA,NA,42,415; 470,1.8;4,10; 30,1;2,g;g,20,0,60,20,470,NA,415,0.1,3,4,0,20,10,20,spout_extended,NA
2024_02_21_abo08,abo,abo08,2/21/2024,4,2024_02_21_abo_r04,multi_s,0,NA,dual,5,nac_corr,NA,NA,42,415; 470,1.8;4,10; 30,1;2,g;g,20,0,60,20,470,NA,415,0.1,3,4,0,20,10,20,spout_extended,NA
2024_02_21_abo08,abo,abo08,2/21/2024,4,2024_02_21_abo_r04,multi_s,0,NA,dual,3,nac,NA,NA,42,415; 470,1.8;4,10; 30,1;2,g;g,20,0,60,20,470,NA,415,0.1,3,4,0,20,10,20,spout_extended,NA
2024_02_21_abo08,abo,abo08,2/21/2024,4,2024_02_21_abo_r04,multi_s,0,NA,dual,12,dms,NA,NA,42,415; 470,1.8;4,10; 30,1;2,g;g,20,0,60,20,470,NA,415,0.1,3,4,0,20,10,20,spout_extended,NA
2024_02_21_abo08,abo,abo08,2/21/2024,4,2024_02_21_abo_r04,multi_s,0,NA,dual,10,dls,NA,NA,42,415; 470,1.8;4,10; 30,1;2,g;g,20,0,60,20,470,NA,415,0.1,3,4,0,20,10,20,spout_extended,NA
2024_02_21_abo08,abo,abo08,2/21/2024,4,2024_02_21_abo_r04,multi_s,0,NA,dual,6,ts,NA,NA,42,415; 470,1.8;4,10; 30,1;2,g;g,20,0,60,20,470,NA,415,0.1,3,4,0,20,10,20,spout_extended,NA
2024_02_22_abo05,abo,abo05,2/22/2024,1,2024_02_22_abo_r01,multi_s,0,NA,dual,10,nac_shelllat,NA,NA,42,415; 470,1.8;4,10; 30,1;2,g;g,20,0,60,20,470,NA,415,0.1,3,4,0,20,10,20,spout_extended,NA
2024_02_22_abo05,abo,abo05,2/22/2024,1,2024_02_22_abo_r01,multi_s,0,NA,dual,6,nac_corr,NA,NA,42,415; 470,1.8;4,10; 30,1;2,g;g,20,0,60,20,470,NA,415,0.1,3,4,0,20,10,20,spout_extended,NA
2024_02_22_abo05,abo,abo05,2/22/2024,1,2024_02_22_abo_r01,multi_s,0,NA,dual,12,nac,NA,NA,42,415; 470,1.8;4,10; 30,1;2,g;g,20,0,60,20,470,NA,415,0.1,3,4,0,20,10,20,spout_extended,NA
2024_02_22_abo05,abo,abo05,2/22/2024,1,2024_02_22_abo_r01,multi_s,0,NA,dual,3,dms,NA,NA,42,415; 470,1.8;4,10; 30,1;2,g;g,20,0,60,20,470,NA,415,0.1,3,4,0,20,10,20,spout_extended,NA
2024_02_22_abo05,abo,abo05,2/22/2024,1,2024_02_22_abo_r01,multi_s,0,NA,dual,4,dls,NA,NA,42,415; 470,1.8;4,10; 30,1;2,g;g,20,0,60,20,470,NA,415,0.1,3,4,0,20,10,20,spout_extended,NA
2024_02_22_abo05,abo,abo05,2/22/2024,1,2024_02_22_abo_r01,multi_s,0,NA,dual,5,ts,NA,NA,42,415; 470,1.8;4,10; 30,1;2,g;g,20,0,60,20,470,NA,415,0.1,3,4,0,20,10,20,spout_extended,NA
2024_02_22_abo06,abo,abo06,2/22/2024,2,2024_02_22_abo_r02,multi_s,0,NA,dual,4,nac_shelllat,NA,NA,42,415; 470,1.8;4,10; 30,1;2,g;g,20,0,60,20,470,NA,415,0.1,3,4,0,20,10,20,spout_extended,NA
2024_02_22_abo06,abo,abo06,2/22/2024,2,2024_02_22_abo_r02,multi_s,0,NA,dual,12,nac_corr,NA,NA,42,415; 470,1.8;4,10; 30,1;2,g;g,20,0,60,20,470,NA,415,0.1,3,4,0,20,10,20,spout_extended,NA
2024_02_22_abo06,abo,abo06,2/22/2024,2,2024_02_22_abo_r02,multi_s,0,NA,dual,6,nac,NA,NA,42,415; 470,1.8;4,10; 30,1;2,g;g,20,0,60,20,470,NA,415,0.1,3,4,0,20,10,20,spout_extended,NA
2024_02_22_abo06,abo,abo06,2/22/2024,2,2024_02_22_abo_r02,multi_s,0,NA,dual,10,dms,NA,NA,42,415; 470,1.8;4,10; 30,1;2,g;g,20,0,60,20,470,NA,415,0.1,3,4,0,20,10,20,spout_extended,NA
2024_02_22_abo06,abo,abo06,2/22/2024,2,2024_02_22_abo_r02,multi_s,0,NA,dual,5,dls,NA,NA,42,415; 470,1.8;4,10; 30,1;2,g;g,20,0,60,20,470,NA,415,0.1,3,4,0,20,10,20,spout_extended,NA
2024_02_22_abo06,abo,abo06,2/22/2024,2,2024_02_22_abo_r02,multi_s,0,NA,dual,3,ts,NA,NA,42,415; 470,1.8;4,10; 30,1;2,g;g,20,0,60,20,470,NA,415,0.1,3,4,0,20,10,20,spout_extended,NA
2024_02_22_abo07,abo,abo07,2/22/2024,3,2024_02_22_abo_r03,multi_s,0,NA,dual,6,nac_shelllat,NA,NA,42,415; 470,1.8;4,10; 30,1;2,g;g,20,0,60,20,470,NA,415,0.1,3,4,0,20,10,20,spout_extended,NA
2024_02_22_abo07,abo,abo07,2/22/2024,3,2024_02_22_abo_r03,multi_s,0,NA,dual,5,nac_corr,NA,NA,42,415; 470,1.8;4,10; 30,1;2,g;g,20,0,60,20,470,NA,415,0.1,3,4,0,20,10,20,spout_extended,NA
2024_02_22_abo07,abo,abo07,2/22/2024,3,2024_02_22_abo_r03,multi_s,0,NA,dual,3,nac,NA,NA,42,415; 470,1.8;4,10; 30,1;2,g;g,20,0,60,20,470,NA,415,0.1,3,4,0,20,10,20,spout_extended,NA
2024_02_22_abo07,abo,abo07,2/22/2024,3,2024_02_22_abo_r03,multi_s,0,NA,dual,12,dms,NA,NA,42,415; 470,1.8;4,10; 30,1;2,g;g,20,0,60,20,470,NA,415,0.1,3,4,0,20,10,20,spout_extended,NA
2024_02_22_abo07,abo,abo07,2/22/2024,3,2024_02_22_abo_r03,multi_s,0,NA,dual,10,dls,NA,NA,42,415; 470,1.8;4,10; 30,1;2,g;g,20,0,60,20,470,NA,415,0.1,3,4,0,20,10,20,spout_extended,NA
2024_02_22_abo07,abo,abo07,2/22/2024,3,2024_02_22_abo_r03,multi_s,0,NA,dual,4,ts,NA,NA,42,415; 470,1.8;4,10; 30,1;2,g;g,20,0,60,20,470,NA,415,0.1,3,4,0,20,10,20,spout_extended,NA
2024_02_22_abo08,abo,abo08,2/22/2024,4,2024_02_22_abo_r04,multi_s,0,NA,dual,5,nac_shelllat,NA,NA,42,415; 470,1.8;4,10; 30,1;2,g;g,20,0,60,20,470,NA,415,0.1,3,4,0,20,10,20,spout_extended,NA
2024_02_22_abo08,abo,abo08,2/22/2024,4,2024_02_22_abo_r04,multi_s,0,NA,dual,3,nac_corr,NA,NA,42,415; 470,1.8;4,10; 30,1;2,g;g,20,0,60,20,470,NA,415,0.1,3,4,0,20,10,20,spout_extended,NA
2024_02_22_abo08,abo,abo08,2/22/2024,4,2024_02_22_abo_r04,multi_s,0,NA,dual,4,nac,NA,NA,42,415; 470,1.8;4,10; 30,1;2,g;g,20,0,60,20,470,NA,415,0.1,3,4,0,20,10,20,spout_extended,NA
2024_02_22_abo08,abo,abo08,2/22/2024,4,2024_02_22_abo_r04,multi_s,0,NA,dual,6,dms,NA,NA,42,415; 470,1.8;4,10; 30,1;2,g;g,20,0,60,20,470,NA,415,0.1,3,4,0,20,10,20,spout_extended,NA
2024_02_22_abo08,abo,abo08,2/22/2024,4,2024_02_22_abo_r04,multi_s,0,NA,dual,12,dls,NA,NA,42,415; 470,1.8;4,10; 30,1;2,g;g,20,0,60,20,470,NA,415,0.1,3,4,0,20,10,20,spout_extended,NA
2024_02_22_abo08,abo,abo08,2/22/2024,4,2024_02_22_abo_r04,multi_s,0,NA,dual,10,ts,NA,NA,42,415; 470,1.8;4,10; 30,1;2,g;g,20,0,60,20,470,NA,415,0.1,3,4,0,20,10,20,spout_extended,NA
2024_02_23_abo05,abo,abo05,2/23/2024,1,2024_02_23_abo_r01,multi_s,0,NA,dual,12,nac_shelllat,NA,NA,42,415; 470,1.8;4,10; 30,1;2,g;g,20,0,60,20,470,NA,415,0.1,3,4,0,20,10,20,spout_extended,NA
2024_02_23_abo05,abo,abo05,2/23/2024,1,2024_02_23_abo_r01,multi_s,0,NA,dual,10,nac_corr,NA,NA,42,415; 470,1.8;4,10; 30,1;2,g;g,20,0,60,20,470,NA,415,0.1,3,4,0,20,10,20,spout_extended,NA
2024_02_23_abo05,abo,abo05,2/23/2024,1,2024_02_23_abo_r01,multi_s,0,NA,dual,6,nac,NA,NA,42,415; 470,1.8;4,10; 30,1;2,g;g,20,0,60,20,470,NA,415,0.1,3,4,0,20,10,20,spout_extended,NA
2024_02_23_abo05,abo,abo05,2/23/2024,1,2024_02_23_abo_r01,multi_s,0,NA,dual,5,dms,NA,NA,42,415; 470,1.8;4,10; 30,1;2,g;g,20,0,60,20,470,NA,415,0.1,3,4,0,20,10,20,spout_extended,NA
2024_02_23_abo05,abo,abo05,2/23/2024,1,2024_02_23_abo_r01,multi_s,0,NA,dual,3,dls,NA,NA,42,415; 470,1.8;4,10; 30,1;2,g;g,20,0,60,20,470,NA,415,0.1,3,4,0,20,10,20,spout_extended,NA
2024_02_23_abo05,abo,abo05,2/23/2024,1,2024_02_23_abo_r01,multi_s,0,NA,dual,4,ts,NA,NA,42,415; 470,1.8;4,10; 30,1;2,g;g,20,0,60,20,470,NA,415,0.1,3,4,0,20,10,20,spout_extended,NA
2024_02_26_abo05,abo,abo05,2/26/2024,1,2024_02_26_abo_r01,multi_s,0,NA,dual,4,nac_shelllat,NA,NA,42,415; 470,1.8;4,10; 30,1;2,g;g,20,0,60,20,470,NA,415,0.1,3,4,0,20,10,20,spout_extended,NA
2024_02_26_abo05,abo,abo05,2/26/2024,1,2024_02_26_abo_r01,multi_s,0,NA,dual,5,nac_corr,NA,NA,42,415; 470,1.8;4,10; 30,1;2,g;g,20,0,60,20,470,NA,415,0.1,3,4,0,20,10,20,spout_extended,NA
2024_02_26_abo05,abo,abo05,2/26/2024,1,2024_02_26_abo_r01,multi_s,0,NA,dual,10,nac,NA,NA,42,415; 470,1.8;4,10; 30,1;2,g;g,20,0,60,20,470,NA,415,0.1,3,4,0,20,10,20,spout_extended,NA
2024_02_26_abo05,abo,abo05,2/26/2024,1,2024_02_26_abo_r01,multi_s,0,NA,dual,6,dms,NA,NA,42,415; 470,1.8;4,10; 30,1;2,g;g,20,0,60,20,470,NA,415,0.1,3,4,0,20,10,20,spout_extended,NA
2024_02_26_abo05,abo,abo05,2/26/2024,1,2024_02_26_abo_r01,multi_s,0,NA,dual,12,dls,NA,NA,42,415; 470,1.8;4,10; 30,1;2,g;g,20,0,60,20,470,NA,415,0.1,3,4,0,20,10,20,spout_extended,NA
2024_02_26_abo05,abo,abo05,2/26/2024,1,2024_02_26_abo_r01,multi_s,0,NA,dual,3,ts,NA,NA,42,415; 470,1.8;4,10; 30,1;2,g;g,20,0,60,20,470,NA,415,0.1,3,4,0,20,10,20,spout_extended,NA
2024_02_26_abo06,abo,abo06,2/26/2024,2,2024_02_26_abo_r02,multi_s,0,NA,dual,5,nac_shelllat,NA,NA,42,415; 470,1.8;4,10; 30,1;2,g;g,20,0,60,20,470,NA,415,0.1,3,4,0,20,10,20,spout_extended,NA
2024_02_26_abo06,abo,abo06,2/26/2024,2,2024_02_26_abo_r02,multi_s,0,NA,dual,3,nac_corr,NA,NA,42,415; 470,1.8;4,10; 30,1;2,g;g,20,0,60,20,470,NA,415,0.1,3,4,0,20,10,20,spout_extended,NA
2024_02_26_abo06,abo,abo06,2/26/2024,2,2024_02_26_abo_r02,multi_s,0,NA,dual,4,nac,NA,NA,42,415; 470,1.8;4,10; 30,1;2,g;g,20,0,60,20,470,NA,415,0.1,3,4,0,20,10,20,spout_extended,NA
2024_02_26_abo06,abo,abo06,2/26/2024,2,2024_02_26_abo_r02,multi_s,0,NA,dual,12,dms,NA,NA,42,415; 470,1.8;4,10; 30,1;2,g;g,20,0,60,20,470,NA,415,0.1,3,4,0,20,10,20,spout_extended,NA
2024_02_26_abo06,abo,abo06,2/26/2024,2,2024_02_26_abo_r02,multi_s,0,NA,dual,6,dls,NA,NA,42,415; 470,1.8;4,10; 30,1;2,g;g,20,0,60,20,470,NA,415,0.1,3,4,0,20,10,20,spout_extended,NA
2024_02_26_abo06,abo,abo06,2/26/2024,2,2024_02_26_abo_r02,multi_s,0,NA,dual,10,ts,NA,NA,42,415; 470,1.8;4,10; 30,1;2,g;g,20,0,60,20,470,NA,415,0.1,3,4,0,20,10,20,spout_extended,NA
2024_02_26_abo07,abo,abo07,2/26/2024,3,2024_02_26_abo_r03,multi_s,0,NA,dual,10,nac_shelllat,NA,NA,42,415; 470,1.8;4,10; 30,1;2,g;g,20,0,60,20,470,NA,415,0.1,3,4,0,20,10,20,spout_extended,NA
2024_02_26_abo07,abo,abo07,2/26/2024,3,2024_02_26_abo_r03,multi_s,0,NA,dual,12,nac_corr,NA,NA,42,415; 470,1.8;4,10; 30,1;2,g;g,20,0,60,20,470,NA,415,0.1,3,4,0,20,10,20,spout_extended,NA
2024_02_26_abo07,abo,abo07,2/26/2024,3,2024_02_26_abo_r03,multi_s,0,NA,dual,5,nac,NA,NA,42,415; 470,1.8;4,10; 30,1;2,g;g,20,0,60,20,470,NA,415,0.1,3,4,0,20,10,20,spout_extended,NA
2024_02_26_abo07,abo,abo07,2/26/2024,3,2024_02_26_abo_r03,multi_s,0,NA,dual,4,dms,NA,NA,42,415; 470,1.8;4,10; 30,1;2,g;g,20,0,60,20,470,NA,415,0.1,3,4,0,20,10,20,spout_extended,NA
2024_02_26_abo07,abo,abo07,2/26/2024,3,2024_02_26_abo_r03,multi_s,0,NA,dual,3,dls,NA,NA,42,415; 470,1.8;4,10; 30,1;2,g;g,20,0,60,20,470,NA,415,0.1,3,4,0,20,10,20,spout_extended,NA
2024_02_26_abo07,abo,abo07,2/26/2024,3,2024_02_26_abo_r03,multi_s,0,NA,dual,6,ts,NA,NA,42,415; 470,1.8;4,10; 30,1;2,g;g,20,0,60,20,470,NA,415,0.1,3,4,0,20,10,20,spout_extended,NA
2024_02_26_abo08,abo,abo08,2/26/2024,4,2024_02_26_abo_r04,multi_s,0,NA,dual,12,nac_shelllat,NA,NA,42,415; 470,1.8;4,10; 30,1;2,g;g,20,0,60,20,470,NA,415,0.1,3,4,0,20,10,20,spout_extended,NA
2024_02_26_abo08,abo,abo08,2/26/2024,4,2024_02_26_abo_r04,multi_s,0,NA,dual,10,nac_corr,NA,NA,42,415; 470,1.8;4,10; 30,1;2,g;g,20,0,60,20,470,NA,415,0.1,3,4,0,20,10,20,spout_extended,NA
2024_02_26_abo08,abo,abo08,2/26/2024,4,2024_02_26_abo_r04,multi_s,0,NA,dual,6,nac,NA,NA,42,415; 470,1.8;4,10; 30,1;2,g;g,20,0,60,20,470,NA,415,0.1,3,4,0,20,10,20,spout_extended,NA
2024_02_26_abo08,abo,abo08,2/26/2024,4,2024_02_26_abo_r04,multi_s,0,NA,dual,3,dms,NA,NA,42,415; 470,1.8;4,10; 30,1;2,g;g,20,0,60,20,470,NA,415,0.1,3,4,0,20,10,20,spout_extended,NA
2024_02_26_abo08,abo,abo08,2/26/2024,4,2024_02_26_abo_r04,multi_s,0,NA,dual,4,dls,NA,NA,42,415; 470,1.8;4,10; 30,1;2,g;g,20,0,60,20,470,NA,415,0.1,3,4,0,20,10,20,spout_extended,NA
2024_02_26_abo08,abo,abo08,2/26/2024,4,2024_02_26_abo_r04,multi_s,0,NA,dual,5,ts,NA,NA,42,415; 470,1.8;4,10; 30,1;2,g;g,20,0,60,20,470,NA,415,0.1,3,4,0,20,10,20,spout_extended,NA
2024_02_28_abo05,abo,abo05,2/28/2024,1,2024_02_28_abo_r01,multi_s,0,NA,dual,3,nac_shelllat,NA,NA,42,415; 470,1.8;4,10; 30,1;2,g;g,20,0,60,20,470,NA,415,0.1,3,4,0,20,10,20,spout_extended,NA
2024_02_28_abo05,abo,abo05,2/28/2024,1,2024_02_28_abo_r01,multi_s,0,NA,dual,4,nac_corr,NA,NA,42,415; 470,1.8;4,10; 30,1;2,g;g,20,0,60,20,470,NA,415,0.1,3,4,0,20,10,20,spout_extended,NA
2024_02_28_abo05,abo,abo05,2/28/2024,1,2024_02_28_abo_r01,multi_s,0,NA,dual,5,nac,NA,NA,42,415; 470,1.8;4,10; 30,1;2,g;g,20,0,60,20,470,NA,415,0.1,3,4,0,20,10,20,spout_extended,NA
2024_02_28_abo05,abo,abo05,2/28/2024,1,2024_02_28_abo_r01,multi_s,0,NA,dual,10,dms,NA,NA,42,415; 470,1.8;4,10; 30,1;2,g;g,20,0,60,20,470,NA,415,0.1,3,4,0,20,10,20,spout_extended,NA
2024_02_28_abo05,abo,abo05,2/28/2024,1,2024_02_28_abo_r01,multi_s,0,NA,dual,6,dls,NA,NA,42,415; 470,1.8;4,10; 30,1;2,g;g,20,0,60,20,470,NA,415,0.1,3,4,0,20,10,20,spout_extended,NA
2024_02_28_abo05,abo,abo05,2/28/2024,1,2024_02_28_abo_r01,multi_s,0,NA,dual,12,ts,NA,NA,42,415; 470,1.8;4,10; 30,1;2,g;g,20,0,60,20,470,NA,415,0.1,3,4,0,20,10,20,spout_extended,NA
2024_02_28_abo06,abo,abo06,2/28/2024,2,2024_02_28_abo_r02,multi_s,0,NA,dual,10,nac_shelllat,NA,NA,42,415; 470,1.8;4,10; 30,1;2,g;g,20,0,60,20,470,NA,415,0.1,3,4,0,20,10,20,spout_extended,NA
2024_02_28_abo06,abo,abo06,2/28/2024,2,2024_02_28_abo_r02,multi_s,0,NA,dual,6,nac_corr,NA,NA,42,415; 470,1.8;4,10; 30,1;2,g;g,20,0,60,20,470,NA,415,0.1,3,4,0,20,10,20,spout_extended,NA
2024_02_28_abo06,abo,abo06,2/28/2024,2,2024_02_28_abo_r02,multi_s,0,NA,dual,3,nac,NA,NA,42,415; 470,1.8;4,10; 30,1;2,g;g,20,0,60,20,470,NA,415,0.1,3,4,0,20,10,20,spout_extended,NA
2024_02_28_abo06,abo,abo06,2/28/2024,2,2024_02_28_abo_r02,multi_s,0,NA,dual,4,dms,NA,NA,42,415; 470,1.8;4,10; 30,1;2,g;g,20,0,60,20,470,NA,415,0.1,3,4,0,20,10,20,spout_extended,NA
2024_02_28_abo06,abo,abo06,2/28/2024,2,2024_02_28_abo_r02,multi_s,0,NA,dual,5,dls,NA,NA,42,415; 470,1.8;4,10; 30,1;2,g;g,20,0,60,20,470,NA,415,0.1,3,4,0,20,10,20,spout_extended,NA
2024_02_28_abo06,abo,abo06,2/28/2024,2,2024_02_28_abo_r02,multi_s,0,NA,dual,12,ts,NA,NA,42,415; 470,1.8;4,10; 30,1;2,g;g,20,0,60,20,470,NA,415,0.1,3,4,0,20,10,20,spout_extended,NA
2024_02_28_abo07,abo,abo07,2/28/2024,3,2024_02_28_abo_r03,multi_s,0,NA,dual,12,nac_shelllat,NA,NA,42,415; 470,1.8;4,10; 30,1;2,g;g,20,0,60,20,470,NA,415,0.1,3,4,0,20,10,20,spout_extended,NA
2024_02_28_abo07,abo,abo07,2/28/2024,3,2024_02_28_abo_r03,multi_s,0,NA,dual,10,nac_corr,NA,NA,42,415; 470,1.8;4,10; 30,1;2,g;g,20,0,60,20,470,NA,415,0.1,3,4,0,20,10,20,spout_extended,NA
2024_02_28_abo07,abo,abo07,2/28/2024,3,2024_02_28_abo_r03,multi_s,0,NA,dual,6,nac,NA,NA,42,415; 470,1.8;4,10; 30,1;2,g;g,20,0,60,20,470,NA,415,0.1,3,4,0,20,10,20,spout_extended,NA
2024_02_28_abo07,abo,abo07,2/28/2024,3,2024_02_28_abo_r03,multi_s,0,NA,dual,5,dms,NA,NA,42,415; 470,1.8;4,10; 30,1;2,g;g,20,0,60,20,470,NA,415,0.1,3,4,0,20,10,20,spout_extended,NA
2024_02_28_abo07,abo,abo07,2/28/2024,3,2024_02_28_abo_r03,multi_s,0,NA,dual,4,dls,NA,NA,42,415; 470,1.8;4,10; 30,1;2,g;g,20,0,60,20,470,NA,415,0.1,3,4,0,20,10,20,spout_extended,NA
2024_02_28_abo07,abo,abo07,2/28/2024,3,2024_02_28_abo_r03,multi_s,0,NA,dual,3,ts,NA,NA,42,415; 470,1.8;4,10; 30,1;2,g;g,20,0,60,20,470,NA,415,0.1,3,4,0,20,10,20,spout_extended,NA
2024_02_28_abo08,abo,abo08,2/28/2024,4,2024_02_28_abo_r04,multi_s,0,NA,dual,6,nac_shelllat,NA,NA,42,415; 470,1.8;4,10; 30,1;2,g;g,20,0,60,20,470,NA,415,0.1,3,4,0,20,10,20,spout_extended,NA
2024_02_28_abo08,abo,abo08,2/28/2024,4,2024_02_28_abo_r04,multi_s,0,NA,dual,12,nac_corr,NA,NA,42,415; 470,1.8;4,10; 30,1;2,g;g,20,0,60,20,470,NA,415,0.1,3,4,0,20,10,20,spout_extended,NA
2024_02_28_abo08,abo,abo08,2/28/2024,4,2024_02_28_abo_r04,multi_s,0,NA,dual,10,nac,NA,NA,42,415; 470,1.8;4,10; 30,1;2,g;g,20,0,60,20,470,NA,415,0.1,3,4,0,20,10,20,spout_extended,NA
2024_02_28_abo08,abo,abo08,2/28/2024,4,2024_02_28_abo_r04,multi_s,0,NA,dual,5,dms,NA,NA,42,415; 470,1.8;4,10; 30,1;2,g;g,20,0,60,20,470,NA,415,0.1,3,4,0,20,10,20,spout_extended,NA
2024_02_28_abo08,abo,abo08,2/28/2024,4,2024_02_28_abo_r04,multi_s,0,NA,dual,3,dls,NA,NA,42,415; 470,1.8;4,10; 30,1;2,g;g,20,0,60,20,470,NA,415,0.1,3,4,0,20,10,20,spout_extended,NA
2024_02_28_abo08,abo,abo08,2/28/2024,4,2024_02_28_abo_r04,multi_s,0,NA,dual,4,ts,NA,NA,42,415; 470,1.8;4,10; 30,1;2,g;g,20,0,60,20,470,NA,415,0.1,3,4,0,20,10,20,spout_extended,NA
2024_03_05_abo05,abo,abo05,3/5/2024,1,2024_03_05_abo_r01,multi_s,0,NA,dual,12,nac_shelllat,NA,NA,42,415; 470,1.8;4,10; 30,1;2,g;g,20,0,60,20,470,NA,415,0.1,3,4,0,20,10,20,spout_extended,NA
2024_03_05_abo05,abo,abo05,3/5/2024,1,2024_03_05_abo_r01,multi_s,0,NA,dual,10,nac_corr,NA,NA,42,415; 470,1.8;4,10; 30,1;2,g;g,20,0,60,20,470,NA,415,0.1,3,4,0,20,10,20,spout_extended,NA
2024_03_05_abo05,abo,abo05,3/5/2024,1,2024_03_05_abo_r01,multi_s,0,NA,dual,6,nac,NA,NA,42,415; 470,1.8;4,10; 30,1;2,g;g,20,0,60,20,470,NA,415,0.1,3,4,0,20,10,20,spout_extended,NA
2024_03_05_abo05,abo,abo05,3/5/2024,1,2024_03_05_abo_r01,multi_s,0,NA,dual,5,dms,NA,NA,42,415; 470,1.8;4,10; 30,1;2,g;g,20,0,60,20,470,NA,415,0.1,3,4,0,20,10,20,spout_extended,NA
2024_03_05_abo05,abo,abo05,3/5/2024,1,2024_03_05_abo_r01,multi_s,0,NA,dual,3,dls,NA,NA,42,415; 470,1.8;4,10; 30,1;2,g;g,20,0,60,20,470,NA,415,0.1,3,4,0,20,10,20,spout_extended,NA
2024_03_05_abo05,abo,abo05,3/5/2024,1,2024_03_05_abo_r01,multi_s,0,NA,dual,4,ts,NA,NA,42,415; 470,1.8;4,10; 30,1;2,g;g,20,0,60,20,470,NA,415,0.1,3,4,0,20,10,20,spout_extended,NA
2024_03_05_abo06,abo,abo06,3/5/2024,2,2024_03_05_abo_r02,multi_s,0,NA,dual,6,nac_shelllat,NA,NA,42,415; 470,1.8;4,10; 30,1;2,g;g,20,0,60,20,470,NA,415,0.1,3,4,0,20,10,20,spout_extended,NA
2024_03_05_abo06,abo,abo06,3/5/2024,2,2024_03_05_abo_r02,multi_s,0,NA,dual,10,nac_corr,NA,NA,42,415; 470,1.8;4,10; 30,1;2,g;g,20,0,60,20,470,NA,415,0.1,3,4,0,20,10,20,spout_extended,NA
2024_03_05_abo06,abo,abo06,3/5/2024,2,2024_03_05_abo_r02,multi_s,0,NA,dual,12,nac,NA,NA,42,415; 470,1.8;4,10; 30,1;2,g;g,20,0,60,20,470,NA,415,0.1,3,4,0,20,10,20,spout_extended,NA
2024_03_05_abo06,abo,abo06,3/5/2024,2,2024_03_05_abo_r02,multi_s,0,NA,dual,3,dms,NA,NA,42,415; 470,1.8;4,10; 30,1;2,g;g,20,0,60,20,470,NA,415,0.1,3,4,0,20,10,20,spout_extended,NA
2024_03_05_abo06,abo,abo06,3/5/2024,2,2024_03_05_abo_r02,multi_s,0,NA,dual,4,dls,NA,NA,42,415; 470,1.8;4,10; 30,1;2,g;g,20,0,60,20,470,NA,415,0.1,3,4,0,20,10,20,spout_extended,NA
2024_03_05_abo06,abo,abo06,3/5/2024,2,2024_03_05_abo_r02,multi_s,0,NA,dual,5,ts,NA,NA,42,415; 470,1.8;4,10; 30,1;2,g;g,20,0,60,20,470,NA,415,0.1,3,4,0,20,10,20,spout_extended,NA
2024_03_05_abo07,abo,abo07,3/5/2024,3,2024_03_05_abo_r03,multi_s,0,NA,dual,5,nac_shelllat,NA,NA,42,415; 470,1.8;4,10; 30,1;2,g;g,20,0,60,20,470,NA,415,0.1,3,4,0,20,10,20,spout_extended,NA
2024_03_05_abo07,abo,abo07,3/5/2024,3,2024_03_05_abo_r03,multi_s,0,NA,dual,6,nac_corr,NA,NA,42,415; 470,1.8;4,10; 30,1;2,g;g,20,0,60,20,470,NA,415,0.1,3,4,0,20,10,20,spout_extended,NA
2024_03_05_abo07,abo,abo07,3/5/2024,3,2024_03_05_abo_r03,multi_s,0,NA,dual,4,nac,NA,NA,42,415; 470,1.8;4,10; 30,1;2,g;g,20,0,60,20,470,NA,415,0.1,3,4,0,20,10,20,spout_extended,NA
2024_03_05_abo07,abo,abo07,3/5/2024,3,2024_03_05_abo_r03,multi_s,0,NA,dual,3,dms,NA,NA,42,415; 470,1.8;4,10; 30,1;2,g;g,20,0,60,20,470,NA,415,0.1,3,4,0,20,10,20,spout_extended,NA
2024_03_05_abo07,abo,abo07,3/5/2024,3,2024_03_05_abo_r03,multi_s,0,NA,dual,12,dls,NA,NA,42,415; 470,1.8;4,10; 30,1;2,g;g,20,0,60,20,470,NA,415,0.1,3,4,0,20,10,20,spout_extended,NA
2024_03_05_abo07,abo,abo07,3/5/2024,3,2024_03_05_abo_r03,multi_s,0,NA,dual,10,ts,NA,NA,42,415; 470,1.8;4,10; 30,1;2,g;g,20,0,60,20,470,NA,415,0.1,3,4,0,20,10,20,spout_extended,NA
2024_03_05_abo08,abo,abo08,3/5/2024,4,2024_03_05_abo_r04,multi_s,0,NA,dual,4,nac_shelllat,NA,NA,42,415; 470,1.8;4,10; 30,1;2,g;g,20,0,60,20,470,NA,415,0.1,3,4,0,20,10,20,spout_extended,NA
2024_03_05_abo08,abo,abo08,3/5/2024,4,2024_03_05_abo_r04,multi_s,0,NA,dual,5,nac_corr,NA,NA,42,415; 470,1.8;4,10; 30,1;2,g;g,20,0,60,20,470,NA,415,0.1,3,4,0,20,10,20,spout_extended,NA
2024_03_05_abo08,abo,abo08,3/5/2024,4,2024_03_05_abo_r04,multi_s,0,NA,dual,3,nac,NA,NA,42,415; 470,1.8;4,10; 30,1;2,g;g,20,0,60,20,470,NA,415,0.1,3,4,0,20,10,20,spout_extended,NA
2024_03_05_abo08,abo,abo08,3/5/2024,4,2024_03_05_abo_r04,multi_s,0,NA,dual,12,dms,NA,NA,42,415; 470,1.8;4,10; 30,1;2,g;g,20,0,60,20,470,NA,415,0.1,3,4,0,20,10,20,spout_extended,NA
2024_03_05_abo08,abo,abo08,3/5/2024,4,2024_03_05_abo_r04,multi_s,0,NA,dual,10,dls,NA,NA,42,415; 470,1.8;4,10; 30,1;2,g;g,20,0,60,20,470,NA,415,0.1,3,4,0,20,10,20,spout_extended,NA
2024_03_05_abo08,abo,abo08,3/5/2024,4,2024_03_05_abo_r04,multi_s,0,NA,dual,6,ts,NA,NA,42,415; 470,1.8;4,10; 30,1;2,g;g,20,0,60,20,470,NA,415,0.1,3,4,0,20,10,20,spout_extended,NA
2024_03_06_abo05,abo,abo05,3/6/2024,1,2024_03_06_abo_r01,multi_s,0,NA,dual,10,nac_shelllat,NA,NA,42,415; 470,1.8;4,10; 30,1;2,g;g,20,0,60,20,470,NA,415,0.1,3,4,0,20,10,20,spout_extended,NA
2024_03_06_abo05,abo,abo05,3/6/2024,1,2024_03_06_abo_r01,multi_s,0,NA,dual,6,nac_corr,NA,NA,42,415; 470,1.8;4,10; 30,1;2,g;g,20,0,60,20,470,NA,415,0.1,3,4,0,20,10,20,spout_extended,NA
2024_03_06_abo05,abo,abo05,3/6/2024,1,2024_03_06_abo_r01,multi_s,0,NA,dual,12,nac,NA,NA,42,415; 470,1.8;4,10; 30,1;2,g;g,20,0,60,20,470,NA,415,0.1,3,4,0,20,10,20,spout_extended,NA
2024_03_06_abo05,abo,abo05,3/6/2024,1,2024_03_06_abo_r01,multi_s,0,NA,dual,3,dms,NA,NA,42,415; 470,1.8;4,10; 30,1;2,g;g,20,0,60,20,470,NA,415,0.1,3,4,0,20,10,20,spout_extended,NA
2024_03_06_abo05,abo,abo05,3/6/2024,1,2024_03_06_abo_r01,multi_s,0,NA,dual,4,dls,NA,NA,42,415; 470,1.8;4,10; 30,1;2,g;g,20,0,60,20,470,NA,415,0.1,3,4,0,20,10,20,spout_extended,NA
2024_03_06_abo05,abo,abo05,3/6/2024,1,2024_03_06_abo_r01,multi_s,0,NA,dual,5,ts,NA,NA,42,415; 470,1.8;4,10; 30,1;2,g;g,20,0,60,20,470,NA,415,0.1,3,4,0,20,10,20,spout_extended,NA
2024_03_06_abo06,abo,abo06,3/6/2024,2,2024_03_06_abo_r02,multi_s,0,NA,dual,4,nac_shelllat,NA,NA,42,415; 470,1.8;4,10; 30,1;2,g;g,20,0,60,20,470,NA,415,0.1,3,4,0,20,10,20,spout_extended,NA
2024_03_06_abo06,abo,abo06,3/6/2024,2,2024_03_06_abo_r02,multi_s,0,NA,dual,12,nac_corr,NA,NA,42,415; 470,1.8;4,10; 30,1;2,g;g,20,0,60,20,470,NA,415,0.1,3,4,0,20,10,20,spout_extended,NA
2024_03_06_abo06,abo,abo06,3/6/2024,2,2024_03_06_abo_r02,multi_s,0,NA,dual,6,nac,NA,NA,42,415; 470,1.8;4,10; 30,1;2,g;g,20,0,60,20,470,NA,415,0.1,3,4,0,20,10,20,spout_extended,NA
2024_03_06_abo06,abo,abo06,3/6/2024,2,2024_03_06_abo_r02,multi_s,0,NA,dual,10,dms,NA,NA,42,415; 470,1.8;4,10; 30,1;2,g;g,20,0,60,20,470,NA,415,0.1,3,4,0,20,10,20,spout_extended,NA
2024_03_06_abo06,abo,abo06,3/6/2024,2,2024_03_06_abo_r02,multi_s,0,NA,dual,5,dls,NA,NA,42,415; 470,1.8;4,10; 30,1;2,g;g,20,0,60,20,470,NA,415,0.1,3,4,0,20,10,20,spout_extended,NA
2024_03_06_abo06,abo,abo06,3/6/2024,2,2024_03_06_abo_r02,multi_s,0,NA,dual,3,ts,NA,NA,42,415; 470,1.8;4,10; 30,1;2,g;g,20,0,60,20,470,NA,415,0.1,3,4,0,20,10,20,spout_extended,NA
2024_03_06_abo07,abo,abo07,3/6/2024,3,2024_03_06_abo_r03,multi_s,0,NA,dual,6,nac_shelllat,NA,NA,42,415; 470,1.8;4,10; 30,1;2,g;g,20,0,60,20,470,NA,415,0.1,3,4,0,20,10,20,spout_extended,NA
2024_03_06_abo07,abo,abo07,3/6/2024,3,2024_03_06_abo_r03,multi_s,0,NA,dual,5,nac_corr,NA,NA,42,415; 470,1.8;4,10; 30,1;2,g;g,20,0,60,20,470,NA,415,0.1,3,4,0,20,10,20,spout_extended,NA
2024_03_06_abo07,abo,abo07,3/6/2024,3,2024_03_06_abo_r03,multi_s,0,NA,dual,3,nac,NA,NA,42,415; 470,1.8;4,10; 30,1;2,g;g,20,0,60,20,470,NA,415,0.1,3,4,0,20,10,20,spout_extended,NA
2024_03_06_abo07,abo,abo07,3/6/2024,3,2024_03_06_abo_r03,multi_s,0,NA,dual,12,dms,NA,NA,42,415; 470,1.8;4,10; 30,1;2,g;g,20,0,60,20,470,NA,415,0.1,3,4,0,20,10,20,spout_extended,NA
2024_03_06_abo07,abo,abo07,3/6/2024,3,2024_03_06_abo_r03,multi_s,0,NA,dual,10,dls,NA,NA,42,415; 470,1.8;4,10; 30,1;2,g;g,20,0,60,20,470,NA,415,0.1,3,4,0,20,10,20,spout_extended,NA
2024_03_06_abo07,abo,abo07,3/6/2024,3,2024_03_06_abo_r03,multi_s,0,NA,dual,4,ts,NA,NA,42,415; 470,1.8;4,10; 30,1;2,g;g,20,0,60,20,470,NA,415,0.1,3,4,0,20,10,20,spout_extended,NA
2024_03_06_abo08,abo,abo08,3/6/2024,4,2024_03_06_abo_r04,multi_s,0,NA,dual,5,nac_shelllat,NA,NA,42,415; 470,1.8;4,10; 30,1;2,g;g,20,0,60,20,470,NA,415,0.1,3,4,0,20,10,20,spout_extended,NA
2024_03_06_abo08,abo,abo08,3/6/2024,4,2024_03_06_abo_r04,multi_s,0,NA,dual,3,nac_corr,NA,NA,42,415; 470,1.8;4,10; 30,1;2,g;g,20,0,60,20,470,NA,415,0.1,3,4,0,20,10,20,spout_extended,NA
2024_03_06_abo08,abo,abo08,3/6/2024,4,2024_03_06_abo_r04,multi_s,0,NA,dual,4,nac,NA,NA,42,415; 470,1.8;4,10; 30,1;2,g;g,20,0,60,20,470,NA,415,0.1,3,4,0,20,10,20,spout_extended,NA
2024_03_06_abo08,abo,abo08,3/6/2024,4,2024_03_06_abo_r04,multi_s,0,NA,dual,6,dms,NA,NA,42,415; 470,1.8;4,10; 30,1;2,g;g,20,0,60,20,470,NA,415,0.1,3,4,0,20,10,20,spout_extended,NA
2024_03_06_abo08,abo,abo08,3/6/2024,4,2024_03_06_abo_r04,multi_s,0,NA,dual,12,dls,NA,NA,42,415; 470,1.8;4,10; 30,1;2,g;g,20,0,60,20,470,NA,415,0.1,3,4,0,20,10,20,spout_extended,NA
2024_03_06_abo08,abo,abo08,3/6/2024,4,2024_03_06_abo_r04,multi_s,0,NA,dual,10,ts,NA,NA,42,415; 470,1.8;4,10; 30,1;2,g;g,20,0,60,20,470,NA,415,0.1,3,4,0,20,10,20,spout_extended,NA
2024_03_07_abo05,abo,abo05,3/7/2024,1,2024_03_07_abo_r01,multi_s,0,NA,dual,4,nac_shelllat,NA,NA,42,415; 470,1.8;4,10; 30,1;2,g;g,20,0,60,20,470,NA,415,0.1,3,4,0,20,10,20,spout_extended,NA
2024_03_07_abo05,abo,abo05,3/7/2024,1,2024_03_07_abo_r01,multi_s,0,NA,dual,5,nac_corr,NA,NA,42,415; 470,1.8;4,10; 30,1;2,g;g,20,0,60,20,470,NA,415,0.1,3,4,0,20,10,20,spout_extended,NA
2024_03_07_abo05,abo,abo05,3/7/2024,1,2024_03_07_abo_r01,multi_s,0,NA,dual,10,nac,NA,NA,42,415; 470,1.8;4,10; 30,1;2,g;g,20,0,60,20,470,NA,415,0.1,3,4,0,20,10,20,spout_extended,NA
2024_03_07_abo05,abo,abo05,3/7/2024,1,2024_03_07_abo_r01,multi_s,0,NA,dual,6,dms,NA,NA,42,415; 470,1.8;4,10; 30,1;2,g;g,20,0,60,20,470,NA,415,0.1,3,4,0,20,10,20,spout_extended,NA
2024_03_07_abo05,abo,abo05,3/7/2024,1,2024_03_07_abo_r01,multi_s,0,NA,dual,12,dls,NA,NA,42,415; 470,1.8;4,10; 30,1;2,g;g,20,0,60,20,470,NA,415,0.1,3,4,0,20,10,20,spout_extended,NA
2024_03_07_abo05,abo,abo05,3/7/2024,1,2024_03_07_abo_r01,multi_s,0,NA,dual,3,ts,NA,NA,42,415; 470,1.8;4,10; 30,1;2,g;g,20,0,60,20,470,NA,415,0.1,3,4,0,20,10,20,spout_extended,NA
2024_03_07_abo06,abo,abo06,3/7/2024,2,2024_03_07_abo_r02,multi_s,0,NA,dual,5,nac_shelllat,NA,NA,42,415; 470,1.8;4,10; 30,1;2,g;g,20,0,60,20,470,NA,415,0.1,3,4,0,20,10,20,spout_extended,NA
2024_03_07_abo06,abo,abo06,3/7/2024,2,2024_03_07_abo_r02,multi_s,0,NA,dual,3,nac_corr,NA,NA,42,415; 470,1.8;4,10; 30,1;2,g;g,20,0,60,20,470,NA,415,0.1,3,4,0,20,10,20,spout_extended,NA
2024_03_07_abo06,abo,abo06,3/7/2024,2,2024_03_07_abo_r02,multi_s,0,NA,dual,4,nac,NA,NA,42,415; 470,1.8;4,10; 30,1;2,g;g,20,0,60,20,470,NA,415,0.1,3,4,0,20,10,20,spout_extended,NA
2024_03_07_abo06,abo,abo06,3/7/2024,2,2024_03_07_abo_r02,multi_s,0,NA,dual,12,dms,NA,NA,42,415; 470,1.8;4,10; 30,1;2,g;g,20,0,60,20,470,NA,415,0.1,3,4,0,20,10,20,spout_extended,NA
2024_03_07_abo06,abo,abo06,3/7/2024,2,2024_03_07_abo_r02,multi_s,0,NA,dual,6,dls,NA,NA,42,415; 470,1.8;4,10; 30,1;2,g;g,20,0,60,20,470,NA,415,0.1,3,4,0,20,10,20,spout_extended,NA
2024_03_07_abo06,abo,abo06,3/7/2024,2,2024_03_07_abo_r02,multi_s,0,NA,dual,10,ts,NA,NA,42,415; 470,1.8;4,10; 30,1;2,g;g,20,0,60,20,470,NA,415,0.1,3,4,0,20,10,20,spout_extended,NA
2024_03_07_abo07,abo,abo07,3/7/2024,3,2024_03_07_abo_r03,multi_s,0,NA,dual,10,nac_shelllat,NA,NA,42,415; 470,1.8;4,10; 30,1;2,g;g,20,0,60,20,470,NA,415,0.1,3,4,0,20,10,20,spout_extended,NA
2024_03_07_abo07,abo,abo07,3/7/2024,3,2024_03_07_abo_r03,multi_s,0,NA,dual,12,nac_corr,NA,NA,42,415; 470,1.8;4,10; 30,1;2,g;g,20,0,60,20,470,NA,415,0.1,3,4,0,20,10,20,spout_extended,NA
2024_03_07_abo07,abo,abo07,3/7/2024,3,2024_03_07_abo_r03,multi_s,0,NA,dual,5,nac,NA,NA,42,415; 470,1.8;4,10; 30,1;2,g;g,20,0,60,20,470,NA,415,0.1,3,4,0,20,10,20,spout_extended,NA
2024_03_07_abo07,abo,abo07,3/7/2024,3,2024_03_07_abo_r03,multi_s,0,NA,dual,4,dms,NA,NA,42,415; 470,1.8;4,10; 30,1;2,g;g,20,0,60,20,470,NA,415,0.1,3,4,0,20,10,20,spout_extended,NA
2024_03_07_abo07,abo,abo07,3/7/2024,3,2024_03_07_abo_r03,multi_s,0,NA,dual,3,dls,NA,NA,42,415; 470,1.8;4,10; 30,1;2,g;g,20,0,60,20,470,NA,415,0.1,3,4,0,20,10,20,spout_extended,NA
2024_03_07_abo07,abo,abo07,3/7/2024,3,2024_03_07_abo_r03,multi_s,0,NA,dual,6,ts,NA,NA,42,415; 470,1.8;4,10; 30,1;2,g;g,20,0,60,20,470,NA,415,0.1,3,4,0,20,10,20,spout_extended,NA
2024_03_07_abo08,abo,abo08,3/7/2024,4,2024_03_07_abo_r04,multi_s,0,NA,dual,12,nac_shelllat,NA,NA,42,415; 470,1.8;4,10; 30,1;2,g;g,20,0,60,20,470,NA,415,0.1,3,4,0,20,10,20,spout_extended,NA
2024_03_07_abo08,abo,abo08,3/7/2024,4,2024_03_07_abo_r04,multi_s,0,NA,dual,10,nac_corr,NA,NA,42,415; 470,1.8;4,10; 30,1;2,g;g,20,0,60,20,470,NA,415,0.1,3,4,0,20,10,20,spout_extended,NA
2024_03_07_abo08,abo,abo08,3/7/2024,4,2024_03_07_abo_r04,multi_s,0,NA,dual,6,nac,NA,NA,42,415; 470,1.8;4,10; 30,1;2,g;g,20,0,60,20,470,NA,415,0.1,3,4,0,20,10,20,spout_extended,NA
2024_03_07_abo08,abo,abo08,3/7/2024,4,2024_03_07_abo_r04,multi_s,0,NA,dual,3,dms,NA,NA,42,415; 470,1.8;4,10; 30,1;2,g;g,20,0,60,20,470,NA,415,0.1,3,4,0,20,10,20,spout_extended,NA
2024_03_07_abo08,abo,abo08,3/7/2024,4,2024_03_07_abo_r04,multi_s,0,NA,dual,4,dls,NA,NA,42,415; 470,1.8;4,10; 30,1;2,g;g,20,0,60,20,470,NA,415,0.1,3,4,0,20,10,20,spout_extended,NA
2024_03_07_abo08,abo,abo08,3/7/2024,4,2024_03_07_abo_r04,multi_s,0,NA,dual,5,ts,NA,NA,42,415; 470,1.8;4,10; 30,1;2,g;g,20,0,60,20,470,NA,415,0.1,3,4,0,20,10,20,spout_extended,NA
2024_03_08_abo05,abo,abo05,3/8/2024,1,2024_03_08_abo_r01,multi_s,0,NA,dual,3,nac_shelllat,NA,NA,42,415; 470,1.8;4,10; 30,1;2,g;g,20,0,60,20,470,NA,415,0.1,3,4,0,20,10,20,spout_extended,NA
2024_03_08_abo05,abo,abo05,3/8/2024,1,2024_03_08_abo_r01,multi_s,0,NA,dual,4,nac_corr,NA,NA,42,415; 470,1.8;4,10; 30,1;2,g;g,20,0,60,20,470,NA,415,0.1,3,4,0,20,10,20,spout_extended,NA
2024_03_08_abo05,abo,abo05,3/8/2024,1,2024_03_08_abo_r01,multi_s,0,NA,dual,5,nac,NA,NA,42,415; 470,1.8;4,10; 30,1;2,g;g,20,0,60,20,470,NA,415,0.1,3,4,0,20,10,20,spout_extended,NA
2024_03_08_abo05,abo,abo05,3/8/2024,1,2024_03_08_abo_r01,multi_s,0,NA,dual,10,dms,NA,NA,42,415; 470,1.8;4,10; 30,1;2,g;g,20,0,60,20,470,NA,415,0.1,3,4,0,20,10,20,spout_extended,NA
2024_03_08_abo05,abo,abo05,3/8/2024,1,2024_03_08_abo_r01,multi_s,0,NA,dual,6,dls,NA,NA,42,415; 470,1.8;4,10; 30,1;2,g;g,20,0,60,20,470,NA,415,0.1,3,4,0,20,10,20,spout_extended,NA
2024_03_08_abo05,abo,abo05,3/8/2024,1,2024_03_08_abo_r01,multi_s,0,NA,dual,12,ts,NA,NA,42,415; 470,1.8;4,10; 30,1;2,g;g,20,0,60,20,470,NA,415,0.1,3,4,0,20,10,20,spout_extended,NA
2024_03_08_abo06,abo,abo06,3/8/2024,2,2024_03_08_abo_r02,multi_s,0,NA,dual,10,nac_shelllat,NA,NA,42,415; 470,1.8;4,10; 30,1;2,g;g,20,0,60,20,470,NA,415,0.1,3,4,0,20,10,20,spout_extended,NA
2024_03_08_abo06,abo,abo06,3/8/2024,2,2024_03_08_abo_r02,multi_s,0,NA,dual,6,nac_corr,NA,NA,42,415; 470,1.8;4,10; 30,1;2,g;g,20,0,60,20,470,NA,415,0.1,3,4,0,20,10,20,spout_extended,NA
2024_03_08_abo06,abo,abo06,3/8/2024,2,2024_03_08_abo_r02,multi_s,0,NA,dual,3,nac,NA,NA,42,415; 470,1.8;4,10; 30,1;2,g;g,20,0,60,20,470,NA,415,0.1,3,4,0,20,10,20,spout_extended,NA
2024_03_08_abo06,abo,abo06,3/8/2024,2,2024_03_08_abo_r02,multi_s,0,NA,dual,4,dms,NA,NA,42,415; 470,1.8;4,10; 30,1;2,g;g,20,0,60,20,470,NA,415,0.1,3,4,0,20,10,20,spout_extended,NA
2024_03_08_abo06,abo,abo06,3/8/2024,2,2024_03_08_abo_r02,multi_s,0,NA,dual,5,dls,NA,NA,42,415; 470,1.8;4,10; 30,1;2,g;g,20,0,60,20,470,NA,415,0.1,3,4,0,20,10,20,spout_extended,NA
2024_03_08_abo06,abo,abo06,3/8/2024,2,2024_03_08_abo_r02,multi_s,0,NA,dual,12,ts,NA,NA,42,415; 470,1.8;4,10; 30,1;2,g;g,20,0,60,20,470,NA,415,0.1,3,4,0,20,10,20,spout_extended,NA
2024_03_08_abo07,abo,abo07,3/8/2024,3,2024_03_08_abo_r03,multi_s,0,NA,dual,12,nac_shelllat,NA,NA,42,415; 470,1.8;4,10; 30,1;2,g;g,20,0,60,20,470,NA,415,0.1,3,4,0,20,10,20,spout_extended,NA
2024_03_08_abo07,abo,abo07,3/8/2024,3,2024_03_08_abo_r03,multi_s,0,NA,dual,10,nac_corr,NA,NA,42,415; 470,1.8;4,10; 30,1;2,g;g,20,0,60,20,470,NA,415,0.1,3,4,0,20,10,20,spout_extended,NA
2024_03_08_abo07,abo,abo07,3/8/2024,3,2024_03_08_abo_r03,multi_s,0,NA,dual,6,nac,NA,NA,42,415; 470,1.8;4,10; 30,1;2,g;g,20,0,60,20,470,NA,415,0.1,3,4,0,20,10,20,spout_extended,NA
2024_03_08_abo07,abo,abo07,3/8/2024,3,2024_03_08_abo_r03,multi_s,0,NA,dual,5,dms,NA,NA,42,415; 470,1.8;4,10; 30,1;2,g;g,20,0,60,20,470,NA,415,0.1,3,4,0,20,10,20,spout_extended,NA
2024_03_08_abo07,abo,abo07,3/8/2024,3,2024_03_08_abo_r03,multi_s,0,NA,dual,4,dls,NA,NA,42,415; 470,1.8;4,10; 30,1;2,g;g,20,0,60,20,470,NA,415,0.1,3,4,0,20,10,20,spout_extended,NA
2024_03_08_abo07,abo,abo07,3/8/2024,3,2024_03_08_abo_r03,multi_s,0,NA,dual,3,ts,NA,NA,42,415; 470,1.8;4,10; 30,1;2,g;g,20,0,60,20,470,NA,415,0.1,3,4,0,20,10,20,spout_extended,NA
2024_03_08_abo08,abo,abo08,3/8/2024,4,2024_03_08_abo_r04,multi_s,0,NA,dual,6,nac_shelllat,NA,NA,42,415; 470,1.8;4,10; 30,1;2,g;g,20,0,60,20,470,NA,415,0.1,3,4,0,20,10,20,spout_extended,NA
2024_03_08_abo08,abo,abo08,3/8/2024,4,2024_03_08_abo_r04,multi_s,0,NA,dual,12,nac_corr,NA,NA,42,415; 470,1.8;4,10; 30,1;2,g;g,20,0,60,20,470,NA,415,0.1,3,4,0,20,10,20,spout_extended,NA
2024_03_08_abo08,abo,abo08,3/8/2024,4,2024_03_08_abo_r04,multi_s,0,NA,dual,10,nac,NA,NA,42,415; 470,1.8;4,10; 30,1;2,g;g,20,0,60,20,470,NA,415,0.1,3,4,0,20,10,20,spout_extended,NA
2024_03_08_abo08,abo,abo08,3/8/2024,4,2024_03_08_abo_r04,multi_s,0,NA,dual,5,dms,NA,NA,42,415; 470,1.8;4,10; 30,1;2,g;g,20,0,60,20,470,NA,415,0.1,3,4,0,20,10,20,spout_extended,NA
2024_03_08_abo08,abo,abo08,3/8/2024,4,2024_03_08_abo_r04,multi_s,0,NA,dual,3,dls,NA,NA,42,415; 470,1.8;4,10; 30,1;2,g;g,20,0,60,20,470,NA,415,0.1,3,4,0,20,10,20,spout_extended,NA
2024_03_08_abo08,abo,abo08,3/8/2024,4,2024_03_08_abo_r04,multi_s,0,NA,dual,4,ts,NA,NA,42,415; 470,1.8;4,10; 30,1;2,g;g,20,0,60,20,470,NA,415,0.1,3,4,0,20,10,20,spout_extended,NA
2024_03_26_abo05,abo,abo05,3/26/2024,1,2024_03_26_abo_r01,multi_nacl,0,NA,dual,4,nac_shelllat,NA,NA,42,415; 470,1.8;4,10; 30,1;2,g;g,20,0,60,20,470,NA,415,0.1,3,4,0,20,10,20,spout_extended,NA
2024_03_26_abo05,abo,abo05,3/26/2024,1,2024_03_26_abo_r01,multi_nacl,0,NA,dual,12,nac_corr,NA,NA,42,415; 470,1.8;4,10; 30,1;2,g;g,20,0,60,20,470,NA,415,0.1,3,4,0,20,10,20,spout_extended,NA
2024_03_26_abo05,abo,abo05,3/26/2024,1,2024_03_26_abo_r01,multi_nacl,0,NA,dual,6,nac,NA,NA,42,415; 470,1.8;4,10; 30,1;2,g;g,20,0,60,20,470,NA,415,0.1,3,4,0,20,10,20,spout_extended,NA
2024_03_26_abo05,abo,abo05,3/26/2024,1,2024_03_26_abo_r01,multi_nacl,0,NA,dual,3,dms,NA,NA,42,415; 470,1.8;4,10; 30,1;2,g;g,20,0,60,20,470,NA,415,0.1,3,4,0,20,10,20,spout_extended,NA
2024_03_26_abo05,abo,abo05,3/26/2024,1,2024_03_26_abo_r01,multi_nacl,0,NA,dual,10,dls,NA,NA,42,415; 470,1.8;4,10; 30,1;2,g;g,20,0,60,20,470,NA,415,0.1,3,4,0,20,10,20,spout_extended,NA
2024_03_26_abo05,abo,abo05,3/26/2024,1,2024_03_26_abo_r01,multi_nacl,0,NA,dual,5,ts,NA,NA,42,415; 470,1.8;4,10; 30,1;2,g;g,20,0,60,20,470,NA,415,0.1,3,4,0,20,10,20,spout_extended,NA
2024_03_26_abo06,abo,abo06,3/26/2024,2,2024_03_26_abo_r02,multi_nacl,0,NA,dual,6,nac_shelllat,NA,NA,42,415; 470,1.8;4,10; 30,1;2,g;g,20,0,60,20,470,NA,415,0.1,3,4,0,20,10,20,spout_extended,NA
2024_03_26_abo06,abo,abo06,3/26/2024,2,2024_03_26_abo_r02,multi_nacl,0,NA,dual,12,nac_corr,NA,NA,42,415; 470,1.8;4,10; 30,1;2,g;g,20,0,60,20,470,NA,415,0.1,3,4,0,20,10,20,spout_extended,NA
2024_03_26_abo06,abo,abo06,3/26/2024,2,2024_03_26_abo_r02,multi_nacl,0,NA,dual,10,nac,NA,NA,42,415; 470,1.8;4,10; 30,1;2,g;g,20,0,60,20,470,NA,415,0.1,3,4,0,20,10,20,spout_extended,NA
2024_03_26_abo06,abo,abo06,3/26/2024,2,2024_03_26_abo_r02,multi_nacl,0,NA,dual,5,dms,NA,NA,42,415; 470,1.8;4,10; 30,1;2,g;g,20,0,60,20,470,NA,415,0.1,3,4,0,20,10,20,spout_extended,NA
2024_03_26_abo06,abo,abo06,3/26/2024,2,2024_03_26_abo_r02,multi_nacl,0,NA,dual,3,dls,NA,NA,42,415; 470,1.8;4,10; 30,1;2,g;g,20,0,60,20,470,NA,415,0.1,3,4,0,20,10,20,spout_extended,NA
2024_03_26_abo06,abo,abo06,3/26/2024,2,2024_03_26_abo_r02,multi_nacl,0,NA,dual,4,ts,NA,NA,42,415; 470,1.8;4,10; 30,1;2,g;g,20,0,60,20,470,NA,415,0.1,3,4,0,20,10,20,spout_extended,NA
2024_03_26_abo07,abo,abo07,3/26/2024,3,2024_03_26_abo_r03,multi_nacl,0,NA,dual,6,nac_shelllat,NA,NA,42,415; 470,1.8;4,10; 30,1;2,g;g,20,0,60,20,470,NA,415,0.1,3,4,0,20,10,20,spout_extended,NA
2024_03_26_abo07,abo,abo07,3/26/2024,3,2024_03_26_abo_r03,multi_nacl,0,NA,dual,5,nac_corr,NA,NA,42,415; 470,1.8;4,10; 30,1;2,g;g,20,0,60,20,470,NA,415,0.1,3,4,0,20,10,20,spout_extended,NA
2024_03_26_abo07,abo,abo07,3/26/2024,3,2024_03_26_abo_r03,multi_nacl,0,NA,dual,10,nac,NA,NA,42,415; 470,1.8;4,10; 30,1;2,g;g,20,0,60,20,470,NA,415,0.1,3,4,0,20,10,20,spout_extended,NA
2024_03_26_abo07,abo,abo07,3/26/2024,3,2024_03_26_abo_r03,multi_nacl,0,NA,dual,3,dms,NA,NA,42,415; 470,1.8;4,10; 30,1;2,g;g,20,0,60,20,470,NA,415,0.1,3,4,0,20,10,20,spout_extended,NA
2024_03_26_abo07,abo,abo07,3/26/2024,3,2024_03_26_abo_r03,multi_nacl,0,NA,dual,4,dls,NA,NA,42,415; 470,1.8;4,10; 30,1;2,g;g,20,0,60,20,470,NA,415,0.1,3,4,0,20,10,20,spout_extended,NA
2024_03_26_abo07,abo,abo07,3/26/2024,3,2024_03_26_abo_r03,multi_nacl,0,NA,dual,12,ts,NA,NA,42,415; 470,1.8;4,10; 30,1;2,g;g,20,0,60,20,470,NA,415,0.1,3,4,0,20,10,20,spout_extended,NA
2024_03_26_abo08,abo,abo08,3/26/2024,4,2024_03_26_abo_r04,multi_nacl,0,NA,dual,10,nac_shelllat,NA,NA,42,415; 470,1.8;4,10; 30,1;2,g;g,20,0,60,20,470,NA,415,0.1,3,4,0,20,10,20,spout_extended,NA
2024_03_26_abo08,abo,abo08,3/26/2024,4,2024_03_26_abo_r04,multi_nacl,0,NA,dual,4,nac_corr,NA,NA,42,415; 470,1.8;4,10; 30,1;2,g;g,20,0,60,20,470,NA,415,0.1,3,4,0,20,10,20,spout_extended,NA
2024_03_26_abo08,abo,abo08,3/26/2024,4,2024_03_26_abo_r04,multi_nacl,0,NA,dual,3,nac,NA,NA,42,415; 470,1.8;4,10; 30,1;2,g;g,20,0,60,20,470,NA,415,0.1,3,4,0,20,10,20,spout_extended,NA
2024_03_26_abo08,abo,abo08,3/26/2024,4,2024_03_26_abo_r04,multi_nacl,0,NA,dual,12,dms,NA,NA,42,415; 470,1.8;4,10; 30,1;2,g;g,20,0,60,20,470,NA,415,0.1,3,4,0,20,10,20,spout_extended,NA
2024_03_26_abo08,abo,abo08,3/26/2024,4,2024_03_26_abo_r04,multi_nacl,0,NA,dual,5,dls,NA,NA,42,415; 470,1.8;4,10; 30,1;2,g;g,20,0,60,20,470,NA,415,0.1,3,4,0,20,10,20,spout_extended,NA
2024_03_26_abo08,abo,abo08,3/26/2024,4,2024_03_26_abo_r04,multi_nacl,0,NA,dual,6,ts,NA,NA,42,415; 470,1.8;4,10; 30,1;2,g;g,20,0,60,20,470,NA,415,0.1,3,4,0,20,10,20,spout_extended,NA
2024_03_27_abo05,abo,abo05,3/27/2024,1,2024_03_27_abo_r01,multi_nacl,0,NA,dual,6,nac_shelllat,NA,NA,42,415; 470,1.8;4,10; 30,1;2,g;g,20,0,60,20,470,NA,415,0.1,3,4,0,20,10,20,spout_extended,NA
2024_03_27_abo05,abo,abo05,3/27/2024,1,2024_03_27_abo_r01,multi_nacl,0,NA,dual,5,nac_corr,NA,NA,42,415; 470,1.8;4,10; 30,1;2,g;g,20,0,60,20,470,NA,415,0.1,3,4,0,20,10,20,spout_extended,NA
2024_03_27_abo05,abo,abo05,3/27/2024,1,2024_03_27_abo_r01,multi_nacl,0,NA,dual,3,nac,NA,NA,42,415; 470,1.8;4,10; 30,1;2,g;g,20,0,60,20,470,NA,415,0.1,3,4,0,20,10,20,spout_extended,NA
2024_03_27_abo05,abo,abo05,3/27/2024,1,2024_03_27_abo_r01,multi_nacl,0,NA,dual,4,dms,NA,NA,42,415; 470,1.8;4,10; 30,1;2,g;g,20,0,60,20,470,NA,415,0.1,3,4,0,20,10,20,spout_extended,NA
2024_03_27_abo05,abo,abo05,3/27/2024,1,2024_03_27_abo_r01,multi_nacl,0,NA,dual,12,dls,NA,NA,42,415; 470,1.8;4,10; 30,1;2,g;g,20,0,60,20,470,NA,415,0.1,3,4,0,20,10,20,spout_extended,NA
2024_03_27_abo05,abo,abo05,3/27/2024,1,2024_03_27_abo_r01,multi_nacl,0,NA,dual,10,ts,NA,NA,42,415; 470,1.8;4,10; 30,1;2,g;g,20,0,60,20,470,NA,415,0.1,3,4,0,20,10,20,spout_extended,NA
2024_03_27_abo06,abo,abo06,3/27/2024,2,2024_03_27_abo_r02,multi_nacl,0,NA,dual,12,nac_shelllat,NA,NA,42,415; 470,1.8;4,10; 30,1;2,g;g,20,0,60,20,470,NA,415,0.1,3,4,0,20,10,20,spout_extended,NA
2024_03_27_abo06,abo,abo06,3/27/2024,2,2024_03_27_abo_r02,multi_nacl,0,NA,dual,10,nac_corr,NA,NA,42,415; 470,1.8;4,10; 30,1;2,g;g,20,0,60,20,470,NA,415,0.1,3,4,0,20,10,20,spout_extended,NA
2024_03_27_abo06,abo,abo06,3/27/2024,2,2024_03_27_abo_r02,multi_nacl,0,NA,dual,6,nac,NA,NA,42,415; 470,1.8;4,10; 30,1;2,g;g,20,0,60,20,470,NA,415,0.1,3,4,0,20,10,20,spout_extended,NA
2024_03_27_abo06,abo,abo06,3/27/2024,2,2024_03_27_abo_r02,multi_nacl,0,NA,dual,3,dms,NA,NA,42,415; 470,1.8;4,10; 30,1;2,g;g,20,0,60,20,470,NA,415,0.1,3,4,0,20,10,20,spout_extended,NA
2024_03_27_abo06,abo,abo06,3/27/2024,2,2024_03_27_abo_r02,multi_nacl,0,NA,dual,4,dls,NA,NA,42,415; 470,1.8;4,10; 30,1;2,g;g,20,0,60,20,470,NA,415,0.1,3,4,0,20,10,20,spout_extended,NA
2024_03_27_abo06,abo,abo06,3/27/2024,2,2024_03_27_abo_r02,multi_nacl,0,NA,dual,5,ts,NA,NA,42,415; 470,1.8;4,10; 30,1;2,g;g,20,0,60,20,470,NA,415,0.1,3,4,0,20,10,20,spout_extended,NA
2024_03_27_abo07,abo,abo07,3/27/2024,3,2024_03_27_abo_r03,multi_nacl,0,NA,dual,10,nac_shelllat,NA,NA,42,415; 470,1.8;4,10; 30,1;2,g;g,20,0,60,20,470,NA,415,0.1,3,4,0,20,10,20,spout_extended,NA
2024_03_27_abo07,abo,abo07,3/27/2024,3,2024_03_27_abo_r03,multi_nacl,0,NA,dual,12,nac_corr,NA,NA,42,415; 470,1.8;4,10; 30,1;2,g;g,20,0,60,20,470,NA,415,0.1,3,4,0,20,10,20,spout_extended,NA
2024_03_27_abo07,abo,abo07,3/27/2024,3,2024_03_27_abo_r03,multi_nacl,0,NA,dual,3,nac,NA,NA,42,415; 470,1.8;4,10; 30,1;2,g;g,20,0,60,20,470,NA,415,0.1,3,4,0,20,10,20,spout_extended,NA
2024_03_27_abo07,abo,abo07,3/27/2024,3,2024_03_27_abo_r03,multi_nacl,0,NA,dual,4,dms,NA,NA,42,415; 470,1.8;4,10; 30,1;2,g;g,20,0,60,20,470,NA,415,0.1,3,4,0,20,10,20,spout_extended,NA
2024_03_27_abo07,abo,abo07,3/27/2024,3,2024_03_27_abo_r03,multi_nacl,0,NA,dual,5,dls,NA,NA,42,415; 470,1.8;4,10; 30,1;2,g;g,20,0,60,20,470,NA,415,0.1,3,4,0,20,10,20,spout_extended,NA
2024_03_27_abo07,abo,abo07,3/27/2024,3,2024_03_27_abo_r03,multi_nacl,0,NA,dual,6,ts,NA,NA,42,415; 470,1.8;4,10; 30,1;2,g;g,20,0,60,20,470,NA,415,0.1,3,4,0,20,10,20,spout_extended,NA
2024_03_27_abo08,abo,abo08,3/27/2024,4,2024_03_27_abo_r04,multi_nacl,0,NA,dual,5,nac_shelllat,NA,NA,42,415; 470,1.8;4,10; 30,1;2,g;g,20,0,60,20,470,NA,415,0.1,3,4,0,20,10,20,spout_extended,NA
2024_03_27_abo08,abo,abo08,3/27/2024,4,2024_03_27_abo_r04,multi_nacl,0,NA,dual,3,nac_corr,NA,NA,42,415; 470,1.8;4,10; 30,1;2,g;g,20,0,60,20,470,NA,415,0.1,3,4,0,20,10,20,spout_extended,NA
2024_03_27_abo08,abo,abo08,3/27/2024,4,2024_03_27_abo_r04,multi_nacl,0,NA,dual,12,nac,NA,NA,42,415; 470,1.8;4,10; 30,1;2,g;g,20,0,60,20,470,NA,415,0.1,3,4,0,20,10,20,spout_extended,NA
2024_03_27_abo08,abo,abo08,3/27/2024,4,2024_03_27_abo_r04,multi_nacl,0,NA,dual,6,dms,NA,NA,42,415; 470,1.8;4,10; 30,1;2,g;g,20,0,60,20,470,NA,415,0.1,3,4,0,20,10,20,spout_extended,NA
2024_03_27_abo08,abo,abo08,3/27/2024,4,2024_03_27_abo_r04,multi_nacl,0,NA,dual,4,dls,NA,NA,42,415; 470,1.8;4,10; 30,1;2,g;g,20,0,60,20,470,NA,415,0.1,3,4,0,20,10,20,spout_extended,NA
2024_03_27_abo08,abo,abo08,3/27/2024,4,2024_03_27_abo_r04,multi_nacl,0,NA,dual,10,ts,NA,NA,42,415; 470,1.8;4,10; 30,1;2,g;g,20,0,60,20,470,NA,415,0.1,3,4,0,20,10,20,spout_extended,NA
2024_03_28_abo05,abo,abo05,3/28/2024,1,2024_03_28_abo_r01,multi_nacl,0,NA,dual,3,nac_shelllat,NA,NA,42,415; 470,1.8;4,10; 30,1;2,g;g,20,0,60,20,470,NA,415,0.1,3,4,0,20,10,20,spout_extended,NA
2024_03_28_abo05,abo,abo05,3/28/2024,1,2024_03_28_abo_r01,multi_nacl,0,NA,dual,10,nac_corr,NA,NA,42,415; 470,1.8;4,10; 30,1;2,g;g,20,0,60,20,470,NA,415,0.1,3,4,0,20,10,20,spout_extended,NA
2024_03_28_abo05,abo,abo05,3/28/2024,1,2024_03_28_abo_r01,multi_nacl,0,NA,dual,5,nac,NA,NA,42,415; 470,1.8;4,10; 30,1;2,g;g,20,0,60,20,470,NA,415,0.1,3,4,0,20,10,20,spout_extended,NA
2024_03_28_abo05,abo,abo05,3/28/2024,1,2024_03_28_abo_r01,multi_nacl,0,NA,dual,12,dms,NA,NA,42,415; 470,1.8;4,10; 30,1;2,g;g,20,0,60,20,470,NA,415,0.1,3,4,0,20,10,20,spout_extended,NA
2024_03_28_abo05,abo,abo05,3/28/2024,1,2024_03_28_abo_r01,multi_nacl,0,NA,dual,6,dls,NA,NA,42,415; 470,1.8;4,10; 30,1;2,g;g,20,0,60,20,470,NA,415,0.1,3,4,0,20,10,20,spout_extended,NA
2024_03_28_abo05,abo,abo05,3/28/2024,1,2024_03_28_abo_r01,multi_nacl,0,NA,dual,4,ts,NA,NA,42,415; 470,1.8;4,10; 30,1;2,g;g,20,0,60,20,470,NA,415,0.1,3,4,0,20,10,20,spout_extended,NA
2024_03_28_abo06,abo,abo06,3/28/2024,2,2024_03_28_abo_r02,multi_nacl,0,NA,dual,4,nac_shelllat,NA,NA,42,415; 470,1.8;4,10; 30,1;2,g;g,20,0,60,20,470,NA,415,0.1,3,4,0,20,10,20,spout_extended,NA
2024_03_28_abo06,abo,abo06,3/28/2024,2,2024_03_28_abo_r02,multi_nacl,0,NA,dual,3,nac_corr,NA,NA,42,415; 470,1.8;4,10; 30,1;2,g;g,20,0,60,20,470,NA,415,0.1,3,4,0,20,10,20,spout_extended,NA
2024_03_28_abo06,abo,abo06,3/28/2024,2,2024_03_28_abo_r02,multi_nacl,0,NA,dual,5,nac,NA,NA,42,415; 470,1.8;4,10; 30,1;2,g;g,20,0,60,20,470,NA,415,0.1,3,4,0,20,10,20,spout_extended,NA
2024_03_28_abo06,abo,abo06,3/28/2024,2,2024_03_28_abo_r02,multi_nacl,0,NA,dual,10,dms,NA,NA,42,415; 470,1.8;4,10; 30,1;2,g;g,20,0,60,20,470,NA,415,0.1,3,4,0,20,10,20,spout_extended,NA
2024_03_28_abo06,abo,abo06,3/28/2024,2,2024_03_28_abo_r02,multi_nacl,0,NA,dual,6,dls,NA,NA,42,415; 470,1.8;4,10; 30,1;2,g;g,20,0,60,20,470,NA,415,0.1,3,4,0,20,10,20,spout_extended,NA
2024_03_28_abo06,abo,abo06,3/28/2024,2,2024_03_28_abo_r02,multi_nacl,0,NA,dual,12,ts,NA,NA,42,415; 470,1.8;4,10; 30,1;2,g;g,20,0,60,20,470,NA,415,0.1,3,4,0,20,10,20,spout_extended,NA
2024_03_28_abo07,abo,abo07,3/28/2024,3,2024_03_28_abo_r03,multi_nacl,0,NA,dual,12,nac_shelllat,NA,NA,42,415; 470,1.8;4,10; 30,1;2,g;g,20,0,60,20,470,NA,415,0.1,3,4,0,20,10,20,spout_extended,NA
2024_03_28_abo07,abo,abo07,3/28/2024,3,2024_03_28_abo_r03,multi_nacl,0,NA,dual,3,nac_corr,NA,NA,42,415; 470,1.8;4,10; 30,1;2,g;g,20,0,60,20,470,NA,415,0.1,3,4,0,20,10,20,spout_extended,NA
2024_03_28_abo07,abo,abo07,3/28/2024,3,2024_03_28_abo_r03,multi_nacl,0,NA,dual,4,nac,NA,NA,42,415; 470,1.8;4,10; 30,1;2,g;g,20,0,60,20,470,NA,415,0.1,3,4,0,20,10,20,spout_extended,NA
2024_03_28_abo07,abo,abo07,3/28/2024,3,2024_03_28_abo_r03,multi_nacl,0,NA,dual,6,dms,NA,NA,42,415; 470,1.8;4,10; 30,1;2,g;g,20,0,60,20,470,NA,415,0.1,3,4,0,20,10,20,spout_extended,NA
2024_03_28_abo07,abo,abo07,3/28/2024,3,2024_03_28_abo_r03,multi_nacl,0,NA,dual,10,dls,NA,NA,42,415; 470,1.8;4,10; 30,1;2,g;g,20,0,60,20,470,NA,415,0.1,3,4,0,20,10,20,spout_extended,NA
2024_03_28_abo07,abo,abo07,3/28/2024,3,2024_03_28_abo_r03,multi_nacl,0,NA,dual,5,ts,NA,NA,42,415; 470,1.8;4,10; 30,1;2,g;g,20,0,60,20,470,NA,415,0.1,3,4,0,20,10,20,spout_extended,NA
2024_03_28_abo08,abo,abo08,3/28/2024,4,2024_03_28_abo_r04,multi_nacl,0,NA,dual,4,nac_shelllat,NA,NA,42,415; 470,1.8;4,10; 30,1;2,g;g,20,0,60,20,470,NA,415,0.1,3,4,0,20,10,20,spout_extended,NA
2024_03_28_abo08,abo,abo08,3/28/2024,4,2024_03_28_abo_r04,multi_nacl,0,NA,dual,12,nac_corr,NA,NA,42,415; 470,1.8;4,10; 30,1;2,g;g,20,0,60,20,470,NA,415,0.1,3,4,0,20,10,20,spout_extended,NA
2024_03_28_abo08,abo,abo08,3/28/2024,4,2024_03_28_abo_r04,multi_nacl,0,NA,dual,5,nac,NA,NA,42,415; 470,1.8;4,10; 30,1;2,g;g,20,0,60,20,470,NA,415,0.1,3,4,0,20,10,20,spout_extended,NA
2024_03_28_abo08,abo,abo08,3/28/2024,4,2024_03_28_abo_r04,multi_nacl,0,NA,dual,10,dms,NA,NA,42,415; 470,1.8;4,10; 30,1;2,g;g,20,0,60,20,470,NA,415,0.1,3,4,0,20,10,20,spout_extended,NA
2024_03_28_abo08,abo,abo08,3/28/2024,4,2024_03_28_abo_r04,multi_nacl,0,NA,dual,6,dls,NA,NA,42,415; 470,1.8;4,10; 30,1;2,g;g,20,0,60,20,470,NA,415,0.1,3,4,0,20,10,20,spout_extended,NA
2024_03_28_abo08,abo,abo08,3/28/2024,4,2024_03_28_abo_r04,multi_nacl,0,NA,dual,3,ts,NA,NA,42,415; 470,1.8;4,10; 30,1;2,g;g,20,0,60,20,470,NA,415,0.1,3,4,0,20,10,20,spout_extended,NA
2024_03_29_abo05,abo,abo05,3/29/2024,1,2024_03_29_abo_r01,multi_nacl,0,NA,dual,10,nac_shelllat,NA,NA,42,415; 470,1.8;4,10; 30,1;2,g;g,20,0,60,20,470,NA,415,0.1,3,4,0,20,10,20,spout_extended,NA
2024_03_29_abo05,abo,abo05,3/29/2024,1,2024_03_29_abo_r01,multi_nacl,0,NA,dual,4,nac_corr,NA,NA,42,415; 470,1.8;4,10; 30,1;2,g;g,20,0,60,20,470,NA,415,0.1,3,4,0,20,10,20,spout_extended,NA
2024_03_29_abo05,abo,abo05,3/29/2024,1,2024_03_29_abo_r01,multi_nacl,0,NA,dual,3,nac,NA,NA,42,415; 470,1.8;4,10; 30,1;2,g;g,20,0,60,20,470,NA,415,0.1,3,4,0,20,10,20,spout_extended,NA
2024_03_29_abo05,abo,abo05,3/29/2024,1,2024_03_29_abo_r01,multi_nacl,0,NA,dual,6,dms,NA,NA,42,415; 470,1.8;4,10; 30,1;2,g;g,20,0,60,20,470,NA,415,0.1,3,4,0,20,10,20,spout_extended,NA
2024_03_29_abo05,abo,abo05,3/29/2024,1,2024_03_29_abo_r01,multi_nacl,0,NA,dual,5,dls,NA,NA,42,415; 470,1.8;4,10; 30,1;2,g;g,20,0,60,20,470,NA,415,0.1,3,4,0,20,10,20,spout_extended,NA
2024_03_29_abo05,abo,abo05,3/29/2024,1,2024_03_29_abo_r01,multi_nacl,0,NA,dual,12,ts,NA,NA,42,415; 470,1.8;4,10; 30,1;2,g;g,20,0,60,20,470,NA,415,0.1,3,4,0,20,10,20,spout_extended,NA
2024_03_29_abo06,abo,abo06,3/29/2024,2,2024_03_29_abo_r02,multi_nacl,0,NA,dual,10,nac_shelllat,NA,NA,42,415; 470,1.8;4,10; 30,1;2,g;g,20,0,60,20,470,NA,415,0.1,3,4,0,20,10,20,spout_extended,NA
2024_03_29_abo06,abo,abo06,3/29/2024,2,2024_03_29_abo_r02,multi_nacl,0,NA,dual,6,nac_corr,NA,NA,42,415; 470,1.8;4,10; 30,1;2,g;g,20,0,60,20,470,NA,415,0.1,3,4,0,20,10,20,spout_extended,NA
2024_03_29_abo06,abo,abo06,3/29/2024,2,2024_03_29_abo_r02,multi_nacl,0,NA,dual,4,nac,NA,NA,42,415; 470,1.8;4,10; 30,1;2,g;g,20,0,60,20,470,NA,415,0.1,3,4,0,20,10,20,spout_extended,NA
2024_03_29_abo06,abo,abo06,3/29/2024,2,2024_03_29_abo_r02,multi_nacl,0,NA,dual,12,dms,NA,NA,42,415; 470,1.8;4,10; 30,1;2,g;g,20,0,60,20,470,NA,415,0.1,3,4,0,20,10,20,spout_extended,NA
2024_03_29_abo06,abo,abo06,3/29/2024,2,2024_03_29_abo_r02,multi_nacl,0,NA,dual,5,dls,NA,NA,42,415; 470,1.8;4,10; 30,1;2,g;g,20,0,60,20,470,NA,415,0.1,3,4,0,20,10,20,spout_extended,NA
2024_03_29_abo06,abo,abo06,3/29/2024,2,2024_03_29_abo_r02,multi_nacl,0,NA,dual,3,ts,NA,NA,42,415; 470,1.8;4,10; 30,1;2,g;g,20,0,60,20,470,NA,415,0.1,3,4,0,20,10,20,spout_extended,NA
2024_03_29_abo07,abo,abo07,3/29/2024,3,2024_03_29_abo_r03,multi_nacl,0,NA,dual,3,nac_shelllat,NA,NA,42,415; 470,1.8;4,10; 30,1;2,g;g,20,0,60,20,470,NA,415,0.1,3,4,0,20,10,20,spout_extended,NA
2024_03_29_abo07,abo,abo07,3/29/2024,3,2024_03_29_abo_r03,multi_nacl,0,NA,dual,10,nac_corr,NA,NA,42,415; 470,1.8;4,10; 30,1;2,g;g,20,0,60,20,470,NA,415,0.1,3,4,0,20,10,20,spout_extended,NA
2024_03_29_abo07,abo,abo07,3/29/2024,3,2024_03_29_abo_r03,multi_nacl,0,NA,dual,5,nac,NA,NA,42,415; 470,1.8;4,10; 30,1;2,g;g,20,0,60,20,470,NA,415,0.1,3,4,0,20,10,20,spout_extended,NA
2024_03_29_abo07,abo,abo07,3/29/2024,3,2024_03_29_abo_r03,multi_nacl,0,NA,dual,12,dms,NA,NA,42,415; 470,1.8;4,10; 30,1;2,g;g,20,0,60,20,470,NA,415,0.1,3,4,0,20,10,20,spout_extended,NA
2024_03_29_abo07,abo,abo07,3/29/2024,3,2024_03_29_abo_r03,multi_nacl,0,NA,dual,6,dls,NA,NA,42,415; 470,1.8;4,10; 30,1;2,g;g,20,0,60,20,470,NA,415,0.1,3,4,0,20,10,20,spout_extended,NA
2024_03_29_abo07,abo,abo07,3/29/2024,3,2024_03_29_abo_r03,multi_nacl,0,NA,dual,4,ts,NA,NA,42,415; 470,1.8;4,10; 30,1;2,g;g,20,0,60,20,470,NA,415,0.1,3,4,0,20,10,20,spout_extended,NA
2024_03_29_abo08,abo,abo08,3/29/2024,4,2024_03_29_abo_r04,multi_nacl,0,NA,dual,12,nac_shelllat,NA,NA,42,415; 470,1.8;4,10; 30,1;2,g;g,20,0,60,20,470,NA,415,0.1,3,4,0,20,10,20,spout_extended,NA
2024_03_29_abo08,abo,abo08,3/29/2024,4,2024_03_29_abo_r04,multi_nacl,0,NA,dual,10,nac_corr,NA,NA,42,415; 470,1.8;4,10; 30,1;2,g;g,20,0,60,20,470,NA,415,0.1,3,4,0,20,10,20,spout_extended,NA
2024_03_29_abo08,abo,abo08,3/29/2024,4,2024_03_29_abo_r04,multi_nacl,0,NA,dual,6,nac,NA,NA,42,415; 470,1.8;4,10; 30,1;2,g;g,20,0,60,20,470,NA,415,0.1,3,4,0,20,10,20,spout_extended,NA
2024_03_29_abo08,abo,abo08,3/29/2024,4,2024_03_29_abo_r04,multi_nacl,0,NA,dual,5,dms,NA,NA,42,415; 470,1.8;4,10; 30,1;2,g;g,20,0,60,20,470,NA,415,0.1,3,4,0,20,10,20,spout_extended,NA
2024_03_29_abo08,abo,abo08,3/29/2024,4,2024_03_29_abo_r04,multi_nacl,0,NA,dual,3,dls,NA,NA,42,415; 470,1.8;4,10; 30,1;2,g;g,20,0,60,20,470,NA,415,0.1,3,4,0,20,10,20,spout_extended,NA
2024_03_29_abo08,abo,abo08,3/29/2024,4,2024_03_29_abo_r04,multi_nacl,0,NA,dual,4,ts,NA,NA,42,415; 470,1.8;4,10; 30,1;2,g;g,20,0,60,20,470,NA,415,0.1,3,4,0,20,10,20,spout_extended,NA
2024_04_15_acd05,acd,acd05,4/15/2024,1,2024_04_15_acd_r01,opto_characterization,0,NA,dual,12,nac_shelllat,opto_pulse,opto_trial,34,415; 470,1.8;4,10; 30,1;2,g;g,20,0,120,20,470,NA,415,0.1,3,4,0,20,10,20,trial_start,NA
2024_04_15_acd05,acd,acd05,4/15/2024,1,2024_04_15_acd_r01,opto_characterization,0,NA,dual,10,nac_corr,opto_pulse,opto_trial,34,415; 470,1.8;4,10; 30,1;2,g;g,20,0,120,20,470,NA,415,0.1,3,4,0,20,10,20,trial_start,NA
2024_04_15_acd05,acd,acd05,4/15/2024,1,2024_04_15_acd_r01,opto_characterization,0,NA,dual,6,nac,opto_pulse,opto_trial,34,415; 470,1.8;4,10; 30,1;2,g;g,20,0,120,20,470,NA,415,0.1,3,4,0,20,10,20,trial_start,NA
2024_04_15_acd05,acd,acd05,4/15/2024,1,2024_04_15_acd_r01,opto_characterization,0,NA,dual,5,dms,opto_pulse,opto_trial,34,415; 470,1.8;4,10; 30,1;2,g;g,20,0,120,20,470,NA,415,0.1,3,4,0,20,10,20,trial_start,NA
2024_04_15_acd05,acd,acd05,4/15/2024,1,2024_04_15_acd_r01,opto_characterization,0,NA,dual,4,dls,opto_pulse,opto_trial,34,415; 470,1.8;4,10; 30,1;2,g;g,20,0,120,20,470,NA,415,0.1,3,4,0,20,10,20,trial_start,NA
2024_04_15_acd05,acd,acd05,4/15/2024,1,2024_04_15_acd_r01,opto_characterization,0,NA,dual,3,ts,opto_pulse,opto_trial,34,415; 470,1.8;4,10; 30,1;2,g;g,20,0,120,20,470,NA,415,0.1,3,4,0,20,10,20,trial_start,NA
2024_04_15_acd06,acd,acd06,4/15/2024,2,2024_04_15_acd_r02,opto_characterization,0,NA,dual,10,nac_shelllat,opto_pulse,opto_trial,34,415; 470,1.8;4,10; 30,1;2,g;g,20,0,120,20,470,NA,415,0.1,3,4,0,20,10,20,trial_start,NA
2024_04_15_acd06,acd,acd06,4/15/2024,2,2024_04_15_acd_r02,opto_characterization,0,NA,dual,12,nac_corr,opto_pulse,opto_trial,34,415; 470,1.8;4,10; 30,1;2,g;g,20,0,120,20,470,NA,415,0.1,3,4,0,20,10,20,trial_start,NA
2024_04_15_acd06,acd,acd06,4/15/2024,2,2024_04_15_acd_r02,opto_characterization,0,NA,dual,5,nac,opto_pulse,opto_trial,34,415; 470,1.8;4,10; 30,1;2,g;g,20,0,120,20,470,NA,415,0.1,3,4,0,20,10,20,trial_start,NA
2024_04_15_acd06,acd,acd06,4/15/2024,2,2024_04_15_acd_r02,opto_characterization,0,NA,dual,3,dms,opto_pulse,opto_trial,34,415; 470,1.8;4,10; 30,1;2,g;g,20,0,120,20,470,NA,415,0.1,3,4,0,20,10,20,trial_start,NA
2024_04_15_acd06,acd,acd06,4/15/2024,2,2024_04_15_acd_r02,opto_characterization,0,NA,dual,6,dls,opto_pulse,opto_trial,34,415; 470,1.8;4,10; 30,1;2,g;g,20,0,120,20,470,NA,415,0.1,3,4,0,20,10,20,trial_start,NA
2024_04_15_acd06,acd,acd06,4/15/2024,2,2024_04_15_acd_r02,opto_characterization,0,NA,dual,4,ts,opto_pulse,opto_trial,34,415; 470,1.8;4,10; 30,1;2,g;g,20,0,120,20,470,NA,415,0.1,3,4,0,20,10,20,trial_start,NA
2024_04_15_acd07,acd,acd07,4/15/2024,3,2024_04_15_acd_r03,opto_characterization,0,NA,dual,6,nac_shelllat,opto_pulse,opto_trial,34,415; 470,1.8;4,10; 30,1;2,g;g,20,0,120,20,470,NA,415,0.1,3,4,0,20,10,20,trial_start,NA
2024_04_15_acd07,acd,acd07,4/15/2024,3,2024_04_15_acd_r03,opto_characterization,0,NA,dual,5,nac_corr,opto_pulse,opto_trial,34,415; 470,1.8;4,10; 30,1;2,g;g,20,0,120,20,470,NA,415,0.1,3,4,0,20,10,20,trial_start,NA
2024_04_15_acd07,acd,acd07,4/15/2024,3,2024_04_15_acd_r03,opto_characterization,0,NA,dual,3,nac,opto_pulse,opto_trial,34,415; 470,1.8;4,10; 30,1;2,g;g,20,0,120,20,470,NA,415,0.1,3,4,0,20,10,20,trial_start,NA
2024_04_15_acd07,acd,acd07,4/15/2024,3,2024_04_15_acd_r03,opto_characterization,0,NA,dual,4,dms,opto_pulse,opto_trial,34,415; 470,1.8;4,10; 30,1;2,g;g,20,0,120,20,470,NA,415,0.1,3,4,0,20,10,20,trial_start,NA
2024_04_15_acd07,acd,acd07,4/15/2024,3,2024_04_15_acd_r03,opto_characterization,0,NA,dual,10,dls,opto_pulse,opto_trial,34,415; 470,1.8;4,10; 30,1;2,g;g,20,0,120,20,470,NA,415,0.1,3,4,0,20,10,20,trial_start,NA
2024_04_15_acd07,acd,acd07,4/15/2024,3,2024_04_15_acd_r03,opto_characterization,0,NA,dual,12,ts,opto_pulse,opto_trial,34,415; 470,1.8;4,10; 30,1;2,g;g,20,0,120,20,470,NA,415,0.1,3,4,0,20,10,20,trial_start,NA
2024_04_15_acd08,acd,acd08,4/15/2024,4,2024_04_15_acd_r04,opto_characterization,0,NA,dual,5,nac_shelllat,opto_pulse,opto_trial,34,415; 470,1.8;4,10; 30,1;2,g;g,20,0,120,20,470,NA,415,0.1,3,4,0,20,10,20,trial_start,NA
2024_04_15_acd08,acd,acd08,4/15/2024,4,2024_04_15_acd_r04,opto_characterization,0,NA,dual,3,nac_corr,opto_pulse,opto_trial,34,415; 470,1.8;4,10; 30,1;2,g;g,20,0,120,20,470,NA,415,0.1,3,4,0,20,10,20,trial_start,NA
2024_04_15_acd08,acd,acd08,4/15/2024,4,2024_04_15_acd_r04,opto_characterization,0,NA,dual,4,nac,opto_pulse,opto_trial,34,415; 470,1.8;4,10; 30,1;2,g;g,20,0,120,20,470,NA,415,0.1,3,4,0,20,10,20,trial_start,NA
2024_04_15_acd08,acd,acd08,4/15/2024,4,2024_04_15_acd_r04,opto_characterization,0,NA,dual,6,dms,opto_pulse,opto_trial,34,415; 470,1.8;4,10; 30,1;2,g;g,20,0,120,20,470,NA,415,0.1,3,4,0,20,10,20,trial_start,NA
2024_04_15_acd08,acd,acd08,4/15/2024,4,2024_04_15_acd_r04,opto_characterization,0,NA,dual,12,dls,opto_pulse,opto_trial,34,415; 470,1.8;4,10; 30,1;2,g;g,20,0,120,20,470,NA,415,0.1,3,4,0,20,10,20,trial_start,NA
2024_04_15_acd08,acd,acd08,4/15/2024,4,2024_04_15_acd_r04,opto_characterization,0,NA,dual,10,ts,opto_pulse,opto_trial,34,415; 470,1.8;4,10; 30,1;2,g;g,20,0,120,20,470,NA,415,0.1,3,4,0,20,10,20,trial_start,NA
2024_04_15_acd09,acd,acd09,4/15/2024,5,2024_04_15_acd_r05,opto_characterization,0,NA,dual,4,nac_shelllat,opto_pulse,opto_trial,34,415; 470,1.8;4,10; 30,1;2,g;g,20,0,120,20,470,NA,415,0.1,3,4,0,20,10,20,trial_start,NA
2024_04_15_acd09,acd,acd09,4/15/2024,5,2024_04_15_acd_r05,opto_characterization,0,NA,dual,6,nac_corr,opto_pulse,opto_trial,34,415; 470,1.8;4,10; 30,1;2,g;g,20,0,120,20,470,NA,415,0.1,3,4,0,20,10,20,trial_start,NA
2024_04_15_acd09,acd,acd09,4/15/2024,5,2024_04_15_acd_r05,opto_characterization,0,NA,dual,10,nac,opto_pulse,opto_trial,34,415; 470,1.8;4,10; 30,1;2,g;g,20,0,120,20,470,NA,415,0.1,3,4,0,20,10,20,trial_start,NA
2024_04_15_acd09,acd,acd09,4/15/2024,5,2024_04_15_acd_r05,opto_characterization,0,NA,dual,12,dms,opto_pulse,opto_trial,34,415; 470,1.8;4,10; 30,1;2,g;g,20,0,120,20,470,NA,415,0.1,3,4,0,20,10,20,trial_start,NA
2024_04_15_acd09,acd,acd09,4/15/2024,5,2024_04_15_acd_r05,opto_characterization,0,NA,dual,3,dls,opto_pulse,opto_trial,34,415; 470,1.8;4,10; 30,1;2,g;g,20,0,120,20,470,NA,415,0.1,3,4,0,20,10,20,trial_start,NA
2024_04_15_acd09,acd,acd09,4/15/2024,5,2024_04_15_acd_r05,opto_characterization,0,NA,dual,5,ts,opto_pulse,opto_trial,34,415; 470,1.8;4,10; 30,1;2,g;g,20,0,120,20,470,NA,415,0.1,3,4,0,20,10,20,trial_start,NA
2024_04_15_acd10,acd,acd10,4/15/2024,6,2024_04_15_acd_r06,opto_characterization,0,NA,dual,3,nac_shelllat,opto_pulse,opto_trial,34,415; 470,1.8;4,10; 30,1;2,g;g,20,0,120,20,470,NA,415,0.1,3,4,0,20,10,20,trial_start,NA
2024_04_15_acd10,acd,acd10,4/15/2024,6,2024_04_15_acd_r06,opto_characterization,0,NA,dual,4,nac_corr,opto_pulse,opto_trial,34,415; 470,1.8;4,10; 30,1;2,g;g,20,0,120,20,470,NA,415,0.1,3,4,0,20,10,20,trial_start,NA
2024_04_15_acd10,acd,acd10,4/15/2024,6,2024_04_15_acd_r06,opto_characterization,0,NA,dual,12,nac,opto_pulse,opto_trial,34,415; 470,1.8;4,10; 30,1;2,g;g,20,0,120,20,470,NA,415,0.1,3,4,0,20,10,20,trial_start,NA
2024_04_15_acd10,acd,acd10,4/15/2024,6,2024_04_15_acd_r06,opto_characterization,0,NA,dual,10,dms,opto_pulse,opto_trial,34,415; 470,1.8;4,10; 30,1;2,g;g,20,0,120,20,470,NA,415,0.1,3,4,0,20,10,20,trial_start,NA
2024_04_15_acd10,acd,acd10,4/15/2024,6,2024_04_15_acd_r06,opto_characterization,0,NA,dual,5,dls,opto_pulse,opto_trial,34,415; 470,1.8;4,10; 30,1;2,g;g,20,0,120,20,470,NA,415,0.1,3,4,0,20,10,20,trial_start,NA
2024_04_15_acd10,acd,acd10,4/15/2024,6,2024_04_15_acd_r06,opto_characterization,0,NA,dual,6,ts,opto_pulse,opto_trial,34,415; 470,1.8;4,10; 30,1;2,g;g,20,0,120,20,470,NA,415,0.1,3,4,0,20,10,20,trial_start,NA
2024_04_16_acd05,acd,acd05,4/16/2024,1,2024_04_16_acd_r01,opto_characterization,0,NA,dual,10,nac_shelllat,opto_pulse,opto_trial,34,415; 470,1.8;4,10; 30,1;2,g;g,20,0,120,20,470,NA,415,0.1,3,4,0,20,10,20,trial_start,NA
2024_04_16_acd05,acd,acd05,4/16/2024,1,2024_04_16_acd_r01,opto_characterization,0,NA,dual,12,nac_corr,opto_pulse,opto_trial,34,415; 470,1.8;4,10; 30,1;2,g;g,20,0,120,20,470,NA,415,0.1,3,4,0,20,10,20,trial_start,NA
2024_04_16_acd05,acd,acd05,4/16/2024,1,2024_04_16_acd_r01,opto_characterization,0,NA,dual,5,nac,opto_pulse,opto_trial,34,415; 470,1.8;4,10; 30,1;2,g;g,20,0,120,20,470,NA,415,0.1,3,4,0,20,10,20,trial_start,NA
2024_04_16_acd05,acd,acd05,4/16/2024,1,2024_04_16_acd_r01,opto_characterization,0,NA,dual,3,dms,opto_pulse,opto_trial,34,415; 470,1.8;4,10; 30,1;2,g;g,20,0,120,20,470,NA,415,0.1,3,4,0,20,10,20,trial_start,NA
2024_04_16_acd05,acd,acd05,4/16/2024,1,2024_04_16_acd_r01,opto_characterization,0,NA,dual,6,dls,opto_pulse,opto_trial,34,415; 470,1.8;4,10; 30,1;2,g;g,20,0,120,20,470,NA,415,0.1,3,4,0,20,10,20,trial_start,NA
2024_04_16_acd05,acd,acd05,4/16/2024,1,2024_04_16_acd_r01,opto_characterization,0,NA,dual,4,ts,opto_pulse,opto_trial,34,415; 470,1.8;4,10; 30,1;2,g;g,20,0,120,20,470,NA,415,0.1,3,4,0,20,10,20,trial_start,NA
2024_04_16_acd06,acd,acd06,4/16/2024,2,2024_04_16_acd_r02,opto_characterization,0,NA,dual,6,nac_shelllat,opto_pulse,opto_trial,34,415; 470,1.8;4,10; 30,1;2,g;g,20,0,120,20,470,NA,415,0.1,3,4,0,20,10,20,trial_start,NA
2024_04_16_acd06,acd,acd06,4/16/2024,2,2024_04_16_acd_r02,opto_characterization,0,NA,dual,5,nac_corr,opto_pulse,opto_trial,34,415; 470,1.8;4,10; 30,1;2,g;g,20,0,120,20,470,NA,415,0.1,3,4,0,20,10,20,trial_start,NA
2024_04_16_acd06,acd,acd06,4/16/2024,2,2024_04_16_acd_r02,opto_characterization,0,NA,dual,3,nac,opto_pulse,opto_trial,34,415; 470,1.8;4,10; 30,1;2,g;g,20,0,120,20,470,NA,415,0.1,3,4,0,20,10,20,trial_start,NA
2024_04_16_acd06,acd,acd06,4/16/2024,2,2024_04_16_acd_r02,opto_characterization,0,NA,dual,4,dms,opto_pulse,opto_trial,34,415; 470,1.8;4,10; 30,1;2,g;g,20,0,120,20,470,NA,415,0.1,3,4,0,20,10,20,trial_start,NA
2024_04_16_acd06,acd,acd06,4/16/2024,2,2024_04_16_acd_r02,opto_characterization,0,NA,dual,10,dls,opto_pulse,opto_trial,34,415; 470,1.8;4,10; 30,1;2,g;g,20,0,120,20,470,NA,415,0.1,3,4,0,20,10,20,trial_start,NA
2024_04_16_acd06,acd,acd06,4/16/2024,2,2024_04_16_acd_r02,opto_characterization,0,NA,dual,12,ts,opto_pulse,opto_trial,34,415; 470,1.8;4,10; 30,1;2,g;g,20,0,120,20,470,NA,415,0.1,3,4,0,20,10,20,trial_start,NA
2024_04_16_acd07,acd,acd07,4/16/2024,3,2024_04_16_acd_r03,opto_characterization,0,NA,dual,5,nac_shelllat,opto_pulse,opto_trial,34,415; 470,1.8;4,10; 30,1;2,g;g,20,0,120,20,470,NA,415,0.1,3,4,0,20,10,20,trial_start,NA
2024_04_16_acd07,acd,acd07,4/16/2024,3,2024_04_16_acd_r03,opto_characterization,0,NA,dual,3,nac_corr,opto_pulse,opto_trial,34,415; 470,1.8;4,10; 30,1;2,g;g,20,0,120,20,470,NA,415,0.1,3,4,0,20,10,20,trial_start,NA
2024_04_16_acd07,acd,acd07,4/16/2024,3,2024_04_16_acd_r03,opto_characterization,0,NA,dual,4,nac,opto_pulse,opto_trial,34,415; 470,1.8;4,10; 30,1;2,g;g,20,0,120,20,470,NA,415,0.1,3,4,0,20,10,20,trial_start,NA
2024_04_16_acd07,acd,acd07,4/16/2024,3,2024_04_16_acd_r03,opto_characterization,0,NA,dual,6,dms,opto_pulse,opto_trial,34,415; 470,1.8;4,10; 30,1;2,g;g,20,0,120,20,470,NA,415,0.1,3,4,0,20,10,20,trial_start,NA
2024_04_16_acd07,acd,acd07,4/16/2024,3,2024_04_16_acd_r03,opto_characterization,0,NA,dual,12,dls,opto_pulse,opto_trial,34,415; 470,1.8;4,10; 30,1;2,g;g,20,0,120,20,470,NA,415,0.1,3,4,0,20,10,20,trial_start,NA
2024_04_16_acd07,acd,acd07,4/16/2024,3,2024_04_16_acd_r03,opto_characterization,0,NA,dual,10,ts,opto_pulse,opto_trial,34,415; 470,1.8;4,10; 30,1;2,g;g,20,0,120,20,470,NA,415,0.1,3,4,0,20,10,20,trial_start,NA
2024_04_16_acd08,acd,acd08,4/16/2024,4,2024_04_16_acd_r04,opto_characterization,0,NA,dual,4,nac_shelllat,opto_pulse,opto_trial,34,415; 470,1.8;4,10; 30,1;2,g;g,20,0,120,20,470,NA,415,0.1,3,4,0,20,10,20,trial_start,NA
2024_04_16_acd08,acd,acd08,4/16/2024,4,2024_04_16_acd_r04,opto_characterization,0,NA,dual,6,nac_corr,opto_pulse,opto_trial,34,415; 470,1.8;4,10; 30,1;2,g;g,20,0,120,20,470,NA,415,0.1,3,4,0,20,10,20,trial_start,NA
2024_04_16_acd08,acd,acd08,4/16/2024,4,2024_04_16_acd_r04,opto_characterization,0,NA,dual,10,nac,opto_pulse,opto_trial,34,415; 470,1.8;4,10; 30,1;2,g;g,20,0,120,20,470,NA,415,0.1,3,4,0,20,10,20,trial_start,NA
2024_04_16_acd08,acd,acd08,4/16/2024,4,2024_04_16_acd_r04,opto_characterization,0,NA,dual,12,dms,opto_pulse,opto_trial,34,415; 470,1.8;4,10; 30,1;2,g;g,20,0,120,20,470,NA,415,0.1,3,4,0,20,10,20,trial_start,NA
2024_04_16_acd08,acd,acd08,4/16/2024,4,2024_04_16_acd_r04,opto_characterization,0,NA,dual,3,dls,opto_pulse,opto_trial,34,415; 470,1.8;4,10; 30,1;2,g;g,20,0,120,20,470,NA,415,0.1,3,4,0,20,10,20,trial_start,NA
2024_04_16_acd08,acd,acd08,4/16/2024,4,2024_04_16_acd_r04,opto_characterization,0,NA,dual,5,ts,opto_pulse,opto_trial,34,415; 470,1.8;4,10; 30,1;2,g;g,20,0,120,20,470,NA,415,0.1,3,4,0,20,10,20,trial_start,NA
2024_04_16_acd09,acd,acd09,4/16/2024,5,2024_04_16_acd_r05,opto_characterization,0,NA,dual,3,nac_shelllat,opto_pulse,opto_trial,34,415; 470,1.8;4,10; 30,1;2,g;g,20,0,120,20,470,NA,415,0.1,3,4,0,20,10,20,trial_start,NA
2024_04_16_acd09,acd,acd09,4/16/2024,5,2024_04_16_acd_r05,opto_characterization,0,NA,dual,4,nac_corr,opto_pulse,opto_trial,34,415; 470,1.8;4,10; 30,1;2,g;g,20,0,120,20,470,NA,415,0.1,3,4,0,20,10,20,trial_start,NA
2024_04_16_acd09,acd,acd09,4/16/2024,5,2024_04_16_acd_r05,opto_characterization,0,NA,dual,12,nac,opto_pulse,opto_trial,34,415; 470,1.8;4,10; 30,1;2,g;g,20,0,120,20,470,NA,415,0.1,3,4,0,20,10,20,trial_start,NA
2024_04_16_acd09,acd,acd09,4/16/2024,5,2024_04_16_acd_r05,opto_characterization,0,NA,dual,10,dms,opto_pulse,opto_trial,34,415; 470,1.8;4,10; 30,1;2,g;g,20,0,120,20,470,NA,415,0.1,3,4,0,20,10,20,trial_start,NA
2024_04_16_acd09,acd,acd09,4/16/2024,5,2024_04_16_acd_r05,opto_characterization,0,NA,dual,5,dls,opto_pulse,opto_trial,34,415; 470,1.8;4,10; 30,1;2,g;g,20,0,120,20,470,NA,415,0.1,3,4,0,20,10,20,trial_start,NA
2024_04_16_acd09,acd,acd09,4/16/2024,5,2024_04_16_acd_r05,opto_characterization,0,NA,dual,6,ts,opto_pulse,opto_trial,34,415; 470,1.8;4,10; 30,1;2,g;g,20,0,120,20,470,NA,415,0.1,3,4,0,20,10,20,trial_start,NA
2024_04_16_acd10,acd,acd10,4/16/2024,6,2024_04_16_acd_r06,opto_characterization,0,NA,dual,12,nac_shelllat,opto_pulse,opto_trial,34,415; 470,1.8;4,10; 30,1;2,g;g,20,0,120,20,470,NA,415,0.1,3,4,0,20,10,20,trial_start,NA
2024_04_16_acd10,acd,acd10,4/16/2024,6,2024_04_16_acd_r06,opto_characterization,0,NA,dual,10,nac_corr,opto_pulse,opto_trial,34,415; 470,1.8;4,10; 30,1;2,g;g,20,0,120,20,470,NA,415,0.1,3,4,0,20,10,20,trial_start,NA
2024_04_16_acd10,acd,acd10,4/16/2024,6,2024_04_16_acd_r06,opto_characterization,0,NA,dual,6,nac,opto_pulse,opto_trial,34,415; 470,1.8;4,10; 30,1;2,g;g,20,0,120,20,470,NA,415,0.1,3,4,0,20,10,20,trial_start,NA
2024_04_16_acd10,acd,acd10,4/16/2024,6,2024_04_16_acd_r06,opto_characterization,0,NA,dual,5,dms,opto_pulse,opto_trial,34,415; 470,1.8;4,10; 30,1;2,g;g,20,0,120,20,470,NA,415,0.1,3,4,0,20,10,20,trial_start,NA
2024_04_16_acd10,acd,acd10,4/16/2024,6,2024_04_16_acd_r06,opto_characterization,0,NA,dual,4,dls,opto_pulse,opto_trial,34,415; 470,1.8;4,10; 30,1;2,g;g,20,0,120,20,470,NA,415,0.1,3,4,0,20,10,20,trial_start,NA
2024_04_16_acd10,acd,acd10,4/16/2024,6,2024_04_16_acd_r06,opto_characterization,0,NA,dual,3,ts,opto_pulse,opto_trial,34,415; 470,1.8;4,10; 30,1;2,g;g,20,0,120,20,470,NA,415,0.1,3,4,0,20,10,20,trial_start,NA
2024_04_17_acd05,acd,acd05,4/17/2024,1,2024_04_17_acd_r01,opto_characterization,0,NA,dual,6,nac_shelllat,opto_pulse,opto_trial,34,415; 470,1.8;4,10; 30,1;2,g;g,20,0,120,20,470,NA,415,0.1,3,4,0,20,10,20,trial_start,NA
2024_04_17_acd05,acd,acd05,4/17/2024,1,2024_04_17_acd_r01,opto_characterization,0,NA,dual,5,nac_corr,opto_pulse,opto_trial,34,415; 470,1.8;4,10; 30,1;2,g;g,20,0,120,20,470,NA,415,0.1,3,4,0,20,10,20,trial_start,NA
2024_04_17_acd05,acd,acd05,4/17/2024,1,2024_04_17_acd_r01,opto_characterization,0,NA,dual,3,nac,opto_pulse,opto_trial,34,415; 470,1.8;4,10; 30,1;2,g;g,20,0,120,20,470,NA,415,0.1,3,4,0,20,10,20,trial_start,NA
2024_04_17_acd05,acd,acd05,4/17/2024,1,2024_04_17_acd_r01,opto_characterization,0,NA,dual,4,dms,opto_pulse,opto_trial,34,415; 470,1.8;4,10; 30,1;2,g;g,20,0,120,20,470,NA,415,0.1,3,4,0,20,10,20,trial_start,NA
2024_04_17_acd05,acd,acd05,4/17/2024,1,2024_04_17_acd_r01,opto_characterization,0,NA,dual,10,dls,opto_pulse,opto_trial,34,415; 470,1.8;4,10; 30,1;2,g;g,20,0,120,20,470,NA,415,0.1,3,4,0,20,10,20,trial_start,NA
2024_04_17_acd05,acd,acd05,4/17/2024,1,2024_04_17_acd_r01,opto_characterization,0,NA,dual,12,ts,opto_pulse,opto_trial,34,415; 470,1.8;4,10; 30,1;2,g;g,20,0,120,20,470,NA,415,0.1,3,4,0,20,10,20,trial_start,NA
2024_04_17_acd06,acd,acd06,4/17/2024,2,2024_04_17_acd_r02,opto_characterization,0,NA,dual,5,nac_shelllat,opto_pulse,opto_trial,34,415; 470,1.8;4,10; 30,1;2,g;g,20,0,120,20,470,NA,415,0.1,3,4,0,20,10,20,trial_start,NA
2024_04_17_acd06,acd,acd06,4/17/2024,2,2024_04_17_acd_r02,opto_characterization,0,NA,dual,3,nac_corr,opto_pulse,opto_trial,34,415; 470,1.8;4,10; 30,1;2,g;g,20,0,120,20,470,NA,415,0.1,3,4,0,20,10,20,trial_start,NA
2024_04_17_acd06,acd,acd06,4/17/2024,2,2024_04_17_acd_r02,opto_characterization,0,NA,dual,4,nac,opto_pulse,opto_trial,34,415; 470,1.8;4,10; 30,1;2,g;g,20,0,120,20,470,NA,415,0.1,3,4,0,20,10,20,trial_start,NA
2024_04_17_acd06,acd,acd06,4/17/2024,2,2024_04_17_acd_r02,opto_characterization,0,NA,dual,6,dms,opto_pulse,opto_trial,34,415; 470,1.8;4,10; 30,1;2,g;g,20,0,120,20,470,NA,415,0.1,3,4,0,20,10,20,trial_start,NA
2024_04_17_acd06,acd,acd06,4/17/2024,2,2024_04_17_acd_r02,opto_characterization,0,NA,dual,12,dls,opto_pulse,opto_trial,34,415; 470,1.8;4,10; 30,1;2,g;g,20,0,120,20,470,NA,415,0.1,3,4,0,20,10,20,trial_start,NA
2024_04_17_acd06,acd,acd06,4/17/2024,2,2024_04_17_acd_r02,opto_characterization,0,NA,dual,10,ts,opto_pulse,opto_trial,34,415; 470,1.8;4,10; 30,1;2,g;g,20,0,120,20,470,NA,415,0.1,3,4,0,20,10,20,trial_start,NA
2024_04_17_acd07,acd,acd07,4/17/2024,3,2024_04_17_acd_r03,opto_characterization,0,NA,dual,4,nac_shelllat,opto_pulse,opto_trial,34,415; 470,1.8;4,10; 30,1;2,g;g,20,0,120,20,470,NA,415,0.1,3,4,0,20,10,20,trial_start,NA
2024_04_17_acd07,acd,acd07,4/17/2024,3,2024_04_17_acd_r03,opto_characterization,0,NA,dual,6,nac_corr,opto_pulse,opto_trial,34,415; 470,1.8;4,10; 30,1;2,g;g,20,0,120,20,470,NA,415,0.1,3,4,0,20,10,20,trial_start,NA
2024_04_17_acd07,acd,acd07,4/17/2024,3,2024_04_17_acd_r03,opto_characterization,0,NA,dual,10,nac,opto_pulse,opto_trial,34,415; 470,1.8;4,10; 30,1;2,g;g,20,0,120,20,470,NA,415,0.1,3,4,0,20,10,20,trial_start,NA
2024_04_17_acd07,acd,acd07,4/17/2024,3,2024_04_17_acd_r03,opto_characterization,0,NA,dual,12,dms,opto_pulse,opto_trial,34,415; 470,1.8;4,10; 30,1;2,g;g,20,0,120,20,470,NA,415,0.1,3,4,0,20,10,20,trial_start,NA
2024_04_17_acd07,acd,acd07,4/17/2024,3,2024_04_17_acd_r03,opto_characterization,0,NA,dual,3,dls,opto_pulse,opto_trial,34,415; 470,1.8;4,10; 30,1;2,g;g,20,0,120,20,470,NA,415,0.1,3,4,0,20,10,20,trial_start,NA
2024_04_17_acd07,acd,acd07,4/17/2024,3,2024_04_17_acd_r03,opto_characterization,0,NA,dual,5,ts,opto_pulse,opto_trial,34,415; 470,1.8;4,10; 30,1;2,g;g,20,0,120,20,470,NA,415,0.1,3,4,0,20,10,20,trial_start,NA
2024_04_17_acd08,acd,acd08,4/17/2024,4,2024_04_17_acd_r04,opto_characterization,0,NA,dual,3,nac_shelllat,opto_pulse,opto_trial,34,415; 470,1.8;4,10; 30,1;2,g;g,20,0,120,20,470,NA,415,0.1,3,4,0,20,10,20,trial_start,NA
2024_04_17_acd08,acd,acd08,4/17/2024,4,2024_04_17_acd_r04,opto_characterization,0,NA,dual,4,nac_corr,opto_pulse,opto_trial,34,415; 470,1.8;4,10; 30,1;2,g;g,20,0,120,20,470,NA,415,0.1,3,4,0,20,10,20,trial_start,NA
2024_04_17_acd08,acd,acd08,4/17/2024,4,2024_04_17_acd_r04,opto_characterization,0,NA,dual,12,nac,opto_pulse,opto_trial,34,415; 470,1.8;4,10; 30,1;2,g;g,20,0,120,20,470,NA,415,0.1,3,4,0,20,10,20,trial_start,NA
2024_04_17_acd08,acd,acd08,4/17/2024,4,2024_04_17_acd_r04,opto_characterization,0,NA,dual,10,dms,opto_pulse,opto_trial,34,415; 470,1.8;4,10; 30,1;2,g;g,20,0,120,20,470,NA,415,0.1,3,4,0,20,10,20,trial_start,NA
2024_04_17_acd08,acd,acd08,4/17/2024,4,2024_04_17_acd_r04,opto_characterization,0,NA,dual,5,dls,opto_pulse,opto_trial,34,415; 470,1.8;4,10; 30,1;2,g;g,20,0,120,20,470,NA,415,0.1,3,4,0,20,10,20,trial_start,NA
2024_04_17_acd08,acd,acd08,4/17/2024,4,2024_04_17_acd_r04,opto_characterization,0,NA,dual,6,ts,opto_pulse,opto_trial,34,415; 470,1.8;4,10; 30,1;2,g;g,20,0,120,20,470,NA,415,0.1,3,4,0,20,10,20,trial_start,NA
2024_04_17_acd09,acd,acd09,4/17/2024,5,2024_04_17_acd_r05,opto_characterization,0,NA,dual,12,nac_shelllat,opto_pulse,opto_trial,34,415; 470,1.8;4,10; 30,1;2,g;g,20,0,120,20,470,NA,415,0.1,3,4,0,20,10,20,trial_start,NA
2024_04_17_acd09,acd,acd09,4/17/2024,5,2024_04_17_acd_r05,opto_characterization,0,NA,dual,10,nac_corr,opto_pulse,opto_trial,34,415; 470,1.8;4,10; 30,1;2,g;g,20,0,120,20,470,NA,415,0.1,3,4,0,20,10,20,trial_start,NA
2024_04_17_acd09,acd,acd09,4/17/2024,5,2024_04_17_acd_r05,opto_characterization,0,NA,dual,6,nac,opto_pulse,opto_trial,34,415; 470,1.8;4,10; 30,1;2,g;g,20,0,120,20,470,NA,415,0.1,3,4,0,20,10,20,trial_start,NA
2024_04_17_acd09,acd,acd09,4/17/2024,5,2024_04_17_acd_r05,opto_characterization,0,NA,dual,5,dms,opto_pulse,opto_trial,34,415; 470,1.8;4,10; 30,1;2,g;g,20,0,120,20,470,NA,415,0.1,3,4,0,20,10,20,trial_start,NA
2024_04_17_acd09,acd,acd09,4/17/2024,5,2024_04_17_acd_r05,opto_characterization,0,NA,dual,4,dls,opto_pulse,opto_trial,34,415; 470,1.8;4,10; 30,1;2,g;g,20,0,120,20,470,NA,415,0.1,3,4,0,20,10,20,trial_start,NA
2024_04_17_acd09,acd,acd09,4/17/2024,5,2024_04_17_acd_r05,opto_characterization,0,NA,dual,3,ts,opto_pulse,opto_trial,34,415; 470,1.8;4,10; 30,1;2,g;g,20,0,120,20,470,NA,415,0.1,3,4,0,20,10,20,trial_start,NA
2024_04_17_acd10,acd,acd10,4/17/2024,6,2024_04_17_acd_r06,opto_characterization,0,NA,dual,10,nac_shelllat,opto_pulse,opto_trial,34,415; 470,1.8;4,10; 30,1;2,g;g,20,0,120,20,470,NA,415,0.1,3,4,0,20,10,20,trial_start,NA
2024_04_17_acd10,acd,acd10,4/17/2024,6,2024_04_17_acd_r06,opto_characterization,0,NA,dual,12,nac_corr,opto_pulse,opto_trial,34,415; 470,1.8;4,10; 30,1;2,g;g,20,0,120,20,470,NA,415,0.1,3,4,0,20,10,20,trial_start,NA
2024_04_17_acd10,acd,acd10,4/17/2024,6,2024_04_17_acd_r06,opto_characterization,0,NA,dual,5,nac,opto_pulse,opto_trial,34,415; 470,1.8;4,10; 30,1;2,g;g,20,0,120,20,470,NA,415,0.1,3,4,0,20,10,20,trial_start,NA
2024_04_17_acd10,acd,acd10,4/17/2024,6,2024_04_17_acd_r06,opto_characterization,0,NA,dual,3,dms,opto_pulse,opto_trial,34,415; 470,1.8;4,10; 30,1;2,g;g,20,0,120,20,470,NA,415,0.1,3,4,0,20,10,20,trial_start,NA
2024_04_17_acd10,acd,acd10,4/17/2024,6,2024_04_17_acd_r06,opto_characterization,0,NA,dual,6,dls,opto_pulse,opto_trial,34,415; 470,1.8;4,10; 30,1;2,g;g,20,0,120,20,470,NA,415,0.1,3,4,0,20,10,20,trial_start,NA
2024_04_17_acd10,acd,acd10,4/17/2024,6,2024_04_17_acd_r06,opto_characterization,0,NA,dual,4,ts,opto_pulse,opto_trial,34,415; 470,1.8;4,10; 30,1;2,g;g,20,0,120,20,470,NA,415,0.1,3,4,0,20,10,20,trial_start,NA
2024_05_07_acd01,acd,acd01,5/7/2024,1,2024_05_07_acd_r01,multi_s,0,NA,dual,4,nac_shelllat,NA,NA,42,415; 470,1.8;4,10; 30,1;2,g;g,20,0,120,20,470,NA,415,0.1,3,4,0,20,10,20,spout_extended,NA
2024_05_07_acd01,acd,acd01,5/7/2024,1,2024_05_07_acd_r01,multi_s,0,NA,dual,6,nac_corr,NA,NA,42,415; 470,1.8;4,10; 30,1;2,g;g,20,0,120,20,470,NA,415,0.1,3,4,0,20,10,20,spout_extended,NA
2024_05_07_acd01,acd,acd01,5/7/2024,1,2024_05_07_acd_r01,multi_s,0,NA,dual,10,nac,NA,NA,42,415; 470,1.8;4,10; 30,1;2,g;g,20,0,120,20,470,NA,415,0.1,3,4,0,20,10,20,spout_extended,NA
2024_05_07_acd01,acd,acd01,5/7/2024,1,2024_05_07_acd_r01,multi_s,0,NA,dual,12,dms,NA,NA,42,415; 470,1.8;4,10; 30,1;2,g;g,20,0,120,20,470,NA,415,0.1,3,4,0,20,10,20,spout_extended,NA
2024_05_07_acd01,acd,acd01,5/7/2024,1,2024_05_07_acd_r01,multi_s,0,NA,dual,3,dls,NA,NA,42,415; 470,1.8;4,10; 30,1;2,g;g,20,0,120,20,470,NA,415,0.1,3,4,0,20,10,20,spout_extended,NA
2024_05_07_acd01,acd,acd01,5/7/2024,1,2024_05_07_acd_r01,multi_s,0,NA,dual,5,ts,NA,NA,42,415; 470,1.8;4,10; 30,1;2,g;g,20,0,120,20,470,NA,415,0.1,3,4,0,20,10,20,spout_extended,NA
2024_05_07_acd02,acd,acd02,5/7/2024,2,2024_05_07_acd_r02,multi_s,0,NA,dual,3,nac_shelllat,NA,NA,42,415; 470,1.8;4,10; 30,1;2,g;g,20,0,120,20,470,NA,415,0.1,3,4,0,20,10,20,spout_extended,NA
2024_05_07_acd02,acd,acd02,5/7/2024,2,2024_05_07_acd_r02,multi_s,0,NA,dual,4,nac_corr,NA,NA,42,415; 470,1.8;4,10; 30,1;2,g;g,20,0,120,20,470,NA,415,0.1,3,4,0,20,10,20,spout_extended,NA
2024_05_07_acd02,acd,acd02,5/7/2024,2,2024_05_07_acd_r02,multi_s,0,NA,dual,12,nac,NA,NA,42,415; 470,1.8;4,10; 30,1;2,g;g,20,0,120,20,470,NA,415,0.1,3,4,0,20,10,20,spout_extended,NA
2024_05_07_acd02,acd,acd02,5/7/2024,2,2024_05_07_acd_r02,multi_s,0,NA,dual,10,dms,NA,NA,42,415; 470,1.8;4,10; 30,1;2,g;g,20,0,120,20,470,NA,415,0.1,3,4,0,20,10,20,spout_extended,NA
2024_05_07_acd02,acd,acd02,5/7/2024,2,2024_05_07_acd_r02,multi_s,0,NA,dual,5,dls,NA,NA,42,415; 470,1.8;4,10; 30,1;2,g;g,20,0,120,20,470,NA,415,0.1,3,4,0,20,10,20,spout_extended,NA
2024_05_07_acd02,acd,acd02,5/7/2024,2,2024_05_07_acd_r02,multi_s,0,NA,dual,6,ts,NA,NA,42,415; 470,1.8;4,10; 30,1;2,g;g,20,0,120,20,470,NA,415,0.1,3,4,0,20,10,20,spout_extended,NA
2024_05_07_acd03,acd,acd03,5/7/2024,3,2024_05_07_acd_r03,multi_s,0,NA,dual,12,nac_shelllat,NA,NA,42,415; 470,1.8;4,10; 30,1;2,g;g,20,0,120,20,470,NA,415,0.1,3,4,0,20,10,20,spout_extended,NA
2024_05_07_acd03,acd,acd03,5/7/2024,3,2024_05_07_acd_r03,multi_s,0,NA,dual,10,nac_corr,NA,NA,42,415; 470,1.8;4,10; 30,1;2,g;g,20,0,120,20,470,NA,415,0.1,3,4,0,20,10,20,spout_extended,NA
2024_05_07_acd03,acd,acd03,5/7/2024,3,2024_05_07_acd_r03,multi_s,0,NA,dual,6,nac,NA,NA,42,415; 470,1.8;4,10; 30,1;2,g;g,20,0,120,20,470,NA,415,0.1,3,4,0,20,10,20,spout_extended,NA
2024_05_07_acd03,acd,acd03,5/7/2024,3,2024_05_07_acd_r03,multi_s,0,NA,dual,5,dms,NA,NA,42,415; 470,1.8;4,10; 30,1;2,g;g,20,0,120,20,470,NA,415,0.1,3,4,0,20,10,20,spout_extended,NA
2024_05_07_acd03,acd,acd03,5/7/2024,3,2024_05_07_acd_r03,multi_s,0,NA,dual,4,dls,NA,NA,42,415; 470,1.8;4,10; 30,1;2,g;g,20,0,120,20,470,NA,415,0.1,3,4,0,20,10,20,spout_extended,NA
2024_05_07_acd03,acd,acd03,5/7/2024,3,2024_05_07_acd_r03,multi_s,0,NA,dual,3,ts,NA,NA,42,415; 470,1.8;4,10; 30,1;2,g;g,20,0,120,20,470,NA,415,0.1,3,4,0,20,10,20,spout_extended,NA
2024_05_07_acd04,acd,acd04,5/7/2024,4,2024_05_07_acd_r04,multi_s,0,NA,dual,10,nac_shelllat,NA,NA,42,415; 470,1.8;4,10; 30,1;2,g;g,20,0,120,20,470,NA,415,0.1,3,4,0,20,10,20,spout_extended,NA
2024_05_07_acd04,acd,acd04,5/7/2024,4,2024_05_07_acd_r04,multi_s,0,NA,dual,12,nac_corr,NA,NA,42,415; 470,1.8;4,10; 30,1;2,g;g,20,0,120,20,470,NA,415,0.1,3,4,0,20,10,20,spout_extended,NA
2024_05_07_acd04,acd,acd04,5/7/2024,4,2024_05_07_acd_r04,multi_s,0,NA,dual,5,nac,NA,NA,42,415; 470,1.8;4,10; 30,1;2,g;g,20,0,120,20,470,NA,415,0.1,3,4,0,20,10,20,spout_extended,NA
2024_05_07_acd04,acd,acd04,5/7/2024,4,2024_05_07_acd_r04,multi_s,0,NA,dual,3,dms,NA,NA,42,415; 470,1.8;4,10; 30,1;2,g;g,20,0,120,20,470,NA,415,0.1,3,4,0,20,10,20,spout_extended,NA
2024_05_07_acd04,acd,acd04,5/7/2024,4,2024_05_07_acd_r04,multi_s,0,NA,dual,6,dls,NA,NA,42,415; 470,1.8;4,10; 30,1;2,g;g,20,0,120,20,470,NA,415,0.1,3,4,0,20,10,20,spout_extended,NA
2024_05_07_acd04,acd,acd04,5/7/2024,4,2024_05_07_acd_r04,multi_s,0,NA,dual,4,ts,NA,NA,42,415; 470,1.8;4,10; 30,1;2,g;g,20,0,120,20,470,NA,415,0.1,3,4,0,20,10,20,spout_extended,NA
2024_05_07_acd05,acd,acd05,5/7/2024,5,2024_05_07_acd_r05,multi_s,0,NA,dual,6,nac_shelllat,NA,NA,42,415; 470,1.8;4,10; 30,1;2,g;g,20,0,120,20,470,NA,415,0.1,3,4,0,20,10,20,spout_extended,NA
2024_05_07_acd05,acd,acd05,5/7/2024,5,2024_05_07_acd_r05,multi_s,0,NA,dual,5,nac_corr,NA,NA,42,415; 470,1.8;4,10; 30,1;2,g;g,20,0,120,20,470,NA,415,0.1,3,4,0,20,10,20,spout_extended,NA
2024_05_07_acd05,acd,acd05,5/7/2024,5,2024_05_07_acd_r05,multi_s,0,NA,dual,3,nac,NA,NA,42,415; 470,1.8;4,10; 30,1;2,g;g,20,0,120,20,470,NA,415,0.1,3,4,0,20,10,20,spout_extended,NA
2024_05_07_acd05,acd,acd05,5/7/2024,5,2024_05_07_acd_r05,multi_s,0,NA,dual,4,dms,NA,NA,42,415; 470,1.8;4,10; 30,1;2,g;g,20,0,120,20,470,NA,415,0.1,3,4,0,20,10,20,spout_extended,NA
2024_05_07_acd05,acd,acd05,5/7/2024,5,2024_05_07_acd_r05,multi_s,0,NA,dual,10,dls,NA,NA,42,415; 470,1.8;4,10; 30,1;2,g;g,20,0,120,20,470,NA,415,0.1,3,4,0,20,10,20,spout_extended,NA
2024_05_07_acd05,acd,acd05,5/7/2024,5,2024_05_07_acd_r05,multi_s,0,NA,dual,12,ts,NA,NA,42,415; 470,1.8;4,10; 30,1;2,g;g,20,0,120,20,470,NA,415,0.1,3,4,0,20,10,20,spout_extended,NA
2024_05_07_acd06,acd,acd06,5/7/2024,6,2024_05_07_acd_r06,multi_s,0,NA,dual,5,nac_shelllat,NA,NA,42,415; 470,1.8;4,10; 30,1;2,g;g,20,0,120,20,470,NA,415,0.1,3,4,0,20,10,20,spout_extended,NA
2024_05_07_acd06,acd,acd06,5/7/2024,6,2024_05_07_acd_r06,multi_s,0,NA,dual,3,nac_corr,NA,NA,42,415; 470,1.8;4,10; 30,1;2,g;g,20,0,120,20,470,NA,415,0.1,3,4,0,20,10,20,spout_extended,NA
2024_05_07_acd06,acd,acd06,5/7/2024,6,2024_05_07_acd_r06,multi_s,0,NA,dual,4,nac,NA,NA,42,415; 470,1.8;4,10; 30,1;2,g;g,20,0,120,20,470,NA,415,0.1,3,4,0,20,10,20,spout_extended,NA
2024_05_07_acd06,acd,acd06,5/7/2024,6,2024_05_07_acd_r06,multi_s,0,NA,dual,6,dms,NA,NA,42,415; 470,1.8;4,10; 30,1;2,g;g,20,0,120,20,470,NA,415,0.1,3,4,0,20,10,20,spout_extended,NA
2024_05_07_acd06,acd,acd06,5/7/2024,6,2024_05_07_acd_r06,multi_s,0,NA,dual,12,dls,NA,NA,42,415; 470,1.8;4,10; 30,1;2,g;g,20,0,120,20,470,NA,415,0.1,3,4,0,20,10,20,spout_extended,NA
2024_05_07_acd06,acd,acd06,5/7/2024,6,2024_05_07_acd_r06,multi_s,0,NA,dual,10,ts,NA,NA,42,415; 470,1.8;4,10; 30,1;2,g;g,20,0,120,20,470,NA,415,0.1,3,4,0,20,10,20,spout_extended,NA
2024_05_07_acd07,acd,acd07,5/7/2024,7,2024_05_07_acd_r07,multi_s,0,NA,dual,4,nac_shelllat,NA,NA,42,415; 470,1.8;4,10; 30,1;2,g;g,20,0,120,20,470,NA,415,0.1,3,4,0,20,10,20,spout_extended,NA
2024_05_07_acd07,acd,acd07,5/7/2024,7,2024_05_07_acd_r07,multi_s,0,NA,dual,6,nac_corr,NA,NA,42,415; 470,1.8;4,10; 30,1;2,g;g,20,0,120,20,470,NA,415,0.1,3,4,0,20,10,20,spout_extended,NA
2024_05_07_acd07,acd,acd07,5/7/2024,7,2024_05_07_acd_r07,multi_s,0,NA,dual,10,nac,NA,NA,42,415; 470,1.8;4,10; 30,1;2,g;g,20,0,120,20,470,NA,415,0.1,3,4,0,20,10,20,spout_extended,NA
2024_05_07_acd07,acd,acd07,5/7/2024,7,2024_05_07_acd_r07,multi_s,0,NA,dual,12,dms,NA,NA,42,415; 470,1.8;4,10; 30,1;2,g;g,20,0,120,20,470,NA,415,0.1,3,4,0,20,10,20,spout_extended,NA
2024_05_07_acd07,acd,acd07,5/7/2024,7,2024_05_07_acd_r07,multi_s,0,NA,dual,3,dls,NA,NA,42,415; 470,1.8;4,10; 30,1;2,g;g,20,0,120,20,470,NA,415,0.1,3,4,0,20,10,20,spout_extended,NA
2024_05_07_acd07,acd,acd07,5/7/2024,7,2024_05_07_acd_r07,multi_s,0,NA,dual,5,ts,NA,NA,42,415; 470,1.8;4,10; 30,1;2,g;g,20,0,120,20,470,NA,415,0.1,3,4,0,20,10,20,spout_extended,NA
2024_05_07_acd08,acd,acd08,5/7/2024,8,2024_05_07_acd_r08,multi_s,0,NA,dual,3,nac_shelllat,NA,NA,42,415; 470,1.8;4,10; 30,1;2,g;g,20,0,120,20,470,NA,415,0.1,3,4,0,20,10,20,spout_extended,NA
2024_05_07_acd08,acd,acd08,5/7/2024,8,2024_05_07_acd_r08,multi_s,0,NA,dual,4,nac_corr,NA,NA,42,415; 470,1.8;4,10; 30,1;2,g;g,20,0,120,20,470,NA,415,0.1,3,4,0,20,10,20,spout_extended,NA
2024_05_07_acd08,acd,acd08,5/7/2024,8,2024_05_07_acd_r08,multi_s,0,NA,dual,12,nac,NA,NA,42,415; 470,1.8;4,10; 30,1;2,g;g,20,0,120,20,470,NA,415,0.1,3,4,0,20,10,20,spout_extended,NA
2024_05_07_acd08,acd,acd08,5/7/2024,8,2024_05_07_acd_r08,multi_s,0,NA,dual,10,dms,NA,NA,42,415; 470,1.8;4,10; 30,1;2,g;g,20,0,120,20,470,NA,415,0.1,3,4,0,20,10,20,spout_extended,NA
2024_05_07_acd08,acd,acd08,5/7/2024,8,2024_05_07_acd_r08,multi_s,0,NA,dual,5,dls,NA,NA,42,415; 470,1.8;4,10; 30,1;2,g;g,20,0,120,20,470,NA,415,0.1,3,4,0,20,10,20,spout_extended,NA
2024_05_07_acd08,acd,acd08,5/7/2024,8,2024_05_07_acd_r08,multi_s,0,NA,dual,6,ts,NA,NA,42,415; 470,1.8;4,10; 30,1;2,g;g,20,0,120,20,470,NA,415,0.1,3,4,0,20,10,20,spout_extended,NA
2024_05_07_acd09,acd,acd09,5/7/2024,9,2024_05_07_acd_r09,multi_s,0,NA,dual,12,nac_shelllat,NA,NA,42,415; 470,1.8;4,10; 30,1;2,g;g,20,0,120,20,470,NA,415,0.1,3,4,0,20,10,20,spout_extended,NA
2024_05_07_acd09,acd,acd09,5/7/2024,9,2024_05_07_acd_r09,multi_s,0,NA,dual,10,nac_corr,NA,NA,42,415; 470,1.8;4,10; 30,1;2,g;g,20,0,120,20,470,NA,415,0.1,3,4,0,20,10,20,spout_extended,NA
2024_05_07_acd09,acd,acd09,5/7/2024,9,2024_05_07_acd_r09,multi_s,0,NA,dual,6,nac,NA,NA,42,415; 470,1.8;4,10; 30,1;2,g;g,20,0,120,20,470,NA,415,0.1,3,4,0,20,10,20,spout_extended,NA
2024_05_07_acd09,acd,acd09,5/7/2024,9,2024_05_07_acd_r09,multi_s,0,NA,dual,5,dms,NA,NA,42,415; 470,1.8;4,10; 30,1;2,g;g,20,0,120,20,470,NA,415,0.1,3,4,0,20,10,20,spout_extended,NA
2024_05_07_acd09,acd,acd09,5/7/2024,9,2024_05_07_acd_r09,multi_s,0,NA,dual,4,dls,NA,NA,42,415; 470,1.8;4,10; 30,1;2,g;g,20,0,120,20,470,NA,415,0.1,3,4,0,20,10,20,spout_extended,NA
2024_05_07_acd09,acd,acd09,5/7/2024,9,2024_05_07_acd_r09,multi_s,0,NA,dual,3,ts,NA,NA,42,415; 470,1.8;4,10; 30,1;2,g;g,20,0,120,20,470,NA,415,0.1,3,4,0,20,10,20,spout_extended,NA
2024_05_07_acd10,acd,acd10,5/7/2024,10,2024_05_07_acd_r10,multi_s,0,NA,dual,10,nac_shelllat,NA,NA,42,415; 470,1.8;4,10; 30,1;2,g;g,20,0,120,20,470,NA,415,0.1,3,4,0,20,10,20,spout_extended,NA
2024_05_07_acd10,acd,acd10,5/7/2024,10,2024_05_07_acd_r10,multi_s,0,NA,dual,12,nac_corr,NA,NA,42,415; 470,1.8;4,10; 30,1;2,g;g,20,0,120,20,470,NA,415,0.1,3,4,0,20,10,20,spout_extended,NA
2024_05_07_acd10,acd,acd10,5/7/2024,10,2024_05_07_acd_r10,multi_s,0,NA,dual,5,nac,NA,NA,42,415; 470,1.8;4,10; 30,1;2,g;g,20,0,120,20,470,NA,415,0.1,3,4,0,20,10,20,spout_extended,NA
2024_05_07_acd10,acd,acd10,5/7/2024,10,2024_05_07_acd_r10,multi_s,0,NA,dual,3,dms,NA,NA,42,415; 470,1.8;4,10; 30,1;2,g;g,20,0,120,20,470,NA,415,0.1,3,4,0,20,10,20,spout_extended,NA
2024_05_07_acd10,acd,acd10,5/7/2024,10,2024_05_07_acd_r10,multi_s,0,NA,dual,6,dls,NA,NA,42,415; 470,1.8;4,10; 30,1;2,g;g,20,0,120,20,470,NA,415,0.1,3,4,0,20,10,20,spout_extended,NA
2024_05_07_acd10,acd,acd10,5/7/2024,10,2024_05_07_acd_r10,multi_s,0,NA,dual,4,ts,NA,NA,42,415; 470,1.8;4,10; 30,1;2,g;g,20,0,120,20,470,NA,415,0.1,3,4,0,20,10,20,spout_extended,NA
2024_05_07_acd11,acd,acd11,5/7/2024,11,2024_05_07_acd_r11,multi_s,0,NA,dual,3,nac_shelllat,NA,NA,42,415; 470,1.8;4,10; 30,1;2,g;g,20,0,120,20,470,NA,415,0.1,3,4,0,20,10,20,spout_extended,NA
2024_05_07_acd11,acd,acd11,5/7/2024,11,2024_05_07_acd_r11,multi_s,0,NA,dual,4,nac_corr,NA,NA,42,415; 470,1.8;4,10; 30,1;2,g;g,20,0,120,20,470,NA,415,0.1,3,4,0,20,10,20,spout_extended,NA
2024_05_07_acd11,acd,acd11,5/7/2024,11,2024_05_07_acd_r11,multi_s,0,NA,dual,12,nac,NA,NA,42,415; 470,1.8;4,10; 30,1;2,g;g,20,0,120,20,470,NA,415,0.1,3,4,0,20,10,20,spout_extended,NA
2024_05_07_acd11,acd,acd11,5/7/2024,11,2024_05_07_acd_r11,multi_s,0,NA,dual,10,dms,NA,NA,42,415; 470,1.8;4,10; 30,1;2,g;g,20,0,120,20,470,NA,415,0.1,3,4,0,20,10,20,spout_extended,NA
2024_05_07_acd11,acd,acd11,5/7/2024,11,2024_05_07_acd_r11,multi_s,0,NA,dual,5,dls,NA,NA,42,415; 470,1.8;4,10; 30,1;2,g;g,20,0,120,20,470,NA,415,0.1,3,4,0,20,10,20,spout_extended,NA
2024_05_07_acd11,acd,acd11,5/7/2024,11,2024_05_07_acd_r11,multi_s,0,NA,dual,6,ts,NA,NA,42,415; 470,1.8;4,10; 30,1;2,g;g,20,0,120,20,470,NA,415,0.1,3,4,0,20,10,20,spout_extended,NA
2024_05_07_acd12,acd,acd12,5/7/2024,12,2024_05_07_acd_r12,multi_s,0,NA,dual,12,nac_shelllat,NA,NA,42,415; 470,1.8;4,10; 30,1;2,g;g,20,0,120,20,470,NA,415,0.1,3,4,0,20,10,20,spout_extended,NA
2024_05_07_acd12,acd,acd12,5/7/2024,12,2024_05_07_acd_r12,multi_s,0,NA,dual,10,nac_corr,NA,NA,42,415; 470,1.8;4,10; 30,1;2,g;g,20,0,120,20,470,NA,415,0.1,3,4,0,20,10,20,spout_extended,NA
2024_05_07_acd12,acd,acd12,5/7/2024,12,2024_05_07_acd_r12,multi_s,0,NA,dual,6,nac,NA,NA,42,415; 470,1.8;4,10; 30,1;2,g;g,20,0,120,20,470,NA,415,0.1,3,4,0,20,10,20,spout_extended,NA
2024_05_07_acd12,acd,acd12,5/7/2024,12,2024_05_07_acd_r12,multi_s,0,NA,dual,5,dms,NA,NA,42,415; 470,1.8;4,10; 30,1;2,g;g,20,0,120,20,470,NA,415,0.1,3,4,0,20,10,20,spout_extended,NA
2024_05_07_acd12,acd,acd12,5/7/2024,12,2024_05_07_acd_r12,multi_s,0,NA,dual,4,dls,NA,NA,42,415; 470,1.8;4,10; 30,1;2,g;g,20,0,120,20,470,NA,415,0.1,3,4,0,20,10,20,spout_extended,NA
2024_05_07_acd12,acd,acd12,5/7/2024,12,2024_05_07_acd_r12,multi_s,0,NA,dual,3,ts,NA,NA,42,415; 470,1.8;4,10; 30,1;2,g;g,20,0,120,20,470,NA,415,0.1,3,4,0,20,10,20,spout_extended,NA
2024_05_07_acd13,acd,acd13,5/7/2024,13,2024_05_07_acd_r13,multi_s,0,NA,dual,6,nac_shelllat,NA,NA,42,415; 470,1.8;4,10; 30,1;2,g;g,20,0,120,20,470,NA,415,0.1,3,4,0,20,10,20,spout_extended,NA
2024_05_07_acd13,acd,acd13,5/7/2024,13,2024_05_07_acd_r13,multi_s,0,NA,dual,5,nac_corr,NA,NA,42,415; 470,1.8;4,10; 30,1;2,g;g,20,0,120,20,470,NA,415,0.1,3,4,0,20,10,20,spout_extended,NA
2024_05_07_acd13,acd,acd13,5/7/2024,13,2024_05_07_acd_r13,multi_s,0,NA,dual,3,nac,NA,NA,42,415; 470,1.8;4,10; 30,1;2,g;g,20,0,120,20,470,NA,415,0.1,3,4,0,20,10,20,spout_extended,NA
2024_05_07_acd13,acd,acd13,5/7/2024,13,2024_05_07_acd_r13,multi_s,0,NA,dual,4,dms,NA,NA,42,415; 470,1.8;4,10; 30,1;2,g;g,20,0,120,20,470,NA,415,0.1,3,4,0,20,10,20,spout_extended,NA
2024_05_07_acd13,acd,acd13,5/7/2024,13,2024_05_07_acd_r13,multi_s,0,NA,dual,10,dls,NA,NA,42,415; 470,1.8;4,10; 30,1;2,g;g,20,0,120,20,470,NA,415,0.1,3,4,0,20,10,20,spout_extended,NA
2024_05_07_acd13,acd,acd13,5/7/2024,13,2024_05_07_acd_r13,multi_s,0,NA,dual,12,ts,NA,NA,42,415; 470,1.8;4,10; 30,1;2,g;g,20,0,120,20,470,NA,415,0.1,3,4,0,20,10,20,spout_extended,NA
2024_05_07_acd14,acd,acd14,5/7/2024,14,2024_05_07_acd_r14,multi_s,0,NA,dual,5,nac_shelllat,NA,NA,42,415; 470,1.8;4,10; 30,1;2,g;g,20,0,120,20,470,NA,415,0.1,3,4,0,20,10,20,spout_extended,NA
2024_05_07_acd14,acd,acd14,5/7/2024,14,2024_05_07_acd_r14,multi_s,0,NA,dual,3,nac_corr,NA,NA,42,415; 470,1.8;4,10; 30,1;2,g;g,20,0,120,20,470,NA,415,0.1,3,4,0,20,10,20,spout_extended,NA
2024_05_07_acd14,acd,acd14,5/7/2024,14,2024_05_07_acd_r14,multi_s,0,NA,dual,4,nac,NA,NA,42,415; 470,1.8;4,10; 30,1;2,g;g,20,0,120,20,470,NA,415,0.1,3,4,0,20,10,20,spout_extended,NA
2024_05_07_acd14,acd,acd14,5/7/2024,14,2024_05_07_acd_r14,multi_s,0,NA,dual,6,dms,NA,NA,42,415; 470,1.8;4,10; 30,1;2,g;g,20,0,120,20,470,NA,415,0.1,3,4,0,20,10,20,spout_extended,NA
2024_05_07_acd14,acd,acd14,5/7/2024,14,2024_05_07_acd_r14,multi_s,0,NA,dual,12,dls,NA,NA,42,415; 470,1.8;4,10; 30,1;2,g;g,20,0,120,20,470,NA,415,0.1,3,4,0,20,10,20,spout_extended,NA
2024_05_07_acd14,acd,acd14,5/7/2024,14,2024_05_07_acd_r14,multi_s,0,NA,dual,10,ts,NA,NA,42,415; 470,1.8;4,10; 30,1;2,g;g,20,0,120,20,470,NA,415,0.1,3,4,0,20,10,20,spout_extended,NA
2024_05_08_acd01,acd,acd01,5/8/2024,1,2024_05_08_acd_r01,multi_s,0,NA,dual,3,nac_shelllat,NA,NA,42,415; 470,1.8;4,10; 30,1;2,g;g,20,0,120,20,470,NA,415,0.1,3,4,0,20,10,20,spout_extended,NA
2024_05_08_acd01,acd,acd01,5/8/2024,1,2024_05_08_acd_r01,multi_s,0,NA,dual,4,nac_corr,NA,NA,42,415; 470,1.8;4,10; 30,1;2,g;g,20,0,120,20,470,NA,415,0.1,3,4,0,20,10,20,spout_extended,NA
2024_05_08_acd01,acd,acd01,5/8/2024,1,2024_05_08_acd_r01,multi_s,0,NA,dual,12,nac,NA,NA,42,415; 470,1.8;4,10; 30,1;2,g;g,20,0,120,20,470,NA,415,0.1,3,4,0,20,10,20,spout_extended,NA
2024_05_08_acd01,acd,acd01,5/8/2024,1,2024_05_08_acd_r01,multi_s,0,NA,dual,10,dms,NA,NA,42,415; 470,1.8;4,10; 30,1;2,g;g,20,0,120,20,470,NA,415,0.1,3,4,0,20,10,20,spout_extended,NA
2024_05_08_acd01,acd,acd01,5/8/2024,1,2024_05_08_acd_r01,multi_s,0,NA,dual,5,dls,NA,NA,42,415; 470,1.8;4,10; 30,1;2,g;g,20,0,120,20,470,NA,415,0.1,3,4,0,20,10,20,spout_extended,NA
2024_05_08_acd01,acd,acd01,5/8/2024,1,2024_05_08_acd_r01,multi_s,0,NA,dual,6,ts,NA,NA,42,415; 470,1.8;4,10; 30,1;2,g;g,20,0,120,20,470,NA,415,0.1,3,4,0,20,10,20,spout_extended,NA
2024_05_08_acd02,acd,acd02,5/8/2024,2,2024_05_08_acd_r02,multi_s,0,NA,dual,12,nac_shelllat,NA,NA,42,415; 470,1.8;4,10; 30,1;2,g;g,20,0,120,20,470,NA,415,0.1,3,4,0,20,10,20,spout_extended,NA
2024_05_08_acd02,acd,acd02,5/8/2024,2,2024_05_08_acd_r02,multi_s,0,NA,dual,10,nac_corr,NA,NA,42,415; 470,1.8;4,10; 30,1;2,g;g,20,0,120,20,470,NA,415,0.1,3,4,0,20,10,20,spout_extended,NA
2024_05_08_acd02,acd,acd02,5/8/2024,2,2024_05_08_acd_r02,multi_s,0,NA,dual,6,nac,NA,NA,42,415; 470,1.8;4,10; 30,1;2,g;g,20,0,120,20,470,NA,415,0.1,3,4,0,20,10,20,spout_extended,NA
2024_05_08_acd02,acd,acd02,5/8/2024,2,2024_05_08_acd_r02,multi_s,0,NA,dual,5,dms,NA,NA,42,415; 470,1.8;4,10; 30,1;2,g;g,20,0,120,20,470,NA,415,0.1,3,4,0,20,10,20,spout_extended,NA
2024_05_08_acd02,acd,acd02,5/8/2024,2,2024_05_08_acd_r02,multi_s,0,NA,dual,4,dls,NA,NA,42,415; 470,1.8;4,10; 30,1;2,g;g,20,0,120,20,470,NA,415,0.1,3,4,0,20,10,20,spout_extended,NA
2024_05_08_acd02,acd,acd02,5/8/2024,2,2024_05_08_acd_r02,multi_s,0,NA,dual,3,ts,NA,NA,42,415; 470,1.8;4,10; 30,1;2,g;g,20,0,120,20,470,NA,415,0.1,3,4,0,20,10,20,spout_extended,NA
2024_05_08_acd03,acd,acd03,5/8/2024,3,2024_05_08_acd_r03,multi_s,0,NA,dual,10,nac_shelllat,NA,NA,42,415; 470,1.8;4,10; 30,1;2,g;g,20,0,120,20,470,NA,415,0.1,3,4,0,20,10,20,spout_extended,NA
2024_05_08_acd03,acd,acd03,5/8/2024,3,2024_05_08_acd_r03,multi_s,0,NA,dual,12,nac_corr,NA,NA,42,415; 470,1.8;4,10; 30,1;2,g;g,20,0,120,20,470,NA,415,0.1,3,4,0,20,10,20,spout_extended,NA
2024_05_08_acd03,acd,acd03,5/8/2024,3,2024_05_08_acd_r03,multi_s,0,NA,dual,5,nac,NA,NA,42,415; 470,1.8;4,10; 30,1;2,g;g,20,0,120,20,470,NA,415,0.1,3,4,0,20,10,20,spout_extended,NA
2024_05_08_acd03,acd,acd03,5/8/2024,3,2024_05_08_acd_r03,multi_s,0,NA,dual,3,dms,NA,NA,42,415; 470,1.8;4,10; 30,1;2,g;g,20,0,120,20,470,NA,415,0.1,3,4,0,20,10,20,spout_extended,NA
2024_05_08_acd03,acd,acd03,5/8/2024,3,2024_05_08_acd_r03,multi_s,0,NA,dual,6,dls,NA,NA,42,415; 470,1.8;4,10; 30,1;2,g;g,20,0,120,20,470,NA,415,0.1,3,4,0,20,10,20,spout_extended,NA
2024_05_08_acd03,acd,acd03,5/8/2024,3,2024_05_08_acd_r03,multi_s,0,NA,dual,4,ts,NA,NA,42,415; 470,1.8;4,10; 30,1;2,g;g,20,0,120,20,470,NA,415,0.1,3,4,0,20,10,20,spout_extended,NA
2024_05_08_acd04,acd,acd04,5/8/2024,4,2024_05_08_acd_r04,multi_s,0,NA,dual,6,nac_shelllat,NA,NA,42,415; 470,1.8;4,10; 30,1;2,g;g,20,0,120,20,470,NA,415,0.1,3,4,0,20,10,20,spout_extended,NA
2024_05_08_acd04,acd,acd04,5/8/2024,4,2024_05_08_acd_r04,multi_s,0,NA,dual,5,nac_corr,NA,NA,42,415; 470,1.8;4,10; 30,1;2,g;g,20,0,120,20,470,NA,415,0.1,3,4,0,20,10,20,spout_extended,NA
2024_05_08_acd04,acd,acd04,5/8/2024,4,2024_05_08_acd_r04,multi_s,0,NA,dual,3,nac,NA,NA,42,415; 470,1.8;4,10; 30,1;2,g;g,20,0,120,20,470,NA,415,0.1,3,4,0,20,10,20,spout_extended,NA
2024_05_08_acd04,acd,acd04,5/8/2024,4,2024_05_08_acd_r04,multi_s,0,NA,dual,4,dms,NA,NA,42,415; 470,1.8;4,10; 30,1;2,g;g,20,0,120,20,470,NA,415,0.1,3,4,0,20,10,20,spout_extended,NA
2024_05_08_acd04,acd,acd04,5/8/2024,4,2024_05_08_acd_r04,multi_s,0,NA,dual,10,dls,NA,NA,42,415; 470,1.8;4,10; 30,1;2,g;g,20,0,120,20,470,NA,415,0.1,3,4,0,20,10,20,spout_extended,NA
2024_05_08_acd04,acd,acd04,5/8/2024,4,2024_05_08_acd_r04,multi_s,0,NA,dual,12,ts,NA,NA,42,415; 470,1.8;4,10; 30,1;2,g;g,20,0,120,20,470,NA,415,0.1,3,4,0,20,10,20,spout_extended,NA
2024_05_08_acd05,acd,acd05,5/8/2024,5,2024_05_08_acd_r05,multi_s,0,NA,dual,5,nac_shelllat,NA,NA,42,415; 470,1.8;4,10; 30,1;2,g;g,20,0,120,20,470,NA,415,0.1,3,4,0,20,10,20,spout_extended,NA
2024_05_08_acd05,acd,acd05,5/8/2024,5,2024_05_08_acd_r05,multi_s,0,NA,dual,3,nac_corr,NA,NA,42,415; 470,1.8;4,10; 30,1;2,g;g,20,0,120,20,470,NA,415,0.1,3,4,0,20,10,20,spout_extended,NA
2024_05_08_acd05,acd,acd05,5/8/2024,5,2024_05_08_acd_r05,multi_s,0,NA,dual,4,nac,NA,NA,42,415; 470,1.8;4,10; 30,1;2,g;g,20,0,120,20,470,NA,415,0.1,3,4,0,20,10,20,spout_extended,NA
2024_05_08_acd05,acd,acd05,5/8/2024,5,2024_05_08_acd_r05,multi_s,0,NA,dual,6,dms,NA,NA,42,415; 470,1.8;4,10; 30,1;2,g;g,20,0,120,20,470,NA,415,0.1,3,4,0,20,10,20,spout_extended,NA
2024_05_08_acd05,acd,acd05,5/8/2024,5,2024_05_08_acd_r05,multi_s,0,NA,dual,12,dls,NA,NA,42,415; 470,1.8;4,10; 30,1;2,g;g,20,0,120,20,470,NA,415,0.1,3,4,0,20,10,20,spout_extended,NA
2024_05_08_acd05,acd,acd05,5/8/2024,5,2024_05_08_acd_r05,multi_s,0,NA,dual,10,ts,NA,NA,42,415; 470,1.8;4,10; 30,1;2,g;g,20,0,120,20,470,NA,415,0.1,3,4,0,20,10,20,spout_extended,NA
2024_05_08_acd06,acd,acd06,5/8/2024,6,2024_05_08_acd_r06,multi_s,0,NA,dual,4,nac_shelllat,NA,NA,42,415; 470,1.8;4,10; 30,1;2,g;g,20,0,120,20,470,NA,415,0.1,3,4,0,20,10,20,spout_extended,NA
2024_05_08_acd06,acd,acd06,5/8/2024,6,2024_05_08_acd_r06,multi_s,0,NA,dual,6,nac_corr,NA,NA,42,415; 470,1.8;4,10; 30,1;2,g;g,20,0,120,20,470,NA,415,0.1,3,4,0,20,10,20,spout_extended,NA
2024_05_08_acd06,acd,acd06,5/8/2024,6,2024_05_08_acd_r06,multi_s,0,NA,dual,10,nac,NA,NA,42,415; 470,1.8;4,10; 30,1;2,g;g,20,0,120,20,470,NA,415,0.1,3,4,0,20,10,20,spout_extended,NA
2024_05_08_acd06,acd,acd06,5/8/2024,6,2024_05_08_acd_r06,multi_s,0,NA,dual,12,dms,NA,NA,42,415; 470,1.8;4,10; 30,1;2,g;g,20,0,120,20,470,NA,415,0.1,3,4,0,20,10,20,spout_extended,NA
2024_05_08_acd06,acd,acd06,5/8/2024,6,2024_05_08_acd_r06,multi_s,0,NA,dual,3,dls,NA,NA,42,415; 470,1.8;4,10; 30,1;2,g;g,20,0,120,20,470,NA,415,0.1,3,4,0,20,10,20,spout_extended,NA
2024_05_08_acd06,acd,acd06,5/8/2024,6,2024_05_08_acd_r06,multi_s,0,NA,dual,5,ts,NA,NA,42,415; 470,1.8;4,10; 30,1;2,g;g,20,0,120,20,470,NA,415,0.1,3,4,0,20,10,20,spout_extended,NA
2024_05_08_acd07,acd,acd07,5/8/2024,7,2024_05_08_acd_r07,multi_s,0,NA,dual,3,nac_shelllat,NA,NA,42,415; 470,1.8;4,10; 30,1;2,g;g,20,0,120,20,470,NA,415,0.1,3,4,0,20,10,20,spout_extended,NA
2024_05_08_acd07,acd,acd07,5/8/2024,7,2024_05_08_acd_r07,multi_s,0,NA,dual,4,nac_corr,NA,NA,42,415; 470,1.8;4,10; 30,1;2,g;g,20,0,120,20,470,NA,415,0.1,3,4,0,20,10,20,spout_extended,NA
2024_05_08_acd07,acd,acd07,5/8/2024,7,2024_05_08_acd_r07,multi_s,0,NA,dual,12,nac,NA,NA,42,415; 470,1.8;4,10; 30,1;2,g;g,20,0,120,20,470,NA,415,0.1,3,4,0,20,10,20,spout_extended,NA
2024_05_08_acd07,acd,acd07,5/8/2024,7,2024_05_08_acd_r07,multi_s,0,NA,dual,10,dms,NA,NA,42,415; 470,1.8;4,10; 30,1;2,g;g,20,0,120,20,470,NA,415,0.1,3,4,0,20,10,20,spout_extended,NA
2024_05_08_acd07,acd,acd07,5/8/2024,7,2024_05_08_acd_r07,multi_s,0,NA,dual,5,dls,NA,NA,42,415; 470,1.8;4,10; 30,1;2,g;g,20,0,120,20,470,NA,415,0.1,3,4,0,20,10,20,spout_extended,NA
2024_05_08_acd07,acd,acd07,5/8/2024,7,2024_05_08_acd_r07,multi_s,0,NA,dual,6,ts,NA,NA,42,415; 470,1.8;4,10; 30,1;2,g;g,20,0,120,20,470,NA,415,0.1,3,4,0,20,10,20,spout_extended,NA
2024_05_08_acd08,acd,acd08,5/8/2024,8,2024_05_08_acd_r08,multi_s,0,NA,dual,12,nac_shelllat,NA,NA,42,415; 470,1.8;4,10; 30,1;2,g;g,20,0,120,20,470,NA,415,0.1,3,4,0,20,10,20,spout_extended,NA
2024_05_08_acd08,acd,acd08,5/8/2024,8,2024_05_08_acd_r08,multi_s,0,NA,dual,10,nac_corr,NA,NA,42,415; 470,1.8;4,10; 30,1;2,g;g,20,0,120,20,470,NA,415,0.1,3,4,0,20,10,20,spout_extended,NA
2024_05_08_acd08,acd,acd08,5/8/2024,8,2024_05_08_acd_r08,multi_s,0,NA,dual,6,nac,NA,NA,42,415; 470,1.8;4,10; 30,1;2,g;g,20,0,120,20,470,NA,415,0.1,3,4,0,20,10,20,spout_extended,NA
2024_05_08_acd08,acd,acd08,5/8/2024,8,2024_05_08_acd_r08,multi_s,0,NA,dual,5,dms,NA,NA,42,415; 470,1.8;4,10; 30,1;2,g;g,20,0,120,20,470,NA,415,0.1,3,4,0,20,10,20,spout_extended,NA
2024_05_08_acd08,acd,acd08,5/8/2024,8,2024_05_08_acd_r08,multi_s,0,NA,dual,4,dls,NA,NA,42,415; 470,1.8;4,10; 30,1;2,g;g,20,0,120,20,470,NA,415,0.1,3,4,0,20,10,20,spout_extended,NA
2024_05_08_acd08,acd,acd08,5/8/2024,8,2024_05_08_acd_r08,multi_s,0,NA,dual,3,ts,NA,NA,42,415; 470,1.8;4,10; 30,1;2,g;g,20,0,120,20,470,NA,415,0.1,3,4,0,20,10,20,spout_extended,NA
2024_05_08_acd09,acd,acd09,5/8/2024,9,2024_05_08_acd_r09,multi_s,0,NA,dual,10,nac_shelllat,NA,NA,42,415; 470,1.8;4,10; 30,1;2,g;g,20,0,120,20,470,NA,415,0.1,3,4,0,20,10,20,spout_extended,NA
2024_05_08_acd09,acd,acd09,5/8/2024,9,2024_05_08_acd_r09,multi_s,0,NA,dual,12,nac_corr,NA,NA,42,415; 470,1.8;4,10; 30,1;2,g;g,20,0,120,20,470,NA,415,0.1,3,4,0,20,10,20,spout_extended,NA
2024_05_08_acd09,acd,acd09,5/8/2024,9,2024_05_08_acd_r09,multi_s,0,NA,dual,5,nac,NA,NA,42,415; 470,1.8;4,10; 30,1;2,g;g,20,0,120,20,470,NA,415,0.1,3,4,0,20,10,20,spout_extended,NA
2024_05_08_acd09,acd,acd09,5/8/2024,9,2024_05_08_acd_r09,multi_s,0,NA,dual,3,dms,NA,NA,42,415; 470,1.8;4,10; 30,1;2,g;g,20,0,120,20,470,NA,415,0.1,3,4,0,20,10,20,spout_extended,NA
2024_05_08_acd09,acd,acd09,5/8/2024,9,2024_05_08_acd_r09,multi_s,0,NA,dual,6,dls,NA,NA,42,415; 470,1.8;4,10; 30,1;2,g;g,20,0,120,20,470,NA,415,0.1,3,4,0,20,10,20,spout_extended,NA
2024_05_08_acd09,acd,acd09,5/8/2024,9,2024_05_08_acd_r09,multi_s,0,NA,dual,4,ts,NA,NA,42,415; 470,1.8;4,10; 30,1;2,g;g,20,0,120,20,470,NA,415,0.1,3,4,0,20,10,20,spout_extended,NA
2024_05_08_acd10,acd,acd10,5/8/2024,10,2024_05_08_acd_r10,multi_s,0,NA,dual,3,nac_shelllat,NA,NA,42,415; 470,1.8;4,10; 30,1;2,g;g,20,0,120,20,470,NA,415,0.1,3,4,0,20,10,20,spout_extended,NA
2024_05_08_acd10,acd,acd10,5/8/2024,10,2024_05_08_acd_r10,multi_s,0,NA,dual,4,nac_corr,NA,NA,42,415; 470,1.8;4,10; 30,1;2,g;g,20,0,120,20,470,NA,415,0.1,3,4,0,20,10,20,spout_extended,NA
2024_05_08_acd10,acd,acd10,5/8/2024,10,2024_05_08_acd_r10,multi_s,0,NA,dual,12,nac,NA,NA,42,415; 470,1.8;4,10; 30,1;2,g;g,20,0,120,20,470,NA,415,0.1,3,4,0,20,10,20,spout_extended,NA
2024_05_08_acd10,acd,acd10,5/8/2024,10,2024_05_08_acd_r10,multi_s,0,NA,dual,10,dms,NA,NA,42,415; 470,1.8;4,10; 30,1;2,g;g,20,0,120,20,470,NA,415,0.1,3,4,0,20,10,20,spout_extended,NA
2024_05_08_acd10,acd,acd10,5/8/2024,10,2024_05_08_acd_r10,multi_s,0,NA,dual,5,dls,NA,NA,42,415; 470,1.8;4,10; 30,1;2,g;g,20,0,120,20,470,NA,415,0.1,3,4,0,20,10,20,spout_extended,NA
2024_05_08_acd10,acd,acd10,5/8/2024,10,2024_05_08_acd_r10,multi_s,0,NA,dual,6,ts,NA,NA,42,415; 470,1.8;4,10; 30,1;2,g;g,20,0,120,20,470,NA,415,0.1,3,4,0,20,10,20,spout_extended,NA
2024_05_08_acd11,acd,acd11,5/8/2024,11,2024_05_08_acd_r11,multi_s,0,NA,dual,12,nac_shelllat,NA,NA,42,415; 470,1.8;4,10; 30,1;2,g;g,20,0,120,20,470,NA,415,0.1,3,4,0,20,10,20,spout_extended,NA
2024_05_08_acd11,acd,acd11,5/8/2024,11,2024_05_08_acd_r11,multi_s,0,NA,dual,10,nac_corr,NA,NA,42,415; 470,1.8;4,10; 30,1;2,g;g,20,0,120,20,470,NA,415,0.1,3,4,0,20,10,20,spout_extended,NA
2024_05_08_acd11,acd,acd11,5/8/2024,11,2024_05_08_acd_r11,multi_s,0,NA,dual,6,nac,NA,NA,42,415; 470,1.8;4,10; 30,1;2,g;g,20,0,120,20,470,NA,415,0.1,3,4,0,20,10,20,spout_extended,NA
2024_05_08_acd11,acd,acd11,5/8/2024,11,2024_05_08_acd_r11,multi_s,0,NA,dual,5,dms,NA,NA,42,415; 470,1.8;4,10; 30,1;2,g;g,20,0,120,20,470,NA,415,0.1,3,4,0,20,10,20,spout_extended,NA
2024_05_08_acd11,acd,acd11,5/8/2024,11,2024_05_08_acd_r11,multi_s,0,NA,dual,4,dls,NA,NA,42,415; 470,1.8;4,10; 30,1;2,g;g,20,0,120,20,470,NA,415,0.1,3,4,0,20,10,20,spout_extended,NA
2024_05_08_acd11,acd,acd11,5/8/2024,11,2024_05_08_acd_r11,multi_s,0,NA,dual,3,ts,NA,NA,42,415; 470,1.8;4,10; 30,1;2,g;g,20,0,120,20,470,NA,415,0.1,3,4,0,20,10,20,spout_extended,NA
2024_05_08_acd12,acd,acd12,5/8/2024,12,2024_05_08_acd_r12,multi_s,0,NA,dual,6,nac_shelllat,NA,NA,42,415; 470,1.8;4,10; 30,1;2,g;g,20,0,120,20,470,NA,415,0.1,3,4,0,20,10,20,spout_extended,NA
2024_05_08_acd12,acd,acd12,5/8/2024,12,2024_05_08_acd_r12,multi_s,0,NA,dual,5,nac_corr,NA,NA,42,415; 470,1.8;4,10; 30,1;2,g;g,20,0,120,20,470,NA,415,0.1,3,4,0,20,10,20,spout_extended,NA
2024_05_08_acd12,acd,acd12,5/8/2024,12,2024_05_08_acd_r12,multi_s,0,NA,dual,3,nac,NA,NA,42,415; 470,1.8;4,10; 30,1;2,g;g,20,0,120,20,470,NA,415,0.1,3,4,0,20,10,20,spout_extended,NA
2024_05_08_acd12,acd,acd12,5/8/2024,12,2024_05_08_acd_r12,multi_s,0,NA,dual,4,dms,NA,NA,42,415; 470,1.8;4,10; 30,1;2,g;g,20,0,120,20,470,NA,415,0.1,3,4,0,20,10,20,spout_extended,NA
2024_05_08_acd12,acd,acd12,5/8/2024,12,2024_05_08_acd_r12,multi_s,0,NA,dual,10,dls,NA,NA,42,415; 470,1.8;4,10; 30,1;2,g;g,20,0,120,20,470,NA,415,0.1,3,4,0,20,10,20,spout_extended,NA
2024_05_08_acd12,acd,acd12,5/8/2024,12,2024_05_08_acd_r12,multi_s,0,NA,dual,12,ts,NA,NA,42,415; 470,1.8;4,10; 30,1;2,g;g,20,0,120,20,470,NA,415,0.1,3,4,0,20,10,20,spout_extended,NA
2024_05_08_acd13,acd,acd13,5/8/2024,13,2024_05_08_acd_r13,multi_s,0,NA,dual,5,nac_shelllat,NA,NA,42,415; 470,1.8;4,10; 30,1;2,g;g,20,0,120,20,470,NA,415,0.1,3,4,0,20,10,20,spout_extended,NA
2024_05_08_acd13,acd,acd13,5/8/2024,13,2024_05_08_acd_r13,multi_s,0,NA,dual,3,nac_corr,NA,NA,42,415; 470,1.8;4,10; 30,1;2,g;g,20,0,120,20,470,NA,415,0.1,3,4,0,20,10,20,spout_extended,NA
2024_05_08_acd13,acd,acd13,5/8/2024,13,2024_05_08_acd_r13,multi_s,0,NA,dual,4,nac,NA,NA,42,415; 470,1.8;4,10; 30,1;2,g;g,20,0,120,20,470,NA,415,0.1,3,4,0,20,10,20,spout_extended,NA
2024_05_08_acd13,acd,acd13,5/8/2024,13,2024_05_08_acd_r13,multi_s,0,NA,dual,6,dms,NA,NA,42,415; 470,1.8;4,10; 30,1;2,g;g,20,0,120,20,470,NA,415,0.1,3,4,0,20,10,20,spout_extended,NA
2024_05_08_acd13,acd,acd13,5/8/2024,13,2024_05_08_acd_r13,multi_s,0,NA,dual,12,dls,NA,NA,42,415; 470,1.8;4,10; 30,1;2,g;g,20,0,120,20,470,NA,415,0.1,3,4,0,20,10,20,spout_extended,NA
2024_05_08_acd13,acd,acd13,5/8/2024,13,2024_05_08_acd_r13,multi_s,0,NA,dual,10,ts,NA,NA,42,415; 470,1.8;4,10; 30,1;2,g;g,20,0,120,20,470,NA,415,0.1,3,4,0,20,10,20,spout_extended,NA
2024_05_08_acd14,acd,acd14,5/8/2024,14,2024_05_08_acd_r14,multi_s,0,NA,dual,4,nac_shelllat,NA,NA,42,415; 470,1.8;4,10; 30,1;2,g;g,20,0,120,20,470,NA,415,0.1,3,4,0,20,10,20,spout_extended,NA
2024_05_08_acd14,acd,acd14,5/8/2024,14,2024_05_08_acd_r14,multi_s,0,NA,dual,6,nac_corr,NA,NA,42,415; 470,1.8;4,10; 30,1;2,g;g,20,0,120,20,470,NA,415,0.1,3,4,0,20,10,20,spout_extended,NA
2024_05_08_acd14,acd,acd14,5/8/2024,14,2024_05_08_acd_r14,multi_s,0,NA,dual,10,nac,NA,NA,42,415; 470,1.8;4,10; 30,1;2,g;g,20,0,120,20,470,NA,415,0.1,3,4,0,20,10,20,spout_extended,NA
2024_05_08_acd14,acd,acd14,5/8/2024,14,2024_05_08_acd_r14,multi_s,0,NA,dual,12,dms,NA,NA,42,415; 470,1.8;4,10; 30,1;2,g;g,20,0,120,20,470,NA,415,0.1,3,4,0,20,10,20,spout_extended,NA
2024_05_08_acd14,acd,acd14,5/8/2024,14,2024_05_08_acd_r14,multi_s,0,NA,dual,3,dls,NA,NA,42,415; 470,1.8;4,10; 30,1;2,g;g,20,0,120,20,470,NA,415,0.1,3,4,0,20,10,20,spout_extended,NA
2024_05_08_acd14,acd,acd14,5/8/2024,14,2024_05_08_acd_r14,multi_s,0,NA,dual,5,ts,NA,NA,42,415; 470,1.8;4,10; 30,1;2,g;g,20,0,120,20,470,NA,415,0.1,3,4,0,20,10,20,spout_extended,NA
2024_05_09_acd01,acd,acd01,5/9/2024,1,2024_05_09_acd_r01,multi_s,0,NA,dual,12,nac_shelllat,NA,NA,42,415; 470,1.8;4,10; 30,1;2,g;g,20,0,120,20,470,NA,415,0.1,3,4,0,20,10,20,spout_extended,NA
2024_05_09_acd01,acd,acd01,5/9/2024,1,2024_05_09_acd_r01,multi_s,0,NA,dual,10,nac_corr,NA,NA,42,415; 470,1.8;4,10; 30,1;2,g;g,20,0,120,20,470,NA,415,0.1,3,4,0,20,10,20,spout_extended,NA
2024_05_09_acd01,acd,acd01,5/9/2024,1,2024_05_09_acd_r01,multi_s,0,NA,dual,6,nac,NA,NA,42,415; 470,1.8;4,10; 30,1;2,g;g,20,0,120,20,470,NA,415,0.1,3,4,0,20,10,20,spout_extended,NA
2024_05_09_acd01,acd,acd01,5/9/2024,1,2024_05_09_acd_r01,multi_s,0,NA,dual,5,dms,NA,NA,42,415; 470,1.8;4,10; 30,1;2,g;g,20,0,120,20,470,NA,415,0.1,3,4,0,20,10,20,spout_extended,NA
2024_05_09_acd01,acd,acd01,5/9/2024,1,2024_05_09_acd_r01,multi_s,0,NA,dual,4,dls,NA,NA,42,415; 470,1.8;4,10; 30,1;2,g;g,20,0,120,20,470,NA,415,0.1,3,4,0,20,10,20,spout_extended,NA
2024_05_09_acd01,acd,acd01,5/9/2024,1,2024_05_09_acd_r01,multi_s,0,NA,dual,3,ts,NA,NA,42,415; 470,1.8;4,10; 30,1;2,g;g,20,0,120,20,470,NA,415,0.1,3,4,0,20,10,20,spout_extended,NA
2024_05_09_acd02,acd,acd02,5/9/2024,2,2024_05_09_acd_r02,multi_s,0,NA,dual,10,nac_shelllat,NA,NA,42,415; 470,1.8;4,10; 30,1;2,g;g,20,0,120,20,470,NA,415,0.1,3,4,0,20,10,20,spout_extended,NA
2024_05_09_acd02,acd,acd02,5/9/2024,2,2024_05_09_acd_r02,multi_s,0,NA,dual,12,nac_corr,NA,NA,42,415; 470,1.8;4,10; 30,1;2,g;g,20,0,120,20,470,NA,415,0.1,3,4,0,20,10,20,spout_extended,NA
2024_05_09_acd02,acd,acd02,5/9/2024,2,2024_05_09_acd_r02,multi_s,0,NA,dual,5,nac,NA,NA,42,415; 470,1.8;4,10; 30,1;2,g;g,20,0,120,20,470,NA,415,0.1,3,4,0,20,10,20,spout_extended,NA
2024_05_09_acd02,acd,acd02,5/9/2024,2,2024_05_09_acd_r02,multi_s,0,NA,dual,3,dms,NA,NA,42,415; 470,1.8;4,10; 30,1;2,g;g,20,0,120,20,470,NA,415,0.1,3,4,0,20,10,20,spout_extended,NA
2024_05_09_acd02,acd,acd02,5/9/2024,2,2024_05_09_acd_r02,multi_s,0,NA,dual,6,dls,NA,NA,42,415; 470,1.8;4,10; 30,1;2,g;g,20,0,120,20,470,NA,415,0.1,3,4,0,20,10,20,spout_extended,NA
2024_05_09_acd02,acd,acd02,5/9/2024,2,2024_05_09_acd_r02,multi_s,0,NA,dual,4,ts,NA,NA,42,415; 470,1.8;4,10; 30,1;2,g;g,20,0,120,20,470,NA,415,0.1,3,4,0,20,10,20,spout_extended,NA
2024_05_09_acd03,acd,acd03,5/9/2024,3,2024_05_09_acd_r03,multi_s,0,NA,dual,6,nac_shelllat,NA,NA,42,415; 470,1.8;4,10; 30,1;2,g;g,20,0,120,20,470,NA,415,0.1,3,4,0,20,10,20,spout_extended,NA
2024_05_09_acd03,acd,acd03,5/9/2024,3,2024_05_09_acd_r03,multi_s,0,NA,dual,5,nac_corr,NA,NA,42,415; 470,1.8;4,10; 30,1;2,g;g,20,0,120,20,470,NA,415,0.1,3,4,0,20,10,20,spout_extended,NA
2024_05_09_acd03,acd,acd03,5/9/2024,3,2024_05_09_acd_r03,multi_s,0,NA,dual,3,nac,NA,NA,42,415; 470,1.8;4,10; 30,1;2,g;g,20,0,120,20,470,NA,415,0.1,3,4,0,20,10,20,spout_extended,NA
2024_05_09_acd03,acd,acd03,5/9/2024,3,2024_05_09_acd_r03,multi_s,0,NA,dual,4,dms,NA,NA,42,415; 470,1.8;4,10; 30,1;2,g;g,20,0,120,20,470,NA,415,0.1,3,4,0,20,10,20,spout_extended,NA
2024_05_09_acd03,acd,acd03,5/9/2024,3,2024_05_09_acd_r03,multi_s,0,NA,dual,10,dls,NA,NA,42,415; 470,1.8;4,10; 30,1;2,g;g,20,0,120,20,470,NA,415,0.1,3,4,0,20,10,20,spout_extended,NA
2024_05_09_acd03,acd,acd03,5/9/2024,3,2024_05_09_acd_r03,multi_s,0,NA,dual,12,ts,NA,NA,42,415; 470,1.8;4,10; 30,1;2,g;g,20,0,120,20,470,NA,415,0.1,3,4,0,20,10,20,spout_extended,NA
2024_05_09_acd04,acd,acd04,5/9/2024,4,2024_05_09_acd_r04,multi_s,0,NA,dual,5,nac_shelllat,NA,NA,42,415; 470,1.8;4,10; 30,1;2,g;g,20,0,120,20,470,NA,415,0.1,3,4,0,20,10,20,spout_extended,NA
2024_05_09_acd04,acd,acd04,5/9/2024,4,2024_05_09_acd_r04,multi_s,0,NA,dual,3,nac_corr,NA,NA,42,415; 470,1.8;4,10; 30,1;2,g;g,20,0,120,20,470,NA,415,0.1,3,4,0,20,10,20,spout_extended,NA
2024_05_09_acd04,acd,acd04,5/9/2024,4,2024_05_09_acd_r04,multi_s,0,NA,dual,4,nac,NA,NA,42,415; 470,1.8;4,10; 30,1;2,g;g,20,0,120,20,470,NA,415,0.1,3,4,0,20,10,20,spout_extended,NA
2024_05_09_acd04,acd,acd04,5/9/2024,4,2024_05_09_acd_r04,multi_s,0,NA,dual,6,dms,NA,NA,42,415; 470,1.8;4,10; 30,1;2,g;g,20,0,120,20,470,NA,415,0.1,3,4,0,20,10,20,spout_extended,NA
2024_05_09_acd04,acd,acd04,5/9/2024,4,2024_05_09_acd_r04,multi_s,0,NA,dual,12,dls,NA,NA,42,415; 470,1.8;4,10; 30,1;2,g;g,20,0,120,20,470,NA,415,0.1,3,4,0,20,10,20,spout_extended,NA
2024_05_09_acd04,acd,acd04,5/9/2024,4,2024_05_09_acd_r04,multi_s,0,NA,dual,10,ts,NA,NA,42,415; 470,1.8;4,10; 30,1;2,g;g,20,0,120,20,470,NA,415,0.1,3,4,0,20,10,20,spout_extended,NA
2024_05_09_acd05,acd,acd05,5/9/2024,5,2024_05_09_acd_r05,multi_s,0,NA,dual,4,nac_shelllat,NA,NA,42,415; 470,1.8;4,10; 30,1;2,g;g,20,0,120,20,470,NA,415,0.1,3,4,0,20,10,20,spout_extended,NA
2024_05_09_acd05,acd,acd05,5/9/2024,5,2024_05_09_acd_r05,multi_s,0,NA,dual,6,nac_corr,NA,NA,42,415; 470,1.8;4,10; 30,1;2,g;g,20,0,120,20,470,NA,415,0.1,3,4,0,20,10,20,spout_extended,NA
2024_05_09_acd05,acd,acd05,5/9/2024,5,2024_05_09_acd_r05,multi_s,0,NA,dual,10,nac,NA,NA,42,415; 470,1.8;4,10; 30,1;2,g;g,20,0,120,20,470,NA,415,0.1,3,4,0,20,10,20,spout_extended,NA
2024_05_09_acd05,acd,acd05,5/9/2024,5,2024_05_09_acd_r05,multi_s,0,NA,dual,12,dms,NA,NA,42,415; 470,1.8;4,10; 30,1;2,g;g,20,0,120,20,470,NA,415,0.1,3,4,0,20,10,20,spout_extended,NA
2024_05_09_acd05,acd,acd05,5/9/2024,5,2024_05_09_acd_r05,multi_s,0,NA,dual,3,dls,NA,NA,42,415; 470,1.8;4,10; 30,1;2,g;g,20,0,120,20,470,NA,415,0.1,3,4,0,20,10,20,spout_extended,NA
2024_05_09_acd05,acd,acd05,5/9/2024,5,2024_05_09_acd_r05,multi_s,0,NA,dual,5,ts,NA,NA,42,415; 470,1.8;4,10; 30,1;2,g;g,20,0,120,20,470,NA,415,0.1,3,4,0,20,10,20,spout_extended,NA
2024_05_09_acd06,acd,acd06,5/9/2024,6,2024_05_09_acd_r06,multi_s,0,NA,dual,3,nac_shelllat,NA,NA,42,415; 470,1.8;4,10; 30,1;2,g;g,20,0,120,20,470,NA,415,0.1,3,4,0,20,10,20,spout_extended,NA
2024_05_09_acd06,acd,acd06,5/9/2024,6,2024_05_09_acd_r06,multi_s,0,NA,dual,4,nac_corr,NA,NA,42,415; 470,1.8;4,10; 30,1;2,g;g,20,0,120,20,470,NA,415,0.1,3,4,0,20,10,20,spout_extended,NA
2024_05_09_acd06,acd,acd06,5/9/2024,6,2024_05_09_acd_r06,multi_s,0,NA,dual,12,nac,NA,NA,42,415; 470,1.8;4,10; 30,1;2,g;g,20,0,120,20,470,NA,415,0.1,3,4,0,20,10,20,spout_extended,NA
2024_05_09_acd06,acd,acd06,5/9/2024,6,2024_05_09_acd_r06,multi_s,0,NA,dual,10,dms,NA,NA,42,415; 470,1.8;4,10; 30,1;2,g;g,20,0,120,20,470,NA,415,0.1,3,4,0,20,10,20,spout_extended,NA
2024_05_09_acd06,acd,acd06,5/9/2024,6,2024_05_09_acd_r06,multi_s,0,NA,dual,5,dls,NA,NA,42,415; 470,1.8;4,10; 30,1;2,g;g,20,0,120,20,470,NA,415,0.1,3,4,0,20,10,20,spout_extended,NA
2024_05_09_acd06,acd,acd06,5/9/2024,6,2024_05_09_acd_r06,multi_s,0,NA,dual,6,ts,NA,NA,42,415; 470,1.8;4,10; 30,1;2,g;g,20,0,120,20,470,NA,415,0.1,3,4,0,20,10,20,spout_extended,NA
2024_05_09_acd07,acd,acd07,5/9/2024,7,2024_05_09_acd_r07,multi_s,0,NA,dual,12,nac_shelllat,NA,NA,42,415; 470,1.8;4,10; 30,1;2,g;g,20,0,120,20,470,NA,415,0.1,3,4,0,20,10,20,spout_extended,NA
2024_05_09_acd07,acd,acd07,5/9/2024,7,2024_05_09_acd_r07,multi_s,0,NA,dual,10,nac_corr,NA,NA,42,415; 470,1.8;4,10; 30,1;2,g;g,20,0,120,20,470,NA,415,0.1,3,4,0,20,10,20,spout_extended,NA
2024_05_09_acd07,acd,acd07,5/9/2024,7,2024_05_09_acd_r07,multi_s,0,NA,dual,6,nac,NA,NA,42,415; 470,1.8;4,10; 30,1;2,g;g,20,0,120,20,470,NA,415,0.1,3,4,0,20,10,20,spout_extended,NA
2024_05_09_acd07,acd,acd07,5/9/2024,7,2024_05_09_acd_r07,multi_s,0,NA,dual,5,dms,NA,NA,42,415; 470,1.8;4,10; 30,1;2,g;g,20,0,120,20,470,NA,415,0.1,3,4,0,20,10,20,spout_extended,NA
2024_05_09_acd07,acd,acd07,5/9/2024,7,2024_05_09_acd_r07,multi_s,0,NA,dual,4,dls,NA,NA,42,415; 470,1.8;4,10; 30,1;2,g;g,20,0,120,20,470,NA,415,0.1,3,4,0,20,10,20,spout_extended,NA
2024_05_09_acd07,acd,acd07,5/9/2024,7,2024_05_09_acd_r07,multi_s,0,NA,dual,3,ts,NA,NA,42,415; 470,1.8;4,10; 30,1;2,g;g,20,0,120,20,470,NA,415,0.1,3,4,0,20,10,20,spout_extended,NA
2024_05_09_acd08,acd,acd08,5/9/2024,8,2024_05_09_acd_r08,multi_s,0,NA,dual,10,nac_shelllat,NA,NA,42,415; 470,1.8;4,10; 30,1;2,g;g,20,0,120,20,470,NA,415,0.1,3,4,0,20,10,20,spout_extended,NA
2024_05_09_acd08,acd,acd08,5/9/2024,8,2024_05_09_acd_r08,multi_s,0,NA,dual,12,nac_corr,NA,NA,42,415; 470,1.8;4,10; 30,1;2,g;g,20,0,120,20,470,NA,415,0.1,3,4,0,20,10,20,spout_extended,NA
2024_05_09_acd08,acd,acd08,5/9/2024,8,2024_05_09_acd_r08,multi_s,0,NA,dual,5,nac,NA,NA,42,415; 470,1.8;4,10; 30,1;2,g;g,20,0,120,20,470,NA,415,0.1,3,4,0,20,10,20,spout_extended,NA
2024_05_09_acd08,acd,acd08,5/9/2024,8,2024_05_09_acd_r08,multi_s,0,NA,dual,3,dms,NA,NA,42,415; 470,1.8;4,10; 30,1;2,g;g,20,0,120,20,470,NA,415,0.1,3,4,0,20,10,20,spout_extended,NA
2024_05_09_acd08,acd,acd08,5/9/2024,8,2024_05_09_acd_r08,multi_s,0,NA,dual,6,dls,NA,NA,42,415; 470,1.8;4,10; 30,1;2,g;g,20,0,120,20,470,NA,415,0.1,3,4,0,20,10,20,spout_extended,NA
2024_05_09_acd08,acd,acd08,5/9/2024,8,2024_05_09_acd_r08,multi_s,0,NA,dual,4,ts,NA,NA,42,415; 470,1.8;4,10; 30,1;2,g;g,20,0,120,20,470,NA,415,0.1,3,4,0,20,10,20,spout_extended,NA
2024_05_09_acd09,acd,acd09,5/9/2024,9,2024_05_09_acd_r09,multi_s,0,NA,dual,4,nac_shelllat,NA,NA,42,415; 470,1.8;4,10; 30,1;2,g;g,20,0,120,20,470,NA,415,0.1,3,4,0,20,10,20,spout_extended,NA
2024_05_09_acd09,acd,acd09,5/9/2024,9,2024_05_09_acd_r09,multi_s,0,NA,dual,3,nac_corr,NA,NA,42,415; 470,1.8;4,10; 30,1;2,g;g,20,0,120,20,470,NA,415,0.1,3,4,0,20,10,20,spout_extended,NA
2024_05_09_acd09,acd,acd09,5/9/2024,9,2024_05_09_acd_r09,multi_s,0,NA,dual,10,nac,NA,NA,42,415; 470,1.8;4,10; 30,1;2,g;g,20,0,120,20,470,NA,415,0.1,3,4,0,20,10,20,spout_extended,NA
2024_05_09_acd09,acd,acd09,5/9/2024,9,2024_05_09_acd_r09,multi_s,0,NA,dual,6,dms,NA,NA,42,415; 470,1.8;4,10; 30,1;2,g;g,20,0,120,20,470,NA,415,0.1,3,4,0,20,10,20,spout_extended,NA
2024_05_09_acd09,acd,acd09,5/9/2024,9,2024_05_09_acd_r09,multi_s,0,NA,dual,12,dls,NA,NA,42,415; 470,1.8;4,10; 30,1;2,g;g,20,0,120,20,470,NA,415,0.1,3,4,0,20,10,20,spout_extended,NA
2024_05_09_acd09,acd,acd09,5/9/2024,9,2024_05_09_acd_r09,multi_s,0,NA,dual,5,ts,NA,NA,42,415; 470,1.8;4,10; 30,1;2,g;g,20,0,120,20,470,NA,415,0.1,3,4,0,20,10,20,spout_extended,NA
2024_05_09_acd10,acd,acd10,5/9/2024,10,2024_05_09_acd_r10,multi_s,0,NA,dual,5,nac_shelllat,NA,NA,42,415; 470,1.8;4,10; 30,1;2,g;g,20,0,120,20,470,NA,415,0.1,3,4,0,20,10,20,spout_extended,NA
2024_05_09_acd10,acd,acd10,5/9/2024,10,2024_05_09_acd_r10,multi_s,0,NA,dual,6,nac_corr,NA,NA,42,415; 470,1.8;4,10; 30,1;2,g;g,20,0,120,20,470,NA,415,0.1,3,4,0,20,10,20,spout_extended,NA
2024_05_09_acd10,acd,acd10,5/9/2024,10,2024_05_09_acd_r10,multi_s,0,NA,dual,3,nac,NA,NA,42,415; 470,1.8;4,10; 30,1;2,g;g,20,0,120,20,470,NA,415,0.1,3,4,0,20,10,20,spout_extended,NA
2024_05_09_acd10,acd,acd10,5/9/2024,10,2024_05_09_acd_r10,multi_s,0,NA,dual,4,dms,NA,NA,42,415; 470,1.8;4,10; 30,1;2,g;g,20,0,120,20,470,NA,415,0.1,3,4,0,20,10,20,spout_extended,NA
2024_05_09_acd10,acd,acd10,5/9/2024,10,2024_05_09_acd_r10,multi_s,0,NA,dual,10,dls,NA,NA,42,415; 470,1.8;4,10; 30,1;2,g;g,20,0,120,20,470,NA,415,0.1,3,4,0,20,10,20,spout_extended,NA
2024_05_09_acd10,acd,acd10,5/9/2024,10,2024_05_09_acd_r10,multi_s,0,NA,dual,12,ts,NA,NA,42,415; 470,1.8;4,10; 30,1;2,g;g,20,0,120,20,470,NA,415,0.1,3,4,0,20,10,20,spout_extended,NA
2024_05_09_acd11,acd,acd11,5/9/2024,11,2024_05_09_acd_r11,multi_s,0,NA,dual,6,nac_shelllat,NA,NA,42,415; 470,1.8;4,10; 30,1;2,g;g,20,0,120,20,470,NA,415,0.1,3,4,0,20,10,20,spout_extended,NA
2024_05_09_acd11,acd,acd11,5/9/2024,11,2024_05_09_acd_r11,multi_s,0,NA,dual,5,nac_corr,NA,NA,42,415; 470,1.8;4,10; 30,1;2,g;g,20,0,120,20,470,NA,415,0.1,3,4,0,20,10,20,spout_extended,NA
2024_05_09_acd11,acd,acd11,5/9/2024,11,2024_05_09_acd_r11,multi_s,0,NA,dual,3,nac,NA,NA,42,415; 470,1.8;4,10; 30,1;2,g;g,20,0,120,20,470,NA,415,0.1,3,4,0,20,10,20,spout_extended,NA
2024_05_09_acd11,acd,acd11,5/9/2024,11,2024_05_09_acd_r11,multi_s,0,NA,dual,4,dms,NA,NA,42,415; 470,1.8;4,10; 30,1;2,g;g,20,0,120,20,470,NA,415,0.1,3,4,0,20,10,20,spout_extended,NA
2024_05_09_acd11,acd,acd11,5/9/2024,11,2024_05_09_acd_r11,multi_s,0,NA,dual,10,dls,NA,NA,42,415; 470,1.8;4,10; 30,1;2,g;g,20,0,120,20,470,NA,415,0.1,3,4,0,20,10,20,spout_extended,NA
2024_05_09_acd11,acd,acd11,5/9/2024,11,2024_05_09_acd_r11,multi_s,0,NA,dual,12,ts,NA,NA,42,415; 470,1.8;4,10; 30,1;2,g;g,20,0,120,20,470,NA,415,0.1,3,4,0,20,10,20,spout_extended,NA
2024_05_09_acd12,acd,acd12,5/9/2024,12,2024_05_09_acd_r12,multi_s,0,NA,dual,5,nac_shelllat,NA,NA,42,415; 470,1.8;4,10; 30,1;2,g;g,20,0,120,20,470,NA,415,0.1,3,4,0,20,10,20,spout_extended,NA
2024_05_09_acd12,acd,acd12,5/9/2024,12,2024_05_09_acd_r12,multi_s,0,NA,dual,3,nac_corr,NA,NA,42,415; 470,1.8;4,10; 30,1;2,g;g,20,0,120,20,470,NA,415,0.1,3,4,0,20,10,20,spout_extended,NA
2024_05_09_acd12,acd,acd12,5/9/2024,12,2024_05_09_acd_r12,multi_s,0,NA,dual,4,nac,NA,NA,42,415; 470,1.8;4,10; 30,1;2,g;g,20,0,120,20,470,NA,415,0.1,3,4,0,20,10,20,spout_extended,NA
2024_05_09_acd12,acd,acd12,5/9/2024,12,2024_05_09_acd_r12,multi_s,0,NA,dual,6,dms,NA,NA,42,415; 470,1.8;4,10; 30,1;2,g;g,20,0,120,20,470,NA,415,0.1,3,4,0,20,10,20,spout_extended,NA
2024_05_09_acd12,acd,acd12,5/9/2024,12,2024_05_09_acd_r12,multi_s,0,NA,dual,12,dls,NA,NA,42,415; 470,1.8;4,10; 30,1;2,g;g,20,0,120,20,470,NA,415,0.1,3,4,0,20,10,20,spout_extended,NA
2024_05_09_acd12,acd,acd12,5/9/2024,12,2024_05_09_acd_r12,multi_s,0,NA,dual,10,ts,NA,NA,42,415; 470,1.8;4,10; 30,1;2,g;g,20,0,120,20,470,NA,415,0.1,3,4,0,20,10,20,spout_extended,NA
2024_05_09_acd13,acd,acd13,5/9/2024,13,2024_05_09_acd_r13,multi_s,0,NA,dual,4,nac_shelllat,NA,NA,42,415; 470,1.8;4,10; 30,1;2,g;g,20,0,120,20,470,NA,415,0.1,3,4,0,20,10,20,spout_extended,NA
2024_05_09_acd13,acd,acd13,5/9/2024,13,2024_05_09_acd_r13,multi_s,0,NA,dual,6,nac_corr,NA,NA,42,415; 470,1.8;4,10; 30,1;2,g;g,20,0,120,20,470,NA,415,0.1,3,4,0,20,10,20,spout_extended,NA
2024_05_09_acd13,acd,acd13,5/9/2024,13,2024_05_09_acd_r13,multi_s,0,NA,dual,10,nac,NA,NA,42,415; 470,1.8;4,10; 30,1;2,g;g,20,0,120,20,470,NA,415,0.1,3,4,0,20,10,20,spout_extended,NA
2024_05_09_acd13,acd,acd13,5/9/2024,13,2024_05_09_acd_r13,multi_s,0,NA,dual,12,dms,NA,NA,42,415; 470,1.8;4,10; 30,1;2,g;g,20,0,120,20,470,NA,415,0.1,3,4,0,20,10,20,spout_extended,NA
2024_05_09_acd13,acd,acd13,5/9/2024,13,2024_05_09_acd_r13,multi_s,0,NA,dual,3,dls,NA,NA,42,415; 470,1.8;4,10; 30,1;2,g;g,20,0,120,20,470,NA,415,0.1,3,4,0,20,10,20,spout_extended,NA
2024_05_09_acd13,acd,acd13,5/9/2024,13,2024_05_09_acd_r13,multi_s,0,NA,dual,5,ts,NA,NA,42,415; 470,1.8;4,10; 30,1;2,g;g,20,0,120,20,470,NA,415,0.1,3,4,0,20,10,20,spout_extended,NA
2024_05_09_acd14,acd,acd14,5/9/2024,14,2024_05_09_acd_r14,multi_s,0,NA,dual,3,nac_shelllat,NA,NA,42,415; 470,1.8;4,10; 30,1;2,g;g,20,0,120,20,470,NA,415,0.1,3,4,0,20,10,20,spout_extended,NA
2024_05_09_acd14,acd,acd14,5/9/2024,14,2024_05_09_acd_r14,multi_s,0,NA,dual,4,nac_corr,NA,NA,42,415; 470,1.8;4,10; 30,1;2,g;g,20,0,120,20,470,NA,415,0.1,3,4,0,20,10,20,spout_extended,NA
2024_05_09_acd14,acd,acd14,5/9/2024,14,2024_05_09_acd_r14,multi_s,0,NA,dual,12,nac,NA,NA,42,415; 470,1.8;4,10; 30,1;2,g;g,20,0,120,20,470,NA,415,0.1,3,4,0,20,10,20,spout_extended,NA
2024_05_09_acd14,acd,acd14,5/9/2024,14,2024_05_09_acd_r14,multi_s,0,NA,dual,10,dms,NA,NA,42,415; 470,1.8;4,10; 30,1;2,g;g,20,0,120,20,470,NA,415,0.1,3,4,0,20,10,20,spout_extended,NA
2024_05_09_acd14,acd,acd14,5/9/2024,14,2024_05_09_acd_r14,multi_s,0,NA,dual,5,dls,NA,NA,42,415; 470,1.8;4,10; 30,1;2,g;g,20,0,120,20,470,NA,415,0.1,3,4,0,20,10,20,spout_extended,NA
2024_05_09_acd14,acd,acd14,5/9/2024,14,2024_05_09_acd_r14,multi_s,0,NA,dual,6,ts,NA,NA,42,415; 470,1.8;4,10; 30,1;2,g;g,20,0,120,20,470,NA,415,0.1,3,4,0,20,10,20,spout_extended,NA
2024_05_10_acd01,acd,acd01,5/10/2024,1,2024_05_10_acd_r01,multi_s,0,NA,dual,5,nac_shelllat,NA,NA,42,415; 470,1.8;4,10; 30,1;2,g;g,20,0,120,20,470,NA,415,0.1,3,4,0,20,10,20,spout_extended,NA
2024_05_10_acd01,acd,acd01,5/10/2024,1,2024_05_10_acd_r01,multi_s,0,NA,dual,3,nac_corr,NA,NA,42,415; 470,1.8;4,10; 30,1;2,g;g,20,0,120,20,470,NA,415,0.1,3,4,0,20,10,20,spout_extended,NA
2024_05_10_acd01,acd,acd01,5/10/2024,1,2024_05_10_acd_r01,multi_s,0,NA,dual,4,nac,NA,NA,42,415; 470,1.8;4,10; 30,1;2,g;g,20,0,120,20,470,NA,415,0.1,3,4,0,20,10,20,spout_extended,NA
2024_05_10_acd01,acd,acd01,5/10/2024,1,2024_05_10_acd_r01,multi_s,0,NA,dual,6,dms,NA,NA,42,415; 470,1.8;4,10; 30,1;2,g;g,20,0,120,20,470,NA,415,0.1,3,4,0,20,10,20,spout_extended,NA
2024_05_10_acd01,acd,acd01,5/10/2024,1,2024_05_10_acd_r01,multi_s,0,NA,dual,12,dls,NA,NA,42,415; 470,1.8;4,10; 30,1;2,g;g,20,0,120,20,470,NA,415,0.1,3,4,0,20,10,20,spout_extended,NA
2024_05_10_acd01,acd,acd01,5/10/2024,1,2024_05_10_acd_r01,multi_s,0,NA,dual,10,ts,NA,NA,42,415; 470,1.8;4,10; 30,1;2,g;g,20,0,120,20,470,NA,415,0.1,3,4,0,20,10,20,spout_extended,NA
2024_05_10_acd02,acd,acd02,5/10/2024,2,2024_05_10_acd_r02,multi_s,0,NA,dual,4,nac_shelllat,NA,NA,42,415; 470,1.8;4,10; 30,1;2,g;g,20,0,120,20,470,NA,415,0.1,3,4,0,20,10,20,spout_extended,NA
2024_05_10_acd02,acd,acd02,5/10/2024,2,2024_05_10_acd_r02,multi_s,0,NA,dual,6,nac_corr,NA,NA,42,415; 470,1.8;4,10; 30,1;2,g;g,20,0,120,20,470,NA,415,0.1,3,4,0,20,10,20,spout_extended,NA
2024_05_10_acd02,acd,acd02,5/10/2024,2,2024_05_10_acd_r02,multi_s,0,NA,dual,10,nac,NA,NA,42,415; 470,1.8;4,10; 30,1;2,g;g,20,0,120,20,470,NA,415,0.1,3,4,0,20,10,20,spout_extended,NA
2024_05_10_acd02,acd,acd02,5/10/2024,2,2024_05_10_acd_r02,multi_s,0,NA,dual,12,dms,NA,NA,42,415; 470,1.8;4,10; 30,1;2,g;g,20,0,120,20,470,NA,415,0.1,3,4,0,20,10,20,spout_extended,NA
2024_05_10_acd02,acd,acd02,5/10/2024,2,2024_05_10_acd_r02,multi_s,0,NA,dual,3,dls,NA,NA,42,415; 470,1.8;4,10; 30,1;2,g;g,20,0,120,20,470,NA,415,0.1,3,4,0,20,10,20,spout_extended,NA
2024_05_10_acd02,acd,acd02,5/10/2024,2,2024_05_10_acd_r02,multi_s,0,NA,dual,5,ts,NA,NA,42,415; 470,1.8;4,10; 30,1;2,g;g,20,0,120,20,470,NA,415,0.1,3,4,0,20,10,20,spout_extended,NA
2024_05_10_acd03,acd,acd03,5/10/2024,3,2024_05_10_acd_r03,multi_s,0,NA,dual,3,nac_shelllat,NA,NA,42,415; 470,1.8;4,10; 30,1;2,g;g,20,0,120,20,470,NA,415,0.1,3,4,0,20,10,20,spout_extended,NA
2024_05_10_acd03,acd,acd03,5/10/2024,3,2024_05_10_acd_r03,multi_s,0,NA,dual,4,nac_corr,NA,NA,42,415; 470,1.8;4,10; 30,1;2,g;g,20,0,120,20,470,NA,415,0.1,3,4,0,20,10,20,spout_extended,NA
2024_05_10_acd03,acd,acd03,5/10/2024,3,2024_05_10_acd_r03,multi_s,0,NA,dual,12,nac,NA,NA,42,415; 470,1.8;4,10; 30,1;2,g;g,20,0,120,20,470,NA,415,0.1,3,4,0,20,10,20,spout_extended,NA
2024_05_10_acd03,acd,acd03,5/10/2024,3,2024_05_10_acd_r03,multi_s,0,NA,dual,10,dms,NA,NA,42,415; 470,1.8;4,10; 30,1;2,g;g,20,0,120,20,470,NA,415,0.1,3,4,0,20,10,20,spout_extended,NA
2024_05_10_acd03,acd,acd03,5/10/2024,3,2024_05_10_acd_r03,multi_s,0,NA,dual,5,dls,NA,NA,42,415; 470,1.8;4,10; 30,1;2,g;g,20,0,120,20,470,NA,415,0.1,3,4,0,20,10,20,spout_extended,NA
2024_05_10_acd03,acd,acd03,5/10/2024,3,2024_05_10_acd_r03,multi_s,0,NA,dual,6,ts,NA,NA,42,415; 470,1.8;4,10; 30,1;2,g;g,20,0,120,20,470,NA,415,0.1,3,4,0,20,10,20,spout_extended,NA
2024_05_10_acd04,acd,acd04,5/10/2024,4,2024_05_10_acd_r04,multi_s,0,NA,dual,12,nac_shelllat,NA,NA,42,415; 470,1.8;4,10; 30,1;2,g;g,20,0,120,20,470,NA,415,0.1,3,4,0,20,10,20,spout_extended,NA
2024_05_10_acd04,acd,acd04,5/10/2024,4,2024_05_10_acd_r04,multi_s,0,NA,dual,10,nac_corr,NA,NA,42,415; 470,1.8;4,10; 30,1;2,g;g,20,0,120,20,470,NA,415,0.1,3,4,0,20,10,20,spout_extended,NA
2024_05_10_acd04,acd,acd04,5/10/2024,4,2024_05_10_acd_r04,multi_s,0,NA,dual,6,nac,NA,NA,42,415; 470,1.8;4,10; 30,1;2,g;g,20,0,120,20,470,NA,415,0.1,3,4,0,20,10,20,spout_extended,NA
2024_05_10_acd04,acd,acd04,5/10/2024,4,2024_05_10_acd_r04,multi_s,0,NA,dual,5,dms,NA,NA,42,415; 470,1.8;4,10; 30,1;2,g;g,20,0,120,20,470,NA,415,0.1,3,4,0,20,10,20,spout_extended,NA
2024_05_10_acd04,acd,acd04,5/10/2024,4,2024_05_10_acd_r04,multi_s,0,NA,dual,4,dls,NA,NA,42,415; 470,1.8;4,10; 30,1;2,g;g,20,0,120,20,470,NA,415,0.1,3,4,0,20,10,20,spout_extended,NA
2024_05_10_acd04,acd,acd04,5/10/2024,4,2024_05_10_acd_r04,multi_s,0,NA,dual,3,ts,NA,NA,42,415; 470,1.8;4,10; 30,1;2,g;g,20,0,120,20,470,NA,415,0.1,3,4,0,20,10,20,spout_extended,NA
2024_05_10_acd05,acd,acd05,5/10/2024,5,2024_05_10_acd_r05,multi_s,0,NA,dual,10,nac_shelllat,NA,NA,42,415; 470,1.8;4,10; 30,1;2,g;g,20,0,120,20,470,NA,415,0.1,3,4,0,20,10,20,spout_extended,NA
2024_05_10_acd05,acd,acd05,5/10/2024,5,2024_05_10_acd_r05,multi_s,0,NA,dual,12,nac_corr,NA,NA,42,415; 470,1.8;4,10; 30,1;2,g;g,20,0,120,20,470,NA,415,0.1,3,4,0,20,10,20,spout_extended,NA
2024_05_10_acd05,acd,acd05,5/10/2024,5,2024_05_10_acd_r05,multi_s,0,NA,dual,5,nac,NA,NA,42,415; 470,1.8;4,10; 30,1;2,g;g,20,0,120,20,470,NA,415,0.1,3,4,0,20,10,20,spout_extended,NA
2024_05_10_acd05,acd,acd05,5/10/2024,5,2024_05_10_acd_r05,multi_s,0,NA,dual,3,dms,NA,NA,42,415; 470,1.8;4,10; 30,1;2,g;g,20,0,120,20,470,NA,415,0.1,3,4,0,20,10,20,spout_extended,NA
2024_05_10_acd05,acd,acd05,5/10/2024,5,2024_05_10_acd_r05,multi_s,0,NA,dual,6,dls,NA,NA,42,415; 470,1.8;4,10; 30,1;2,g;g,20,0,120,20,470,NA,415,0.1,3,4,0,20,10,20,spout_extended,NA
2024_05_10_acd05,acd,acd05,5/10/2024,5,2024_05_10_acd_r05,multi_s,0,NA,dual,4,ts,NA,NA,42,415; 470,1.8;4,10; 30,1;2,g;g,20,0,120,20,470,NA,415,0.1,3,4,0,20,10,20,spout_extended,NA
2024_05_10_acd06,acd,acd06,5/10/2024,6,2024_05_10_acd_r06,multi_s,0,NA,dual,6,nac_shelllat,NA,NA,42,415; 470,1.8;4,10; 30,1;2,g;g,20,0,120,20,470,NA,415,0.1,3,4,0,20,10,20,spout_extended,NA
2024_05_10_acd06,acd,acd06,5/10/2024,6,2024_05_10_acd_r06,multi_s,0,NA,dual,5,nac_corr,NA,NA,42,415; 470,1.8;4,10; 30,1;2,g;g,20,0,120,20,470,NA,415,0.1,3,4,0,20,10,20,spout_extended,NA
2024_05_10_acd06,acd,acd06,5/10/2024,6,2024_05_10_acd_r06,multi_s,0,NA,dual,3,nac,NA,NA,42,415; 470,1.8;4,10; 30,1;2,g;g,20,0,120,20,470,NA,415,0.1,3,4,0,20,10,20,spout_extended,NA
2024_05_10_acd06,acd,acd06,5/10/2024,6,2024_05_10_acd_r06,multi_s,0,NA,dual,4,dms,NA,NA,42,415; 470,1.8;4,10; 30,1;2,g;g,20,0,120,20,470,NA,415,0.1,3,4,0,20,10,20,spout_extended,NA
2024_05_10_acd06,acd,acd06,5/10/2024,6,2024_05_10_acd_r06,multi_s,0,NA,dual,10,dls,NA,NA,42,415; 470,1.8;4,10; 30,1;2,g;g,20,0,120,20,470,NA,415,0.1,3,4,0,20,10,20,spout_extended,NA
2024_05_10_acd06,acd,acd06,5/10/2024,6,2024_05_10_acd_r06,multi_s,0,NA,dual,12,ts,NA,NA,42,415; 470,1.8;4,10; 30,1;2,g;g,20,0,120,20,470,NA,415,0.1,3,4,0,20,10,20,spout_extended,NA
2024_05_10_acd07,acd,acd07,5/10/2024,7,2024_05_10_acd_r07,multi_s,0,NA,dual,5,nac_shelllat,NA,NA,42,415; 470,1.8;4,10; 30,1;2,g;g,20,0,120,20,470,NA,415,0.1,3,4,0,20,10,20,spout_extended,NA
2024_05_10_acd07,acd,acd07,5/10/2024,7,2024_05_10_acd_r07,multi_s,0,NA,dual,3,nac_corr,NA,NA,42,415; 470,1.8;4,10; 30,1;2,g;g,20,0,120,20,470,NA,415,0.1,3,4,0,20,10,20,spout_extended,NA
2024_05_10_acd07,acd,acd07,5/10/2024,7,2024_05_10_acd_r07,multi_s,0,NA,dual,4,nac,NA,NA,42,415; 470,1.8;4,10; 30,1;2,g;g,20,0,120,20,470,NA,415,0.1,3,4,0,20,10,20,spout_extended,NA
2024_05_10_acd07,acd,acd07,5/10/2024,7,2024_05_10_acd_r07,multi_s,0,NA,dual,6,dms,NA,NA,42,415; 470,1.8;4,10; 30,1;2,g;g,20,0,120,20,470,NA,415,0.1,3,4,0,20,10,20,spout_extended,NA
2024_05_10_acd07,acd,acd07,5/10/2024,7,2024_05_10_acd_r07,multi_s,0,NA,dual,12,dls,NA,NA,42,415; 470,1.8;4,10; 30,1;2,g;g,20,0,120,20,470,NA,415,0.1,3,4,0,20,10,20,spout_extended,NA
2024_05_10_acd07,acd,acd07,5/10/2024,7,2024_05_10_acd_r07,multi_s,0,NA,dual,10,ts,NA,NA,42,415; 470,1.8;4,10; 30,1;2,g;g,20,0,120,20,470,NA,415,0.1,3,4,0,20,10,20,spout_extended,NA
2024_05_10_acd08,acd,acd08,5/10/2024,8,2024_05_10_acd_r08,multi_s,0,NA,dual,4,nac_shelllat,NA,NA,42,415; 470,1.8;4,10; 30,1;2,g;g,20,0,120,20,470,NA,415,0.1,3,4,0,20,10,20,spout_extended,NA
2024_05_10_acd08,acd,acd08,5/10/2024,8,2024_05_10_acd_r08,multi_s,0,NA,dual,6,nac_corr,NA,NA,42,415; 470,1.8;4,10; 30,1;2,g;g,20,0,120,20,470,NA,415,0.1,3,4,0,20,10,20,spout_extended,NA
2024_05_10_acd08,acd,acd08,5/10/2024,8,2024_05_10_acd_r08,multi_s,0,NA,dual,10,nac,NA,NA,42,415; 470,1.8;4,10; 30,1;2,g;g,20,0,120,20,470,NA,415,0.1,3,4,0,20,10,20,spout_extended,NA
2024_05_10_acd08,acd,acd08,5/10/2024,8,2024_05_10_acd_r08,multi_s,0,NA,dual,12,dms,NA,NA,42,415; 470,1.8;4,10; 30,1;2,g;g,20,0,120,20,470,NA,415,0.1,3,4,0,20,10,20,spout_extended,NA
2024_05_10_acd08,acd,acd08,5/10/2024,8,2024_05_10_acd_r08,multi_s,0,NA,dual,3,dls,NA,NA,42,415; 470,1.8;4,10; 30,1;2,g;g,20,0,120,20,470,NA,415,0.1,3,4,0,20,10,20,spout_extended,NA
2024_05_10_acd08,acd,acd08,5/10/2024,8,2024_05_10_acd_r08,multi_s,0,NA,dual,5,ts,NA,NA,42,415; 470,1.8;4,10; 30,1;2,g;g,20,0,120,20,470,NA,415,0.1,3,4,0,20,10,20,spout_extended,NA
2024_05_10_acd09,acd,acd09,5/10/2024,9,2024_05_10_acd_r09,multi_s,0,NA,dual,3,nac_shelllat,NA,NA,42,415; 470,1.8;4,10; 30,1;2,g;g,20,0,120,20,470,NA,415,0.1,3,4,0,20,10,20,spout_extended,NA
2024_05_10_acd09,acd,acd09,5/10/2024,9,2024_05_10_acd_r09,multi_s,0,NA,dual,4,nac_corr,NA,NA,42,415; 470,1.8;4,10; 30,1;2,g;g,20,0,120,20,470,NA,415,0.1,3,4,0,20,10,20,spout_extended,NA
2024_05_10_acd09,acd,acd09,5/10/2024,9,2024_05_10_acd_r09,multi_s,0,NA,dual,12,nac,NA,NA,42,415; 470,1.8;4,10; 30,1;2,g;g,20,0,120,20,470,NA,415,0.1,3,4,0,20,10,20,spout_extended,NA
2024_05_10_acd09,acd,acd09,5/10/2024,9,2024_05_10_acd_r09,multi_s,0,NA,dual,10,dms,NA,NA,42,415; 470,1.8;4,10; 30,1;2,g;g,20,0,120,20,470,NA,415,0.1,3,4,0,20,10,20,spout_extended,NA
2024_05_10_acd09,acd,acd09,5/10/2024,9,2024_05_10_acd_r09,multi_s,0,NA,dual,5,dls,NA,NA,42,415; 470,1.8;4,10; 30,1;2,g;g,20,0,120,20,470,NA,415,0.1,3,4,0,20,10,20,spout_extended,NA
2024_05_10_acd09,acd,acd09,5/10/2024,9,2024_05_10_acd_r09,multi_s,0,NA,dual,6,ts,NA,NA,42,415; 470,1.8;4,10; 30,1;2,g;g,20,0,120,20,470,NA,415,0.1,3,4,0,20,10,20,spout_extended,NA
2024_05_10_acd10,acd,acd10,5/10/2024,10,2024_05_10_acd_r10,multi_s,0,NA,dual,12,nac_shelllat,NA,NA,42,415; 470,1.8;4,10; 30,1;2,g;g,20,0,120,20,470,NA,415,0.1,3,4,0,20,10,20,spout_extended,NA
2024_05_10_acd10,acd,acd10,5/10/2024,10,2024_05_10_acd_r10,multi_s,0,NA,dual,10,nac_corr,NA,NA,42,415; 470,1.8;4,10; 30,1;2,g;g,20,0,120,20,470,NA,415,0.1,3,4,0,20,10,20,spout_extended,NA
2024_05_10_acd10,acd,acd10,5/10/2024,10,2024_05_10_acd_r10,multi_s,0,NA,dual,6,nac,NA,NA,42,415; 470,1.8;4,10; 30,1;2,g;g,20,0,120,20,470,NA,415,0.1,3,4,0,20,10,20,spout_extended,NA
2024_05_10_acd10,acd,acd10,5/10/2024,10,2024_05_10_acd_r10,multi_s,0,NA,dual,5,dms,NA,NA,42,415; 470,1.8;4,10; 30,1;2,g;g,20,0,120,20,470,NA,415,0.1,3,4,0,20,10,20,spout_extended,NA
2024_05_10_acd10,acd,acd10,5/10/2024,10,2024_05_10_acd_r10,multi_s,0,NA,dual,4,dls,NA,NA,42,415; 470,1.8;4,10; 30,1;2,g;g,20,0,120,20,470,NA,415,0.1,3,4,0,20,10,20,spout_extended,NA
2024_05_10_acd10,acd,acd10,5/10/2024,10,2024_05_10_acd_r10,multi_s,0,NA,dual,3,ts,NA,NA,42,415; 470,1.8;4,10; 30,1;2,g;g,20,0,120,20,470,NA,415,0.1,3,4,0,20,10,20,spout_extended,NA
2024_05_10_acd11,acd,acd11,5/10/2024,11,2024_05_10_acd_r11,multi_s,0,NA,dual,10,nac_shelllat,NA,NA,42,415; 470,1.8;4,10; 30,1;2,g;g,20,0,120,20,470,NA,415,0.1,3,4,0,20,10,20,spout_extended,NA
2024_05_10_acd11,acd,acd11,5/10/2024,11,2024_05_10_acd_r11,multi_s,0,NA,dual,12,nac_corr,NA,NA,42,415; 470,1.8;4,10; 30,1;2,g;g,20,0,120,20,470,NA,415,0.1,3,4,0,20,10,20,spout_extended,NA
2024_05_10_acd11,acd,acd11,5/10/2024,11,2024_05_10_acd_r11,multi_s,0,NA,dual,5,nac,NA,NA,42,415; 470,1.8;4,10; 30,1;2,g;g,20,0,120,20,470,NA,415,0.1,3,4,0,20,10,20,spout_extended,NA
2024_05_10_acd11,acd,acd11,5/10/2024,11,2024_05_10_acd_r11,multi_s,0,NA,dual,3,dms,NA,NA,42,415; 470,1.8;4,10; 30,1;2,g;g,20,0,120,20,470,NA,415,0.1,3,4,0,20,10,20,spout_extended,NA
2024_05_10_acd11,acd,acd11,5/10/2024,11,2024_05_10_acd_r11,multi_s,0,NA,dual,6,dls,NA,NA,42,415; 470,1.8;4,10; 30,1;2,g;g,20,0,120,20,470,NA,415,0.1,3,4,0,20,10,20,spout_extended,NA
2024_05_10_acd11,acd,acd11,5/10/2024,11,2024_05_10_acd_r11,multi_s,0,NA,dual,4,ts,NA,NA,42,415; 470,1.8;4,10; 30,1;2,g;g,20,0,120,20,470,NA,415,0.1,3,4,0,20,10,20,spout_extended,NA
2024_05_10_acd12,acd,acd12,5/10/2024,12,2024_05_10_acd_r12,multi_s,0,NA,dual,3,nac_shelllat,NA,NA,42,415; 470,1.8;4,10; 30,1;2,g;g,20,0,120,20,470,NA,415,0.1,3,4,0,20,10,20,spout_extended,NA
2024_05_10_acd12,acd,acd12,5/10/2024,12,2024_05_10_acd_r12,multi_s,0,NA,dual,4,nac_corr,NA,NA,42,415; 470,1.8;4,10; 30,1;2,g;g,20,0,120,20,470,NA,415,0.1,3,4,0,20,10,20,spout_extended,NA
2024_05_10_acd12,acd,acd12,5/10/2024,12,2024_05_10_acd_r12,multi_s,0,NA,dual,12,nac,NA,NA,42,415; 470,1.8;4,10; 30,1;2,g;g,20,0,120,20,470,NA,415,0.1,3,4,0,20,10,20,spout_extended,NA
2024_05_10_acd12,acd,acd12,5/10/2024,12,2024_05_10_acd_r12,multi_s,0,NA,dual,10,dms,NA,NA,42,415; 470,1.8;4,10; 30,1;2,g;g,20,0,120,20,470,NA,415,0.1,3,4,0,20,10,20,spout_extended,NA
2024_05_10_acd12,acd,acd12,5/10/2024,12,2024_05_10_acd_r12,multi_s,0,NA,dual,5,dls,NA,NA,42,415; 470,1.8;4,10; 30,1;2,g;g,20,0,120,20,470,NA,415,0.1,3,4,0,20,10,20,spout_extended,NA
2024_05_10_acd12,acd,acd12,5/10/2024,12,2024_05_10_acd_r12,multi_s,0,NA,dual,6,ts,NA,NA,42,415; 470,1.8;4,10; 30,1;2,g;g,20,0,120,20,470,NA,415,0.1,3,4,0,20,10,20,spout_extended,NA
2024_05_10_acd13,acd,acd13,5/10/2024,13,2024_05_10_acd_r13,multi_s,0,NA,dual,12,nac_shelllat,NA,NA,42,415; 470,1.8;4,10; 30,1;2,g;g,20,0,120,20,470,NA,415,0.1,3,4,0,20,10,20,spout_extended,NA
2024_05_10_acd13,acd,acd13,5/10/2024,13,2024_05_10_acd_r13,multi_s,0,NA,dual,10,nac_corr,NA,NA,42,415; 470,1.8;4,10; 30,1;2,g;g,20,0,120,20,470,NA,415,0.1,3,4,0,20,10,20,spout_extended,NA
2024_05_10_acd13,acd,acd13,5/10/2024,13,2024_05_10_acd_r13,multi_s,0,NA,dual,6,nac,NA,NA,42,415; 470,1.8;4,10; 30,1;2,g;g,20,0,120,20,470,NA,415,0.1,3,4,0,20,10,20,spout_extended,NA
2024_05_10_acd13,acd,acd13,5/10/2024,13,2024_05_10_acd_r13,multi_s,0,NA,dual,5,dms,NA,NA,42,415; 470,1.8;4,10; 30,1;2,g;g,20,0,120,20,470,NA,415,0.1,3,4,0,20,10,20,spout_extended,NA
2024_05_10_acd13,acd,acd13,5/10/2024,13,2024_05_10_acd_r13,multi_s,0,NA,dual,4,dls,NA,NA,42,415; 470,1.8;4,10; 30,1;2,g;g,20,0,120,20,470,NA,415,0.1,3,4,0,20,10,20,spout_extended,NA
2024_05_10_acd13,acd,acd13,5/10/2024,13,2024_05_10_acd_r13,multi_s,0,NA,dual,3,ts,NA,NA,42,415; 470,1.8;4,10; 30,1;2,g;g,20,0,120,20,470,NA,415,0.1,3,4,0,20,10,20,spout_extended,NA
2024_05_10_acd14,acd,acd14,5/10/2024,14,2024_05_10_acd_r14,multi_s,0,NA,dual,6,nac_shelllat,NA,NA,42,415; 470,1.8;4,10; 30,1;2,g;g,20,0,120,20,470,NA,415,0.1,3,4,0,20,10,20,spout_extended,NA
2024_05_10_acd14,acd,acd14,5/10/2024,14,2024_05_10_acd_r14,multi_s,0,NA,dual,5,nac_corr,NA,NA,42,415; 470,1.8;4,10; 30,1;2,g;g,20,0,120,20,470,NA,415,0.1,3,4,0,20,10,20,spout_extended,NA
2024_05_10_acd14,acd,acd14,5/10/2024,14,2024_05_10_acd_r14,multi_s,0,NA,dual,3,nac,NA,NA,42,415; 470,1.8;4,10; 30,1;2,g;g,20,0,120,20,470,NA,415,0.1,3,4,0,20,10,20,spout_extended,NA
2024_05_10_acd14,acd,acd14,5/10/2024,14,2024_05_10_acd_r14,multi_s,0,NA,dual,4,dms,NA,NA,42,415; 470,1.8;4,10; 30,1;2,g;g,20,0,120,20,470,NA,415,0.1,3,4,0,20,10,20,spout_extended,NA
2024_05_10_acd14,acd,acd14,5/10/2024,14,2024_05_10_acd_r14,multi_s,0,NA,dual,10,dls,NA,NA,42,415; 470,1.8;4,10; 30,1;2,g;g,20,0,120,20,470,NA,415,0.1,3,4,0,20,10,20,spout_extended,NA
2024_05_10_acd14,acd,acd14,5/10/2024,14,2024_05_10_acd_r14,multi_s,0,NA,dual,12,ts,NA,NA,42,415; 470,1.8;4,10; 30,1;2,g;g,20,0,120,20,470,NA,415,0.1,3,4,0,20,10,20,spout_extended,NA
2024_05_14_acd01,acd,acd01,5/14/2024,1,2024_05_14_acd_r01,multi_s,0,NA,dual,3,nac_shelllat,NA,NA,42,415; 470,1.8;4,10; 30,1;2,g;g,20,0,120,20,470,NA,415,0.1,3,4,0,20,10,20,spout_extended,NA
2024_05_14_acd01,acd,acd01,5/14/2024,1,2024_05_14_acd_r01,multi_s,0,NA,dual,4,nac_corr,NA,NA,42,415; 470,1.8;4,10; 30,1;2,g;g,20,0,120,20,470,NA,415,0.1,3,4,0,20,10,20,spout_extended,NA
2024_05_14_acd01,acd,acd01,5/14/2024,1,2024_05_14_acd_r01,multi_s,0,NA,dual,12,nac,NA,NA,42,415; 470,1.8;4,10; 30,1;2,g;g,20,0,120,20,470,NA,415,0.1,3,4,0,20,10,20,spout_extended,NA
2024_05_14_acd01,acd,acd01,5/14/2024,1,2024_05_14_acd_r01,multi_s,0,NA,dual,10,dms,NA,NA,42,415; 470,1.8;4,10; 30,1;2,g;g,20,0,120,20,470,NA,415,0.1,3,4,0,20,10,20,spout_extended,NA
2024_05_14_acd01,acd,acd01,5/14/2024,1,2024_05_14_acd_r01,multi_s,0,NA,dual,5,dls,NA,NA,42,415; 470,1.8;4,10; 30,1;2,g;g,20,0,120,20,470,NA,415,0.1,3,4,0,20,10,20,spout_extended,NA
2024_05_14_acd01,acd,acd01,5/14/2024,1,2024_05_14_acd_r01,multi_s,0,NA,dual,6,ts,NA,NA,42,415; 470,1.8;4,10; 30,1;2,g;g,20,0,120,20,470,NA,415,0.1,3,4,0,20,10,20,spout_extended,NA
2024_05_14_acd02,acd,acd02,5/14/2024,2,2024_05_14_acd_r02,multi_s,0,NA,dual,12,nac_shelllat,NA,NA,42,415; 470,1.8;4,10; 30,1;2,g;g,20,0,120,20,470,NA,415,0.1,3,4,0,20,10,20,spout_extended,NA
2024_05_14_acd02,acd,acd02,5/14/2024,2,2024_05_14_acd_r02,multi_s,0,NA,dual,10,nac_corr,NA,NA,42,415; 470,1.8;4,10; 30,1;2,g;g,20,0,120,20,470,NA,415,0.1,3,4,0,20,10,20,spout_extended,NA
2024_05_14_acd02,acd,acd02,5/14/2024,2,2024_05_14_acd_r02,multi_s,0,NA,dual,6,nac,NA,NA,42,415; 470,1.8;4,10; 30,1;2,g;g,20,0,120,20,470,NA,415,0.1,3,4,0,20,10,20,spout_extended,NA
2024_05_14_acd02,acd,acd02,5/14/2024,2,2024_05_14_acd_r02,multi_s,0,NA,dual,5,dms,NA,NA,42,415; 470,1.8;4,10; 30,1;2,g;g,20,0,120,20,470,NA,415,0.1,3,4,0,20,10,20,spout_extended,NA
2024_05_14_acd02,acd,acd02,5/14/2024,2,2024_05_14_acd_r02,multi_s,0,NA,dual,4,dls,NA,NA,42,415; 470,1.8;4,10; 30,1;2,g;g,20,0,120,20,470,NA,415,0.1,3,4,0,20,10,20,spout_extended,NA
2024_05_14_acd02,acd,acd02,5/14/2024,2,2024_05_14_acd_r02,multi_s,0,NA,dual,3,ts,NA,NA,42,415; 470,1.8;4,10; 30,1;2,g;g,20,0,120,20,470,NA,415,0.1,3,4,0,20,10,20,spout_extended,NA
2024_05_14_acd03,acd,acd03,5/14/2024,3,2024_05_14_acd_r03,multi_s,0,NA,dual,10,nac_shelllat,NA,NA,42,415; 470,1.8;4,10; 30,1;2,g;g,20,0,120,20,470,NA,415,0.1,3,4,0,20,10,20,spout_extended,NA
2024_05_14_acd03,acd,acd03,5/14/2024,3,2024_05_14_acd_r03,multi_s,0,NA,dual,12,nac_corr,NA,NA,42,415; 470,1.8;4,10; 30,1;2,g;g,20,0,120,20,470,NA,415,0.1,3,4,0,20,10,20,spout_extended,NA
2024_05_14_acd03,acd,acd03,5/14/2024,3,2024_05_14_acd_r03,multi_s,0,NA,dual,5,nac,NA,NA,42,415; 470,1.8;4,10; 30,1;2,g;g,20,0,120,20,470,NA,415,0.1,3,4,0,20,10,20,spout_extended,NA
2024_05_14_acd03,acd,acd03,5/14/2024,3,2024_05_14_acd_r03,multi_s,0,NA,dual,3,dms,NA,NA,42,415; 470,1.8;4,10; 30,1;2,g;g,20,0,120,20,470,NA,415,0.1,3,4,0,20,10,20,spout_extended,NA
2024_05_14_acd03,acd,acd03,5/14/2024,3,2024_05_14_acd_r03,multi_s,0,NA,dual,6,dls,NA,NA,42,415; 470,1.8;4,10; 30,1;2,g;g,20,0,120,20,470,NA,415,0.1,3,4,0,20,10,20,spout_extended,NA
2024_05_14_acd03,acd,acd03,5/14/2024,3,2024_05_14_acd_r03,multi_s,0,NA,dual,4,ts,NA,NA,42,415; 470,1.8;4,10; 30,1;2,g;g,20,0,120,20,470,NA,415,0.1,3,4,0,20,10,20,spout_extended,NA
2024_05_14_acd04,acd,acd04,5/14/2024,4,2024_05_14_acd_r04,multi_s,0,NA,dual,6,nac_shelllat,NA,NA,42,415; 470,1.8;4,10; 30,1;2,g;g,20,0,120,20,470,NA,415,0.1,3,4,0,20,10,20,spout_extended,NA
2024_05_14_acd04,acd,acd04,5/14/2024,4,2024_05_14_acd_r04,multi_s,0,NA,dual,5,nac_corr,NA,NA,42,415; 470,1.8;4,10; 30,1;2,g;g,20,0,120,20,470,NA,415,0.1,3,4,0,20,10,20,spout_extended,NA
2024_05_14_acd04,acd,acd04,5/14/2024,4,2024_05_14_acd_r04,multi_s,0,NA,dual,3,nac,NA,NA,42,415; 470,1.8;4,10; 30,1;2,g;g,20,0,120,20,470,NA,415,0.1,3,4,0,20,10,20,spout_extended,NA
2024_05_14_acd04,acd,acd04,5/14/2024,4,2024_05_14_acd_r04,multi_s,0,NA,dual,4,dms,NA,NA,42,415; 470,1.8;4,10; 30,1;2,g;g,20,0,120,20,470,NA,415,0.1,3,4,0,20,10,20,spout_extended,NA
2024_05_14_acd04,acd,acd04,5/14/2024,4,2024_05_14_acd_r04,multi_s,0,NA,dual,10,dls,NA,NA,42,415; 470,1.8;4,10; 30,1;2,g;g,20,0,120,20,470,NA,415,0.1,3,4,0,20,10,20,spout_extended,NA
2024_05_14_acd04,acd,acd04,5/14/2024,4,2024_05_14_acd_r04,multi_s,0,NA,dual,12,ts,NA,NA,42,415; 470,1.8;4,10; 30,1;2,g;g,20,0,120,20,470,NA,415,0.1,3,4,0,20,10,20,spout_extended,NA
2024_05_14_acd05,acd,acd05,5/14/2024,5,2024_05_14_acd_r05,multi_s,0,NA,dual,5,nac_shelllat,NA,NA,42,415; 470,1.8;4,10; 30,1;2,g;g,20,0,120,20,470,NA,415,0.1,3,4,0,20,10,20,spout_extended,NA
2024_05_14_acd05,acd,acd05,5/14/2024,5,2024_05_14_acd_r05,multi_s,0,NA,dual,3,nac_corr,NA,NA,42,415; 470,1.8;4,10; 30,1;2,g;g,20,0,120,20,470,NA,415,0.1,3,4,0,20,10,20,spout_extended,NA
2024_05_14_acd05,acd,acd05,5/14/2024,5,2024_05_14_acd_r05,multi_s,0,NA,dual,4,nac,NA,NA,42,415; 470,1.8;4,10; 30,1;2,g;g,20,0,120,20,470,NA,415,0.1,3,4,0,20,10,20,spout_extended,NA
2024_05_14_acd05,acd,acd05,5/14/2024,5,2024_05_14_acd_r05,multi_s,0,NA,dual,6,dms,NA,NA,42,415; 470,1.8;4,10; 30,1;2,g;g,20,0,120,20,470,NA,415,0.1,3,4,0,20,10,20,spout_extended,NA
2024_05_14_acd05,acd,acd05,5/14/2024,5,2024_05_14_acd_r05,multi_s,0,NA,dual,12,dls,NA,NA,42,415; 470,1.8;4,10; 30,1;2,g;g,20,0,120,20,470,NA,415,0.1,3,4,0,20,10,20,spout_extended,NA
2024_05_14_acd05,acd,acd05,5/14/2024,5,2024_05_14_acd_r05,multi_s,0,NA,dual,10,ts,NA,NA,42,415; 470,1.8;4,10; 30,1;2,g;g,20,0,120,20,470,NA,415,0.1,3,4,0,20,10,20,spout_extended,NA
2024_05_14_acd06,acd,acd06,5/14/2024,6,2024_05_14_acd_r06,multi_s,0,NA,dual,4,nac_shelllat,NA,NA,42,415; 470,1.8;4,10; 30,1;2,g;g,20,0,120,20,470,NA,415,0.1,3,4,0,20,10,20,spout_extended,NA
2024_05_14_acd06,acd,acd06,5/14/2024,6,2024_05_14_acd_r06,multi_s,0,NA,dual,6,nac_corr,NA,NA,42,415; 470,1.8;4,10; 30,1;2,g;g,20,0,120,20,470,NA,415,0.1,3,4,0,20,10,20,spout_extended,NA
2024_05_14_acd06,acd,acd06,5/14/2024,6,2024_05_14_acd_r06,multi_s,0,NA,dual,10,nac,NA,NA,42,415; 470,1.8;4,10; 30,1;2,g;g,20,0,120,20,470,NA,415,0.1,3,4,0,20,10,20,spout_extended,NA
2024_05_14_acd06,acd,acd06,5/14/2024,6,2024_05_14_acd_r06,multi_s,0,NA,dual,12,dms,NA,NA,42,415; 470,1.8;4,10; 30,1;2,g;g,20,0,120,20,470,NA,415,0.1,3,4,0,20,10,20,spout_extended,NA
2024_05_14_acd06,acd,acd06,5/14/2024,6,2024_05_14_acd_r06,multi_s,0,NA,dual,3,dls,NA,NA,42,415; 470,1.8;4,10; 30,1;2,g;g,20,0,120,20,470,NA,415,0.1,3,4,0,20,10,20,spout_extended,NA
2024_05_14_acd06,acd,acd06,5/14/2024,6,2024_05_14_acd_r06,multi_s,0,NA,dual,5,ts,NA,NA,42,415; 470,1.8;4,10; 30,1;2,g;g,20,0,120,20,470,NA,415,0.1,3,4,0,20,10,20,spout_extended,NA
2024_05_14_acd07,acd,acd07,5/14/2024,7,2024_05_14_acd_r07,multi_s,0,NA,dual,3,nac_shelllat,NA,NA,42,415; 470,1.8;4,10; 30,1;2,g;g,20,0,120,20,470,NA,415,0.1,3,4,0,20,10,20,spout_extended,NA
2024_05_14_acd07,acd,acd07,5/14/2024,7,2024_05_14_acd_r07,multi_s,0,NA,dual,4,nac_corr,NA,NA,42,415; 470,1.8;4,10; 30,1;2,g;g,20,0,120,20,470,NA,415,0.1,3,4,0,20,10,20,spout_extended,NA
2024_05_14_acd07,acd,acd07,5/14/2024,7,2024_05_14_acd_r07,multi_s,0,NA,dual,12,nac,NA,NA,42,415; 470,1.8;4,10; 30,1;2,g;g,20,0,120,20,470,NA,415,0.1,3,4,0,20,10,20,spout_extended,NA
2024_05_14_acd07,acd,acd07,5/14/2024,7,2024_05_14_acd_r07,multi_s,0,NA,dual,10,dms,NA,NA,42,415; 470,1.8;4,10; 30,1;2,g;g,20,0,120,20,470,NA,415,0.1,3,4,0,20,10,20,spout_extended,NA
2024_05_14_acd07,acd,acd07,5/14/2024,7,2024_05_14_acd_r07,multi_s,0,NA,dual,5,dls,NA,NA,42,415; 470,1.8;4,10; 30,1;2,g;g,20,0,120,20,470,NA,415,0.1,3,4,0,20,10,20,spout_extended,NA
2024_05_14_acd07,acd,acd07,5/14/2024,7,2024_05_14_acd_r07,multi_s,0,NA,dual,6,ts,NA,NA,42,415; 470,1.8;4,10; 30,1;2,g;g,20,0,120,20,470,NA,415,0.1,3,4,0,20,10,20,spout_extended,NA
2024_05_14_acd08,acd,acd08,5/14/2024,8,2024_05_14_acd_r08,multi_s,0,NA,dual,12,nac_shelllat,NA,NA,42,415; 470,1.8;4,10; 30,1;2,g;g,20,0,120,20,470,NA,415,0.1,3,4,0,20,10,20,spout_extended,NA
2024_05_14_acd08,acd,acd08,5/14/2024,8,2024_05_14_acd_r08,multi_s,0,NA,dual,10,nac_corr,NA,NA,42,415; 470,1.8;4,10; 30,1;2,g;g,20,0,120,20,470,NA,415,0.1,3,4,0,20,10,20,spout_extended,NA
2024_05_14_acd08,acd,acd08,5/14/2024,8,2024_05_14_acd_r08,multi_s,0,NA,dual,6,nac,NA,NA,42,415; 470,1.8;4,10; 30,1;2,g;g,20,0,120,20,470,NA,415,0.1,3,4,0,20,10,20,spout_extended,NA
2024_05_14_acd08,acd,acd08,5/14/2024,8,2024_05_14_acd_r08,multi_s,0,NA,dual,5,dms,NA,NA,42,415; 470,1.8;4,10; 30,1;2,g;g,20,0,120,20,470,NA,415,0.1,3,4,0,20,10,20,spout_extended,NA
2024_05_14_acd08,acd,acd08,5/14/2024,8,2024_05_14_acd_r08,multi_s,0,NA,dual,4,dls,NA,NA,42,415; 470,1.8;4,10; 30,1;2,g;g,20,0,120,20,470,NA,415,0.1,3,4,0,20,10,20,spout_extended,NA
2024_05_14_acd08,acd,acd08,5/14/2024,8,2024_05_14_acd_r08,multi_s,0,NA,dual,3,ts,NA,NA,42,415; 470,1.8;4,10; 30,1;2,g;g,20,0,120,20,470,NA,415,0.1,3,4,0,20,10,20,spout_extended,NA
2024_05_14_acd09,acd,acd09,5/14/2024,9,2024_05_14_acd_r09,multi_s,0,NA,dual,10,nac_shelllat,NA,NA,42,415; 470,1.8;4,10; 30,1;2,g;g,20,0,120,20,470,NA,415,0.1,3,4,0,20,10,20,spout_extended,NA
2024_05_14_acd09,acd,acd09,5/14/2024,9,2024_05_14_acd_r09,multi_s,0,NA,dual,12,nac_corr,NA,NA,42,415; 470,1.8;4,10; 30,1;2,g;g,20,0,120,20,470,NA,415,0.1,3,4,0,20,10,20,spout_extended,NA
2024_05_14_acd09,acd,acd09,5/14/2024,9,2024_05_14_acd_r09,multi_s,0,NA,dual,5,nac,NA,NA,42,415; 470,1.8;4,10; 30,1;2,g;g,20,0,120,20,470,NA,415,0.1,3,4,0,20,10,20,spout_extended,NA
2024_05_14_acd09,acd,acd09,5/14/2024,9,2024_05_14_acd_r09,multi_s,0,NA,dual,3,dms,NA,NA,42,415; 470,1.8;4,10; 30,1;2,g;g,20,0,120,20,470,NA,415,0.1,3,4,0,20,10,20,spout_extended,NA
2024_05_14_acd09,acd,acd09,5/14/2024,9,2024_05_14_acd_r09,multi_s,0,NA,dual,6,dls,NA,NA,42,415; 470,1.8;4,10; 30,1;2,g;g,20,0,120,20,470,NA,415,0.1,3,4,0,20,10,20,spout_extended,NA
2024_05_14_acd09,acd,acd09,5/14/2024,9,2024_05_14_acd_r09,multi_s,0,NA,dual,4,ts,NA,NA,42,415; 470,1.8;4,10; 30,1;2,g;g,20,0,120,20,470,NA,415,0.1,3,4,0,20,10,20,spout_extended,NA
2024_05_14_acd10,acd,acd10,5/14/2024,10,2024_05_14_acd_r10,multi_s,0,NA,dual,3,nac_shelllat,NA,NA,42,415; 470,1.8;4,10; 30,1;2,g;g,20,0,120,20,470,NA,415,0.1,3,4,0,20,10,20,spout_extended,NA
2024_05_14_acd10,acd,acd10,5/14/2024,10,2024_05_14_acd_r10,multi_s,0,NA,dual,4,nac_corr,NA,NA,42,415; 470,1.8;4,10; 30,1;2,g;g,20,0,120,20,470,NA,415,0.1,3,4,0,20,10,20,spout_extended,NA
2024_05_14_acd10,acd,acd10,5/14/2024,10,2024_05_14_acd_r10,multi_s,0,NA,dual,12,nac,NA,NA,42,415; 470,1.8;4,10; 30,1;2,g;g,20,0,120,20,470,NA,415,0.1,3,4,0,20,10,20,spout_extended,NA
2024_05_14_acd10,acd,acd10,5/14/2024,10,2024_05_14_acd_r10,multi_s,0,NA,dual,10,dms,NA,NA,42,415; 470,1.8;4,10; 30,1;2,g;g,20,0,120,20,470,NA,415,0.1,3,4,0,20,10,20,spout_extended,NA
2024_05_14_acd10,acd,acd10,5/14/2024,10,2024_05_14_acd_r10,multi_s,0,NA,dual,5,dls,NA,NA,42,415; 470,1.8;4,10; 30,1;2,g;g,20,0,120,20,470,NA,415,0.1,3,4,0,20,10,20,spout_extended,NA
2024_05_14_acd10,acd,acd10,5/14/2024,10,2024_05_14_acd_r10,multi_s,0,NA,dual,6,ts,NA,NA,42,415; 470,1.8;4,10; 30,1;2,g;g,20,0,120,20,470,NA,415,0.1,3,4,0,20,10,20,spout_extended,NA
2024_05_14_acd11,acd,acd11,5/14/2024,11,2024_05_14_acd_r11,multi_s,0,NA,dual,12,nac_shelllat,NA,NA,42,415; 470,1.8;4,10; 30,1;2,g;g,20,0,120,20,470,NA,415,0.1,3,4,0,20,10,20,spout_extended,NA
2024_05_14_acd11,acd,acd11,5/14/2024,11,2024_05_14_acd_r11,multi_s,0,NA,dual,10,nac_corr,NA,NA,42,415; 470,1.8;4,10; 30,1;2,g;g,20,0,120,20,470,NA,415,0.1,3,4,0,20,10,20,spout_extended,NA
2024_05_14_acd11,acd,acd11,5/14/2024,11,2024_05_14_acd_r11,multi_s,0,NA,dual,6,nac,NA,NA,42,415; 470,1.8;4,10; 30,1;2,g;g,20,0,120,20,470,NA,415,0.1,3,4,0,20,10,20,spout_extended,NA
2024_05_14_acd11,acd,acd11,5/14/2024,11,2024_05_14_acd_r11,multi_s,0,NA,dual,5,dms,NA,NA,42,415; 470,1.8;4,10; 30,1;2,g;g,20,0,120,20,470,NA,415,0.1,3,4,0,20,10,20,spout_extended,NA
2024_05_14_acd11,acd,acd11,5/14/2024,11,2024_05_14_acd_r11,multi_s,0,NA,dual,4,dls,NA,NA,42,415; 470,1.8;4,10; 30,1;2,g;g,20,0,120,20,470,NA,415,0.1,3,4,0,20,10,20,spout_extended,NA
2024_05_14_acd11,acd,acd11,5/14/2024,11,2024_05_14_acd_r11,multi_s,0,NA,dual,3,ts,NA,NA,42,415; 470,1.8;4,10; 30,1;2,g;g,20,0,120,20,470,NA,415,0.1,3,4,0,20,10,20,spout_extended,NA
2024_05_14_acd12,acd,acd12,5/14/2024,12,2024_05_14_acd_r12,multi_s,0,NA,dual,6,nac_shelllat,NA,NA,42,415; 470,1.8;4,10; 30,1;2,g;g,20,0,120,20,470,NA,415,0.1,3,4,0,20,10,20,spout_extended,NA
2024_05_14_acd12,acd,acd12,5/14/2024,12,2024_05_14_acd_r12,multi_s,0,NA,dual,5,nac_corr,NA,NA,42,415; 470,1.8;4,10; 30,1;2,g;g,20,0,120,20,470,NA,415,0.1,3,4,0,20,10,20,spout_extended,NA
2024_05_14_acd12,acd,acd12,5/14/2024,12,2024_05_14_acd_r12,multi_s,0,NA,dual,3,nac,NA,NA,42,415; 470,1.8;4,10; 30,1;2,g;g,20,0,120,20,470,NA,415,0.1,3,4,0,20,10,20,spout_extended,NA
2024_05_14_acd12,acd,acd12,5/14/2024,12,2024_05_14_acd_r12,multi_s,0,NA,dual,4,dms,NA,NA,42,415; 470,1.8;4,10; 30,1;2,g;g,20,0,120,20,470,NA,415,0.1,3,4,0,20,10,20,spout_extended,NA
2024_05_14_acd12,acd,acd12,5/14/2024,12,2024_05_14_acd_r12,multi_s,0,NA,dual,10,dls,NA,NA,42,415; 470,1.8;4,10; 30,1;2,g;g,20,0,120,20,470,NA,415,0.1,3,4,0,20,10,20,spout_extended,NA
2024_05_14_acd12,acd,acd12,5/14/2024,12,2024_05_14_acd_r12,multi_s,0,NA,dual,12,ts,NA,NA,42,415; 470,1.8;4,10; 30,1;2,g;g,20,0,120,20,470,NA,415,0.1,3,4,0,20,10,20,spout_extended,NA
2024_05_14_acd13,acd,acd13,5/14/2024,13,2024_05_14_acd_r13,multi_s,0,NA,dual,5,nac_shelllat,NA,NA,42,415; 470,1.8;4,10; 30,1;2,g;g,20,0,120,20,470,NA,415,0.1,3,4,0,20,10,20,spout_extended,NA
2024_05_14_acd13,acd,acd13,5/14/2024,13,2024_05_14_acd_r13,multi_s,0,NA,dual,3,nac_corr,NA,NA,42,415; 470,1.8;4,10; 30,1;2,g;g,20,0,120,20,470,NA,415,0.1,3,4,0,20,10,20,spout_extended,NA
2024_05_14_acd13,acd,acd13,5/14/2024,13,2024_05_14_acd_r13,multi_s,0,NA,dual,4,nac,NA,NA,42,415; 470,1.8;4,10; 30,1;2,g;g,20,0,120,20,470,NA,415,0.1,3,4,0,20,10,20,spout_extended,NA
2024_05_14_acd13,acd,acd13,5/14/2024,13,2024_05_14_acd_r13,multi_s,0,NA,dual,6,dms,NA,NA,42,415; 470,1.8;4,10; 30,1;2,g;g,20,0,120,20,470,NA,415,0.1,3,4,0,20,10,20,spout_extended,NA
2024_05_14_acd13,acd,acd13,5/14/2024,13,2024_05_14_acd_r13,multi_s,0,NA,dual,12,dls,NA,NA,42,415; 470,1.8;4,10; 30,1;2,g;g,20,0,120,20,470,NA,415,0.1,3,4,0,20,10,20,spout_extended,NA
2024_05_14_acd13,acd,acd13,5/14/2024,13,2024_05_14_acd_r13,multi_s,0,NA,dual,10,ts,NA,NA,42,415; 470,1.8;4,10; 30,1;2,g;g,20,0,120,20,470,NA,415,0.1,3,4,0,20,10,20,spout_extended,NA
2024_05_14_acd14,acd,acd14,5/14/2024,14,2024_05_14_acd_r14,multi_s,0,NA,dual,3,nac_shelllat,NA,NA,42,415; 470,1.8;4,10; 30,1;2,g;g,20,0,120,20,470,NA,415,0.1,3,4,0,20,10,20,spout_extended,NA
2024_05_14_acd14,acd,acd14,5/14/2024,14,2024_05_14_acd_r14,multi_s,0,NA,dual,4,nac_corr,NA,NA,42,415; 470,1.8;4,10; 30,1;2,g;g,20,0,120,20,470,NA,415,0.1,3,4,0,20,10,20,spout_extended,NA
2024_05_14_acd14,acd,acd14,5/14/2024,14,2024_05_14_acd_r14,multi_s,0,NA,dual,12,nac,NA,NA,42,415; 470,1.8;4,10; 30,1;2,g;g,20,0,120,20,470,NA,415,0.1,3,4,0,20,10,20,spout_extended,NA
2024_05_14_acd14,acd,acd14,5/14/2024,14,2024_05_14_acd_r14,multi_s,0,NA,dual,10,dms,NA,NA,42,415; 470,1.8;4,10; 30,1;2,g;g,20,0,120,20,470,NA,415,0.1,3,4,0,20,10,20,spout_extended,NA
2024_05_14_acd14,acd,acd14,5/14/2024,14,2024_05_14_acd_r14,multi_s,0,NA,dual,5,dls,NA,NA,42,415; 470,1.8;4,10; 30,1;2,g;g,20,0,120,20,470,NA,415,0.1,3,4,0,20,10,20,spout_extended,NA
2024_05_14_acd14,acd,acd14,5/14/2024,14,2024_05_14_acd_r14,multi_s,0,NA,dual,6,ts,NA,NA,42,415; 470,1.8;4,10; 30,1;2,g;g,20,0,120,20,470,NA,415,0.1,3,4,0,20,10,20,spout_extended,NA
2024_05_15_acd01,acd,acd01,5/15/2024,1,2024_05_15_acd_r01,multi_s,0,NA,dual,12,nac_shelllat,NA,NA,42,415; 470,1.8;4,10; 30,1;2,g;g,20,0,120,20,470,NA,415,0.1,3,4,0,20,10,20,spout_extended,NA
2024_05_15_acd01,acd,acd01,5/15/2024,1,2024_05_15_acd_r01,multi_s,0,NA,dual,10,nac_corr,NA,NA,42,415; 470,1.8;4,10; 30,1;2,g;g,20,0,120,20,470,NA,415,0.1,3,4,0,20,10,20,spout_extended,NA
2024_05_15_acd01,acd,acd01,5/15/2024,1,2024_05_15_acd_r01,multi_s,0,NA,dual,6,nac,NA,NA,42,415; 470,1.8;4,10; 30,1;2,g;g,20,0,120,20,470,NA,415,0.1,3,4,0,20,10,20,spout_extended,NA
2024_05_15_acd01,acd,acd01,5/15/2024,1,2024_05_15_acd_r01,multi_s,0,NA,dual,5,dms,NA,NA,42,415; 470,1.8;4,10; 30,1;2,g;g,20,0,120,20,470,NA,415,0.1,3,4,0,20,10,20,spout_extended,NA
2024_05_15_acd01,acd,acd01,5/15/2024,1,2024_05_15_acd_r01,multi_s,0,NA,dual,4,dls,NA,NA,42,415; 470,1.8;4,10; 30,1;2,g;g,20,0,120,20,470,NA,415,0.1,3,4,0,20,10,20,spout_extended,NA
2024_05_15_acd01,acd,acd01,5/15/2024,1,2024_05_15_acd_r01,multi_s,0,NA,dual,3,ts,NA,NA,42,415; 470,1.8;4,10; 30,1;2,g;g,20,0,120,20,470,NA,415,0.1,3,4,0,20,10,20,spout_extended,NA
2024_05_15_acd03,acd,acd03,5/15/2024,3,2024_05_15_acd_r03,multi_s,0,NA,dual,6,nac_shelllat,NA,NA,42,415; 470,1.8;4,10; 30,1;2,g;g,20,0,120,20,470,NA,415,0.1,3,4,0,20,10,20,spout_extended,NA
2024_05_15_acd03,acd,acd03,5/15/2024,3,2024_05_15_acd_r03,multi_s,0,NA,dual,5,nac_corr,NA,NA,42,415; 470,1.8;4,10; 30,1;2,g;g,20,0,120,20,470,NA,415,0.1,3,4,0,20,10,20,spout_extended,NA
2024_05_15_acd03,acd,acd03,5/15/2024,3,2024_05_15_acd_r03,multi_s,0,NA,dual,3,nac,NA,NA,42,415; 470,1.8;4,10; 30,1;2,g;g,20,0,120,20,470,NA,415,0.1,3,4,0,20,10,20,spout_extended,NA
2024_05_15_acd03,acd,acd03,5/15/2024,3,2024_05_15_acd_r03,multi_s,0,NA,dual,4,dms,NA,NA,42,415; 470,1.8;4,10; 30,1;2,g;g,20,0,120,20,470,NA,415,0.1,3,4,0,20,10,20,spout_extended,NA
2024_05_15_acd03,acd,acd03,5/15/2024,3,2024_05_15_acd_r03,multi_s,0,NA,dual,10,dls,NA,NA,42,415; 470,1.8;4,10; 30,1;2,g;g,20,0,120,20,470,NA,415,0.1,3,4,0,20,10,20,spout_extended,NA
2024_05_15_acd03,acd,acd03,5/15/2024,3,2024_05_15_acd_r03,multi_s,0,NA,dual,12,ts,NA,NA,42,415; 470,1.8;4,10; 30,1;2,g;g,20,0,120,20,470,NA,415,0.1,3,4,0,20,10,20,spout_extended,NA
2024_05_15_acd04,acd,acd04,5/15/2024,4,2024_05_15_acd_r04,multi_s,0,NA,dual,5,nac_shelllat,NA,NA,42,415; 470,1.8;4,10; 30,1;2,g;g,20,0,120,20,470,NA,415,0.1,3,4,0,20,10,20,spout_extended,NA
2024_05_15_acd04,acd,acd04,5/15/2024,4,2024_05_15_acd_r04,multi_s,0,NA,dual,3,nac_corr,NA,NA,42,415; 470,1.8;4,10; 30,1;2,g;g,20,0,120,20,470,NA,415,0.1,3,4,0,20,10,20,spout_extended,NA
2024_05_15_acd04,acd,acd04,5/15/2024,4,2024_05_15_acd_r04,multi_s,0,NA,dual,4,nac,NA,NA,42,415; 470,1.8;4,10; 30,1;2,g;g,20,0,120,20,470,NA,415,0.1,3,4,0,20,10,20,spout_extended,NA
2024_05_15_acd04,acd,acd04,5/15/2024,4,2024_05_15_acd_r04,multi_s,0,NA,dual,6,dms,NA,NA,42,415; 470,1.8;4,10; 30,1;2,g;g,20,0,120,20,470,NA,415,0.1,3,4,0,20,10,20,spout_extended,NA
2024_05_15_acd04,acd,acd04,5/15/2024,4,2024_05_15_acd_r04,multi_s,0,NA,dual,12,dls,NA,NA,42,415; 470,1.8;4,10; 30,1;2,g;g,20,0,120,20,470,NA,415,0.1,3,4,0,20,10,20,spout_extended,NA
2024_05_15_acd04,acd,acd04,5/15/2024,4,2024_05_15_acd_r04,multi_s,0,NA,dual,10,ts,NA,NA,42,415; 470,1.8;4,10; 30,1;2,g;g,20,0,120,20,470,NA,415,0.1,3,4,0,20,10,20,spout_extended,NA
2024_05_15_acd05,acd,acd05,5/15/2024,5,2024_05_15_acd_r05,multi_s,0,NA,dual,4,nac_shelllat,NA,NA,42,415; 470,1.8;4,10; 30,1;2,g;g,20,0,120,20,470,NA,415,0.1,3,4,0,20,10,20,spout_extended,NA
2024_05_15_acd05,acd,acd05,5/15/2024,5,2024_05_15_acd_r05,multi_s,0,NA,dual,6,nac_corr,NA,NA,42,415; 470,1.8;4,10; 30,1;2,g;g,20,0,120,20,470,NA,415,0.1,3,4,0,20,10,20,spout_extended,NA
2024_05_15_acd05,acd,acd05,5/15/2024,5,2024_05_15_acd_r05,multi_s,0,NA,dual,10,nac,NA,NA,42,415; 470,1.8;4,10; 30,1;2,g;g,20,0,120,20,470,NA,415,0.1,3,4,0,20,10,20,spout_extended,NA
2024_05_15_acd05,acd,acd05,5/15/2024,5,2024_05_15_acd_r05,multi_s,0,NA,dual,12,dms,NA,NA,42,415; 470,1.8;4,10; 30,1;2,g;g,20,0,120,20,470,NA,415,0.1,3,4,0,20,10,20,spout_extended,NA
2024_05_15_acd05,acd,acd05,5/15/2024,5,2024_05_15_acd_r05,multi_s,0,NA,dual,3,dls,NA,NA,42,415; 470,1.8;4,10; 30,1;2,g;g,20,0,120,20,470,NA,415,0.1,3,4,0,20,10,20,spout_extended,NA
2024_05_15_acd05,acd,acd05,5/15/2024,5,2024_05_15_acd_r05,multi_s,0,NA,dual,5,ts,NA,NA,42,415; 470,1.8;4,10; 30,1;2,g;g,20,0,120,20,470,NA,415,0.1,3,4,0,20,10,20,spout_extended,NA
2024_05_15_acd06,acd,acd06,5/15/2024,6,2024_05_15_acd_r06,multi_s,0,NA,dual,3,nac_shelllat,NA,NA,42,415; 470,1.8;4,10; 30,1;2,g;g,20,0,120,20,470,NA,415,0.1,3,4,0,20,10,20,spout_extended,NA
2024_05_15_acd06,acd,acd06,5/15/2024,6,2024_05_15_acd_r06,multi_s,0,NA,dual,4,nac_corr,NA,NA,42,415; 470,1.8;4,10; 30,1;2,g;g,20,0,120,20,470,NA,415,0.1,3,4,0,20,10,20,spout_extended,NA
2024_05_15_acd06,acd,acd06,5/15/2024,6,2024_05_15_acd_r06,multi_s,0,NA,dual,12,nac,NA,NA,42,415; 470,1.8;4,10; 30,1;2,g;g,20,0,120,20,470,NA,415,0.1,3,4,0,20,10,20,spout_extended,NA
2024_05_15_acd06,acd,acd06,5/15/2024,6,2024_05_15_acd_r06,multi_s,0,NA,dual,10,dms,NA,NA,42,415; 470,1.8;4,10; 30,1;2,g;g,20,0,120,20,470,NA,415,0.1,3,4,0,20,10,20,spout_extended,NA
2024_05_15_acd06,acd,acd06,5/15/2024,6,2024_05_15_acd_r06,multi_s,0,NA,dual,5,dls,NA,NA,42,415; 470,1.8;4,10; 30,1;2,g;g,20,0,120,20,470,NA,415,0.1,3,4,0,20,10,20,spout_extended,NA
2024_05_15_acd06,acd,acd06,5/15/2024,6,2024_05_15_acd_r06,multi_s,0,NA,dual,6,ts,NA,NA,42,415; 470,1.8;4,10; 30,1;2,g;g,20,0,120,20,470,NA,415,0.1,3,4,0,20,10,20,spout_extended,NA
2024_05_15_acd07,acd,acd07,5/15/2024,7,2024_05_15_acd_r07,multi_s,0,NA,dual,12,nac_shelllat,NA,NA,42,415; 470,1.8;4,10; 30,1;2,g;g,20,0,120,20,470,NA,415,0.1,3,4,0,20,10,20,spout_extended,NA
2024_05_15_acd07,acd,acd07,5/15/2024,7,2024_05_15_acd_r07,multi_s,0,NA,dual,10,nac_corr,NA,NA,42,415; 470,1.8;4,10; 30,1;2,g;g,20,0,120,20,470,NA,415,0.1,3,4,0,20,10,20,spout_extended,NA
2024_05_15_acd07,acd,acd07,5/15/2024,7,2024_05_15_acd_r07,multi_s,0,NA,dual,6,nac,NA,NA,42,415; 470,1.8;4,10; 30,1;2,g;g,20,0,120,20,470,NA,415,0.1,3,4,0,20,10,20,spout_extended,NA
2024_05_15_acd07,acd,acd07,5/15/2024,7,2024_05_15_acd_r07,multi_s,0,NA,dual,5,dms,NA,NA,42,415; 470,1.8;4,10; 30,1;2,g;g,20,0,120,20,470,NA,415,0.1,3,4,0,20,10,20,spout_extended,NA
2024_05_15_acd07,acd,acd07,5/15/2024,7,2024_05_15_acd_r07,multi_s,0,NA,dual,4,dls,NA,NA,42,415; 470,1.8;4,10; 30,1;2,g;g,20,0,120,20,470,NA,415,0.1,3,4,0,20,10,20,spout_extended,NA
2024_05_15_acd07,acd,acd07,5/15/2024,7,2024_05_15_acd_r07,multi_s,0,NA,dual,3,ts,NA,NA,42,415; 470,1.8;4,10; 30,1;2,g;g,20,0,120,20,470,NA,415,0.1,3,4,0,20,10,20,spout_extended,NA
2024_05_15_acd08,acd,acd08,5/15/2024,8,2024_05_15_acd_r08,multi_s,0,NA,dual,10,nac_shelllat,NA,NA,42,415; 470,1.8;4,10; 30,1;2,g;g,20,0,120,20,470,NA,415,0.1,3,4,0,20,10,20,spout_extended,NA
2024_05_15_acd08,acd,acd08,5/15/2024,8,2024_05_15_acd_r08,multi_s,0,NA,dual,12,nac_corr,NA,NA,42,415; 470,1.8;4,10; 30,1;2,g;g,20,0,120,20,470,NA,415,0.1,3,4,0,20,10,20,spout_extended,NA
2024_05_15_acd08,acd,acd08,5/15/2024,8,2024_05_15_acd_r08,multi_s,0,NA,dual,5,nac,NA,NA,42,415; 470,1.8;4,10; 30,1;2,g;g,20,0,120,20,470,NA,415,0.1,3,4,0,20,10,20,spout_extended,NA
2024_05_15_acd08,acd,acd08,5/15/2024,8,2024_05_15_acd_r08,multi_s,0,NA,dual,3,dms,NA,NA,42,415; 470,1.8;4,10; 30,1;2,g;g,20,0,120,20,470,NA,415,0.1,3,4,0,20,10,20,spout_extended,NA
2024_05_15_acd08,acd,acd08,5/15/2024,8,2024_05_15_acd_r08,multi_s,0,NA,dual,6,dls,NA,NA,42,415; 470,1.8;4,10; 30,1;2,g;g,20,0,120,20,470,NA,415,0.1,3,4,0,20,10,20,spout_extended,NA
2024_05_15_acd08,acd,acd08,5/15/2024,8,2024_05_15_acd_r08,multi_s,0,NA,dual,4,ts,NA,NA,42,415; 470,1.8;4,10; 30,1;2,g;g,20,0,120,20,470,NA,415,0.1,3,4,0,20,10,20,spout_extended,NA
2024_05_15_acd09,acd,acd09,5/15/2024,9,2024_05_15_acd_r09,multi_s,0,NA,dual,3,nac_shelllat,NA,NA,42,415; 470,1.8;4,10; 30,1;2,g;g,20,0,120,20,470,NA,415,0.1,3,4,0,20,10,20,spout_extended,NA
2024_05_15_acd09,acd,acd09,5/15/2024,9,2024_05_15_acd_r09,multi_s,0,NA,dual,4,nac_corr,NA,NA,42,415; 470,1.8;4,10; 30,1;2,g;g,20,0,120,20,470,NA,415,0.1,3,4,0,20,10,20,spout_extended,NA
2024_05_15_acd09,acd,acd09,5/15/2024,9,2024_05_15_acd_r09,multi_s,0,NA,dual,12,nac,NA,NA,42,415; 470,1.8;4,10; 30,1;2,g;g,20,0,120,20,470,NA,415,0.1,3,4,0,20,10,20,spout_extended,NA
2024_05_15_acd09,acd,acd09,5/15/2024,9,2024_05_15_acd_r09,multi_s,0,NA,dual,10,dms,NA,NA,42,415; 470,1.8;4,10; 30,1;2,g;g,20,0,120,20,470,NA,415,0.1,3,4,0,20,10,20,spout_extended,NA
2024_05_15_acd09,acd,acd09,5/15/2024,9,2024_05_15_acd_r09,multi_s,0,NA,dual,5,dls,NA,NA,42,415; 470,1.8;4,10; 30,1;2,g;g,20,0,120,20,470,NA,415,0.1,3,4,0,20,10,20,spout_extended,NA
2024_05_15_acd09,acd,acd09,5/15/2024,9,2024_05_15_acd_r09,multi_s,0,NA,dual,6,ts,NA,NA,42,415; 470,1.8;4,10; 30,1;2,g;g,20,0,120,20,470,NA,415,0.1,3,4,0,20,10,20,spout_extended,NA
2024_05_15_acd10,acd,acd10,5/15/2024,10,2024_05_15_acd_r10,multi_s,0,NA,dual,12,nac_shelllat,NA,NA,42,415; 470,1.8;4,10; 30,1;2,g;g,20,0,120,20,470,NA,415,0.1,3,4,0,20,10,20,spout_extended,NA
2024_05_15_acd10,acd,acd10,5/15/2024,10,2024_05_15_acd_r10,multi_s,0,NA,dual,10,nac_corr,NA,NA,42,415; 470,1.8;4,10; 30,1;2,g;g,20,0,120,20,470,NA,415,0.1,3,4,0,20,10,20,spout_extended,NA
2024_05_15_acd10,acd,acd10,5/15/2024,10,2024_05_15_acd_r10,multi_s,0,NA,dual,6,nac,NA,NA,42,415; 470,1.8;4,10; 30,1;2,g;g,20,0,120,20,470,NA,415,0.1,3,4,0,20,10,20,spout_extended,NA
2024_05_15_acd10,acd,acd10,5/15/2024,10,2024_05_15_acd_r10,multi_s,0,NA,dual,5,dms,NA,NA,42,415; 470,1.8;4,10; 30,1;2,g;g,20,0,120,20,470,NA,415,0.1,3,4,0,20,10,20,spout_extended,NA
2024_05_15_acd10,acd,acd10,5/15/2024,10,2024_05_15_acd_r10,multi_s,0,NA,dual,4,dls,NA,NA,42,415; 470,1.8;4,10; 30,1;2,g;g,20,0,120,20,470,NA,415,0.1,3,4,0,20,10,20,spout_extended,NA
2024_05_15_acd10,acd,acd10,5/15/2024,10,2024_05_15_acd_r10,multi_s,0,NA,dual,3,ts,NA,NA,42,415; 470,1.8;4,10; 30,1;2,g;g,20,0,120,20,470,NA,415,0.1,3,4,0,20,10,20,spout_extended,NA
2024_05_15_acd11,acd,acd11,5/15/2024,11,2024_05_15_acd_r11,multi_s,0,NA,dual,6,nac_shelllat,NA,NA,42,415; 470,1.8;4,10; 30,1;2,g;g,20,0,120,20,470,NA,415,0.1,3,4,0,20,10,20,spout_extended,NA
2024_05_15_acd11,acd,acd11,5/15/2024,11,2024_05_15_acd_r11,multi_s,0,NA,dual,5,nac_corr,NA,NA,42,415; 470,1.8;4,10; 30,1;2,g;g,20,0,120,20,470,NA,415,0.1,3,4,0,20,10,20,spout_extended,NA
2024_05_15_acd11,acd,acd11,5/15/2024,11,2024_05_15_acd_r11,multi_s,0,NA,dual,3,nac,NA,NA,42,415; 470,1.8;4,10; 30,1;2,g;g,20,0,120,20,470,NA,415,0.1,3,4,0,20,10,20,spout_extended,NA
2024_05_15_acd11,acd,acd11,5/15/2024,11,2024_05_15_acd_r11,multi_s,0,NA,dual,4,dms,NA,NA,42,415; 470,1.8;4,10; 30,1;2,g;g,20,0,120,20,470,NA,415,0.1,3,4,0,20,10,20,spout_extended,NA
2024_05_15_acd11,acd,acd11,5/15/2024,11,2024_05_15_acd_r11,multi_s,0,NA,dual,10,dls,NA,NA,42,415; 470,1.8;4,10; 30,1;2,g;g,20,0,120,20,470,NA,415,0.1,3,4,0,20,10,20,spout_extended,NA
2024_05_15_acd11,acd,acd11,5/15/2024,11,2024_05_15_acd_r11,multi_s,0,NA,dual,12,ts,NA,NA,42,415; 470,1.8;4,10; 30,1;2,g;g,20,0,120,20,470,NA,415,0.1,3,4,0,20,10,20,spout_extended,NA
2024_05_15_acd12,acd,acd12,5/15/2024,12,2024_05_15_acd_r12,multi_s,0,NA,dual,5,nac_shelllat,NA,NA,42,415; 470,1.8;4,10; 30,1;2,g;g,20,0,120,20,470,NA,415,0.1,3,4,0,20,10,20,spout_extended,NA
2024_05_15_acd12,acd,acd12,5/15/2024,12,2024_05_15_acd_r12,multi_s,0,NA,dual,3,nac_corr,NA,NA,42,415; 470,1.8;4,10; 30,1;2,g;g,20,0,120,20,470,NA,415,0.1,3,4,0,20,10,20,spout_extended,NA
2024_05_15_acd12,acd,acd12,5/15/2024,12,2024_05_15_acd_r12,multi_s,0,NA,dual,4,nac,NA,NA,42,415; 470,1.8;4,10; 30,1;2,g;g,20,0,120,20,470,NA,415,0.1,3,4,0,20,10,20,spout_extended,NA
2024_05_15_acd12,acd,acd12,5/15/2024,12,2024_05_15_acd_r12,multi_s,0,NA,dual,6,dms,NA,NA,42,415; 470,1.8;4,10; 30,1;2,g;g,20,0,120,20,470,NA,415,0.1,3,4,0,20,10,20,spout_extended,NA
2024_05_15_acd12,acd,acd12,5/15/2024,12,2024_05_15_acd_r12,multi_s,0,NA,dual,12,dls,NA,NA,42,415; 470,1.8;4,10; 30,1;2,g;g,20,0,120,20,470,NA,415,0.1,3,4,0,20,10,20,spout_extended,NA
2024_05_15_acd12,acd,acd12,5/15/2024,12,2024_05_15_acd_r12,multi_s,0,NA,dual,10,ts,NA,NA,42,415; 470,1.8;4,10; 30,1;2,g;g,20,0,120,20,470,NA,415,0.1,3,4,0,20,10,20,spout_extended,NA
2024_05_15_acd13,acd,acd13,5/15/2024,13,2024_05_15_acd_r13,multi_s,0,NA,dual,4,nac_shelllat,NA,NA,42,415; 470,1.8;4,10; 30,1;2,g;g,20,0,120,20,470,NA,415,0.1,3,4,0,20,10,20,spout_extended,NA
2024_05_15_acd13,acd,acd13,5/15/2024,13,2024_05_15_acd_r13,multi_s,0,NA,dual,6,nac_corr,NA,NA,42,415; 470,1.8;4,10; 30,1;2,g;g,20,0,120,20,470,NA,415,0.1,3,4,0,20,10,20,spout_extended,NA
2024_05_15_acd13,acd,acd13,5/15/2024,13,2024_05_15_acd_r13,multi_s,0,NA,dual,10,nac,NA,NA,42,415; 470,1.8;4,10; 30,1;2,g;g,20,0,120,20,470,NA,415,0.1,3,4,0,20,10,20,spout_extended,NA
2024_05_15_acd13,acd,acd13,5/15/2024,13,2024_05_15_acd_r13,multi_s,0,NA,dual,12,dms,NA,NA,42,415; 470,1.8;4,10; 30,1;2,g;g,20,0,120,20,470,NA,415,0.1,3,4,0,20,10,20,spout_extended,NA
2024_05_15_acd13,acd,acd13,5/15/2024,13,2024_05_15_acd_r13,multi_s,0,NA,dual,3,dls,NA,NA,42,415; 470,1.8;4,10; 30,1;2,g;g,20,0,120,20,470,NA,415,0.1,3,4,0,20,10,20,spout_extended,NA
2024_05_15_acd13,acd,acd13,5/15/2024,13,2024_05_15_acd_r13,multi_s,0,NA,dual,5,ts,NA,NA,42,415; 470,1.8;4,10; 30,1;2,g;g,20,0,120,20,470,NA,415,0.1,3,4,0,20,10,20,spout_extended,NA
2024_05_15_acd14,acd,acd14,5/15/2024,14,2024_05_15_acd_r14,multi_s,0,NA,dual,12,nac_shelllat,NA,NA,42,415; 470,1.8;4,10; 30,1;2,g;g,20,0,120,20,470,NA,415,0.1,3,4,0,20,10,20,spout_extended,NA
2024_05_15_acd14,acd,acd14,5/15/2024,14,2024_05_15_acd_r14,multi_s,0,NA,dual,10,nac_corr,NA,NA,42,415; 470,1.8;4,10; 30,1;2,g;g,20,0,120,20,470,NA,415,0.1,3,4,0,20,10,20,spout_extended,NA
2024_05_15_acd14,acd,acd14,5/15/2024,14,2024_05_15_acd_r14,multi_s,0,NA,dual,6,nac,NA,NA,42,415; 470,1.8;4,10; 30,1;2,g;g,20,0,120,20,470,NA,415,0.1,3,4,0,20,10,20,spout_extended,NA
2024_05_15_acd14,acd,acd14,5/15/2024,14,2024_05_15_acd_r14,multi_s,0,NA,dual,5,dms,NA,NA,42,415; 470,1.8;4,10; 30,1;2,g;g,20,0,120,20,470,NA,415,0.1,3,4,0,20,10,20,spout_extended,NA
2024_05_15_acd14,acd,acd14,5/15/2024,14,2024_05_15_acd_r14,multi_s,0,NA,dual,4,dls,NA,NA,42,415; 470,1.8;4,10; 30,1;2,g;g,20,0,120,20,470,NA,415,0.1,3,4,0,20,10,20,spout_extended,NA
2024_05_15_acd14,acd,acd14,5/15/2024,14,2024_05_15_acd_r14,multi_s,0,NA,dual,3,ts,NA,NA,42,415; 470,1.8;4,10; 30,1;2,g;g,20,0,120,20,470,NA,415,0.1,3,4,0,20,10,20,spout_extended,NA
2024_05_16_acd01,acd,acd01,5/16/2024,1,2024_05_16_acd_r01,multi_s,0,NA,dual,10,nac_shelllat,NA,NA,42,415; 470,1.8;4,10; 30,1;2,g;g,20,0,120,20,470,NA,415,0.1,3,4,0,20,10,20,spout_extended,NA
2024_05_16_acd01,acd,acd01,5/16/2024,1,2024_05_16_acd_r01,multi_s,0,NA,dual,12,nac_corr,NA,NA,42,415; 470,1.8;4,10; 30,1;2,g;g,20,0,120,20,470,NA,415,0.1,3,4,0,20,10,20,spout_extended,NA
2024_05_16_acd01,acd,acd01,5/16/2024,1,2024_05_16_acd_r01,multi_s,0,NA,dual,5,nac,NA,NA,42,415; 470,1.8;4,10; 30,1;2,g;g,20,0,120,20,470,NA,415,0.1,3,4,0,20,10,20,spout_extended,NA
2024_05_16_acd01,acd,acd01,5/16/2024,1,2024_05_16_acd_r01,multi_s,0,NA,dual,3,dms,NA,NA,42,415; 470,1.8;4,10; 30,1;2,g;g,20,0,120,20,470,NA,415,0.1,3,4,0,20,10,20,spout_extended,NA
2024_05_16_acd01,acd,acd01,5/16/2024,1,2024_05_16_acd_r01,multi_s,0,NA,dual,6,dls,NA,NA,42,415; 470,1.8;4,10; 30,1;2,g;g,20,0,120,20,470,NA,415,0.1,3,4,0,20,10,20,spout_extended,NA
2024_05_16_acd01,acd,acd01,5/16/2024,1,2024_05_16_acd_r01,multi_s,0,NA,dual,4,ts,NA,NA,42,415; 470,1.8;4,10; 30,1;2,g;g,20,0,120,20,470,NA,415,0.1,3,4,0,20,10,20,spout_extended,NA
2024_05_16_acd03,acd,acd03,5/16/2024,3,2024_05_16_acd_r03,multi_s,0,NA,dual,5,nac_shelllat,NA,NA,42,415; 470,1.8;4,10; 30,1;2,g;g,20,0,120,20,470,NA,415,0.1,3,4,0,20,10,20,spout_extended,NA
2024_05_16_acd03,acd,acd03,5/16/2024,3,2024_05_16_acd_r03,multi_s,0,NA,dual,3,nac_corr,NA,NA,42,415; 470,1.8;4,10; 30,1;2,g;g,20,0,120,20,470,NA,415,0.1,3,4,0,20,10,20,spout_extended,NA
2024_05_16_acd03,acd,acd03,5/16/2024,3,2024_05_16_acd_r03,multi_s,0,NA,dual,4,nac,NA,NA,42,415; 470,1.8;4,10; 30,1;2,g;g,20,0,120,20,470,NA,415,0.1,3,4,0,20,10,20,spout_extended,NA
2024_05_16_acd03,acd,acd03,5/16/2024,3,2024_05_16_acd_r03,multi_s,0,NA,dual,6,dms,NA,NA,42,415; 470,1.8;4,10; 30,1;2,g;g,20,0,120,20,470,NA,415,0.1,3,4,0,20,10,20,spout_extended,NA
2024_05_16_acd03,acd,acd03,5/16/2024,3,2024_05_16_acd_r03,multi_s,0,NA,dual,12,dls,NA,NA,42,415; 470,1.8;4,10; 30,1;2,g;g,20,0,120,20,470,NA,415,0.1,3,4,0,20,10,20,spout_extended,NA
2024_05_16_acd03,acd,acd03,5/16/2024,3,2024_05_16_acd_r03,multi_s,0,NA,dual,10,ts,NA,NA,42,415; 470,1.8;4,10; 30,1;2,g;g,20,0,120,20,470,NA,415,0.1,3,4,0,20,10,20,spout_extended,NA
2024_05_16_acd04,acd,acd04,5/16/2024,4,2024_05_16_acd_r04,multi_s,0,NA,dual,4,nac_shelllat,NA,NA,42,415; 470,1.8;4,10; 30,1;2,g;g,20,0,120,20,470,NA,415,0.1,3,4,0,20,10,20,spout_extended,NA
2024_05_16_acd04,acd,acd04,5/16/2024,4,2024_05_16_acd_r04,multi_s,0,NA,dual,6,nac_corr,NA,NA,42,415; 470,1.8;4,10; 30,1;2,g;g,20,0,120,20,470,NA,415,0.1,3,4,0,20,10,20,spout_extended,NA
2024_05_16_acd04,acd,acd04,5/16/2024,4,2024_05_16_acd_r04,multi_s,0,NA,dual,10,nac,NA,NA,42,415; 470,1.8;4,10; 30,1;2,g;g,20,0,120,20,470,NA,415,0.1,3,4,0,20,10,20,spout_extended,NA
2024_05_16_acd04,acd,acd04,5/16/2024,4,2024_05_16_acd_r04,multi_s,0,NA,dual,12,dms,NA,NA,42,415; 470,1.8;4,10; 30,1;2,g;g,20,0,120,20,470,NA,415,0.1,3,4,0,20,10,20,spout_extended,NA
2024_05_16_acd04,acd,acd04,5/16/2024,4,2024_05_16_acd_r04,multi_s,0,NA,dual,3,dls,NA,NA,42,415; 470,1.8;4,10; 30,1;2,g;g,20,0,120,20,470,NA,415,0.1,3,4,0,20,10,20,spout_extended,NA
2024_05_16_acd04,acd,acd04,5/16/2024,4,2024_05_16_acd_r04,multi_s,0,NA,dual,5,ts,NA,NA,42,415; 470,1.8;4,10; 30,1;2,g;g,20,0,120,20,470,NA,415,0.1,3,4,0,20,10,20,spout_extended,NA
2024_05_16_acd05,acd,acd05,5/16/2024,5,2024_05_16_acd_r05,multi_s,0,NA,dual,3,nac_shelllat,NA,NA,42,415; 470,1.8;4,10; 30,1;2,g;g,20,0,120,20,470,NA,415,0.1,3,4,0,20,10,20,spout_extended,NA
2024_05_16_acd05,acd,acd05,5/16/2024,5,2024_05_16_acd_r05,multi_s,0,NA,dual,4,nac_corr,NA,NA,42,415; 470,1.8;4,10; 30,1;2,g;g,20,0,120,20,470,NA,415,0.1,3,4,0,20,10,20,spout_extended,NA
2024_05_16_acd05,acd,acd05,5/16/2024,5,2024_05_16_acd_r05,multi_s,0,NA,dual,12,nac,NA,NA,42,415; 470,1.8;4,10; 30,1;2,g;g,20,0,120,20,470,NA,415,0.1,3,4,0,20,10,20,spout_extended,NA
2024_05_16_acd05,acd,acd05,5/16/2024,5,2024_05_16_acd_r05,multi_s,0,NA,dual,10,dms,NA,NA,42,415; 470,1.8;4,10; 30,1;2,g;g,20,0,120,20,470,NA,415,0.1,3,4,0,20,10,20,spout_extended,NA
2024_05_16_acd05,acd,acd05,5/16/2024,5,2024_05_16_acd_r05,multi_s,0,NA,dual,5,dls,NA,NA,42,415; 470,1.8;4,10; 30,1;2,g;g,20,0,120,20,470,NA,415,0.1,3,4,0,20,10,20,spout_extended,NA
2024_05_16_acd05,acd,acd05,5/16/2024,5,2024_05_16_acd_r05,multi_s,0,NA,dual,6,ts,NA,NA,42,415; 470,1.8;4,10; 30,1;2,g;g,20,0,120,20,470,NA,415,0.1,3,4,0,20,10,20,spout_extended,NA
2024_05_16_acd06,acd,acd06,5/16/2024,6,2024_05_16_acd_r06,multi_s,0,NA,dual,12,nac_shelllat,NA,NA,42,415; 470,1.8;4,10; 30,1;2,g;g,20,0,120,20,470,NA,415,0.1,3,4,0,20,10,20,spout_extended,NA
2024_05_16_acd06,acd,acd06,5/16/2024,6,2024_05_16_acd_r06,multi_s,0,NA,dual,10,nac_corr,NA,NA,42,415; 470,1.8;4,10; 30,1;2,g;g,20,0,120,20,470,NA,415,0.1,3,4,0,20,10,20,spout_extended,NA
2024_05_16_acd06,acd,acd06,5/16/2024,6,2024_05_16_acd_r06,multi_s,0,NA,dual,6,nac,NA,NA,42,415; 470,1.8;4,10; 30,1;2,g;g,20,0,120,20,470,NA,415,0.1,3,4,0,20,10,20,spout_extended,NA
2024_05_16_acd06,acd,acd06,5/16/2024,6,2024_05_16_acd_r06,multi_s,0,NA,dual,5,dms,NA,NA,42,415; 470,1.8;4,10; 30,1;2,g;g,20,0,120,20,470,NA,415,0.1,3,4,0,20,10,20,spout_extended,NA
2024_05_16_acd06,acd,acd06,5/16/2024,6,2024_05_16_acd_r06,multi_s,0,NA,dual,4,dls,NA,NA,42,415; 470,1.8;4,10; 30,1;2,g;g,20,0,120,20,470,NA,415,0.1,3,4,0,20,10,20,spout_extended,NA
2024_05_16_acd06,acd,acd06,5/16/2024,6,2024_05_16_acd_r06,multi_s,0,NA,dual,3,ts,NA,NA,42,415; 470,1.8;4,10; 30,1;2,g;g,20,0,120,20,470,NA,415,0.1,3,4,0,20,10,20,spout_extended,NA
2024_05_16_acd07,acd,acd07,5/16/2024,7,2024_05_16_acd_r07,multi_s,0,NA,dual,10,nac_shelllat,NA,NA,42,415; 470,1.8;4,10; 30,1;2,g;g,20,0,120,20,470,NA,415,0.1,3,4,0,20,10,20,spout_extended,NA
2024_05_16_acd07,acd,acd07,5/16/2024,7,2024_05_16_acd_r07,multi_s,0,NA,dual,12,nac_corr,NA,NA,42,415; 470,1.8;4,10; 30,1;2,g;g,20,0,120,20,470,NA,415,0.1,3,4,0,20,10,20,spout_extended,NA
2024_05_16_acd07,acd,acd07,5/16/2024,7,2024_05_16_acd_r07,multi_s,0,NA,dual,5,nac,NA,NA,42,415; 470,1.8;4,10; 30,1;2,g;g,20,0,120,20,470,NA,415,0.1,3,4,0,20,10,20,spout_extended,NA
2024_05_16_acd07,acd,acd07,5/16/2024,7,2024_05_16_acd_r07,multi_s,0,NA,dual,3,dms,NA,NA,42,415; 470,1.8;4,10; 30,1;2,g;g,20,0,120,20,470,NA,415,0.1,3,4,0,20,10,20,spout_extended,NA
2024_05_16_acd07,acd,acd07,5/16/2024,7,2024_05_16_acd_r07,multi_s,0,NA,dual,6,dls,NA,NA,42,415; 470,1.8;4,10; 30,1;2,g;g,20,0,120,20,470,NA,415,0.1,3,4,0,20,10,20,spout_extended,NA
2024_05_16_acd07,acd,acd07,5/16/2024,7,2024_05_16_acd_r07,multi_s,0,NA,dual,4,ts,NA,NA,42,415; 470,1.8;4,10; 30,1;2,g;g,20,0,120,20,470,NA,415,0.1,3,4,0,20,10,20,spout_extended,NA
2024_05_16_acd08,acd,acd08,5/16/2024,8,2024_05_16_acd_r08,multi_s,0,NA,dual,4,nac_shelllat,NA,NA,42,415; 470,1.8;4,10; 30,1;2,g;g,20,0,120,20,470,NA,415,0.1,3,4,0,20,10,20,spout_extended,NA
2024_05_16_acd08,acd,acd08,5/16/2024,8,2024_05_16_acd_r08,multi_s,0,NA,dual,3,nac_corr,NA,NA,42,415; 470,1.8;4,10; 30,1;2,g;g,20,0,120,20,470,NA,415,0.1,3,4,0,20,10,20,spout_extended,NA
2024_05_16_acd08,acd,acd08,5/16/2024,8,2024_05_16_acd_r08,multi_s,0,NA,dual,10,nac,NA,NA,42,415; 470,1.8;4,10; 30,1;2,g;g,20,0,120,20,470,NA,415,0.1,3,4,0,20,10,20,spout_extended,NA
2024_05_16_acd08,acd,acd08,5/16/2024,8,2024_05_16_acd_r08,multi_s,0,NA,dual,6,dms,NA,NA,42,415; 470,1.8;4,10; 30,1;2,g;g,20,0,120,20,470,NA,415,0.1,3,4,0,20,10,20,spout_extended,NA
2024_05_16_acd08,acd,acd08,5/16/2024,8,2024_05_16_acd_r08,multi_s,0,NA,dual,12,dls,NA,NA,42,415; 470,1.8;4,10; 30,1;2,g;g,20,0,120,20,470,NA,415,0.1,3,4,0,20,10,20,spout_extended,NA
2024_05_16_acd08,acd,acd08,5/16/2024,8,2024_05_16_acd_r08,multi_s,0,NA,dual,5,ts,NA,NA,42,415; 470,1.8;4,10; 30,1;2,g;g,20,0,120,20,470,NA,415,0.1,3,4,0,20,10,20,spout_extended,NA
2024_05_16_acd09,acd,acd09,5/16/2024,9,2024_05_16_acd_r09,multi_s,0,NA,dual,5,nac_shelllat,NA,NA,42,415; 470,1.8;4,10; 30,1;2,g;g,20,0,120,20,470,NA,415,0.1,3,4,0,20,10,20,spout_extended,NA
2024_05_16_acd09,acd,acd09,5/16/2024,9,2024_05_16_acd_r09,multi_s,0,NA,dual,6,nac_corr,NA,NA,42,415; 470,1.8;4,10; 30,1;2,g;g,20,0,120,20,470,NA,415,0.1,3,4,0,20,10,20,spout_extended,NA
2024_05_16_acd09,acd,acd09,5/16/2024,9,2024_05_16_acd_r09,multi_s,0,NA,dual,3,nac,NA,NA,42,415; 470,1.8;4,10; 30,1;2,g;g,20,0,120,20,470,NA,415,0.1,3,4,0,20,10,20,spout_extended,NA
2024_05_16_acd09,acd,acd09,5/16/2024,9,2024_05_16_acd_r09,multi_s,0,NA,dual,4,dms,NA,NA,42,415; 470,1.8;4,10; 30,1;2,g;g,20,0,120,20,470,NA,415,0.1,3,4,0,20,10,20,spout_extended,NA
2024_05_16_acd09,acd,acd09,5/16/2024,9,2024_05_16_acd_r09,multi_s,0,NA,dual,10,dls,NA,NA,42,415; 470,1.8;4,10; 30,1;2,g;g,20,0,120,20,470,NA,415,0.1,3,4,0,20,10,20,spout_extended,NA
2024_05_16_acd09,acd,acd09,5/16/2024,9,2024_05_16_acd_r09,multi_s,0,NA,dual,12,ts,NA,NA,42,415; 470,1.8;4,10; 30,1;2,g;g,20,0,120,20,470,NA,415,0.1,3,4,0,20,10,20,spout_extended,NA
2024_05_16_acd10,acd,acd10,5/16/2024,10,2024_05_16_acd_r10,multi_s,0,NA,dual,6,nac_shelllat,NA,NA,42,415; 470,1.8;4,10; 30,1;2,g;g,20,0,120,20,470,NA,415,0.1,3,4,0,20,10,20,spout_extended,NA
2024_05_16_acd10,acd,acd10,5/16/2024,10,2024_05_16_acd_r10,multi_s,0,NA,dual,5,nac_corr,NA,NA,42,415; 470,1.8;4,10; 30,1;2,g;g,20,0,120,20,470,NA,415,0.1,3,4,0,20,10,20,spout_extended,NA
2024_05_16_acd10,acd,acd10,5/16/2024,10,2024_05_16_acd_r10,multi_s,0,NA,dual,3,nac,NA,NA,42,415; 470,1.8;4,10; 30,1;2,g;g,20,0,120,20,470,NA,415,0.1,3,4,0,20,10,20,spout_extended,NA
2024_05_16_acd10,acd,acd10,5/16/2024,10,2024_05_16_acd_r10,multi_s,0,NA,dual,4,dms,NA,NA,42,415; 470,1.8;4,10; 30,1;2,g;g,20,0,120,20,470,NA,415,0.1,3,4,0,20,10,20,spout_extended,NA
2024_05_16_acd10,acd,acd10,5/16/2024,10,2024_05_16_acd_r10,multi_s,0,NA,dual,10,dls,NA,NA,42,415; 470,1.8;4,10; 30,1;2,g;g,20,0,120,20,470,NA,415,0.1,3,4,0,20,10,20,spout_extended,NA
2024_05_16_acd10,acd,acd10,5/16/2024,10,2024_05_16_acd_r10,multi_s,0,NA,dual,12,ts,NA,NA,42,415; 470,1.8;4,10; 30,1;2,g;g,20,0,120,20,470,NA,415,0.1,3,4,0,20,10,20,spout_extended,NA
2024_05_16_acd11,acd,acd11,5/16/2024,11,2024_05_16_acd_r11,multi_s,0,NA,dual,5,nac_shelllat,NA,NA,42,415; 470,1.8;4,10; 30,1;2,g;g,20,0,120,20,470,NA,415,0.1,3,4,0,20,10,20,spout_extended,NA
2024_05_16_acd11,acd,acd11,5/16/2024,11,2024_05_16_acd_r11,multi_s,0,NA,dual,3,nac_corr,NA,NA,42,415; 470,1.8;4,10; 30,1;2,g;g,20,0,120,20,470,NA,415,0.1,3,4,0,20,10,20,spout_extended,NA
2024_05_16_acd11,acd,acd11,5/16/2024,11,2024_05_16_acd_r11,multi_s,0,NA,dual,4,nac,NA,NA,42,415; 470,1.8;4,10; 30,1;2,g;g,20,0,120,20,470,NA,415,0.1,3,4,0,20,10,20,spout_extended,NA
2024_05_16_acd11,acd,acd11,5/16/2024,11,2024_05_16_acd_r11,multi_s,0,NA,dual,6,dms,NA,NA,42,415; 470,1.8;4,10; 30,1;2,g;g,20,0,120,20,470,NA,415,0.1,3,4,0,20,10,20,spout_extended,NA
2024_05_16_acd11,acd,acd11,5/16/2024,11,2024_05_16_acd_r11,multi_s,0,NA,dual,12,dls,NA,NA,42,415; 470,1.8;4,10; 30,1;2,g;g,20,0,120,20,470,NA,415,0.1,3,4,0,20,10,20,spout_extended,NA
2024_05_16_acd11,acd,acd11,5/16/2024,11,2024_05_16_acd_r11,multi_s,0,NA,dual,10,ts,NA,NA,42,415; 470,1.8;4,10; 30,1;2,g;g,20,0,120,20,470,NA,415,0.1,3,4,0,20,10,20,spout_extended,NA
2024_05_16_acd12,acd,acd12,5/16/2024,12,2024_05_16_acd_r12,multi_s,0,NA,dual,4,nac_shelllat,NA,NA,42,415; 470,1.8;4,10; 30,1;2,g;g,20,0,120,20,470,NA,415,0.1,3,4,0,20,10,20,spout_extended,NA
2024_05_16_acd12,acd,acd12,5/16/2024,12,2024_05_16_acd_r12,multi_s,0,NA,dual,6,nac_corr,NA,NA,42,415; 470,1.8;4,10; 30,1;2,g;g,20,0,120,20,470,NA,415,0.1,3,4,0,20,10,20,spout_extended,NA
2024_05_16_acd12,acd,acd12,5/16/2024,12,2024_05_16_acd_r12,multi_s,0,NA,dual,10,nac,NA,NA,42,415; 470,1.8;4,10; 30,1;2,g;g,20,0,120,20,470,NA,415,0.1,3,4,0,20,10,20,spout_extended,NA
2024_05_16_acd12,acd,acd12,5/16/2024,12,2024_05_16_acd_r12,multi_s,0,NA,dual,12,dms,NA,NA,42,415; 470,1.8;4,10; 30,1;2,g;g,20,0,120,20,470,NA,415,0.1,3,4,0,20,10,20,spout_extended,NA
2024_05_16_acd12,acd,acd12,5/16/2024,12,2024_05_16_acd_r12,multi_s,0,NA,dual,3,dls,NA,NA,42,415; 470,1.8;4,10; 30,1;2,g;g,20,0,120,20,470,NA,415,0.1,3,4,0,20,10,20,spout_extended,NA
2024_05_16_acd12,acd,acd12,5/16/2024,12,2024_05_16_acd_r12,multi_s,0,NA,dual,5,ts,NA,NA,42,415; 470,1.8;4,10; 30,1;2,g;g,20,0,120,20,470,NA,415,0.1,3,4,0,20,10,20,spout_extended,NA
2024_05_16_acd13,acd,acd13,5/16/2024,13,2024_05_16_acd_r13,multi_s,0,NA,dual,3,nac_shelllat,NA,NA,42,415; 470,1.8;4,10; 30,1;2,g;g,20,0,120,20,470,NA,415,0.1,3,4,0,20,10,20,spout_extended,NA
2024_05_16_acd13,acd,acd13,5/16/2024,13,2024_05_16_acd_r13,multi_s,0,NA,dual,4,nac_corr,NA,NA,42,415; 470,1.8;4,10; 30,1;2,g;g,20,0,120,20,470,NA,415,0.1,3,4,0,20,10,20,spout_extended,NA
2024_05_16_acd13,acd,acd13,5/16/2024,13,2024_05_16_acd_r13,multi_s,0,NA,dual,12,nac,NA,NA,42,415; 470,1.8;4,10; 30,1;2,g;g,20,0,120,20,470,NA,415,0.1,3,4,0,20,10,20,spout_extended,NA
2024_05_16_acd13,acd,acd13,5/16/2024,13,2024_05_16_acd_r13,multi_s,0,NA,dual,10,dms,NA,NA,42,415; 470,1.8;4,10; 30,1;2,g;g,20,0,120,20,470,NA,415,0.1,3,4,0,20,10,20,spout_extended,NA
2024_05_16_acd13,acd,acd13,5/16/2024,13,2024_05_16_acd_r13,multi_s,0,NA,dual,5,dls,NA,NA,42,415; 470,1.8;4,10; 30,1;2,g;g,20,0,120,20,470,NA,415,0.1,3,4,0,20,10,20,spout_extended,NA
2024_05_16_acd13,acd,acd13,5/16/2024,13,2024_05_16_acd_r13,multi_s,0,NA,dual,6,ts,NA,NA,42,415; 470,1.8;4,10; 30,1;2,g;g,20,0,120,20,470,NA,415,0.1,3,4,0,20,10,20,spout_extended,NA
2024_05_16_acd14,acd,acd14,5/16/2024,14,2024_05_16_acd_r14,multi_s,0,NA,dual,5,nac_shelllat,NA,NA,42,415; 470,1.8;4,10; 30,1;2,g;g,20,0,120,20,470,NA,415,0.1,3,4,0,20,10,20,spout_extended,NA
2024_05_16_acd14,acd,acd14,5/16/2024,14,2024_05_16_acd_r14,multi_s,0,NA,dual,3,nac_corr,NA,NA,42,415; 470,1.8;4,10; 30,1;2,g;g,20,0,120,20,470,NA,415,0.1,3,4,0,20,10,20,spout_extended,NA
2024_05_16_acd14,acd,acd14,5/16/2024,14,2024_05_16_acd_r14,multi_s,0,NA,dual,4,nac,NA,NA,42,415; 470,1.8;4,10; 30,1;2,g;g,20,0,120,20,470,NA,415,0.1,3,4,0,20,10,20,spout_extended,NA
2024_05_16_acd14,acd,acd14,5/16/2024,14,2024_05_16_acd_r14,multi_s,0,NA,dual,6,dms,NA,NA,42,415; 470,1.8;4,10; 30,1;2,g;g,20,0,120,20,470,NA,415,0.1,3,4,0,20,10,20,spout_extended,NA
2024_05_16_acd14,acd,acd14,5/16/2024,14,2024_05_16_acd_r14,multi_s,0,NA,dual,12,dls,NA,NA,42,415; 470,1.8;4,10; 30,1;2,g;g,20,0,120,20,470,NA,415,0.1,3,4,0,20,10,20,spout_extended,NA
2024_05_16_acd14,acd,acd14,5/16/2024,14,2024_05_16_acd_r14,multi_s,0,NA,dual,10,ts,NA,NA,42,415; 470,1.8;4,10; 30,1;2,g;g,20,0,120,20,470,NA,415,0.1,3,4,0,20,10,20,spout_extended,NA
2024_05_17_acd01,acd,acd01,5/17/2024,1,2024_05_17_acd_r01,multi_s,0,NA,dual,4,nac_shelllat,NA,NA,42,415; 470,1.8;4,10; 30,1;2,g;g,20,0,120,20,470,NA,415,0.1,3,4,0,20,10,20,spout_extended,NA
2024_05_17_acd01,acd,acd01,5/17/2024,1,2024_05_17_acd_r01,multi_s,0,NA,dual,6,nac_corr,NA,NA,42,415; 470,1.8;4,10; 30,1;2,g;g,20,0,120,20,470,NA,415,0.1,3,4,0,20,10,20,spout_extended,NA
2024_05_17_acd01,acd,acd01,5/17/2024,1,2024_05_17_acd_r01,multi_s,0,NA,dual,10,nac,NA,NA,42,415; 470,1.8;4,10; 30,1;2,g;g,20,0,120,20,470,NA,415,0.1,3,4,0,20,10,20,spout_extended,NA
2024_05_17_acd01,acd,acd01,5/17/2024,1,2024_05_17_acd_r01,multi_s,0,NA,dual,12,dms,NA,NA,42,415; 470,1.8;4,10; 30,1;2,g;g,20,0,120,20,470,NA,415,0.1,3,4,0,20,10,20,spout_extended,NA
2024_05_17_acd01,acd,acd01,5/17/2024,1,2024_05_17_acd_r01,multi_s,0,NA,dual,3,dls,NA,NA,42,415; 470,1.8;4,10; 30,1;2,g;g,20,0,120,20,470,NA,415,0.1,3,4,0,20,10,20,spout_extended,NA
2024_05_17_acd01,acd,acd01,5/17/2024,1,2024_05_17_acd_r01,multi_s,0,NA,dual,5,ts,NA,NA,42,415; 470,1.8;4,10; 30,1;2,g;g,20,0,120,20,470,NA,415,0.1,3,4,0,20,10,20,spout_extended,NA
2024_05_17_acd03,acd,acd03,5/17/2024,3,2024_05_17_acd_r03,multi_s,0,NA,dual,12,nac_shelllat,NA,NA,42,415; 470,1.8;4,10; 30,1;2,g;g,20,0,120,20,470,NA,415,0.1,3,4,0,20,10,20,spout_extended,NA
2024_05_17_acd03,acd,acd03,5/17/2024,3,2024_05_17_acd_r03,multi_s,0,NA,dual,10,nac_corr,NA,NA,42,415; 470,1.8;4,10; 30,1;2,g;g,20,0,120,20,470,NA,415,0.1,3,4,0,20,10,20,spout_extended,NA
2024_05_17_acd03,acd,acd03,5/17/2024,3,2024_05_17_acd_r03,multi_s,0,NA,dual,6,nac,NA,NA,42,415; 470,1.8;4,10; 30,1;2,g;g,20,0,120,20,470,NA,415,0.1,3,4,0,20,10,20,spout_extended,NA
2024_05_17_acd03,acd,acd03,5/17/2024,3,2024_05_17_acd_r03,multi_s,0,NA,dual,5,dms,NA,NA,42,415; 470,1.8;4,10; 30,1;2,g;g,20,0,120,20,470,NA,415,0.1,3,4,0,20,10,20,spout_extended,NA
2024_05_17_acd03,acd,acd03,5/17/2024,3,2024_05_17_acd_r03,multi_s,0,NA,dual,4,dls,NA,NA,42,415; 470,1.8;4,10; 30,1;2,g;g,20,0,120,20,470,NA,415,0.1,3,4,0,20,10,20,spout_extended,NA
2024_05_17_acd03,acd,acd03,5/17/2024,3,2024_05_17_acd_r03,multi_s,0,NA,dual,3,ts,NA,NA,42,415; 470,1.8;4,10; 30,1;2,g;g,20,0,120,20,470,NA,415,0.1,3,4,0,20,10,20,spout_extended,NA
2024_05_17_acd04,acd,acd04,5/17/2024,4,2024_05_17_acd_r04,multi_s,0,NA,dual,10,nac_shelllat,NA,NA,42,415; 470,1.8;4,10; 30,1;2,g;g,20,0,120,20,470,NA,415,0.1,3,4,0,20,10,20,spout_extended,NA
2024_05_17_acd04,acd,acd04,5/17/2024,4,2024_05_17_acd_r04,multi_s,0,NA,dual,12,nac_corr,NA,NA,42,415; 470,1.8;4,10; 30,1;2,g;g,20,0,120,20,470,NA,415,0.1,3,4,0,20,10,20,spout_extended,NA
2024_05_17_acd04,acd,acd04,5/17/2024,4,2024_05_17_acd_r04,multi_s,0,NA,dual,5,nac,NA,NA,42,415; 470,1.8;4,10; 30,1;2,g;g,20,0,120,20,470,NA,415,0.1,3,4,0,20,10,20,spout_extended,NA
2024_05_17_acd04,acd,acd04,5/17/2024,4,2024_05_17_acd_r04,multi_s,0,NA,dual,3,dms,NA,NA,42,415; 470,1.8;4,10; 30,1;2,g;g,20,0,120,20,470,NA,415,0.1,3,4,0,20,10,20,spout_extended,NA
2024_05_17_acd04,acd,acd04,5/17/2024,4,2024_05_17_acd_r04,multi_s,0,NA,dual,6,dls,NA,NA,42,415; 470,1.8;4,10; 30,1;2,g;g,20,0,120,20,470,NA,415,0.1,3,4,0,20,10,20,spout_extended,NA
2024_05_17_acd04,acd,acd04,5/17/2024,4,2024_05_17_acd_r04,multi_s,0,NA,dual,4,ts,NA,NA,42,415; 470,1.8;4,10; 30,1;2,g;g,20,0,120,20,470,NA,415,0.1,3,4,0,20,10,20,spout_extended,NA
2024_05_17_acd05,acd,acd05,5/17/2024,5,2024_05_17_acd_r05,multi_s,0,NA,dual,6,nac_shelllat,NA,NA,42,415; 470,1.8;4,10; 30,1;2,g;g,20,0,120,20,470,NA,415,0.1,3,4,0,20,10,20,spout_extended,NA
2024_05_17_acd05,acd,acd05,5/17/2024,5,2024_05_17_acd_r05,multi_s,0,NA,dual,5,nac_corr,NA,NA,42,415; 470,1.8;4,10; 30,1;2,g;g,20,0,120,20,470,NA,415,0.1,3,4,0,20,10,20,spout_extended,NA
2024_05_17_acd05,acd,acd05,5/17/2024,5,2024_05_17_acd_r05,multi_s,0,NA,dual,3,nac,NA,NA,42,415; 470,1.8;4,10; 30,1;2,g;g,20,0,120,20,470,NA,415,0.1,3,4,0,20,10,20,spout_extended,NA
2024_05_17_acd05,acd,acd05,5/17/2024,5,2024_05_17_acd_r05,multi_s,0,NA,dual,4,dms,NA,NA,42,415; 470,1.8;4,10; 30,1;2,g;g,20,0,120,20,470,NA,415,0.1,3,4,0,20,10,20,spout_extended,NA
2024_05_17_acd05,acd,acd05,5/17/2024,5,2024_05_17_acd_r05,multi_s,0,NA,dual,10,dls,NA,NA,42,415; 470,1.8;4,10; 30,1;2,g;g,20,0,120,20,470,NA,415,0.1,3,4,0,20,10,20,spout_extended,NA
2024_05_17_acd05,acd,acd05,5/17/2024,5,2024_05_17_acd_r05,multi_s,0,NA,dual,12,ts,NA,NA,42,415; 470,1.8;4,10; 30,1;2,g;g,20,0,120,20,470,NA,415,0.1,3,4,0,20,10,20,spout_extended,NA
2024_05_17_acd06,acd,acd06,5/17/2024,6,2024_05_17_acd_r06,multi_s,0,NA,dual,5,nac_shelllat,NA,NA,42,415; 470,1.8;4,10; 30,1;2,g;g,20,0,120,20,470,NA,415,0.1,3,4,0,20,10,20,spout_extended,NA
2024_05_17_acd06,acd,acd06,5/17/2024,6,2024_05_17_acd_r06,multi_s,0,NA,dual,3,nac_corr,NA,NA,42,415; 470,1.8;4,10; 30,1;2,g;g,20,0,120,20,470,NA,415,0.1,3,4,0,20,10,20,spout_extended,NA
2024_05_17_acd06,acd,acd06,5/17/2024,6,2024_05_17_acd_r06,multi_s,0,NA,dual,4,nac,NA,NA,42,415; 470,1.8;4,10; 30,1;2,g;g,20,0,120,20,470,NA,415,0.1,3,4,0,20,10,20,spout_extended,NA
2024_05_17_acd06,acd,acd06,5/17/2024,6,2024_05_17_acd_r06,multi_s,0,NA,dual,6,dms,NA,NA,42,415; 470,1.8;4,10; 30,1;2,g;g,20,0,120,20,470,NA,415,0.1,3,4,0,20,10,20,spout_extended,NA
2024_05_17_acd06,acd,acd06,5/17/2024,6,2024_05_17_acd_r06,multi_s,0,NA,dual,12,dls,NA,NA,42,415; 470,1.8;4,10; 30,1;2,g;g,20,0,120,20,470,NA,415,0.1,3,4,0,20,10,20,spout_extended,NA
2024_05_17_acd06,acd,acd06,5/17/2024,6,2024_05_17_acd_r06,multi_s,0,NA,dual,10,ts,NA,NA,42,415; 470,1.8;4,10; 30,1;2,g;g,20,0,120,20,470,NA,415,0.1,3,4,0,20,10,20,spout_extended,NA
2024_05_17_acd07,acd,acd07,5/17/2024,7,2024_05_17_acd_r07,multi_s,0,NA,dual,4,nac_shelllat,NA,NA,42,415; 470,1.8;4,10; 30,1;2,g;g,20,0,120,20,470,NA,415,0.1,3,4,0,20,10,20,spout_extended,NA
2024_05_17_acd07,acd,acd07,5/17/2024,7,2024_05_17_acd_r07,multi_s,0,NA,dual,6,nac_corr,NA,NA,42,415; 470,1.8;4,10; 30,1;2,g;g,20,0,120,20,470,NA,415,0.1,3,4,0,20,10,20,spout_extended,NA
2024_05_17_acd07,acd,acd07,5/17/2024,7,2024_05_17_acd_r07,multi_s,0,NA,dual,10,nac,NA,NA,42,415; 470,1.8;4,10; 30,1;2,g;g,20,0,120,20,470,NA,415,0.1,3,4,0,20,10,20,spout_extended,NA
2024_05_17_acd07,acd,acd07,5/17/2024,7,2024_05_17_acd_r07,multi_s,0,NA,dual,12,dms,NA,NA,42,415; 470,1.8;4,10; 30,1;2,g;g,20,0,120,20,470,NA,415,0.1,3,4,0,20,10,20,spout_extended,NA
2024_05_17_acd07,acd,acd07,5/17/2024,7,2024_05_17_acd_r07,multi_s,0,NA,dual,3,dls,NA,NA,42,415; 470,1.8;4,10; 30,1;2,g;g,20,0,120,20,470,NA,415,0.1,3,4,0,20,10,20,spout_extended,NA
2024_05_17_acd07,acd,acd07,5/17/2024,7,2024_05_17_acd_r07,multi_s,0,NA,dual,5,ts,NA,NA,42,415; 470,1.8;4,10; 30,1;2,g;g,20,0,120,20,470,NA,415,0.1,3,4,0,20,10,20,spout_extended,NA
2024_05_17_acd08,acd,acd08,5/17/2024,8,2024_05_17_acd_r08,multi_s,0,NA,dual,3,nac_shelllat,NA,NA,42,415; 470,1.8;4,10; 30,1;2,g;g,20,0,120,20,470,NA,415,0.1,3,4,0,20,10,20,spout_extended,NA
2024_05_17_acd08,acd,acd08,5/17/2024,8,2024_05_17_acd_r08,multi_s,0,NA,dual,4,nac_corr,NA,NA,42,415; 470,1.8;4,10; 30,1;2,g;g,20,0,120,20,470,NA,415,0.1,3,4,0,20,10,20,spout_extended,NA
2024_05_17_acd08,acd,acd08,5/17/2024,8,2024_05_17_acd_r08,multi_s,0,NA,dual,12,nac,NA,NA,42,415; 470,1.8;4,10; 30,1;2,g;g,20,0,120,20,470,NA,415,0.1,3,4,0,20,10,20,spout_extended,NA
2024_05_17_acd08,acd,acd08,5/17/2024,8,2024_05_17_acd_r08,multi_s,0,NA,dual,10,dms,NA,NA,42,415; 470,1.8;4,10; 30,1;2,g;g,20,0,120,20,470,NA,415,0.1,3,4,0,20,10,20,spout_extended,NA
2024_05_17_acd08,acd,acd08,5/17/2024,8,2024_05_17_acd_r08,multi_s,0,NA,dual,5,dls,NA,NA,42,415; 470,1.8;4,10; 30,1;2,g;g,20,0,120,20,470,NA,415,0.1,3,4,0,20,10,20,spout_extended,NA
2024_05_17_acd08,acd,acd08,5/17/2024,8,2024_05_17_acd_r08,multi_s,0,NA,dual,6,ts,NA,NA,42,415; 470,1.8;4,10; 30,1;2,g;g,20,0,120,20,470,NA,415,0.1,3,4,0,20,10,20,spout_extended,NA
2024_05_17_acd09,acd,acd09,5/17/2024,9,2024_05_17_acd_r09,multi_s,0,NA,dual,12,nac_shelllat,NA,NA,42,415; 470,1.8;4,10; 30,1;2,g;g,20,0,120,20,470,NA,415,0.1,3,4,0,20,10,20,spout_extended,NA
2024_05_17_acd09,acd,acd09,5/17/2024,9,2024_05_17_acd_r09,multi_s,0,NA,dual,10,nac_corr,NA,NA,42,415; 470,1.8;4,10; 30,1;2,g;g,20,0,120,20,470,NA,415,0.1,3,4,0,20,10,20,spout_extended,NA
2024_05_17_acd09,acd,acd09,5/17/2024,9,2024_05_17_acd_r09,multi_s,0,NA,dual,6,nac,NA,NA,42,415; 470,1.8;4,10; 30,1;2,g;g,20,0,120,20,470,NA,415,0.1,3,4,0,20,10,20,spout_extended,NA
2024_05_17_acd09,acd,acd09,5/17/2024,9,2024_05_17_acd_r09,multi_s,0,NA,dual,5,dms,NA,NA,42,415; 470,1.8;4,10; 30,1;2,g;g,20,0,120,20,470,NA,415,0.1,3,4,0,20,10,20,spout_extended,NA
2024_05_17_acd09,acd,acd09,5/17/2024,9,2024_05_17_acd_r09,multi_s,0,NA,dual,4,dls,NA,NA,42,415; 470,1.8;4,10; 30,1;2,g;g,20,0,120,20,470,NA,415,0.1,3,4,0,20,10,20,spout_extended,NA
2024_05_17_acd09,acd,acd09,5/17/2024,9,2024_05_17_acd_r09,multi_s,0,NA,dual,3,ts,NA,NA,42,415; 470,1.8;4,10; 30,1;2,g;g,20,0,120,20,470,NA,415,0.1,3,4,0,20,10,20,spout_extended,NA
2024_05_17_acd10,acd,acd10,5/17/2024,10,2024_05_17_acd_r10,multi_s,0,NA,dual,10,nac_shelllat,NA,NA,42,415; 470,1.8;4,10; 30,1;2,g;g,20,0,120,20,470,NA,415,0.1,3,4,0,20,10,20,spout_extended,NA
2024_05_17_acd10,acd,acd10,5/17/2024,10,2024_05_17_acd_r10,multi_s,0,NA,dual,12,nac_corr,NA,NA,42,415; 470,1.8;4,10; 30,1;2,g;g,20,0,120,20,470,NA,415,0.1,3,4,0,20,10,20,spout_extended,NA
2024_05_17_acd10,acd,acd10,5/17/2024,10,2024_05_17_acd_r10,multi_s,0,NA,dual,5,nac,NA,NA,42,415; 470,1.8;4,10; 30,1;2,g;g,20,0,120,20,470,NA,415,0.1,3,4,0,20,10,20,spout_extended,NA
2024_05_17_acd10,acd,acd10,5/17/2024,10,2024_05_17_acd_r10,multi_s,0,NA,dual,3,dms,NA,NA,42,415; 470,1.8;4,10; 30,1;2,g;g,20,0,120,20,470,NA,415,0.1,3,4,0,20,10,20,spout_extended,NA
2024_05_17_acd10,acd,acd10,5/17/2024,10,2024_05_17_acd_r10,multi_s,0,NA,dual,6,dls,NA,NA,42,415; 470,1.8;4,10; 30,1;2,g;g,20,0,120,20,470,NA,415,0.1,3,4,0,20,10,20,spout_extended,NA
2024_05_17_acd10,acd,acd10,5/17/2024,10,2024_05_17_acd_r10,multi_s,0,NA,dual,4,ts,NA,NA,42,415; 470,1.8;4,10; 30,1;2,g;g,20,0,120,20,470,NA,415,0.1,3,4,0,20,10,20,spout_extended,NA
2024_05_17_acd11,acd,acd11,5/17/2024,11,2024_05_17_acd_r11,multi_s,0,NA,dual,3,nac_shelllat,NA,NA,42,415; 470,1.8;4,10; 30,1;2,g;g,20,0,120,20,470,NA,415,0.1,3,4,0,20,10,20,spout_extended,NA
2024_05_17_acd11,acd,acd11,5/17/2024,11,2024_05_17_acd_r11,multi_s,0,NA,dual,4,nac_corr,NA,NA,42,415; 470,1.8;4,10; 30,1;2,g;g,20,0,120,20,470,NA,415,0.1,3,4,0,20,10,20,spout_extended,NA
2024_05_17_acd11,acd,acd11,5/17/2024,11,2024_05_17_acd_r11,multi_s,0,NA,dual,12,nac,NA,NA,42,415; 470,1.8;4,10; 30,1;2,g;g,20,0,120,20,470,NA,415,0.1,3,4,0,20,10,20,spout_extended,NA
2024_05_17_acd11,acd,acd11,5/17/2024,11,2024_05_17_acd_r11,multi_s,0,NA,dual,10,dms,NA,NA,42,415; 470,1.8;4,10; 30,1;2,g;g,20,0,120,20,470,NA,415,0.1,3,4,0,20,10,20,spout_extended,NA
2024_05_17_acd11,acd,acd11,5/17/2024,11,2024_05_17_acd_r11,multi_s,0,NA,dual,5,dls,NA,NA,42,415; 470,1.8;4,10; 30,1;2,g;g,20,0,120,20,470,NA,415,0.1,3,4,0,20,10,20,spout_extended,NA
2024_05_17_acd11,acd,acd11,5/17/2024,11,2024_05_17_acd_r11,multi_s,0,NA,dual,6,ts,NA,NA,42,415; 470,1.8;4,10; 30,1;2,g;g,20,0,120,20,470,NA,415,0.1,3,4,0,20,10,20,spout_extended,NA
2024_05_17_acd12,acd,acd12,5/17/2024,12,2024_05_17_acd_r12,multi_s,0,NA,dual,12,nac_shelllat,NA,NA,42,415; 470,1.8;4,10; 30,1;2,g;g,20,0,120,20,470,NA,415,0.1,3,4,0,20,10,20,spout_extended,NA
2024_05_17_acd12,acd,acd12,5/17/2024,12,2024_05_17_acd_r12,multi_s,0,NA,dual,10,nac_corr,NA,NA,42,415; 470,1.8;4,10; 30,1;2,g;g,20,0,120,20,470,NA,415,0.1,3,4,0,20,10,20,spout_extended,NA
2024_05_17_acd12,acd,acd12,5/17/2024,12,2024_05_17_acd_r12,multi_s,0,NA,dual,6,nac,NA,NA,42,415; 470,1.8;4,10; 30,1;2,g;g,20,0,120,20,470,NA,415,0.1,3,4,0,20,10,20,spout_extended,NA
2024_05_17_acd12,acd,acd12,5/17/2024,12,2024_05_17_acd_r12,multi_s,0,NA,dual,5,dms,NA,NA,42,415; 470,1.8;4,10; 30,1;2,g;g,20,0,120,20,470,NA,415,0.1,3,4,0,20,10,20,spout_extended,NA
2024_05_17_acd12,acd,acd12,5/17/2024,12,2024_05_17_acd_r12,multi_s,0,NA,dual,4,dls,NA,NA,42,415; 470,1.8;4,10; 30,1;2,g;g,20,0,120,20,470,NA,415,0.1,3,4,0,20,10,20,spout_extended,NA
2024_05_17_acd12,acd,acd12,5/17/2024,12,2024_05_17_acd_r12,multi_s,0,NA,dual,3,ts,NA,NA,42,415; 470,1.8;4,10; 30,1;2,g;g,20,0,120,20,470,NA,415,0.1,3,4,0,20,10,20,spout_extended,NA
2024_05_17_acd13,acd,acd13,5/17/2024,13,2024_05_17_acd_r13,multi_s,0,NA,dual,6,nac_shelllat,NA,NA,42,415; 470,1.8;4,10; 30,1;2,g;g,20,0,120,20,470,NA,415,0.1,3,4,0,20,10,20,spout_extended,NA
2024_05_17_acd13,acd,acd13,5/17/2024,13,2024_05_17_acd_r13,multi_s,0,NA,dual,5,nac_corr,NA,NA,42,415; 470,1.8;4,10; 30,1;2,g;g,20,0,120,20,470,NA,415,0.1,3,4,0,20,10,20,spout_extended,NA
2024_05_17_acd13,acd,acd13,5/17/2024,13,2024_05_17_acd_r13,multi_s,0,NA,dual,3,nac,NA,NA,42,415; 470,1.8;4,10; 30,1;2,g;g,20,0,120,20,470,NA,415,0.1,3,4,0,20,10,20,spout_extended,NA
2024_05_17_acd13,acd,acd13,5/17/2024,13,2024_05_17_acd_r13,multi_s,0,NA,dual,4,dms,NA,NA,42,415; 470,1.8;4,10; 30,1;2,g;g,20,0,120,20,470,NA,415,0.1,3,4,0,20,10,20,spout_extended,NA
2024_05_17_acd13,acd,acd13,5/17/2024,13,2024_05_17_acd_r13,multi_s,0,NA,dual,10,dls,NA,NA,42,415; 470,1.8;4,10; 30,1;2,g;g,20,0,120,20,470,NA,415,0.1,3,4,0,20,10,20,spout_extended,NA
2024_05_17_acd13,acd,acd13,5/17/2024,13,2024_05_17_acd_r13,multi_s,0,NA,dual,12,ts,NA,NA,42,415; 470,1.8;4,10; 30,1;2,g;g,20,0,120,20,470,NA,415,0.1,3,4,0,20,10,20,spout_extended,NA
2024_05_17_acd14,acd,acd14,5/17/2024,14,2024_05_17_acd_r14,multi_s,0,NA,dual,4,nac_shelllat,NA,NA,42,415; 470,1.8;4,10; 30,1;2,g;g,20,0,120,20,470,NA,415,0.1,3,4,0,20,10,20,spout_extended,NA
2024_05_17_acd14,acd,acd14,5/17/2024,14,2024_05_17_acd_r14,multi_s,0,NA,dual,6,nac_corr,NA,NA,42,415; 470,1.8;4,10; 30,1;2,g;g,20,0,120,20,470,NA,415,0.1,3,4,0,20,10,20,spout_extended,NA
2024_05_17_acd14,acd,acd14,5/17/2024,14,2024_05_17_acd_r14,multi_s,0,NA,dual,10,nac,NA,NA,42,415; 470,1.8;4,10; 30,1;2,g;g,20,0,120,20,470,NA,415,0.1,3,4,0,20,10,20,spout_extended,NA
2024_05_17_acd14,acd,acd14,5/17/2024,14,2024_05_17_acd_r14,multi_s,0,NA,dual,12,dms,NA,NA,42,415; 470,1.8;4,10; 30,1;2,g;g,20,0,120,20,470,NA,415,0.1,3,4,0,20,10,20,spout_extended,NA
2024_05_17_acd14,acd,acd14,5/17/2024,14,2024_05_17_acd_r14,multi_s,0,NA,dual,3,dls,NA,NA,42,415; 470,1.8;4,10; 30,1;2,g;g,20,0,120,20,470,NA,415,0.1,3,4,0,20,10,20,spout_extended,NA
2024_05_17_acd14,acd,acd14,5/17/2024,14,2024_05_17_acd_r14,multi_s,0,NA,dual,5,ts,NA,NA,42,415; 470,1.8;4,10; 30,1;2,g;g,20,0,120,20,470,NA,415,0.1,3,4,0,20,10,20,spout_extended,NA
2024_05_20_acd01,acd,acd01,5/20/2024,1,2024_05_20_acd_r01,multi_nacl,0,NA,dual,12,nac_shelllat,NA,NA,42,415; 470,1.8;4,10; 30,1;2,g;g,20,0,120,20,470,NA,415,0.1,3,4,0,20,10,20,spout_extended,NA
2024_05_20_acd01,acd,acd01,5/20/2024,1,2024_05_20_acd_r01,multi_nacl,0,NA,dual,10,nac_corr,NA,NA,42,415; 470,1.8;4,10; 30,1;2,g;g,20,0,120,20,470,NA,415,0.1,3,4,0,20,10,20,spout_extended,NA
2024_05_20_acd01,acd,acd01,5/20/2024,1,2024_05_20_acd_r01,multi_nacl,0,NA,dual,6,nac,NA,NA,42,415; 470,1.8;4,10; 30,1;2,g;g,20,0,120,20,470,NA,415,0.1,3,4,0,20,10,20,spout_extended,NA
2024_05_20_acd01,acd,acd01,5/20/2024,1,2024_05_20_acd_r01,multi_nacl,0,NA,dual,5,dms,NA,NA,42,415; 470,1.8;4,10; 30,1;2,g;g,20,0,120,20,470,NA,415,0.1,3,4,0,20,10,20,spout_extended,NA
2024_05_20_acd01,acd,acd01,5/20/2024,1,2024_05_20_acd_r01,multi_nacl,0,NA,dual,4,dls,NA,NA,42,415; 470,1.8;4,10; 30,1;2,g;g,20,0,120,20,470,NA,415,0.1,3,4,0,20,10,20,spout_extended,NA
2024_05_20_acd01,acd,acd01,5/20/2024,1,2024_05_20_acd_r01,multi_nacl,0,NA,dual,3,ts,NA,NA,42,415; 470,1.8;4,10; 30,1;2,g;g,20,0,120,20,470,NA,415,0.1,3,4,0,20,10,20,spout_extended,NA
2024_05_20_acd02,acd,acd02,5/20/2024,2,2024_05_20_acd_r02,multi_nacl,0,NA,dual,10,nac_shelllat,NA,NA,42,415; 470,1.8;4,10; 30,1;2,g;g,20,0,120,20,470,NA,415,0.1,3,4,0,20,10,20,spout_extended,NA
2024_05_20_acd02,acd,acd02,5/20/2024,2,2024_05_20_acd_r02,multi_nacl,0,NA,dual,12,nac_corr,NA,NA,42,415; 470,1.8;4,10; 30,1;2,g;g,20,0,120,20,470,NA,415,0.1,3,4,0,20,10,20,spout_extended,NA
2024_05_20_acd02,acd,acd02,5/20/2024,2,2024_05_20_acd_r02,multi_nacl,0,NA,dual,5,nac,NA,NA,42,415; 470,1.8;4,10; 30,1;2,g;g,20,0,120,20,470,NA,415,0.1,3,4,0,20,10,20,spout_extended,NA
2024_05_20_acd02,acd,acd02,5/20/2024,2,2024_05_20_acd_r02,multi_nacl,0,NA,dual,3,dms,NA,NA,42,415; 470,1.8;4,10; 30,1;2,g;g,20,0,120,20,470,NA,415,0.1,3,4,0,20,10,20,spout_extended,NA
2024_05_20_acd02,acd,acd02,5/20/2024,2,2024_05_20_acd_r02,multi_nacl,0,NA,dual,6,dls,NA,NA,42,415; 470,1.8;4,10; 30,1;2,g;g,20,0,120,20,470,NA,415,0.1,3,4,0,20,10,20,spout_extended,NA
2024_05_20_acd02,acd,acd02,5/20/2024,2,2024_05_20_acd_r02,multi_nacl,0,NA,dual,4,ts,NA,NA,42,415; 470,1.8;4,10; 30,1;2,g;g,20,0,120,20,470,NA,415,0.1,3,4,0,20,10,20,spout_extended,NA
2024_05_20_acd03,acd,acd03,5/20/2024,3,2024_05_20_acd_r03,multi_nacl,0,NA,dual,6,nac_shelllat,NA,NA,42,415; 470,1.8;4,10; 30,1;2,g;g,20,0,120,20,470,NA,415,0.1,3,4,0,20,10,20,spout_extended,NA
2024_05_20_acd03,acd,acd03,5/20/2024,3,2024_05_20_acd_r03,multi_nacl,0,NA,dual,5,nac_corr,NA,NA,42,415; 470,1.8;4,10; 30,1;2,g;g,20,0,120,20,470,NA,415,0.1,3,4,0,20,10,20,spout_extended,NA
2024_05_20_acd03,acd,acd03,5/20/2024,3,2024_05_20_acd_r03,multi_nacl,0,NA,dual,3,nac,NA,NA,42,415; 470,1.8;4,10; 30,1;2,g;g,20,0,120,20,470,NA,415,0.1,3,4,0,20,10,20,spout_extended,NA
2024_05_20_acd03,acd,acd03,5/20/2024,3,2024_05_20_acd_r03,multi_nacl,0,NA,dual,4,dms,NA,NA,42,415; 470,1.8;4,10; 30,1;2,g;g,20,0,120,20,470,NA,415,0.1,3,4,0,20,10,20,spout_extended,NA
2024_05_20_acd03,acd,acd03,5/20/2024,3,2024_05_20_acd_r03,multi_nacl,0,NA,dual,10,dls,NA,NA,42,415; 470,1.8;4,10; 30,1;2,g;g,20,0,120,20,470,NA,415,0.1,3,4,0,20,10,20,spout_extended,NA
2024_05_20_acd03,acd,acd03,5/20/2024,3,2024_05_20_acd_r03,multi_nacl,0,NA,dual,12,ts,NA,NA,42,415; 470,1.8;4,10; 30,1;2,g;g,20,0,120,20,470,NA,415,0.1,3,4,0,20,10,20,spout_extended,NA
2024_05_20_acd04,acd,acd04,5/20/2024,4,2024_05_20_acd_r04,multi_nacl,0,NA,dual,5,nac_shelllat,NA,NA,42,415; 470,1.8;4,10; 30,1;2,g;g,20,0,120,20,470,NA,415,0.1,3,4,0,20,10,20,spout_extended,NA
2024_05_20_acd04,acd,acd04,5/20/2024,4,2024_05_20_acd_r04,multi_nacl,0,NA,dual,3,nac_corr,NA,NA,42,415; 470,1.8;4,10; 30,1;2,g;g,20,0,120,20,470,NA,415,0.1,3,4,0,20,10,20,spout_extended,NA
2024_05_20_acd04,acd,acd04,5/20/2024,4,2024_05_20_acd_r04,multi_nacl,0,NA,dual,4,nac,NA,NA,42,415; 470,1.8;4,10; 30,1;2,g;g,20,0,120,20,470,NA,415,0.1,3,4,0,20,10,20,spout_extended,NA
2024_05_20_acd04,acd,acd04,5/20/2024,4,2024_05_20_acd_r04,multi_nacl,0,NA,dual,6,dms,NA,NA,42,415; 470,1.8;4,10; 30,1;2,g;g,20,0,120,20,470,NA,415,0.1,3,4,0,20,10,20,spout_extended,NA
2024_05_20_acd04,acd,acd04,5/20/2024,4,2024_05_20_acd_r04,multi_nacl,0,NA,dual,12,dls,NA,NA,42,415; 470,1.8;4,10; 30,1;2,g;g,20,0,120,20,470,NA,415,0.1,3,4,0,20,10,20,spout_extended,NA
2024_05_20_acd04,acd,acd04,5/20/2024,4,2024_05_20_acd_r04,multi_nacl,0,NA,dual,10,ts,NA,NA,42,415; 470,1.8;4,10; 30,1;2,g;g,20,0,120,20,470,NA,415,0.1,3,4,0,20,10,20,spout_extended,NA
2024_05_20_acd05,acd,acd05,5/20/2024,5,2024_05_20_acd_r05,multi_nacl,0,NA,dual,4,nac_shelllat,NA,NA,42,415; 470,1.8;4,10; 30,1;2,g;g,20,0,120,20,470,NA,415,0.1,3,4,0,20,10,20,spout_extended,NA
2024_05_20_acd05,acd,acd05,5/20/2024,5,2024_05_20_acd_r05,multi_nacl,0,NA,dual,6,nac_corr,NA,NA,42,415; 470,1.8;4,10; 30,1;2,g;g,20,0,120,20,470,NA,415,0.1,3,4,0,20,10,20,spout_extended,NA
2024_05_20_acd05,acd,acd05,5/20/2024,5,2024_05_20_acd_r05,multi_nacl,0,NA,dual,10,nac,NA,NA,42,415; 470,1.8;4,10; 30,1;2,g;g,20,0,120,20,470,NA,415,0.1,3,4,0,20,10,20,spout_extended,NA
2024_05_20_acd05,acd,acd05,5/20/2024,5,2024_05_20_acd_r05,multi_nacl,0,NA,dual,12,dms,NA,NA,42,415; 470,1.8;4,10; 30,1;2,g;g,20,0,120,20,470,NA,415,0.1,3,4,0,20,10,20,spout_extended,NA
2024_05_20_acd05,acd,acd05,5/20/2024,5,2024_05_20_acd_r05,multi_nacl,0,NA,dual,3,dls,NA,NA,42,415; 470,1.8;4,10; 30,1;2,g;g,20,0,120,20,470,NA,415,0.1,3,4,0,20,10,20,spout_extended,NA
2024_05_20_acd05,acd,acd05,5/20/2024,5,2024_05_20_acd_r05,multi_nacl,0,NA,dual,5,ts,NA,NA,42,415; 470,1.8;4,10; 30,1;2,g;g,20,0,120,20,470,NA,415,0.1,3,4,0,20,10,20,spout_extended,NA
2024_05_20_acd06,acd,acd06,5/20/2024,6,2024_05_20_acd_r06,multi_nacl,0,NA,dual,3,nac_shelllat,NA,NA,42,415; 470,1.8;4,10; 30,1;2,g;g,20,0,120,20,470,NA,415,0.1,3,4,0,20,10,20,spout_extended,NA
2024_05_20_acd06,acd,acd06,5/20/2024,6,2024_05_20_acd_r06,multi_nacl,0,NA,dual,4,nac_corr,NA,NA,42,415; 470,1.8;4,10; 30,1;2,g;g,20,0,120,20,470,NA,415,0.1,3,4,0,20,10,20,spout_extended,NA
2024_05_20_acd06,acd,acd06,5/20/2024,6,2024_05_20_acd_r06,multi_nacl,0,NA,dual,12,nac,NA,NA,42,415; 470,1.8;4,10; 30,1;2,g;g,20,0,120,20,470,NA,415,0.1,3,4,0,20,10,20,spout_extended,NA
2024_05_20_acd06,acd,acd06,5/20/2024,6,2024_05_20_acd_r06,multi_nacl,0,NA,dual,10,dms,NA,NA,42,415; 470,1.8;4,10; 30,1;2,g;g,20,0,120,20,470,NA,415,0.1,3,4,0,20,10,20,spout_extended,NA
2024_05_20_acd06,acd,acd06,5/20/2024,6,2024_05_20_acd_r06,multi_nacl,0,NA,dual,5,dls,NA,NA,42,415; 470,1.8;4,10; 30,1;2,g;g,20,0,120,20,470,NA,415,0.1,3,4,0,20,10,20,spout_extended,NA
2024_05_20_acd06,acd,acd06,5/20/2024,6,2024_05_20_acd_r06,multi_nacl,0,NA,dual,6,ts,NA,NA,42,415; 470,1.8;4,10; 30,1;2,g;g,20,0,120,20,470,NA,415,0.1,3,4,0,20,10,20,spout_extended,NA
2024_05_20_acd07,acd,acd07,5/20/2024,7,2024_05_20_acd_r07,multi_nacl,0,NA,dual,12,nac_shelllat,NA,NA,42,415; 470,1.8;4,10; 30,1;2,g;g,20,0,120,20,470,NA,415,0.1,3,4,0,20,10,20,spout_extended,NA
2024_05_20_acd07,acd,acd07,5/20/2024,7,2024_05_20_acd_r07,multi_nacl,0,NA,dual,10,nac_corr,NA,NA,42,415; 470,1.8;4,10; 30,1;2,g;g,20,0,120,20,470,NA,415,0.1,3,4,0,20,10,20,spout_extended,NA
2024_05_20_acd07,acd,acd07,5/20/2024,7,2024_05_20_acd_r07,multi_nacl,0,NA,dual,6,nac,NA,NA,42,415; 470,1.8;4,10; 30,1;2,g;g,20,0,120,20,470,NA,415,0.1,3,4,0,20,10,20,spout_extended,NA
2024_05_20_acd07,acd,acd07,5/20/2024,7,2024_05_20_acd_r07,multi_nacl,0,NA,dual,5,dms,NA,NA,42,415; 470,1.8;4,10; 30,1;2,g;g,20,0,120,20,470,NA,415,0.1,3,4,0,20,10,20,spout_extended,NA
2024_05_20_acd07,acd,acd07,5/20/2024,7,2024_05_20_acd_r07,multi_nacl,0,NA,dual,4,dls,NA,NA,42,415; 470,1.8;4,10; 30,1;2,g;g,20,0,120,20,470,NA,415,0.1,3,4,0,20,10,20,spout_extended,NA
2024_05_20_acd07,acd,acd07,5/20/2024,7,2024_05_20_acd_r07,multi_nacl,0,NA,dual,3,ts,NA,NA,42,415; 470,1.8;4,10; 30,1;2,g;g,20,0,120,20,470,NA,415,0.1,3,4,0,20,10,20,spout_extended,NA
2024_05_20_acd08,acd,acd08,5/20/2024,8,2024_05_20_acd_r08,multi_nacl,0,NA,dual,10,nac_shelllat,NA,NA,42,415; 470,1.8;4,10; 30,1;2,g;g,20,0,120,20,470,NA,415,0.1,3,4,0,20,10,20,spout_extended,NA
2024_05_20_acd08,acd,acd08,5/20/2024,8,2024_05_20_acd_r08,multi_nacl,0,NA,dual,12,nac_corr,NA,NA,42,415; 470,1.8;4,10; 30,1;2,g;g,20,0,120,20,470,NA,415,0.1,3,4,0,20,10,20,spout_extended,NA
2024_05_20_acd08,acd,acd08,5/20/2024,8,2024_05_20_acd_r08,multi_nacl,0,NA,dual,5,nac,NA,NA,42,415; 470,1.8;4,10; 30,1;2,g;g,20,0,120,20,470,NA,415,0.1,3,4,0,20,10,20,spout_extended,NA
2024_05_20_acd08,acd,acd08,5/20/2024,8,2024_05_20_acd_r08,multi_nacl,0,NA,dual,3,dms,NA,NA,42,415; 470,1.8;4,10; 30,1;2,g;g,20,0,120,20,470,NA,415,0.1,3,4,0,20,10,20,spout_extended,NA
2024_05_20_acd08,acd,acd08,5/20/2024,8,2024_05_20_acd_r08,multi_nacl,0,NA,dual,6,dls,NA,NA,42,415; 470,1.8;4,10; 30,1;2,g;g,20,0,120,20,470,NA,415,0.1,3,4,0,20,10,20,spout_extended,NA
2024_05_20_acd08,acd,acd08,5/20/2024,8,2024_05_20_acd_r08,multi_nacl,0,NA,dual,4,ts,NA,NA,42,415; 470,1.8;4,10; 30,1;2,g;g,20,0,120,20,470,NA,415,0.1,3,4,0,20,10,20,spout_extended,NA
2024_05_20_acd09,acd,acd09,5/20/2024,9,2024_05_20_acd_r09,multi_nacl,0,NA,dual,3,nac_shelllat,NA,NA,42,415; 470,1.8;4,10; 30,1;2,g;g,20,0,120,20,470,NA,415,0.1,3,4,0,20,10,20,spout_extended,NA
2024_05_20_acd09,acd,acd09,5/20/2024,9,2024_05_20_acd_r09,multi_nacl,0,NA,dual,4,nac_corr,NA,NA,42,415; 470,1.8;4,10; 30,1;2,g;g,20,0,120,20,470,NA,415,0.1,3,4,0,20,10,20,spout_extended,NA
2024_05_20_acd09,acd,acd09,5/20/2024,9,2024_05_20_acd_r09,multi_nacl,0,NA,dual,12,nac,NA,NA,42,415; 470,1.8;4,10; 30,1;2,g;g,20,0,120,20,470,NA,415,0.1,3,4,0,20,10,20,spout_extended,NA
2024_05_20_acd09,acd,acd09,5/20/2024,9,2024_05_20_acd_r09,multi_nacl,0,NA,dual,10,dms,NA,NA,42,415; 470,1.8;4,10; 30,1;2,g;g,20,0,120,20,470,NA,415,0.1,3,4,0,20,10,20,spout_extended,NA
2024_05_20_acd09,acd,acd09,5/20/2024,9,2024_05_20_acd_r09,multi_nacl,0,NA,dual,5,dls,NA,NA,42,415; 470,1.8;4,10; 30,1;2,g;g,20,0,120,20,470,NA,415,0.1,3,4,0,20,10,20,spout_extended,NA
2024_05_20_acd09,acd,acd09,5/20/2024,9,2024_05_20_acd_r09,multi_nacl,0,NA,dual,6,ts,NA,NA,42,415; 470,1.8;4,10; 30,1;2,g;g,20,0,120,20,470,NA,415,0.1,3,4,0,20,10,20,spout_extended,NA
2024_05_20_acd10,acd,acd10,5/20/2024,10,2024_05_20_acd_r10,multi_nacl,0,NA,dual,12,nac_shelllat,NA,NA,42,415; 470,1.8;4,10; 30,1;2,g;g,20,0,120,20,470,NA,415,0.1,3,4,0,20,10,20,spout_extended,NA
2024_05_20_acd10,acd,acd10,5/20/2024,10,2024_05_20_acd_r10,multi_nacl,0,NA,dual,10,nac_corr,NA,NA,42,415; 470,1.8;4,10; 30,1;2,g;g,20,0,120,20,470,NA,415,0.1,3,4,0,20,10,20,spout_extended,NA
2024_05_20_acd10,acd,acd10,5/20/2024,10,2024_05_20_acd_r10,multi_nacl,0,NA,dual,6,nac,NA,NA,42,415; 470,1.8;4,10; 30,1;2,g;g,20,0,120,20,470,NA,415,0.1,3,4,0,20,10,20,spout_extended,NA
2024_05_20_acd10,acd,acd10,5/20/2024,10,2024_05_20_acd_r10,multi_nacl,0,NA,dual,5,dms,NA,NA,42,415; 470,1.8;4,10; 30,1;2,g;g,20,0,120,20,470,NA,415,0.1,3,4,0,20,10,20,spout_extended,NA
2024_05_20_acd10,acd,acd10,5/20/2024,10,2024_05_20_acd_r10,multi_nacl,0,NA,dual,4,dls,NA,NA,42,415; 470,1.8;4,10; 30,1;2,g;g,20,0,120,20,470,NA,415,0.1,3,4,0,20,10,20,spout_extended,NA
2024_05_20_acd10,acd,acd10,5/20/2024,10,2024_05_20_acd_r10,multi_nacl,0,NA,dual,3,ts,NA,NA,42,415; 470,1.8;4,10; 30,1;2,g;g,20,0,120,20,470,NA,415,0.1,3,4,0,20,10,20,spout_extended,NA
2024_05_20_acd11,acd,acd11,5/20/2024,11,2024_05_20_acd_r11,multi_nacl,0,NA,dual,6,nac_shelllat,NA,NA,42,415; 470,1.8;4,10; 30,1;2,g;g,20,0,120,20,470,NA,415,0.1,3,4,0,20,10,20,spout_extended,NA
2024_05_20_acd11,acd,acd11,5/20/2024,11,2024_05_20_acd_r11,multi_nacl,0,NA,dual,5,nac_corr,NA,NA,42,415; 470,1.8;4,10; 30,1;2,g;g,20,0,120,20,470,NA,415,0.1,3,4,0,20,10,20,spout_extended,NA
2024_05_20_acd11,acd,acd11,5/20/2024,11,2024_05_20_acd_r11,multi_nacl,0,NA,dual,3,nac,NA,NA,42,415; 470,1.8;4,10; 30,1;2,g;g,20,0,120,20,470,NA,415,0.1,3,4,0,20,10,20,spout_extended,NA
2024_05_20_acd11,acd,acd11,5/20/2024,11,2024_05_20_acd_r11,multi_nacl,0,NA,dual,4,dms,NA,NA,42,415; 470,1.8;4,10; 30,1;2,g;g,20,0,120,20,470,NA,415,0.1,3,4,0,20,10,20,spout_extended,NA
2024_05_20_acd11,acd,acd11,5/20/2024,11,2024_05_20_acd_r11,multi_nacl,0,NA,dual,10,dls,NA,NA,42,415; 470,1.8;4,10; 30,1;2,g;g,20,0,120,20,470,NA,415,0.1,3,4,0,20,10,20,spout_extended,NA
2024_05_20_acd11,acd,acd11,5/20/2024,11,2024_05_20_acd_r11,multi_nacl,0,NA,dual,12,ts,NA,NA,42,415; 470,1.8;4,10; 30,1;2,g;g,20,0,120,20,470,NA,415,0.1,3,4,0,20,10,20,spout_extended,NA
2024_05_20_acd12,acd,acd12,5/20/2024,12,2024_05_20_acd_r12,multi_nacl,0,NA,dual,5,nac_shelllat,NA,NA,42,415; 470,1.8;4,10; 30,1;2,g;g,20,0,120,20,470,NA,415,0.1,3,4,0,20,10,20,spout_extended,NA
2024_05_20_acd12,acd,acd12,5/20/2024,12,2024_05_20_acd_r12,multi_nacl,0,NA,dual,3,nac_corr,NA,NA,42,415; 470,1.8;4,10; 30,1;2,g;g,20,0,120,20,470,NA,415,0.1,3,4,0,20,10,20,spout_extended,NA
2024_05_20_acd12,acd,acd12,5/20/2024,12,2024_05_20_acd_r12,multi_nacl,0,NA,dual,4,nac,NA,NA,42,415; 470,1.8;4,10; 30,1;2,g;g,20,0,120,20,470,NA,415,0.1,3,4,0,20,10,20,spout_extended,NA
2024_05_20_acd12,acd,acd12,5/20/2024,12,2024_05_20_acd_r12,multi_nacl,0,NA,dual,6,dms,NA,NA,42,415; 470,1.8;4,10; 30,1;2,g;g,20,0,120,20,470,NA,415,0.1,3,4,0,20,10,20,spout_extended,NA
2024_05_20_acd12,acd,acd12,5/20/2024,12,2024_05_20_acd_r12,multi_nacl,0,NA,dual,12,dls,NA,NA,42,415; 470,1.8;4,10; 30,1;2,g;g,20,0,120,20,470,NA,415,0.1,3,4,0,20,10,20,spout_extended,NA
2024_05_20_acd12,acd,acd12,5/20/2024,12,2024_05_20_acd_r12,multi_nacl,0,NA,dual,10,ts,NA,NA,42,415; 470,1.8;4,10; 30,1;2,g;g,20,0,120,20,470,NA,415,0.1,3,4,0,20,10,20,spout_extended,NA
2024_05_20_acd13,acd,acd13,5/20/2024,13,2024_05_20_acd_r13,multi_nacl,0,NA,dual,4,nac_shelllat,NA,NA,42,415; 470,1.8;4,10; 30,1;2,g;g,20,0,120,20,470,NA,415,0.1,3,4,0,20,10,20,spout_extended,NA
2024_05_20_acd13,acd,acd13,5/20/2024,13,2024_05_20_acd_r13,multi_nacl,0,NA,dual,6,nac_corr,NA,NA,42,415; 470,1.8;4,10; 30,1;2,g;g,20,0,120,20,470,NA,415,0.1,3,4,0,20,10,20,spout_extended,NA
2024_05_20_acd13,acd,acd13,5/20/2024,13,2024_05_20_acd_r13,multi_nacl,0,NA,dual,10,nac,NA,NA,42,415; 470,1.8;4,10; 30,1;2,g;g,20,0,120,20,470,NA,415,0.1,3,4,0,20,10,20,spout_extended,NA
2024_05_20_acd13,acd,acd13,5/20/2024,13,2024_05_20_acd_r13,multi_nacl,0,NA,dual,12,dms,NA,NA,42,415; 470,1.8;4,10; 30,1;2,g;g,20,0,120,20,470,NA,415,0.1,3,4,0,20,10,20,spout_extended,NA
2024_05_20_acd13,acd,acd13,5/20/2024,13,2024_05_20_acd_r13,multi_nacl,0,NA,dual,3,dls,NA,NA,42,415; 470,1.8;4,10; 30,1;2,g;g,20,0,120,20,470,NA,415,0.1,3,4,0,20,10,20,spout_extended,NA
2024_05_20_acd13,acd,acd13,5/20/2024,13,2024_05_20_acd_r13,multi_nacl,0,NA,dual,5,ts,NA,NA,42,415; 470,1.8;4,10; 30,1;2,g;g,20,0,120,20,470,NA,415,0.1,3,4,0,20,10,20,spout_extended,NA
2024_05_20_acd14,acd,acd14,5/20/2024,14,2024_05_20_acd_r14,multi_nacl,0,NA,dual,3,nac_shelllat,NA,NA,42,415; 470,1.8;4,10; 30,1;2,g;g,20,0,120,20,470,NA,415,0.1,3,4,0,20,10,20,spout_extended,NA
2024_05_20_acd14,acd,acd14,5/20/2024,14,2024_05_20_acd_r14,multi_nacl,0,NA,dual,4,nac_corr,NA,NA,42,415; 470,1.8;4,10; 30,1;2,g;g,20,0,120,20,470,NA,415,0.1,3,4,0,20,10,20,spout_extended,NA
2024_05_20_acd14,acd,acd14,5/20/2024,14,2024_05_20_acd_r14,multi_nacl,0,NA,dual,12,nac,NA,NA,42,415; 470,1.8;4,10; 30,1;2,g;g,20,0,120,20,470,NA,415,0.1,3,4,0,20,10,20,spout_extended,NA
2024_05_20_acd14,acd,acd14,5/20/2024,14,2024_05_20_acd_r14,multi_nacl,0,NA,dual,10,dms,NA,NA,42,415; 470,1.8;4,10; 30,1;2,g;g,20,0,120,20,470,NA,415,0.1,3,4,0,20,10,20,spout_extended,NA
2024_05_20_acd14,acd,acd14,5/20/2024,14,2024_05_20_acd_r14,multi_nacl,0,NA,dual,5,dls,NA,NA,42,415; 470,1.8;4,10; 30,1;2,g;g,20,0,120,20,470,NA,415,0.1,3,4,0,20,10,20,spout_extended,NA
2024_05_20_acd14,acd,acd14,5/20/2024,14,2024_05_20_acd_r14,multi_nacl,0,NA,dual,6,ts,NA,NA,42,415; 470,1.8;4,10; 30,1;2,g;g,20,0,120,20,470,NA,415,0.1,3,4,0,20,10,20,spout_extended,NA
2024_05_21_acd01,acd,acd01,5/21/2024,1,2024_05_21_acd_r01,multi_nacl,0,NA,dual,3,nac_shelllat,NA,NA,42,415; 470,1.8;4,10; 30,1;2,g;g,20,0,120,20,470,NA,415,0.1,3,4,0,20,10,20,spout_extended,NA
2024_05_21_acd01,acd,acd01,5/21/2024,1,2024_05_21_acd_r01,multi_nacl,0,NA,dual,4,nac_corr,NA,NA,42,415; 470,1.8;4,10; 30,1;2,g;g,20,0,120,20,470,NA,415,0.1,3,4,0,20,10,20,spout_extended,NA
2024_05_21_acd01,acd,acd01,5/21/2024,1,2024_05_21_acd_r01,multi_nacl,0,NA,dual,12,nac,NA,NA,42,415; 470,1.8;4,10; 30,1;2,g;g,20,0,120,20,470,NA,415,0.1,3,4,0,20,10,20,spout_extended,NA
2024_05_21_acd01,acd,acd01,5/21/2024,1,2024_05_21_acd_r01,multi_nacl,0,NA,dual,10,dms,NA,NA,42,415; 470,1.8;4,10; 30,1;2,g;g,20,0,120,20,470,NA,415,0.1,3,4,0,20,10,20,spout_extended,NA
2024_05_21_acd01,acd,acd01,5/21/2024,1,2024_05_21_acd_r01,multi_nacl,0,NA,dual,5,dls,NA,NA,42,415; 470,1.8;4,10; 30,1;2,g;g,20,0,120,20,470,NA,415,0.1,3,4,0,20,10,20,spout_extended,NA
2024_05_21_acd01,acd,acd01,5/21/2024,1,2024_05_21_acd_r01,multi_nacl,0,NA,dual,6,ts,NA,NA,42,415; 470,1.8;4,10; 30,1;2,g;g,20,0,120,20,470,NA,415,0.1,3,4,0,20,10,20,spout_extended,NA
2024_05_21_acd02,acd,acd02,5/21/2024,2,2024_05_21_acd_r02,multi_nacl,0,NA,dual,12,nac_shelllat,NA,NA,42,415; 470,1.8;4,10; 30,1;2,g;g,20,0,120,20,470,NA,415,0.1,3,4,0,20,10,20,spout_extended,NA
2024_05_21_acd02,acd,acd02,5/21/2024,2,2024_05_21_acd_r02,multi_nacl,0,NA,dual,10,nac_corr,NA,NA,42,415; 470,1.8;4,10; 30,1;2,g;g,20,0,120,20,470,NA,415,0.1,3,4,0,20,10,20,spout_extended,NA
2024_05_21_acd02,acd,acd02,5/21/2024,2,2024_05_21_acd_r02,multi_nacl,0,NA,dual,6,nac,NA,NA,42,415; 470,1.8;4,10; 30,1;2,g;g,20,0,120,20,470,NA,415,0.1,3,4,0,20,10,20,spout_extended,NA
2024_05_21_acd02,acd,acd02,5/21/2024,2,2024_05_21_acd_r02,multi_nacl,0,NA,dual,5,dms,NA,NA,42,415; 470,1.8;4,10; 30,1;2,g;g,20,0,120,20,470,NA,415,0.1,3,4,0,20,10,20,spout_extended,NA
2024_05_21_acd02,acd,acd02,5/21/2024,2,2024_05_21_acd_r02,multi_nacl,0,NA,dual,4,dls,NA,NA,42,415; 470,1.8;4,10; 30,1;2,g;g,20,0,120,20,470,NA,415,0.1,3,4,0,20,10,20,spout_extended,NA
2024_05_21_acd02,acd,acd02,5/21/2024,2,2024_05_21_acd_r02,multi_nacl,0,NA,dual,3,ts,NA,NA,42,415; 470,1.8;4,10; 30,1;2,g;g,20,0,120,20,470,NA,415,0.1,3,4,0,20,10,20,spout_extended,NA
2024_05_21_acd03,acd,acd03,5/21/2024,3,2024_05_21_acd_r03,multi_nacl,0,NA,dual,10,nac_shelllat,NA,NA,42,415; 470,1.8;4,10; 30,1;2,g;g,20,0,120,20,470,NA,415,0.1,3,4,0,20,10,20,spout_extended,NA
2024_05_21_acd03,acd,acd03,5/21/2024,3,2024_05_21_acd_r03,multi_nacl,0,NA,dual,12,nac_corr,NA,NA,42,415; 470,1.8;4,10; 30,1;2,g;g,20,0,120,20,470,NA,415,0.1,3,4,0,20,10,20,spout_extended,NA
2024_05_21_acd03,acd,acd03,5/21/2024,3,2024_05_21_acd_r03,multi_nacl,0,NA,dual,5,nac,NA,NA,42,415; 470,1.8;4,10; 30,1;2,g;g,20,0,120,20,470,NA,415,0.1,3,4,0,20,10,20,spout_extended,NA
2024_05_21_acd03,acd,acd03,5/21/2024,3,2024_05_21_acd_r03,multi_nacl,0,NA,dual,3,dms,NA,NA,42,415; 470,1.8;4,10; 30,1;2,g;g,20,0,120,20,470,NA,415,0.1,3,4,0,20,10,20,spout_extended,NA
2024_05_21_acd03,acd,acd03,5/21/2024,3,2024_05_21_acd_r03,multi_nacl,0,NA,dual,6,dls,NA,NA,42,415; 470,1.8;4,10; 30,1;2,g;g,20,0,120,20,470,NA,415,0.1,3,4,0,20,10,20,spout_extended,NA
2024_05_21_acd03,acd,acd03,5/21/2024,3,2024_05_21_acd_r03,multi_nacl,0,NA,dual,4,ts,NA,NA,42,415; 470,1.8;4,10; 30,1;2,g;g,20,0,120,20,470,NA,415,0.1,3,4,0,20,10,20,spout_extended,NA
2024_05_21_acd04,acd,acd04,5/21/2024,4,2024_05_21_acd_r04,multi_nacl,0,NA,dual,6,nac_shelllat,NA,NA,42,415; 470,1.8;4,10; 30,1;2,g;g,20,0,120,20,470,NA,415,0.1,3,4,0,20,10,20,spout_extended,NA
2024_05_21_acd04,acd,acd04,5/21/2024,4,2024_05_21_acd_r04,multi_nacl,0,NA,dual,5,nac_corr,NA,NA,42,415; 470,1.8;4,10; 30,1;2,g;g,20,0,120,20,470,NA,415,0.1,3,4,0,20,10,20,spout_extended,NA
2024_05_21_acd04,acd,acd04,5/21/2024,4,2024_05_21_acd_r04,multi_nacl,0,NA,dual,3,nac,NA,NA,42,415; 470,1.8;4,10; 30,1;2,g;g,20,0,120,20,470,NA,415,0.1,3,4,0,20,10,20,spout_extended,NA
2024_05_21_acd04,acd,acd04,5/21/2024,4,2024_05_21_acd_r04,multi_nacl,0,NA,dual,4,dms,NA,NA,42,415; 470,1.8;4,10; 30,1;2,g;g,20,0,120,20,470,NA,415,0.1,3,4,0,20,10,20,spout_extended,NA
2024_05_21_acd04,acd,acd04,5/21/2024,4,2024_05_21_acd_r04,multi_nacl,0,NA,dual,10,dls,NA,NA,42,415; 470,1.8;4,10; 30,1;2,g;g,20,0,120,20,470,NA,415,0.1,3,4,0,20,10,20,spout_extended,NA
2024_05_21_acd04,acd,acd04,5/21/2024,4,2024_05_21_acd_r04,multi_nacl,0,NA,dual,12,ts,NA,NA,42,415; 470,1.8;4,10; 30,1;2,g;g,20,0,120,20,470,NA,415,0.1,3,4,0,20,10,20,spout_extended,NA
2024_05_21_acd05,acd,acd05,5/21/2024,5,2024_05_21_acd_r05,multi_nacl,0,NA,dual,5,nac_shelllat,NA,NA,42,415; 470,1.8;4,10; 30,1;2,g;g,20,0,120,20,470,NA,415,0.1,3,4,0,20,10,20,spout_extended,NA
2024_05_21_acd05,acd,acd05,5/21/2024,5,2024_05_21_acd_r05,multi_nacl,0,NA,dual,3,nac_corr,NA,NA,42,415; 470,1.8;4,10; 30,1;2,g;g,20,0,120,20,470,NA,415,0.1,3,4,0,20,10,20,spout_extended,NA
2024_05_21_acd05,acd,acd05,5/21/2024,5,2024_05_21_acd_r05,multi_nacl,0,NA,dual,4,nac,NA,NA,42,415; 470,1.8;4,10; 30,1;2,g;g,20,0,120,20,470,NA,415,0.1,3,4,0,20,10,20,spout_extended,NA
2024_05_21_acd05,acd,acd05,5/21/2024,5,2024_05_21_acd_r05,multi_nacl,0,NA,dual,6,dms,NA,NA,42,415; 470,1.8;4,10; 30,1;2,g;g,20,0,120,20,470,NA,415,0.1,3,4,0,20,10,20,spout_extended,NA
2024_05_21_acd05,acd,acd05,5/21/2024,5,2024_05_21_acd_r05,multi_nacl,0,NA,dual,12,dls,NA,NA,42,415; 470,1.8;4,10; 30,1;2,g;g,20,0,120,20,470,NA,415,0.1,3,4,0,20,10,20,spout_extended,NA
2024_05_21_acd05,acd,acd05,5/21/2024,5,2024_05_21_acd_r05,multi_nacl,0,NA,dual,10,ts,NA,NA,42,415; 470,1.8;4,10; 30,1;2,g;g,20,0,120,20,470,NA,415,0.1,3,4,0,20,10,20,spout_extended,NA
2024_05_21_acd06,acd,acd06,5/21/2024,6,2024_05_21_acd_r06,multi_nacl,0,NA,dual,4,nac_shelllat,NA,NA,42,415; 470,1.8;4,10; 30,1;2,g;g,20,0,120,20,470,NA,415,0.1,3,4,0,20,10,20,spout_extended,NA
2024_05_21_acd06,acd,acd06,5/21/2024,6,2024_05_21_acd_r06,multi_nacl,0,NA,dual,6,nac_corr,NA,NA,42,415; 470,1.8;4,10; 30,1;2,g;g,20,0,120,20,470,NA,415,0.1,3,4,0,20,10,20,spout_extended,NA
2024_05_21_acd06,acd,acd06,5/21/2024,6,2024_05_21_acd_r06,multi_nacl,0,NA,dual,10,nac,NA,NA,42,415; 470,1.8;4,10; 30,1;2,g;g,20,0,120,20,470,NA,415,0.1,3,4,0,20,10,20,spout_extended,NA
2024_05_21_acd06,acd,acd06,5/21/2024,6,2024_05_21_acd_r06,multi_nacl,0,NA,dual,12,dms,NA,NA,42,415; 470,1.8;4,10; 30,1;2,g;g,20,0,120,20,470,NA,415,0.1,3,4,0,20,10,20,spout_extended,NA
2024_05_21_acd06,acd,acd06,5/21/2024,6,2024_05_21_acd_r06,multi_nacl,0,NA,dual,3,dls,NA,NA,42,415; 470,1.8;4,10; 30,1;2,g;g,20,0,120,20,470,NA,415,0.1,3,4,0,20,10,20,spout_extended,NA
2024_05_21_acd06,acd,acd06,5/21/2024,6,2024_05_21_acd_r06,multi_nacl,0,NA,dual,5,ts,NA,NA,42,415; 470,1.8;4,10; 30,1;2,g;g,20,0,120,20,470,NA,415,0.1,3,4,0,20,10,20,spout_extended,NA
2024_05_21_acd07,acd,acd07,5/21/2024,7,2024_05_21_acd_r07,multi_nacl,0,NA,dual,3,nac_shelllat,NA,NA,42,415; 470,1.8;4,10; 30,1;2,g;g,20,0,120,20,470,NA,415,0.1,3,4,0,20,10,20,spout_extended,NA
2024_05_21_acd07,acd,acd07,5/21/2024,7,2024_05_21_acd_r07,multi_nacl,0,NA,dual,4,nac_corr,NA,NA,42,415; 470,1.8;4,10; 30,1;2,g;g,20,0,120,20,470,NA,415,0.1,3,4,0,20,10,20,spout_extended,NA
2024_05_21_acd07,acd,acd07,5/21/2024,7,2024_05_21_acd_r07,multi_nacl,0,NA,dual,12,nac,NA,NA,42,415; 470,1.8;4,10; 30,1;2,g;g,20,0,120,20,470,NA,415,0.1,3,4,0,20,10,20,spout_extended,NA
2024_05_21_acd07,acd,acd07,5/21/2024,7,2024_05_21_acd_r07,multi_nacl,0,NA,dual,10,dms,NA,NA,42,415; 470,1.8;4,10; 30,1;2,g;g,20,0,120,20,470,NA,415,0.1,3,4,0,20,10,20,spout_extended,NA
2024_05_21_acd07,acd,acd07,5/21/2024,7,2024_05_21_acd_r07,multi_nacl,0,NA,dual,5,dls,NA,NA,42,415; 470,1.8;4,10; 30,1;2,g;g,20,0,120,20,470,NA,415,0.1,3,4,0,20,10,20,spout_extended,NA
2024_05_21_acd07,acd,acd07,5/21/2024,7,2024_05_21_acd_r07,multi_nacl,0,NA,dual,6,ts,NA,NA,42,415; 470,1.8;4,10; 30,1;2,g;g,20,0,120,20,470,NA,415,0.1,3,4,0,20,10,20,spout_extended,NA
2024_05_21_acd08,acd,acd08,5/21/2024,8,2024_05_21_acd_r08,multi_nacl,0,NA,dual,12,nac_shelllat,NA,NA,42,415; 470,1.8;4,10; 30,1;2,g;g,20,0,120,20,470,NA,415,0.1,3,4,0,20,10,20,spout_extended,NA
2024_05_21_acd08,acd,acd08,5/21/2024,8,2024_05_21_acd_r08,multi_nacl,0,NA,dual,10,nac_corr,NA,NA,42,415; 470,1.8;4,10; 30,1;2,g;g,20,0,120,20,470,NA,415,0.1,3,4,0,20,10,20,spout_extended,NA
2024_05_21_acd08,acd,acd08,5/21/2024,8,2024_05_21_acd_r08,multi_nacl,0,NA,dual,6,nac,NA,NA,42,415; 470,1.8;4,10; 30,1;2,g;g,20,0,120,20,470,NA,415,0.1,3,4,0,20,10,20,spout_extended,NA
2024_05_21_acd08,acd,acd08,5/21/2024,8,2024_05_21_acd_r08,multi_nacl,0,NA,dual,5,dms,NA,NA,42,415; 470,1.8;4,10; 30,1;2,g;g,20,0,120,20,470,NA,415,0.1,3,4,0,20,10,20,spout_extended,NA
2024_05_21_acd08,acd,acd08,5/21/2024,8,2024_05_21_acd_r08,multi_nacl,0,NA,dual,4,dls,NA,NA,42,415; 470,1.8;4,10; 30,1;2,g;g,20,0,120,20,470,NA,415,0.1,3,4,0,20,10,20,spout_extended,NA
2024_05_21_acd08,acd,acd08,5/21/2024,8,2024_05_21_acd_r08,multi_nacl,0,NA,dual,3,ts,NA,NA,42,415; 470,1.8;4,10; 30,1;2,g;g,20,0,120,20,470,NA,415,0.1,3,4,0,20,10,20,spout_extended,NA
2024_05_21_acd09,acd,acd09,5/21/2024,9,2024_05_21_acd_r09,multi_nacl,0,NA,dual,10,nac_shelllat,NA,NA,42,415; 470,1.8;4,10; 30,1;2,g;g,20,0,120,20,470,NA,415,0.1,3,4,0,20,10,20,spout_extended,NA
2024_05_21_acd09,acd,acd09,5/21/2024,9,2024_05_21_acd_r09,multi_nacl,0,NA,dual,12,nac_corr,NA,NA,42,415; 470,1.8;4,10; 30,1;2,g;g,20,0,120,20,470,NA,415,0.1,3,4,0,20,10,20,spout_extended,NA
2024_05_21_acd09,acd,acd09,5/21/2024,9,2024_05_21_acd_r09,multi_nacl,0,NA,dual,5,nac,NA,NA,42,415; 470,1.8;4,10; 30,1;2,g;g,20,0,120,20,470,NA,415,0.1,3,4,0,20,10,20,spout_extended,NA
2024_05_21_acd09,acd,acd09,5/21/2024,9,2024_05_21_acd_r09,multi_nacl,0,NA,dual,3,dms,NA,NA,42,415; 470,1.8;4,10; 30,1;2,g;g,20,0,120,20,470,NA,415,0.1,3,4,0,20,10,20,spout_extended,NA
2024_05_21_acd09,acd,acd09,5/21/2024,9,2024_05_21_acd_r09,multi_nacl,0,NA,dual,6,dls,NA,NA,42,415; 470,1.8;4,10; 30,1;2,g;g,20,0,120,20,470,NA,415,0.1,3,4,0,20,10,20,spout_extended,NA
2024_05_21_acd09,acd,acd09,5/21/2024,9,2024_05_21_acd_r09,multi_nacl,0,NA,dual,4,ts,NA,NA,42,415; 470,1.8;4,10; 30,1;2,g;g,20,0,120,20,470,NA,415,0.1,3,4,0,20,10,20,spout_extended,NA
2024_05_21_acd10,acd,acd10,5/21/2024,10,2024_05_21_acd_r10,multi_nacl,0,NA,dual,3,nac_shelllat,NA,NA,42,415; 470,1.8;4,10; 30,1;2,g;g,20,0,120,20,470,NA,415,0.1,3,4,0,20,10,20,spout_extended,NA
2024_05_21_acd10,acd,acd10,5/21/2024,10,2024_05_21_acd_r10,multi_nacl,0,NA,dual,4,nac_corr,NA,NA,42,415; 470,1.8;4,10; 30,1;2,g;g,20,0,120,20,470,NA,415,0.1,3,4,0,20,10,20,spout_extended,NA
2024_05_21_acd10,acd,acd10,5/21/2024,10,2024_05_21_acd_r10,multi_nacl,0,NA,dual,12,nac,NA,NA,42,415; 470,1.8;4,10; 30,1;2,g;g,20,0,120,20,470,NA,415,0.1,3,4,0,20,10,20,spout_extended,NA
2024_05_21_acd10,acd,acd10,5/21/2024,10,2024_05_21_acd_r10,multi_nacl,0,NA,dual,10,dms,NA,NA,42,415; 470,1.8;4,10; 30,1;2,g;g,20,0,120,20,470,NA,415,0.1,3,4,0,20,10,20,spout_extended,NA
2024_05_21_acd10,acd,acd10,5/21/2024,10,2024_05_21_acd_r10,multi_nacl,0,NA,dual,5,dls,NA,NA,42,415; 470,1.8;4,10; 30,1;2,g;g,20,0,120,20,470,NA,415,0.1,3,4,0,20,10,20,spout_extended,NA
2024_05_21_acd10,acd,acd10,5/21/2024,10,2024_05_21_acd_r10,multi_nacl,0,NA,dual,6,ts,NA,NA,42,415; 470,1.8;4,10; 30,1;2,g;g,20,0,120,20,470,NA,415,0.1,3,4,0,20,10,20,spout_extended,NA
2024_05_21_acd11,acd,acd11,5/21/2024,11,2024_05_21_acd_r11,multi_nacl,0,NA,dual,12,nac_shelllat,NA,NA,42,415; 470,1.8;4,10; 30,1;2,g;g,20,0,120,20,470,NA,415,0.1,3,4,0,20,10,20,spout_extended,NA
2024_05_21_acd11,acd,acd11,5/21/2024,11,2024_05_21_acd_r11,multi_nacl,0,NA,dual,10,nac_corr,NA,NA,42,415; 470,1.8;4,10; 30,1;2,g;g,20,0,120,20,470,NA,415,0.1,3,4,0,20,10,20,spout_extended,NA
2024_05_21_acd11,acd,acd11,5/21/2024,11,2024_05_21_acd_r11,multi_nacl,0,NA,dual,6,nac,NA,NA,42,415; 470,1.8;4,10; 30,1;2,g;g,20,0,120,20,470,NA,415,0.1,3,4,0,20,10,20,spout_extended,NA
2024_05_21_acd11,acd,acd11,5/21/2024,11,2024_05_21_acd_r11,multi_nacl,0,NA,dual,5,dms,NA,NA,42,415; 470,1.8;4,10; 30,1;2,g;g,20,0,120,20,470,NA,415,0.1,3,4,0,20,10,20,spout_extended,NA
2024_05_21_acd11,acd,acd11,5/21/2024,11,2024_05_21_acd_r11,multi_nacl,0,NA,dual,4,dls,NA,NA,42,415; 470,1.8;4,10; 30,1;2,g;g,20,0,120,20,470,NA,415,0.1,3,4,0,20,10,20,spout_extended,NA
2024_05_21_acd11,acd,acd11,5/21/2024,11,2024_05_21_acd_r11,multi_nacl,0,NA,dual,3,ts,NA,NA,42,415; 470,1.8;4,10; 30,1;2,g;g,20,0,120,20,470,NA,415,0.1,3,4,0,20,10,20,spout_extended,NA
2024_05_21_acd12,acd,acd12,5/21/2024,12,2024_05_21_acd_r12,multi_nacl,0,NA,dual,6,nac_shelllat,NA,NA,42,415; 470,1.8;4,10; 30,1;2,g;g,20,0,120,20,470,NA,415,0.1,3,4,0,20,10,20,spout_extended,NA
2024_05_21_acd12,acd,acd12,5/21/2024,12,2024_05_21_acd_r12,multi_nacl,0,NA,dual,5,nac_corr,NA,NA,42,415; 470,1.8;4,10; 30,1;2,g;g,20,0,120,20,470,NA,415,0.1,3,4,0,20,10,20,spout_extended,NA
2024_05_21_acd12,acd,acd12,5/21/2024,12,2024_05_21_acd_r12,multi_nacl,0,NA,dual,3,nac,NA,NA,42,415; 470,1.8;4,10; 30,1;2,g;g,20,0,120,20,470,NA,415,0.1,3,4,0,20,10,20,spout_extended,NA
2024_05_21_acd12,acd,acd12,5/21/2024,12,2024_05_21_acd_r12,multi_nacl,0,NA,dual,4,dms,NA,NA,42,415; 470,1.8;4,10; 30,1;2,g;g,20,0,120,20,470,NA,415,0.1,3,4,0,20,10,20,spout_extended,NA
2024_05_21_acd12,acd,acd12,5/21/2024,12,2024_05_21_acd_r12,multi_nacl,0,NA,dual,10,dls,NA,NA,42,415; 470,1.8;4,10; 30,1;2,g;g,20,0,120,20,470,NA,415,0.1,3,4,0,20,10,20,spout_extended,NA
2024_05_21_acd12,acd,acd12,5/21/2024,12,2024_05_21_acd_r12,multi_nacl,0,NA,dual,12,ts,NA,NA,42,415; 470,1.8;4,10; 30,1;2,g;g,20,0,120,20,470,NA,415,0.1,3,4,0,20,10,20,spout_extended,NA
2024_05_21_acd13,acd,acd13,5/21/2024,13,2024_05_21_acd_r13,multi_nacl,0,NA,dual,5,nac_shelllat,NA,NA,42,415; 470,1.8;4,10; 30,1;2,g;g,20,0,120,20,470,NA,415,0.1,3,4,0,20,10,20,spout_extended,NA
2024_05_21_acd13,acd,acd13,5/21/2024,13,2024_05_21_acd_r13,multi_nacl,0,NA,dual,3,nac_corr,NA,NA,42,415; 470,1.8;4,10; 30,1;2,g;g,20,0,120,20,470,NA,415,0.1,3,4,0,20,10,20,spout_extended,NA
2024_05_21_acd13,acd,acd13,5/21/2024,13,2024_05_21_acd_r13,multi_nacl,0,NA,dual,4,nac,NA,NA,42,415; 470,1.8;4,10; 30,1;2,g;g,20,0,120,20,470,NA,415,0.1,3,4,0,20,10,20,spout_extended,NA
2024_05_21_acd13,acd,acd13,5/21/2024,13,2024_05_21_acd_r13,multi_nacl,0,NA,dual,6,dms,NA,NA,42,415; 470,1.8;4,10; 30,1;2,g;g,20,0,120,20,470,NA,415,0.1,3,4,0,20,10,20,spout_extended,NA
2024_05_21_acd13,acd,acd13,5/21/2024,13,2024_05_21_acd_r13,multi_nacl,0,NA,dual,12,dls,NA,NA,42,415; 470,1.8;4,10; 30,1;2,g;g,20,0,120,20,470,NA,415,0.1,3,4,0,20,10,20,spout_extended,NA
2024_05_21_acd13,acd,acd13,5/21/2024,13,2024_05_21_acd_r13,multi_nacl,0,NA,dual,10,ts,NA,NA,42,415; 470,1.8;4,10; 30,1;2,g;g,20,0,120,20,470,NA,415,0.1,3,4,0,20,10,20,spout_extended,NA
2024_05_21_acd14,acd,acd14,5/21/2024,14,2024_05_21_acd_r14,multi_nacl,0,NA,dual,4,nac_shelllat,NA,NA,42,415; 470,1.8;4,10; 30,1;2,g;g,20,0,120,20,470,NA,415,0.1,3,4,0,20,10,20,spout_extended,NA
2024_05_21_acd14,acd,acd14,5/21/2024,14,2024_05_21_acd_r14,multi_nacl,0,NA,dual,6,nac_corr,NA,NA,42,415; 470,1.8;4,10; 30,1;2,g;g,20,0,120,20,470,NA,415,0.1,3,4,0,20,10,20,spout_extended,NA
2024_05_21_acd14,acd,acd14,5/21/2024,14,2024_05_21_acd_r14,multi_nacl,0,NA,dual,10,nac,NA,NA,42,415; 470,1.8;4,10; 30,1;2,g;g,20,0,120,20,470,NA,415,0.1,3,4,0,20,10,20,spout_extended,NA
2024_05_21_acd14,acd,acd14,5/21/2024,14,2024_05_21_acd_r14,multi_nacl,0,NA,dual,12,dms,NA,NA,42,415; 470,1.8;4,10; 30,1;2,g;g,20,0,120,20,470,NA,415,0.1,3,4,0,20,10,20,spout_extended,NA
2024_05_21_acd14,acd,acd14,5/21/2024,14,2024_05_21_acd_r14,multi_nacl,0,NA,dual,3,dls,NA,NA,42,415; 470,1.8;4,10; 30,1;2,g;g,20,0,120,20,470,NA,415,0.1,3,4,0,20,10,20,spout_extended,NA
2024_05_21_acd14,acd,acd14,5/21/2024,14,2024_05_21_acd_r14,multi_nacl,0,NA,dual,5,ts,NA,NA,42,415; 470,1.8;4,10; 30,1;2,g;g,20,0,120,20,470,NA,415,0.1,3,4,0,20,10,20,spout_extended,NA
2024_05_22_acd01,acd,acd01,5/22/2024,1,2024_05_22_acd_r01,multi_nacl,0,NA,dual,6,nac_shelllat,NA,NA,42,415; 470,1.8;4,10; 30,1;2,g;g,20,0,120,20,470,NA,415,0.1,3,4,0,20,10,20,spout_extended,NA
2024_05_22_acd01,acd,acd01,5/22/2024,1,2024_05_22_acd_r01,multi_nacl,0,NA,dual,5,nac_corr,NA,NA,42,415; 470,1.8;4,10; 30,1;2,g;g,20,0,120,20,470,NA,415,0.1,3,4,0,20,10,20,spout_extended,NA
2024_05_22_acd01,acd,acd01,5/22/2024,1,2024_05_22_acd_r01,multi_nacl,0,NA,dual,3,nac,NA,NA,42,415; 470,1.8;4,10; 30,1;2,g;g,20,0,120,20,470,NA,415,0.1,3,4,0,20,10,20,spout_extended,NA
2024_05_22_acd01,acd,acd01,5/22/2024,1,2024_05_22_acd_r01,multi_nacl,0,NA,dual,4,dms,NA,NA,42,415; 470,1.8;4,10; 30,1;2,g;g,20,0,120,20,470,NA,415,0.1,3,4,0,20,10,20,spout_extended,NA
2024_05_22_acd01,acd,acd01,5/22/2024,1,2024_05_22_acd_r01,multi_nacl,0,NA,dual,10,dls,NA,NA,42,415; 470,1.8;4,10; 30,1;2,g;g,20,0,120,20,470,NA,415,0.1,3,4,0,20,10,20,spout_extended,NA
2024_05_22_acd01,acd,acd01,5/22/2024,1,2024_05_22_acd_r01,multi_nacl,0,NA,dual,12,ts,NA,NA,42,415; 470,1.8;4,10; 30,1;2,g;g,20,0,120,20,470,NA,415,0.1,3,4,0,20,10,20,spout_extended,NA
2024_05_22_acd02,acd,acd02,5/22/2024,2,2024_05_22_acd_r02,multi_nacl,0,NA,dual,5,nac_shelllat,NA,NA,42,415; 470,1.8;4,10; 30,1;2,g;g,20,0,120,20,470,NA,415,0.1,3,4,0,20,10,20,spout_extended,NA
2024_05_22_acd02,acd,acd02,5/22/2024,2,2024_05_22_acd_r02,multi_nacl,0,NA,dual,3,nac_corr,NA,NA,42,415; 470,1.8;4,10; 30,1;2,g;g,20,0,120,20,470,NA,415,0.1,3,4,0,20,10,20,spout_extended,NA
2024_05_22_acd02,acd,acd02,5/22/2024,2,2024_05_22_acd_r02,multi_nacl,0,NA,dual,4,nac,NA,NA,42,415; 470,1.8;4,10; 30,1;2,g;g,20,0,120,20,470,NA,415,0.1,3,4,0,20,10,20,spout_extended,NA
2024_05_22_acd02,acd,acd02,5/22/2024,2,2024_05_22_acd_r02,multi_nacl,0,NA,dual,6,dms,NA,NA,42,415; 470,1.8;4,10; 30,1;2,g;g,20,0,120,20,470,NA,415,0.1,3,4,0,20,10,20,spout_extended,NA
2024_05_22_acd02,acd,acd02,5/22/2024,2,2024_05_22_acd_r02,multi_nacl,0,NA,dual,12,dls,NA,NA,42,415; 470,1.8;4,10; 30,1;2,g;g,20,0,120,20,470,NA,415,0.1,3,4,0,20,10,20,spout_extended,NA
2024_05_22_acd02,acd,acd02,5/22/2024,2,2024_05_22_acd_r02,multi_nacl,0,NA,dual,10,ts,NA,NA,42,415; 470,1.8;4,10; 30,1;2,g;g,20,0,120,20,470,NA,415,0.1,3,4,0,20,10,20,spout_extended,NA
2024_05_22_acd03,acd,acd03,5/22/2024,3,2024_05_22_acd_r03,multi_nacl,0,NA,dual,4,nac_shelllat,NA,NA,42,415; 470,1.8;4,10; 30,1;2,g;g,20,0,120,20,470,NA,415,0.1,3,4,0,20,10,20,spout_extended,NA
2024_05_22_acd03,acd,acd03,5/22/2024,3,2024_05_22_acd_r03,multi_nacl,0,NA,dual,6,nac_corr,NA,NA,42,415; 470,1.8;4,10; 30,1;2,g;g,20,0,120,20,470,NA,415,0.1,3,4,0,20,10,20,spout_extended,NA
2024_05_22_acd03,acd,acd03,5/22/2024,3,2024_05_22_acd_r03,multi_nacl,0,NA,dual,10,nac,NA,NA,42,415; 470,1.8;4,10; 30,1;2,g;g,20,0,120,20,470,NA,415,0.1,3,4,0,20,10,20,spout_extended,NA
2024_05_22_acd03,acd,acd03,5/22/2024,3,2024_05_22_acd_r03,multi_nacl,0,NA,dual,12,dms,NA,NA,42,415; 470,1.8;4,10; 30,1;2,g;g,20,0,120,20,470,NA,415,0.1,3,4,0,20,10,20,spout_extended,NA
2024_05_22_acd03,acd,acd03,5/22/2024,3,2024_05_22_acd_r03,multi_nacl,0,NA,dual,3,dls,NA,NA,42,415; 470,1.8;4,10; 30,1;2,g;g,20,0,120,20,470,NA,415,0.1,3,4,0,20,10,20,spout_extended,NA
2024_05_22_acd03,acd,acd03,5/22/2024,3,2024_05_22_acd_r03,multi_nacl,0,NA,dual,5,ts,NA,NA,42,415; 470,1.8;4,10; 30,1;2,g;g,20,0,120,20,470,NA,415,0.1,3,4,0,20,10,20,spout_extended,NA
2024_05_22_acd04,acd,acd04,5/22/2024,4,2024_05_22_acd_r04,multi_nacl,0,NA,dual,3,nac_shelllat,NA,NA,42,415; 470,1.8;4,10; 30,1;2,g;g,20,0,120,20,470,NA,415,0.1,3,4,0,20,10,20,spout_extended,NA
2024_05_22_acd04,acd,acd04,5/22/2024,4,2024_05_22_acd_r04,multi_nacl,0,NA,dual,4,nac_corr,NA,NA,42,415; 470,1.8;4,10; 30,1;2,g;g,20,0,120,20,470,NA,415,0.1,3,4,0,20,10,20,spout_extended,NA
2024_05_22_acd04,acd,acd04,5/22/2024,4,2024_05_22_acd_r04,multi_nacl,0,NA,dual,12,nac,NA,NA,42,415; 470,1.8;4,10; 30,1;2,g;g,20,0,120,20,470,NA,415,0.1,3,4,0,20,10,20,spout_extended,NA
2024_05_22_acd04,acd,acd04,5/22/2024,4,2024_05_22_acd_r04,multi_nacl,0,NA,dual,10,dms,NA,NA,42,415; 470,1.8;4,10; 30,1;2,g;g,20,0,120,20,470,NA,415,0.1,3,4,0,20,10,20,spout_extended,NA
2024_05_22_acd04,acd,acd04,5/22/2024,4,2024_05_22_acd_r04,multi_nacl,0,NA,dual,5,dls,NA,NA,42,415; 470,1.8;4,10; 30,1;2,g;g,20,0,120,20,470,NA,415,0.1,3,4,0,20,10,20,spout_extended,NA
2024_05_22_acd04,acd,acd04,5/22/2024,4,2024_05_22_acd_r04,multi_nacl,0,NA,dual,6,ts,NA,NA,42,415; 470,1.8;4,10; 30,1;2,g;g,20,0,120,20,470,NA,415,0.1,3,4,0,20,10,20,spout_extended,NA
2024_05_22_acd05,acd,acd05,5/22/2024,5,2024_05_22_acd_r05,multi_nacl,0,NA,dual,12,nac_shelllat,NA,NA,42,415; 470,1.8;4,10; 30,1;2,g;g,20,0,120,20,470,NA,415,0.1,3,4,0,20,10,20,spout_extended,NA
2024_05_22_acd05,acd,acd05,5/22/2024,5,2024_05_22_acd_r05,multi_nacl,0,NA,dual,10,nac_corr,NA,NA,42,415; 470,1.8;4,10; 30,1;2,g;g,20,0,120,20,470,NA,415,0.1,3,4,0,20,10,20,spout_extended,NA
2024_05_22_acd05,acd,acd05,5/22/2024,5,2024_05_22_acd_r05,multi_nacl,0,NA,dual,6,nac,NA,NA,42,415; 470,1.8;4,10; 30,1;2,g;g,20,0,120,20,470,NA,415,0.1,3,4,0,20,10,20,spout_extended,NA
2024_05_22_acd05,acd,acd05,5/22/2024,5,2024_05_22_acd_r05,multi_nacl,0,NA,dual,5,dms,NA,NA,42,415; 470,1.8;4,10; 30,1;2,g;g,20,0,120,20,470,NA,415,0.1,3,4,0,20,10,20,spout_extended,NA
2024_05_22_acd05,acd,acd05,5/22/2024,5,2024_05_22_acd_r05,multi_nacl,0,NA,dual,4,dls,NA,NA,42,415; 470,1.8;4,10; 30,1;2,g;g,20,0,120,20,470,NA,415,0.1,3,4,0,20,10,20,spout_extended,NA
2024_05_22_acd05,acd,acd05,5/22/2024,5,2024_05_22_acd_r05,multi_nacl,0,NA,dual,3,ts,NA,NA,42,415; 470,1.8;4,10; 30,1;2,g;g,20,0,120,20,470,NA,415,0.1,3,4,0,20,10,20,spout_extended,NA
2024_05_22_acd06,acd,acd06,5/22/2024,6,2024_05_22_acd_r06,multi_nacl,0,NA,dual,10,nac_shelllat,NA,NA,42,415; 470,1.8;4,10; 30,1;2,g;g,20,0,120,20,470,NA,415,0.1,3,4,0,20,10,20,spout_extended,NA
2024_05_22_acd06,acd,acd06,5/22/2024,6,2024_05_22_acd_r06,multi_nacl,0,NA,dual,12,nac_corr,NA,NA,42,415; 470,1.8;4,10; 30,1;2,g;g,20,0,120,20,470,NA,415,0.1,3,4,0,20,10,20,spout_extended,NA
2024_05_22_acd06,acd,acd06,5/22/2024,6,2024_05_22_acd_r06,multi_nacl,0,NA,dual,5,nac,NA,NA,42,415; 470,1.8;4,10; 30,1;2,g;g,20,0,120,20,470,NA,415,0.1,3,4,0,20,10,20,spout_extended,NA
2024_05_22_acd06,acd,acd06,5/22/2024,6,2024_05_22_acd_r06,multi_nacl,0,NA,dual,3,dms,NA,NA,42,415; 470,1.8;4,10; 30,1;2,g;g,20,0,120,20,470,NA,415,0.1,3,4,0,20,10,20,spout_extended,NA
2024_05_22_acd06,acd,acd06,5/22/2024,6,2024_05_22_acd_r06,multi_nacl,0,NA,dual,6,dls,NA,NA,42,415; 470,1.8;4,10; 30,1;2,g;g,20,0,120,20,470,NA,415,0.1,3,4,0,20,10,20,spout_extended,NA
2024_05_22_acd06,acd,acd06,5/22/2024,6,2024_05_22_acd_r06,multi_nacl,0,NA,dual,4,ts,NA,NA,42,415; 470,1.8;4,10; 30,1;2,g;g,20,0,120,20,470,NA,415,0.1,3,4,0,20,10,20,spout_extended,NA
2024_05_22_acd07,acd,acd07,5/22/2024,7,2024_05_22_acd_r07,multi_nacl,0,NA,dual,4,nac_shelllat,NA,NA,42,415; 470,1.8;4,10; 30,1;2,g;g,20,0,120,20,470,NA,415,0.1,3,4,0,20,10,20,spout_extended,NA
2024_05_22_acd07,acd,acd07,5/22/2024,7,2024_05_22_acd_r07,multi_nacl,0,NA,dual,3,nac_corr,NA,NA,42,415; 470,1.8;4,10; 30,1;2,g;g,20,0,120,20,470,NA,415,0.1,3,4,0,20,10,20,spout_extended,NA
2024_05_22_acd07,acd,acd07,5/22/2024,7,2024_05_22_acd_r07,multi_nacl,0,NA,dual,10,nac,NA,NA,42,415; 470,1.8;4,10; 30,1;2,g;g,20,0,120,20,470,NA,415,0.1,3,4,0,20,10,20,spout_extended,NA
2024_05_22_acd07,acd,acd07,5/22/2024,7,2024_05_22_acd_r07,multi_nacl,0,NA,dual,6,dms,NA,NA,42,415; 470,1.8;4,10; 30,1;2,g;g,20,0,120,20,470,NA,415,0.1,3,4,0,20,10,20,spout_extended,NA
2024_05_22_acd07,acd,acd07,5/22/2024,7,2024_05_22_acd_r07,multi_nacl,0,NA,dual,12,dls,NA,NA,42,415; 470,1.8;4,10; 30,1;2,g;g,20,0,120,20,470,NA,415,0.1,3,4,0,20,10,20,spout_extended,NA
2024_05_22_acd07,acd,acd07,5/22/2024,7,2024_05_22_acd_r07,multi_nacl,0,NA,dual,5,ts,NA,NA,42,415; 470,1.8;4,10; 30,1;2,g;g,20,0,120,20,470,NA,415,0.1,3,4,0,20,10,20,spout_extended,NA
2024_05_22_acd08,acd,acd08,5/22/2024,8,2024_05_22_acd_r08,multi_nacl,0,NA,dual,5,nac_shelllat,NA,NA,42,415; 470,1.8;4,10; 30,1;2,g;g,20,0,120,20,470,NA,415,0.1,3,4,0,20,10,20,spout_extended,NA
2024_05_22_acd08,acd,acd08,5/22/2024,8,2024_05_22_acd_r08,multi_nacl,0,NA,dual,6,nac_corr,NA,NA,42,415; 470,1.8;4,10; 30,1;2,g;g,20,0,120,20,470,NA,415,0.1,3,4,0,20,10,20,spout_extended,NA
2024_05_22_acd08,acd,acd08,5/22/2024,8,2024_05_22_acd_r08,multi_nacl,0,NA,dual,3,nac,NA,NA,42,415; 470,1.8;4,10; 30,1;2,g;g,20,0,120,20,470,NA,415,0.1,3,4,0,20,10,20,spout_extended,NA
2024_05_22_acd08,acd,acd08,5/22/2024,8,2024_05_22_acd_r08,multi_nacl,0,NA,dual,4,dms,NA,NA,42,415; 470,1.8;4,10; 30,1;2,g;g,20,0,120,20,470,NA,415,0.1,3,4,0,20,10,20,spout_extended,NA
2024_05_22_acd08,acd,acd08,5/22/2024,8,2024_05_22_acd_r08,multi_nacl,0,NA,dual,10,dls,NA,NA,42,415; 470,1.8;4,10; 30,1;2,g;g,20,0,120,20,470,NA,415,0.1,3,4,0,20,10,20,spout_extended,NA
2024_05_22_acd08,acd,acd08,5/22/2024,8,2024_05_22_acd_r08,multi_nacl,0,NA,dual,12,ts,NA,NA,42,415; 470,1.8;4,10; 30,1;2,g;g,20,0,120,20,470,NA,415,0.1,3,4,0,20,10,20,spout_extended,NA
2024_05_22_acd09,acd,acd09,5/22/2024,9,2024_05_22_acd_r09,multi_nacl,0,NA,dual,6,nac_shelllat,NA,NA,42,415; 470,1.8;4,10; 30,1;2,g;g,20,0,120,20,470,NA,415,0.1,3,4,0,20,10,20,spout_extended,NA
2024_05_22_acd09,acd,acd09,5/22/2024,9,2024_05_22_acd_r09,multi_nacl,0,NA,dual,5,nac_corr,NA,NA,42,415; 470,1.8;4,10; 30,1;2,g;g,20,0,120,20,470,NA,415,0.1,3,4,0,20,10,20,spout_extended,NA
2024_05_22_acd09,acd,acd09,5/22/2024,9,2024_05_22_acd_r09,multi_nacl,0,NA,dual,3,nac,NA,NA,42,415; 470,1.8;4,10; 30,1;2,g;g,20,0,120,20,470,NA,415,0.1,3,4,0,20,10,20,spout_extended,NA
2024_05_22_acd09,acd,acd09,5/22/2024,9,2024_05_22_acd_r09,multi_nacl,0,NA,dual,4,dms,NA,NA,42,415; 470,1.8;4,10; 30,1;2,g;g,20,0,120,20,470,NA,415,0.1,3,4,0,20,10,20,spout_extended,NA
2024_05_22_acd09,acd,acd09,5/22/2024,9,2024_05_22_acd_r09,multi_nacl,0,NA,dual,10,dls,NA,NA,42,415; 470,1.8;4,10; 30,1;2,g;g,20,0,120,20,470,NA,415,0.1,3,4,0,20,10,20,spout_extended,NA
2024_05_22_acd09,acd,acd09,5/22/2024,9,2024_05_22_acd_r09,multi_nacl,0,NA,dual,12,ts,NA,NA,42,415; 470,1.8;4,10; 30,1;2,g;g,20,0,120,20,470,NA,415,0.1,3,4,0,20,10,20,spout_extended,NA
2024_05_22_acd10,acd,acd10,5/22/2024,10,2024_05_22_acd_r10,multi_nacl,0,NA,dual,5,nac_shelllat,NA,NA,42,415; 470,1.8;4,10; 30,1;2,g;g,20,0,120,20,470,NA,415,0.1,3,4,0,20,10,20,spout_extended,NA
2024_05_22_acd10,acd,acd10,5/22/2024,10,2024_05_22_acd_r10,multi_nacl,0,NA,dual,3,nac_corr,NA,NA,42,415; 470,1.8;4,10; 30,1;2,g;g,20,0,120,20,470,NA,415,0.1,3,4,0,20,10,20,spout_extended,NA
2024_05_22_acd10,acd,acd10,5/22/2024,10,2024_05_22_acd_r10,multi_nacl,0,NA,dual,4,nac,NA,NA,42,415; 470,1.8;4,10; 30,1;2,g;g,20,0,120,20,470,NA,415,0.1,3,4,0,20,10,20,spout_extended,NA
2024_05_22_acd10,acd,acd10,5/22/2024,10,2024_05_22_acd_r10,multi_nacl,0,NA,dual,6,dms,NA,NA,42,415; 470,1.8;4,10; 30,1;2,g;g,20,0,120,20,470,NA,415,0.1,3,4,0,20,10,20,spout_extended,NA
2024_05_22_acd10,acd,acd10,5/22/2024,10,2024_05_22_acd_r10,multi_nacl,0,NA,dual,12,dls,NA,NA,42,415; 470,1.8;4,10; 30,1;2,g;g,20,0,120,20,470,NA,415,0.1,3,4,0,20,10,20,spout_extended,NA
2024_05_22_acd10,acd,acd10,5/22/2024,10,2024_05_22_acd_r10,multi_nacl,0,NA,dual,10,ts,NA,NA,42,415; 470,1.8;4,10; 30,1;2,g;g,20,0,120,20,470,NA,415,0.1,3,4,0,20,10,20,spout_extended,NA
2024_05_22_acd11,acd,acd11,5/22/2024,11,2024_05_22_acd_r11,multi_nacl,0,NA,dual,4,nac_shelllat,NA,NA,42,415; 470,1.8;4,10; 30,1;2,g;g,20,0,120,20,470,NA,415,0.1,3,4,0,20,10,20,spout_extended,NA
2024_05_22_acd11,acd,acd11,5/22/2024,11,2024_05_22_acd_r11,multi_nacl,0,NA,dual,6,nac_corr,NA,NA,42,415; 470,1.8;4,10; 30,1;2,g;g,20,0,120,20,470,NA,415,0.1,3,4,0,20,10,20,spout_extended,NA
2024_05_22_acd11,acd,acd11,5/22/2024,11,2024_05_22_acd_r11,multi_nacl,0,NA,dual,10,nac,NA,NA,42,415; 470,1.8;4,10; 30,1;2,g;g,20,0,120,20,470,NA,415,0.1,3,4,0,20,10,20,spout_extended,NA
2024_05_22_acd11,acd,acd11,5/22/2024,11,2024_05_22_acd_r11,multi_nacl,0,NA,dual,12,dms,NA,NA,42,415; 470,1.8;4,10; 30,1;2,g;g,20,0,120,20,470,NA,415,0.1,3,4,0,20,10,20,spout_extended,NA
2024_05_22_acd11,acd,acd11,5/22/2024,11,2024_05_22_acd_r11,multi_nacl,0,NA,dual,3,dls,NA,NA,42,415; 470,1.8;4,10; 30,1;2,g;g,20,0,120,20,470,NA,415,0.1,3,4,0,20,10,20,spout_extended,NA
2024_05_22_acd11,acd,acd11,5/22/2024,11,2024_05_22_acd_r11,multi_nacl,0,NA,dual,5,ts,NA,NA,42,415; 470,1.8;4,10; 30,1;2,g;g,20,0,120,20,470,NA,415,0.1,3,4,0,20,10,20,spout_extended,NA
2024_05_22_acd12,acd,acd12,5/22/2024,12,2024_05_22_acd_r12,multi_nacl,0,NA,dual,3,nac_shelllat,NA,NA,42,415; 470,1.8;4,10; 30,1;2,g;g,20,0,120,20,470,NA,415,0.1,3,4,0,20,10,20,spout_extended,NA
2024_05_22_acd12,acd,acd12,5/22/2024,12,2024_05_22_acd_r12,multi_nacl,0,NA,dual,4,nac_corr,NA,NA,42,415; 470,1.8;4,10; 30,1;2,g;g,20,0,120,20,470,NA,415,0.1,3,4,0,20,10,20,spout_extended,NA
2024_05_22_acd12,acd,acd12,5/22/2024,12,2024_05_22_acd_r12,multi_nacl,0,NA,dual,12,nac,NA,NA,42,415; 470,1.8;4,10; 30,1;2,g;g,20,0,120,20,470,NA,415,0.1,3,4,0,20,10,20,spout_extended,NA
2024_05_22_acd12,acd,acd12,5/22/2024,12,2024_05_22_acd_r12,multi_nacl,0,NA,dual,10,dms,NA,NA,42,415; 470,1.8;4,10; 30,1;2,g;g,20,0,120,20,470,NA,415,0.1,3,4,0,20,10,20,spout_extended,NA
2024_05_22_acd12,acd,acd12,5/22/2024,12,2024_05_22_acd_r12,multi_nacl,0,NA,dual,5,dls,NA,NA,42,415; 470,1.8;4,10; 30,1;2,g;g,20,0,120,20,470,NA,415,0.1,3,4,0,20,10,20,spout_extended,NA
2024_05_22_acd12,acd,acd12,5/22/2024,12,2024_05_22_acd_r12,multi_nacl,0,NA,dual,6,ts,NA,NA,42,415; 470,1.8;4,10; 30,1;2,g;g,20,0,120,20,470,NA,415,0.1,3,4,0,20,10,20,spout_extended,NA
2024_05_22_acd13,acd,acd13,5/22/2024,13,2024_05_22_acd_r13,multi_nacl,0,NA,dual,12,nac_shelllat,NA,NA,42,415; 470,1.8;4,10; 30,1;2,g;g,20,0,120,20,470,NA,415,0.1,3,4,0,20,10,20,spout_extended,NA
2024_05_22_acd13,acd,acd13,5/22/2024,13,2024_05_22_acd_r13,multi_nacl,0,NA,dual,10,nac_corr,NA,NA,42,415; 470,1.8;4,10; 30,1;2,g;g,20,0,120,20,470,NA,415,0.1,3,4,0,20,10,20,spout_extended,NA
2024_05_22_acd13,acd,acd13,5/22/2024,13,2024_05_22_acd_r13,multi_nacl,0,NA,dual,6,nac,NA,NA,42,415; 470,1.8;4,10; 30,1;2,g;g,20,0,120,20,470,NA,415,0.1,3,4,0,20,10,20,spout_extended,NA
2024_05_22_acd13,acd,acd13,5/22/2024,13,2024_05_22_acd_r13,multi_nacl,0,NA,dual,5,dms,NA,NA,42,415; 470,1.8;4,10; 30,1;2,g;g,20,0,120,20,470,NA,415,0.1,3,4,0,20,10,20,spout_extended,NA
2024_05_22_acd13,acd,acd13,5/22/2024,13,2024_05_22_acd_r13,multi_nacl,0,NA,dual,4,dls,NA,NA,42,415; 470,1.8;4,10; 30,1;2,g;g,20,0,120,20,470,NA,415,0.1,3,4,0,20,10,20,spout_extended,NA
2024_05_22_acd13,acd,acd13,5/22/2024,13,2024_05_22_acd_r13,multi_nacl,0,NA,dual,3,ts,NA,NA,42,415; 470,1.8;4,10; 30,1;2,g;g,20,0,120,20,470,NA,415,0.1,3,4,0,20,10,20,spout_extended,NA
2024_05_22_acd14,acd,acd14,5/22/2024,14,2024_05_22_acd_r14,multi_nacl,0,NA,dual,10,nac_shelllat,NA,NA,42,415; 470,1.8;4,10; 30,1;2,g;g,20,0,120,20,470,NA,415,0.1,3,4,0,20,10,20,spout_extended,NA
2024_05_22_acd14,acd,acd14,5/22/2024,14,2024_05_22_acd_r14,multi_nacl,0,NA,dual,12,nac_corr,NA,NA,42,415; 470,1.8;4,10; 30,1;2,g;g,20,0,120,20,470,NA,415,0.1,3,4,0,20,10,20,spout_extended,NA
2024_05_22_acd14,acd,acd14,5/22/2024,14,2024_05_22_acd_r14,multi_nacl,0,NA,dual,5,nac,NA,NA,42,415; 470,1.8;4,10; 30,1;2,g;g,20,0,120,20,470,NA,415,0.1,3,4,0,20,10,20,spout_extended,NA
2024_05_22_acd14,acd,acd14,5/22/2024,14,2024_05_22_acd_r14,multi_nacl,0,NA,dual,3,dms,NA,NA,42,415; 470,1.8;4,10; 30,1;2,g;g,20,0,120,20,470,NA,415,0.1,3,4,0,20,10,20,spout_extended,NA
2024_05_22_acd14,acd,acd14,5/22/2024,14,2024_05_22_acd_r14,multi_nacl,0,NA,dual,6,dls,NA,NA,42,415; 470,1.8;4,10; 30,1;2,g;g,20,0,120,20,470,NA,415,0.1,3,4,0,20,10,20,spout_extended,NA
2024_05_22_acd14,acd,acd14,5/22/2024,14,2024_05_22_acd_r14,multi_nacl,0,NA,dual,4,ts,NA,NA,42,415; 470,1.8;4,10; 30,1;2,g;g,20,0,120,20,470,NA,415,0.1,3,4,0,20,10,20,spout_extended,NA
2024_05_23_acd01,acd,acd01,5/23/2024,1,2024_05_23_acd_r01,multi_nacl,0,NA,dual,10,nac_shelllat,NA,NA,42,415; 470,1.8;4,10; 30,1;2,g;g,20,0,120,20,470,NA,415,0.1,3,4,0,20,10,20,spout_extended,NA
2024_05_23_acd01,acd,acd01,5/23/2024,1,2024_05_23_acd_r01,multi_nacl,0,NA,dual,12,nac_corr,NA,NA,42,415; 470,1.8;4,10; 30,1;2,g;g,20,0,120,20,470,NA,415,0.1,3,4,0,20,10,20,spout_extended,NA
2024_05_23_acd01,acd,acd01,5/23/2024,1,2024_05_23_acd_r01,multi_nacl,0,NA,dual,5,nac,NA,NA,42,415; 470,1.8;4,10; 30,1;2,g;g,20,0,120,20,470,NA,415,0.1,3,4,0,20,10,20,spout_extended,NA
2024_05_23_acd01,acd,acd01,5/23/2024,1,2024_05_23_acd_r01,multi_nacl,0,NA,dual,3,dms,NA,NA,42,415; 470,1.8;4,10; 30,1;2,g;g,20,0,120,20,470,NA,415,0.1,3,4,0,20,10,20,spout_extended,NA
2024_05_23_acd01,acd,acd01,5/23/2024,1,2024_05_23_acd_r01,multi_nacl,0,NA,dual,6,dls,NA,NA,42,415; 470,1.8;4,10; 30,1;2,g;g,20,0,120,20,470,NA,415,0.1,3,4,0,20,10,20,spout_extended,NA
2024_05_23_acd01,acd,acd01,5/23/2024,1,2024_05_23_acd_r01,multi_nacl,0,NA,dual,4,ts,NA,NA,42,415; 470,1.8;4,10; 30,1;2,g;g,20,0,120,20,470,NA,415,0.1,3,4,0,20,10,20,spout_extended,NA
2024_05_23_acd02,acd,acd02,5/23/2024,2,2024_05_23_acd_r02,multi_nacl,0,NA,dual,6,nac_shelllat,NA,NA,42,415; 470,1.8;4,10; 30,1;2,g;g,20,0,120,20,470,NA,415,0.1,3,4,0,20,10,20,spout_extended,NA
2024_05_23_acd02,acd,acd02,5/23/2024,2,2024_05_23_acd_r02,multi_nacl,0,NA,dual,5,nac_corr,NA,NA,42,415; 470,1.8;4,10; 30,1;2,g;g,20,0,120,20,470,NA,415,0.1,3,4,0,20,10,20,spout_extended,NA
2024_05_23_acd02,acd,acd02,5/23/2024,2,2024_05_23_acd_r02,multi_nacl,0,NA,dual,3,nac,NA,NA,42,415; 470,1.8;4,10; 30,1;2,g;g,20,0,120,20,470,NA,415,0.1,3,4,0,20,10,20,spout_extended,NA
2024_05_23_acd02,acd,acd02,5/23/2024,2,2024_05_23_acd_r02,multi_nacl,0,NA,dual,4,dms,NA,NA,42,415; 470,1.8;4,10; 30,1;2,g;g,20,0,120,20,470,NA,415,0.1,3,4,0,20,10,20,spout_extended,NA
2024_05_23_acd02,acd,acd02,5/23/2024,2,2024_05_23_acd_r02,multi_nacl,0,NA,dual,10,dls,NA,NA,42,415; 470,1.8;4,10; 30,1;2,g;g,20,0,120,20,470,NA,415,0.1,3,4,0,20,10,20,spout_extended,NA
2024_05_23_acd02,acd,acd02,5/23/2024,2,2024_05_23_acd_r02,multi_nacl,0,NA,dual,12,ts,NA,NA,42,415; 470,1.8;4,10; 30,1;2,g;g,20,0,120,20,470,NA,415,0.1,3,4,0,20,10,20,spout_extended,NA
2024_05_23_acd03,acd,acd03,5/23/2024,3,2024_05_23_acd_r03,multi_nacl,0,NA,dual,5,nac_shelllat,NA,NA,42,415; 470,1.8;4,10; 30,1;2,g;g,20,0,120,20,470,NA,415,0.1,3,4,0,20,10,20,spout_extended,NA
2024_05_23_acd03,acd,acd03,5/23/2024,3,2024_05_23_acd_r03,multi_nacl,0,NA,dual,3,nac_corr,NA,NA,42,415; 470,1.8;4,10; 30,1;2,g;g,20,0,120,20,470,NA,415,0.1,3,4,0,20,10,20,spout_extended,NA
2024_05_23_acd03,acd,acd03,5/23/2024,3,2024_05_23_acd_r03,multi_nacl,0,NA,dual,4,nac,NA,NA,42,415; 470,1.8;4,10; 30,1;2,g;g,20,0,120,20,470,NA,415,0.1,3,4,0,20,10,20,spout_extended,NA
2024_05_23_acd03,acd,acd03,5/23/2024,3,2024_05_23_acd_r03,multi_nacl,0,NA,dual,6,dms,NA,NA,42,415; 470,1.8;4,10; 30,1;2,g;g,20,0,120,20,470,NA,415,0.1,3,4,0,20,10,20,spout_extended,NA
2024_05_23_acd03,acd,acd03,5/23/2024,3,2024_05_23_acd_r03,multi_nacl,0,NA,dual,12,dls,NA,NA,42,415; 470,1.8;4,10; 30,1;2,g;g,20,0,120,20,470,NA,415,0.1,3,4,0,20,10,20,spout_extended,NA
2024_05_23_acd03,acd,acd03,5/23/2024,3,2024_05_23_acd_r03,multi_nacl,0,NA,dual,10,ts,NA,NA,42,415; 470,1.8;4,10; 30,1;2,g;g,20,0,120,20,470,NA,415,0.1,3,4,0,20,10,20,spout_extended,NA
2024_05_23_acd04,acd,acd04,5/23/2024,4,2024_05_23_acd_r04,multi_nacl,0,NA,dual,4,nac_shelllat,NA,NA,42,415; 470,1.8;4,10; 30,1;2,g;g,20,0,120,20,470,NA,415,0.1,3,4,0,20,10,20,spout_extended,NA
2024_05_23_acd04,acd,acd04,5/23/2024,4,2024_05_23_acd_r04,multi_nacl,0,NA,dual,6,nac_corr,NA,NA,42,415; 470,1.8;4,10; 30,1;2,g;g,20,0,120,20,470,NA,415,0.1,3,4,0,20,10,20,spout_extended,NA
2024_05_23_acd04,acd,acd04,5/23/2024,4,2024_05_23_acd_r04,multi_nacl,0,NA,dual,10,nac,NA,NA,42,415; 470,1.8;4,10; 30,1;2,g;g,20,0,120,20,470,NA,415,0.1,3,4,0,20,10,20,spout_extended,NA
2024_05_23_acd04,acd,acd04,5/23/2024,4,2024_05_23_acd_r04,multi_nacl,0,NA,dual,12,dms,NA,NA,42,415; 470,1.8;4,10; 30,1;2,g;g,20,0,120,20,470,NA,415,0.1,3,4,0,20,10,20,spout_extended,NA
2024_05_23_acd04,acd,acd04,5/23/2024,4,2024_05_23_acd_r04,multi_nacl,0,NA,dual,3,dls,NA,NA,42,415; 470,1.8;4,10; 30,1;2,g;g,20,0,120,20,470,NA,415,0.1,3,4,0,20,10,20,spout_extended,NA
2024_05_23_acd04,acd,acd04,5/23/2024,4,2024_05_23_acd_r04,multi_nacl,0,NA,dual,5,ts,NA,NA,42,415; 470,1.8;4,10; 30,1;2,g;g,20,0,120,20,470,NA,415,0.1,3,4,0,20,10,20,spout_extended,NA
2024_05_23_acd05,acd,acd05,5/23/2024,5,2024_05_23_acd_r05,multi_nacl,0,NA,dual,3,nac_shelllat,NA,NA,42,415; 470,1.8;4,10; 30,1;2,g;g,20,0,120,20,470,NA,415,0.1,3,4,0,20,10,20,spout_extended,NA
2024_05_23_acd05,acd,acd05,5/23/2024,5,2024_05_23_acd_r05,multi_nacl,0,NA,dual,4,nac_corr,NA,NA,42,415; 470,1.8;4,10; 30,1;2,g;g,20,0,120,20,470,NA,415,0.1,3,4,0,20,10,20,spout_extended,NA
2024_05_23_acd05,acd,acd05,5/23/2024,5,2024_05_23_acd_r05,multi_nacl,0,NA,dual,12,nac,NA,NA,42,415; 470,1.8;4,10; 30,1;2,g;g,20,0,120,20,470,NA,415,0.1,3,4,0,20,10,20,spout_extended,NA
2024_05_23_acd05,acd,acd05,5/23/2024,5,2024_05_23_acd_r05,multi_nacl,0,NA,dual,10,dms,NA,NA,42,415; 470,1.8;4,10; 30,1;2,g;g,20,0,120,20,470,NA,415,0.1,3,4,0,20,10,20,spout_extended,NA
2024_05_23_acd05,acd,acd05,5/23/2024,5,2024_05_23_acd_r05,multi_nacl,0,NA,dual,5,dls,NA,NA,42,415; 470,1.8;4,10; 30,1;2,g;g,20,0,120,20,470,NA,415,0.1,3,4,0,20,10,20,spout_extended,NA
2024_05_23_acd05,acd,acd05,5/23/2024,5,2024_05_23_acd_r05,multi_nacl,0,NA,dual,6,ts,NA,NA,42,415; 470,1.8;4,10; 30,1;2,g;g,20,0,120,20,470,NA,415,0.1,3,4,0,20,10,20,spout_extended,NA
2024_05_23_acd06,acd,acd06,5/23/2024,6,2024_05_23_acd_r06,multi_nacl,0,NA,dual,12,nac_shelllat,NA,NA,42,415; 470,1.8;4,10; 30,1;2,g;g,20,0,120,20,470,NA,415,0.1,3,4,0,20,10,20,spout_extended,NA
2024_05_23_acd06,acd,acd06,5/23/2024,6,2024_05_23_acd_r06,multi_nacl,0,NA,dual,10,nac_corr,NA,NA,42,415; 470,1.8;4,10; 30,1;2,g;g,20,0,120,20,470,NA,415,0.1,3,4,0,20,10,20,spout_extended,NA
2024_05_23_acd06,acd,acd06,5/23/2024,6,2024_05_23_acd_r06,multi_nacl,0,NA,dual,6,nac,NA,NA,42,415; 470,1.8;4,10; 30,1;2,g;g,20,0,120,20,470,NA,415,0.1,3,4,0,20,10,20,spout_extended,NA
2024_05_23_acd06,acd,acd06,5/23/2024,6,2024_05_23_acd_r06,multi_nacl,0,NA,dual,5,dms,NA,NA,42,415; 470,1.8;4,10; 30,1;2,g;g,20,0,120,20,470,NA,415,0.1,3,4,0,20,10,20,spout_extended,NA
2024_05_23_acd06,acd,acd06,5/23/2024,6,2024_05_23_acd_r06,multi_nacl,0,NA,dual,4,dls,NA,NA,42,415; 470,1.8;4,10; 30,1;2,g;g,20,0,120,20,470,NA,415,0.1,3,4,0,20,10,20,spout_extended,NA
2024_05_23_acd06,acd,acd06,5/23/2024,6,2024_05_23_acd_r06,multi_nacl,0,NA,dual,3,ts,NA,NA,42,415; 470,1.8;4,10; 30,1;2,g;g,20,0,120,20,470,NA,415,0.1,3,4,0,20,10,20,spout_extended,NA
2024_05_23_acd07,acd,acd07,5/23/2024,7,2024_05_23_acd_r07,multi_nacl,0,NA,dual,10,nac_shelllat,NA,NA,42,415; 470,1.8;4,10; 30,1;2,g;g,20,0,120,20,470,NA,415,0.1,3,4,0,20,10,20,spout_extended,NA
2024_05_23_acd07,acd,acd07,5/23/2024,7,2024_05_23_acd_r07,multi_nacl,0,NA,dual,12,nac_corr,NA,NA,42,415; 470,1.8;4,10; 30,1;2,g;g,20,0,120,20,470,NA,415,0.1,3,4,0,20,10,20,spout_extended,NA
2024_05_23_acd07,acd,acd07,5/23/2024,7,2024_05_23_acd_r07,multi_nacl,0,NA,dual,5,nac,NA,NA,42,415; 470,1.8;4,10; 30,1;2,g;g,20,0,120,20,470,NA,415,0.1,3,4,0,20,10,20,spout_extended,NA
2024_05_23_acd07,acd,acd07,5/23/2024,7,2024_05_23_acd_r07,multi_nacl,0,NA,dual,3,dms,NA,NA,42,415; 470,1.8;4,10; 30,1;2,g;g,20,0,120,20,470,NA,415,0.1,3,4,0,20,10,20,spout_extended,NA
2024_05_23_acd07,acd,acd07,5/23/2024,7,2024_05_23_acd_r07,multi_nacl,0,NA,dual,6,dls,NA,NA,42,415; 470,1.8;4,10; 30,1;2,g;g,20,0,120,20,470,NA,415,0.1,3,4,0,20,10,20,spout_extended,NA
2024_05_23_acd07,acd,acd07,5/23/2024,7,2024_05_23_acd_r07,multi_nacl,0,NA,dual,4,ts,NA,NA,42,415; 470,1.8;4,10; 30,1;2,g;g,20,0,120,20,470,NA,415,0.1,3,4,0,20,10,20,spout_extended,NA
2024_05_23_acd08,acd,acd08,5/23/2024,8,2024_05_23_acd_r08,multi_nacl,0,NA,dual,3,nac_shelllat,NA,NA,42,415; 470,1.8;4,10; 30,1;2,g;g,20,0,120,20,470,NA,415,0.1,3,4,0,20,10,20,spout_extended,NA
2024_05_23_acd08,acd,acd08,5/23/2024,8,2024_05_23_acd_r08,multi_nacl,0,NA,dual,4,nac_corr,NA,NA,42,415; 470,1.8;4,10; 30,1;2,g;g,20,0,120,20,470,NA,415,0.1,3,4,0,20,10,20,spout_extended,NA
2024_05_23_acd08,acd,acd08,5/23/2024,8,2024_05_23_acd_r08,multi_nacl,0,NA,dual,12,nac,NA,NA,42,415; 470,1.8;4,10; 30,1;2,g;g,20,0,120,20,470,NA,415,0.1,3,4,0,20,10,20,spout_extended,NA
2024_05_23_acd08,acd,acd08,5/23/2024,8,2024_05_23_acd_r08,multi_nacl,0,NA,dual,10,dms,NA,NA,42,415; 470,1.8;4,10; 30,1;2,g;g,20,0,120,20,470,NA,415,0.1,3,4,0,20,10,20,spout_extended,NA
2024_05_23_acd08,acd,acd08,5/23/2024,8,2024_05_23_acd_r08,multi_nacl,0,NA,dual,5,dls,NA,NA,42,415; 470,1.8;4,10; 30,1;2,g;g,20,0,120,20,470,NA,415,0.1,3,4,0,20,10,20,spout_extended,NA
2024_05_23_acd08,acd,acd08,5/23/2024,8,2024_05_23_acd_r08,multi_nacl,0,NA,dual,6,ts,NA,NA,42,415; 470,1.8;4,10; 30,1;2,g;g,20,0,120,20,470,NA,415,0.1,3,4,0,20,10,20,spout_extended,NA
2024_05_23_acd09,acd,acd09,5/23/2024,9,2024_05_23_acd_r09,multi_nacl,0,NA,dual,12,nac_shelllat,NA,NA,42,415; 470,1.8;4,10; 30,1;2,g;g,20,0,120,20,470,NA,415,0.1,3,4,0,20,10,20,spout_extended,NA
2024_05_23_acd09,acd,acd09,5/23/2024,9,2024_05_23_acd_r09,multi_nacl,0,NA,dual,10,nac_corr,NA,NA,42,415; 470,1.8;4,10; 30,1;2,g;g,20,0,120,20,470,NA,415,0.1,3,4,0,20,10,20,spout_extended,NA
2024_05_23_acd09,acd,acd09,5/23/2024,9,2024_05_23_acd_r09,multi_nacl,0,NA,dual,6,nac,NA,NA,42,415; 470,1.8;4,10; 30,1;2,g;g,20,0,120,20,470,NA,415,0.1,3,4,0,20,10,20,spout_extended,NA
2024_05_23_acd09,acd,acd09,5/23/2024,9,2024_05_23_acd_r09,multi_nacl,0,NA,dual,5,dms,NA,NA,42,415; 470,1.8;4,10; 30,1;2,g;g,20,0,120,20,470,NA,415,0.1,3,4,0,20,10,20,spout_extended,NA
2024_05_23_acd09,acd,acd09,5/23/2024,9,2024_05_23_acd_r09,multi_nacl,0,NA,dual,4,dls,NA,NA,42,415; 470,1.8;4,10; 30,1;2,g;g,20,0,120,20,470,NA,415,0.1,3,4,0,20,10,20,spout_extended,NA
2024_05_23_acd09,acd,acd09,5/23/2024,9,2024_05_23_acd_r09,multi_nacl,0,NA,dual,3,ts,NA,NA,42,415; 470,1.8;4,10; 30,1;2,g;g,20,0,120,20,470,NA,415,0.1,3,4,0,20,10,20,spout_extended,NA
2024_05_23_acd10,acd,acd10,5/23/2024,10,2024_05_23_acd_r10,multi_nacl,0,NA,dual,6,nac_shelllat,NA,NA,42,415; 470,1.8;4,10; 30,1;2,g;g,20,0,120,20,470,NA,415,0.1,3,4,0,20,10,20,spout_extended,NA
2024_05_23_acd10,acd,acd10,5/23/2024,10,2024_05_23_acd_r10,multi_nacl,0,NA,dual,5,nac_corr,NA,NA,42,415; 470,1.8;4,10; 30,1;2,g;g,20,0,120,20,470,NA,415,0.1,3,4,0,20,10,20,spout_extended,NA
2024_05_23_acd10,acd,acd10,5/23/2024,10,2024_05_23_acd_r10,multi_nacl,0,NA,dual,3,nac,NA,NA,42,415; 470,1.8;4,10; 30,1;2,g;g,20,0,120,20,470,NA,415,0.1,3,4,0,20,10,20,spout_extended,NA
2024_05_23_acd10,acd,acd10,5/23/2024,10,2024_05_23_acd_r10,multi_nacl,0,NA,dual,4,dms,NA,NA,42,415; 470,1.8;4,10; 30,1;2,g;g,20,0,120,20,470,NA,415,0.1,3,4,0,20,10,20,spout_extended,NA
2024_05_23_acd10,acd,acd10,5/23/2024,10,2024_05_23_acd_r10,multi_nacl,0,NA,dual,10,dls,NA,NA,42,415; 470,1.8;4,10; 30,1;2,g;g,20,0,120,20,470,NA,415,0.1,3,4,0,20,10,20,spout_extended,NA
2024_05_23_acd10,acd,acd10,5/23/2024,10,2024_05_23_acd_r10,multi_nacl,0,NA,dual,12,ts,NA,NA,42,415; 470,1.8;4,10; 30,1;2,g;g,20,0,120,20,470,NA,415,0.1,3,4,0,20,10,20,spout_extended,NA
2024_05_23_acd11,acd,acd11,5/23/2024,11,2024_05_23_acd_r11,multi_nacl,0,NA,dual,5,nac_shelllat,NA,NA,42,415; 470,1.8;4,10; 30,1;2,g;g,20,0,120,20,470,NA,415,0.1,3,4,0,20,10,20,spout_extended,NA
2024_05_23_acd11,acd,acd11,5/23/2024,11,2024_05_23_acd_r11,multi_nacl,0,NA,dual,3,nac_corr,NA,NA,42,415; 470,1.8;4,10; 30,1;2,g;g,20,0,120,20,470,NA,415,0.1,3,4,0,20,10,20,spout_extended,NA
2024_05_23_acd11,acd,acd11,5/23/2024,11,2024_05_23_acd_r11,multi_nacl,0,NA,dual,4,nac,NA,NA,42,415; 470,1.8;4,10; 30,1;2,g;g,20,0,120,20,470,NA,415,0.1,3,4,0,20,10,20,spout_extended,NA
2024_05_23_acd11,acd,acd11,5/23/2024,11,2024_05_23_acd_r11,multi_nacl,0,NA,dual,6,dms,NA,NA,42,415; 470,1.8;4,10; 30,1;2,g;g,20,0,120,20,470,NA,415,0.1,3,4,0,20,10,20,spout_extended,NA
2024_05_23_acd11,acd,acd11,5/23/2024,11,2024_05_23_acd_r11,multi_nacl,0,NA,dual,12,dls,NA,NA,42,415; 470,1.8;4,10; 30,1;2,g;g,20,0,120,20,470,NA,415,0.1,3,4,0,20,10,20,spout_extended,NA
2024_05_23_acd11,acd,acd11,5/23/2024,11,2024_05_23_acd_r11,multi_nacl,0,NA,dual,10,ts,NA,NA,42,415; 470,1.8;4,10; 30,1;2,g;g,20,0,120,20,470,NA,415,0.1,3,4,0,20,10,20,spout_extended,NA
2024_05_23_acd12,acd,acd12,5/23/2024,12,2024_05_23_acd_r12,multi_nacl,0,NA,dual,4,nac_shelllat,NA,NA,42,415; 470,1.8;4,10; 30,1;2,g;g,20,0,120,20,470,NA,415,0.1,3,4,0,20,10,20,spout_extended,NA
2024_05_23_acd12,acd,acd12,5/23/2024,12,2024_05_23_acd_r12,multi_nacl,0,NA,dual,6,nac_corr,NA,NA,42,415; 470,1.8;4,10; 30,1;2,g;g,20,0,120,20,470,NA,415,0.1,3,4,0,20,10,20,spout_extended,NA
2024_05_23_acd12,acd,acd12,5/23/2024,12,2024_05_23_acd_r12,multi_nacl,0,NA,dual,10,nac,NA,NA,42,415; 470,1.8;4,10; 30,1;2,g;g,20,0,120,20,470,NA,415,0.1,3,4,0,20,10,20,spout_extended,NA
2024_05_23_acd12,acd,acd12,5/23/2024,12,2024_05_23_acd_r12,multi_nacl,0,NA,dual,12,dms,NA,NA,42,415; 470,1.8;4,10; 30,1;2,g;g,20,0,120,20,470,NA,415,0.1,3,4,0,20,10,20,spout_extended,NA
2024_05_23_acd12,acd,acd12,5/23/2024,12,2024_05_23_acd_r12,multi_nacl,0,NA,dual,3,dls,NA,NA,42,415; 470,1.8;4,10; 30,1;2,g;g,20,0,120,20,470,NA,415,0.1,3,4,0,20,10,20,spout_extended,NA
2024_05_23_acd12,acd,acd12,5/23/2024,12,2024_05_23_acd_r12,multi_nacl,0,NA,dual,5,ts,NA,NA,42,415; 470,1.8;4,10; 30,1;2,g;g,20,0,120,20,470,NA,415,0.1,3,4,0,20,10,20,spout_extended,NA
2024_05_23_acd13,acd,acd13,5/23/2024,13,2024_05_23_acd_r13,multi_nacl,0,NA,dual,3,nac_shelllat,NA,NA,42,415; 470,1.8;4,10; 30,1;2,g;g,20,0,120,20,470,NA,415,0.1,3,4,0,20,10,20,spout_extended,NA
2024_05_23_acd13,acd,acd13,5/23/2024,13,2024_05_23_acd_r13,multi_nacl,0,NA,dual,4,nac_corr,NA,NA,42,415; 470,1.8;4,10; 30,1;2,g;g,20,0,120,20,470,NA,415,0.1,3,4,0,20,10,20,spout_extended,NA
2024_05_23_acd13,acd,acd13,5/23/2024,13,2024_05_23_acd_r13,multi_nacl,0,NA,dual,12,nac,NA,NA,42,415; 470,1.8;4,10; 30,1;2,g;g,20,0,120,20,470,NA,415,0.1,3,4,0,20,10,20,spout_extended,NA
2024_05_23_acd13,acd,acd13,5/23/2024,13,2024_05_23_acd_r13,multi_nacl,0,NA,dual,10,dms,NA,NA,42,415; 470,1.8;4,10; 30,1;2,g;g,20,0,120,20,470,NA,415,0.1,3,4,0,20,10,20,spout_extended,NA
2024_05_23_acd13,acd,acd13,5/23/2024,13,2024_05_23_acd_r13,multi_nacl,0,NA,dual,5,dls,NA,NA,42,415; 470,1.8;4,10; 30,1;2,g;g,20,0,120,20,470,NA,415,0.1,3,4,0,20,10,20,spout_extended,NA
2024_05_23_acd13,acd,acd13,5/23/2024,13,2024_05_23_acd_r13,multi_nacl,0,NA,dual,6,ts,NA,NA,42,415; 470,1.8;4,10; 30,1;2,g;g,20,0,120,20,470,NA,415,0.1,3,4,0,20,10,20,spout_extended,NA
2024_05_23_acd14,acd,acd14,5/23/2024,14,2024_05_23_acd_r14,multi_nacl,0,NA,dual,12,nac_shelllat,NA,NA,42,415; 470,1.8;4,10; 30,1;2,g;g,20,0,120,20,470,NA,415,0.1,3,4,0,20,10,20,spout_extended,NA
2024_05_23_acd14,acd,acd14,5/23/2024,14,2024_05_23_acd_r14,multi_nacl,0,NA,dual,10,nac_corr,NA,NA,42,415; 470,1.8;4,10; 30,1;2,g;g,20,0,120,20,470,NA,415,0.1,3,4,0,20,10,20,spout_extended,NA
2024_05_23_acd14,acd,acd14,5/23/2024,14,2024_05_23_acd_r14,multi_nacl,0,NA,dual,6,nac,NA,NA,42,415; 470,1.8;4,10; 30,1;2,g;g,20,0,120,20,470,NA,415,0.1,3,4,0,20,10,20,spout_extended,NA
2024_05_23_acd14,acd,acd14,5/23/2024,14,2024_05_23_acd_r14,multi_nacl,0,NA,dual,5,dms,NA,NA,42,415; 470,1.8;4,10; 30,1;2,g;g,20,0,120,20,470,NA,415,0.1,3,4,0,20,10,20,spout_extended,NA
2024_05_23_acd14,acd,acd14,5/23/2024,14,2024_05_23_acd_r14,multi_nacl,0,NA,dual,4,dls,NA,NA,42,415; 470,1.8;4,10; 30,1;2,g;g,20,0,120,20,470,NA,415,0.1,3,4,0,20,10,20,spout_extended,NA
2024_05_23_acd14,acd,acd14,5/23/2024,14,2024_05_23_acd_r14,multi_nacl,0,NA,dual,3,ts,NA,NA,42,415; 470,1.8;4,10; 30,1;2,g;g,20,0,120,20,470,NA,415,0.1,3,4,0,20,10,20,spout_extended,NA
2024_05_28_acd01,acd,acd01,5/28/2024,1,2024_05_28_acd_r01,water_nacl_opto,0,NA,dual,3,nac_shelllat,NA,NA,42,415; 470,1.8;4,10; 30,1;2,g;g,20,0,120,20,470,NA,415,0.1,3,4,0,20,10,20,spout_extended,NA
2024_05_28_acd01,acd,acd01,5/28/2024,1,2024_05_28_acd_r01,water_nacl_opto,0,NA,dual,4,nac_corr,NA,NA,42,415; 470,1.8;4,10; 30,1;2,g;g,20,0,120,20,470,NA,415,0.1,3,4,0,20,10,20,spout_extended,NA
2024_05_28_acd01,acd,acd01,5/28/2024,1,2024_05_28_acd_r01,water_nacl_opto,0,NA,dual,12,nac,NA,NA,42,415; 470,1.8;4,10; 30,1;2,g;g,20,0,120,20,470,NA,415,0.1,3,4,0,20,10,20,spout_extended,NA
2024_05_28_acd01,acd,acd01,5/28/2024,1,2024_05_28_acd_r01,water_nacl_opto,0,NA,dual,10,dms,NA,NA,42,415; 470,1.8;4,10; 30,1;2,g;g,20,0,120,20,470,NA,415,0.1,3,4,0,20,10,20,spout_extended,NA
2024_05_28_acd01,acd,acd01,5/28/2024,1,2024_05_28_acd_r01,water_nacl_opto,0,NA,dual,5,dls,NA,NA,42,415; 470,1.8;4,10; 30,1;2,g;g,20,0,120,20,470,NA,415,0.1,3,4,0,20,10,20,spout_extended,NA
2024_05_28_acd01,acd,acd01,5/28/2024,1,2024_05_28_acd_r01,water_nacl_opto,0,NA,dual,6,ts,NA,NA,42,415; 470,1.8;4,10; 30,1;2,g;g,20,0,120,20,470,NA,415,0.1,3,4,0,20,10,20,spout_extended,NA
2024_05_28_acd02,acd,acd02,5/28/2024,2,2024_05_28_acd_r02,water_nacl_opto,0,NA,dual,12,nac_shelllat,NA,NA,42,415; 470,1.8;4,10; 30,1;2,g;g,20,0,120,20,470,NA,415,0.1,3,4,0,20,10,20,spout_extended,NA
2024_05_28_acd02,acd,acd02,5/28/2024,2,2024_05_28_acd_r02,water_nacl_opto,0,NA,dual,10,nac_corr,NA,NA,42,415; 470,1.8;4,10; 30,1;2,g;g,20,0,120,20,470,NA,415,0.1,3,4,0,20,10,20,spout_extended,NA
2024_05_28_acd02,acd,acd02,5/28/2024,2,2024_05_28_acd_r02,water_nacl_opto,0,NA,dual,6,nac,NA,NA,42,415; 470,1.8;4,10; 30,1;2,g;g,20,0,120,20,470,NA,415,0.1,3,4,0,20,10,20,spout_extended,NA
2024_05_28_acd02,acd,acd02,5/28/2024,2,2024_05_28_acd_r02,water_nacl_opto,0,NA,dual,5,dms,NA,NA,42,415; 470,1.8;4,10; 30,1;2,g;g,20,0,120,20,470,NA,415,0.1,3,4,0,20,10,20,spout_extended,NA
2024_05_28_acd02,acd,acd02,5/28/2024,2,2024_05_28_acd_r02,water_nacl_opto,0,NA,dual,4,dls,NA,NA,42,415; 470,1.8;4,10; 30,1;2,g;g,20,0,120,20,470,NA,415,0.1,3,4,0,20,10,20,spout_extended,NA
2024_05_28_acd02,acd,acd02,5/28/2024,2,2024_05_28_acd_r02,water_nacl_opto,0,NA,dual,3,ts,NA,NA,42,415; 470,1.8;4,10; 30,1;2,g;g,20,0,120,20,470,NA,415,0.1,3,4,0,20,10,20,spout_extended,NA
2024_05_28_acd03,acd,acd03,5/28/2024,3,2024_05_28_acd_r03,water_nacl_opto,0,NA,dual,10,nac_shelllat,NA,NA,42,415; 470,1.8;4,10; 30,1;2,g;g,20,0,120,20,470,NA,415,0.1,3,4,0,20,10,20,spout_extended,NA
2024_05_28_acd03,acd,acd03,5/28/2024,3,2024_05_28_acd_r03,water_nacl_opto,0,NA,dual,12,nac_corr,NA,NA,42,415; 470,1.8;4,10; 30,1;2,g;g,20,0,120,20,470,NA,415,0.1,3,4,0,20,10,20,spout_extended,NA
2024_05_28_acd03,acd,acd03,5/28/2024,3,2024_05_28_acd_r03,water_nacl_opto,0,NA,dual,5,nac,NA,NA,42,415; 470,1.8;4,10; 30,1;2,g;g,20,0,120,20,470,NA,415,0.1,3,4,0,20,10,20,spout_extended,NA
2024_05_28_acd03,acd,acd03,5/28/2024,3,2024_05_28_acd_r03,water_nacl_opto,0,NA,dual,3,dms,NA,NA,42,415; 470,1.8;4,10; 30,1;2,g;g,20,0,120,20,470,NA,415,0.1,3,4,0,20,10,20,spout_extended,NA
2024_05_28_acd03,acd,acd03,5/28/2024,3,2024_05_28_acd_r03,water_nacl_opto,0,NA,dual,6,dls,NA,NA,42,415; 470,1.8;4,10; 30,1;2,g;g,20,0,120,20,470,NA,415,0.1,3,4,0,20,10,20,spout_extended,NA
2024_05_28_acd03,acd,acd03,5/28/2024,3,2024_05_28_acd_r03,water_nacl_opto,0,NA,dual,4,ts,NA,NA,42,415; 470,1.8;4,10; 30,1;2,g;g,20,0,120,20,470,NA,415,0.1,3,4,0,20,10,20,spout_extended,NA
2024_05_28_acd04,acd,acd04,5/28/2024,4,2024_05_28_acd_r04,water_nacl_opto,0,NA,dual,4,nac_shelllat,NA,NA,42,415; 470,1.8;4,10; 30,1;2,g;g,20,0,120,20,470,NA,415,0.1,3,4,0,20,10,20,spout_extended,NA
2024_05_28_acd04,acd,acd04,5/28/2024,4,2024_05_28_acd_r04,water_nacl_opto,0,NA,dual,3,nac_corr,NA,NA,42,415; 470,1.8;4,10; 30,1;2,g;g,20,0,120,20,470,NA,415,0.1,3,4,0,20,10,20,spout_extended,NA
2024_05_28_acd04,acd,acd04,5/28/2024,4,2024_05_28_acd_r04,water_nacl_opto,0,NA,dual,10,nac,NA,NA,42,415; 470,1.8;4,10; 30,1;2,g;g,20,0,120,20,470,NA,415,0.1,3,4,0,20,10,20,spout_extended,NA
2024_05_28_acd04,acd,acd04,5/28/2024,4,2024_05_28_acd_r04,water_nacl_opto,0,NA,dual,6,dms,NA,NA,42,415; 470,1.8;4,10; 30,1;2,g;g,20,0,120,20,470,NA,415,0.1,3,4,0,20,10,20,spout_extended,NA
2024_05_28_acd04,acd,acd04,5/28/2024,4,2024_05_28_acd_r04,water_nacl_opto,0,NA,dual,12,dls,NA,NA,42,415; 470,1.8;4,10; 30,1;2,g;g,20,0,120,20,470,NA,415,0.1,3,4,0,20,10,20,spout_extended,NA
2024_05_28_acd04,acd,acd04,5/28/2024,4,2024_05_28_acd_r04,water_nacl_opto,0,NA,dual,5,ts,NA,NA,42,415; 470,1.8;4,10; 30,1;2,g;g,20,0,120,20,470,NA,415,0.1,3,4,0,20,10,20,spout_extended,NA
2024_05_28_acd05,acd,acd05,5/28/2024,5,2024_05_28_acd_r05,water_nacl_opto,0,NA,dual,5,nac_shelllat,NA,NA,42,415; 470,1.8;4,10; 30,1;2,g;g,20,0,120,20,470,NA,415,0.1,3,4,0,20,10,20,spout_extended,NA
2024_05_28_acd05,acd,acd05,5/28/2024,5,2024_05_28_acd_r05,water_nacl_opto,0,NA,dual,6,nac_corr,NA,NA,42,415; 470,1.8;4,10; 30,1;2,g;g,20,0,120,20,470,NA,415,0.1,3,4,0,20,10,20,spout_extended,NA
2024_05_28_acd05,acd,acd05,5/28/2024,5,2024_05_28_acd_r05,water_nacl_opto,0,NA,dual,3,nac,NA,NA,42,415; 470,1.8;4,10; 30,1;2,g;g,20,0,120,20,470,NA,415,0.1,3,4,0,20,10,20,spout_extended,NA
2024_05_28_acd05,acd,acd05,5/28/2024,5,2024_05_28_acd_r05,water_nacl_opto,0,NA,dual,4,dms,NA,NA,42,415; 470,1.8;4,10; 30,1;2,g;g,20,0,120,20,470,NA,415,0.1,3,4,0,20,10,20,spout_extended,NA
2024_05_28_acd05,acd,acd05,5/28/2024,5,2024_05_28_acd_r05,water_nacl_opto,0,NA,dual,10,dls,NA,NA,42,415; 470,1.8;4,10; 30,1;2,g;g,20,0,120,20,470,NA,415,0.1,3,4,0,20,10,20,spout_extended,NA
2024_05_28_acd05,acd,acd05,5/28/2024,5,2024_05_28_acd_r05,water_nacl_opto,0,NA,dual,12,ts,NA,NA,42,415; 470,1.8;4,10; 30,1;2,g;g,20,0,120,20,470,NA,415,0.1,3,4,0,20,10,20,spout_extended,NA
2024_05_28_acd06,acd,acd06,5/28/2024,6,2024_05_28_acd_r06,water_nacl_opto,0,NA,dual,6,nac_shelllat,NA,NA,42,415; 470,1.8;4,10; 30,1;2,g;g,20,0,120,20,470,NA,415,0.1,3,4,0,20,10,20,spout_extended,NA
2024_05_28_acd06,acd,acd06,5/28/2024,6,2024_05_28_acd_r06,water_nacl_opto,0,NA,dual,5,nac_corr,NA,NA,42,415; 470,1.8;4,10; 30,1;2,g;g,20,0,120,20,470,NA,415,0.1,3,4,0,20,10,20,spout_extended,NA
2024_05_28_acd06,acd,acd06,5/28/2024,6,2024_05_28_acd_r06,water_nacl_opto,0,NA,dual,3,nac,NA,NA,42,415; 470,1.8;4,10; 30,1;2,g;g,20,0,120,20,470,NA,415,0.1,3,4,0,20,10,20,spout_extended,NA
2024_05_28_acd06,acd,acd06,5/28/2024,6,2024_05_28_acd_r06,water_nacl_opto,0,NA,dual,4,dms,NA,NA,42,415; 470,1.8;4,10; 30,1;2,g;g,20,0,120,20,470,NA,415,0.1,3,4,0,20,10,20,spout_extended,NA
2024_05_28_acd06,acd,acd06,5/28/2024,6,2024_05_28_acd_r06,water_nacl_opto,0,NA,dual,10,dls,NA,NA,42,415; 470,1.8;4,10; 30,1;2,g;g,20,0,120,20,470,NA,415,0.1,3,4,0,20,10,20,spout_extended,NA
2024_05_28_acd06,acd,acd06,5/28/2024,6,2024_05_28_acd_r06,water_nacl_opto,0,NA,dual,12,ts,NA,NA,42,415; 470,1.8;4,10; 30,1;2,g;g,20,0,120,20,470,NA,415,0.1,3,4,0,20,10,20,spout_extended,NA
2024_05_28_acd07,acd,acd07,5/28/2024,7,2024_05_28_acd_r07,water_nacl_opto,0,NA,dual,5,nac_shelllat,NA,NA,42,415; 470,1.8;4,10; 30,1;2,g;g,20,0,120,20,470,NA,415,0.1,3,4,0,20,10,20,spout_extended,NA
2024_05_28_acd07,acd,acd07,5/28/2024,7,2024_05_28_acd_r07,water_nacl_opto,0,NA,dual,3,nac_corr,NA,NA,42,415; 470,1.8;4,10; 30,1;2,g;g,20,0,120,20,470,NA,415,0.1,3,4,0,20,10,20,spout_extended,NA
2024_05_28_acd07,acd,acd07,5/28/2024,7,2024_05_28_acd_r07,water_nacl_opto,0,NA,dual,4,nac,NA,NA,42,415; 470,1.8;4,10; 30,1;2,g;g,20,0,120,20,470,NA,415,0.1,3,4,0,20,10,20,spout_extended,NA
2024_05_28_acd07,acd,acd07,5/28/2024,7,2024_05_28_acd_r07,water_nacl_opto,0,NA,dual,6,dms,NA,NA,42,415; 470,1.8;4,10; 30,1;2,g;g,20,0,120,20,470,NA,415,0.1,3,4,0,20,10,20,spout_extended,NA
2024_05_28_acd07,acd,acd07,5/28/2024,7,2024_05_28_acd_r07,water_nacl_opto,0,NA,dual,12,dls,NA,NA,42,415; 470,1.8;4,10; 30,1;2,g;g,20,0,120,20,470,NA,415,0.1,3,4,0,20,10,20,spout_extended,NA
2024_05_28_acd07,acd,acd07,5/28/2024,7,2024_05_28_acd_r07,water_nacl_opto,0,NA,dual,10,ts,NA,NA,42,415; 470,1.8;4,10; 30,1;2,g;g,20,0,120,20,470,NA,415,0.1,3,4,0,20,10,20,spout_extended,NA
2024_05_28_acd08,acd,acd08,5/28/2024,8,2024_05_28_acd_r08,water_nacl_opto,0,NA,dual,4,nac_shelllat,NA,NA,42,415; 470,1.8;4,10; 30,1;2,g;g,20,0,120,20,470,NA,415,0.1,3,4,0,20,10,20,spout_extended,NA
2024_05_28_acd08,acd,acd08,5/28/2024,8,2024_05_28_acd_r08,water_nacl_opto,0,NA,dual,6,nac_corr,NA,NA,42,415; 470,1.8;4,10; 30,1;2,g;g,20,0,120,20,470,NA,415,0.1,3,4,0,20,10,20,spout_extended,NA
2024_05_28_acd08,acd,acd08,5/28/2024,8,2024_05_28_acd_r08,water_nacl_opto,0,NA,dual,10,nac,NA,NA,42,415; 470,1.8;4,10; 30,1;2,g;g,20,0,120,20,470,NA,415,0.1,3,4,0,20,10,20,spout_extended,NA
2024_05_28_acd08,acd,acd08,5/28/2024,8,2024_05_28_acd_r08,water_nacl_opto,0,NA,dual,12,dms,NA,NA,42,415; 470,1.8;4,10; 30,1;2,g;g,20,0,120,20,470,NA,415,0.1,3,4,0,20,10,20,spout_extended,NA
2024_05_28_acd08,acd,acd08,5/28/2024,8,2024_05_28_acd_r08,water_nacl_opto,0,NA,dual,3,dls,NA,NA,42,415; 470,1.8;4,10; 30,1;2,g;g,20,0,120,20,470,NA,415,0.1,3,4,0,20,10,20,spout_extended,NA
2024_05_28_acd08,acd,acd08,5/28/2024,8,2024_05_28_acd_r08,water_nacl_opto,0,NA,dual,5,ts,NA,NA,42,415; 470,1.8;4,10; 30,1;2,g;g,20,0,120,20,470,NA,415,0.1,3,4,0,20,10,20,spout_extended,NA
2024_05_28_acd09,acd,acd09,5/28/2024,9,2024_05_28_acd_r09,water_nacl_opto,0,NA,dual,3,nac_shelllat,NA,NA,42,415; 470,1.8;4,10; 30,1;2,g;g,20,0,120,20,470,NA,415,0.1,3,4,0,20,10,20,spout_extended,NA
2024_05_28_acd09,acd,acd09,5/28/2024,9,2024_05_28_acd_r09,water_nacl_opto,0,NA,dual,4,nac_corr,NA,NA,42,415; 470,1.8;4,10; 30,1;2,g;g,20,0,120,20,470,NA,415,0.1,3,4,0,20,10,20,spout_extended,NA
2024_05_28_acd09,acd,acd09,5/28/2024,9,2024_05_28_acd_r09,water_nacl_opto,0,NA,dual,12,nac,NA,NA,42,415; 470,1.8;4,10; 30,1;2,g;g,20,0,120,20,470,NA,415,0.1,3,4,0,20,10,20,spout_extended,NA
2024_05_28_acd09,acd,acd09,5/28/2024,9,2024_05_28_acd_r09,water_nacl_opto,0,NA,dual,10,dms,NA,NA,42,415; 470,1.8;4,10; 30,1;2,g;g,20,0,120,20,470,NA,415,0.1,3,4,0,20,10,20,spout_extended,NA
2024_05_28_acd09,acd,acd09,5/28/2024,9,2024_05_28_acd_r09,water_nacl_opto,0,NA,dual,5,dls,NA,NA,42,415; 470,1.8;4,10; 30,1;2,g;g,20,0,120,20,470,NA,415,0.1,3,4,0,20,10,20,spout_extended,NA
2024_05_28_acd09,acd,acd09,5/28/2024,9,2024_05_28_acd_r09,water_nacl_opto,0,NA,dual,6,ts,NA,NA,42,415; 470,1.8;4,10; 30,1;2,g;g,20,0,120,20,470,NA,415,0.1,3,4,0,20,10,20,spout_extended,NA
2024_05_28_acd10,acd,acd10,5/28/2024,10,2024_05_28_acd_r10,water_nacl_opto,0,NA,dual,12,nac_shelllat,NA,NA,42,415; 470,1.8;4,10; 30,1;2,g;g,20,0,120,20,470,NA,415,0.1,3,4,0,20,10,20,spout_extended,NA
2024_05_28_acd10,acd,acd10,5/28/2024,10,2024_05_28_acd_r10,water_nacl_opto,0,NA,dual,10,nac_corr,NA,NA,42,415; 470,1.8;4,10; 30,1;2,g;g,20,0,120,20,470,NA,415,0.1,3,4,0,20,10,20,spout_extended,NA
2024_05_28_acd10,acd,acd10,5/28/2024,10,2024_05_28_acd_r10,water_nacl_opto,0,NA,dual,6,nac,NA,NA,42,415; 470,1.8;4,10; 30,1;2,g;g,20,0,120,20,470,NA,415,0.1,3,4,0,20,10,20,spout_extended,NA
2024_05_28_acd10,acd,acd10,5/28/2024,10,2024_05_28_acd_r10,water_nacl_opto,0,NA,dual,5,dms,NA,NA,42,415; 470,1.8;4,10; 30,1;2,g;g,20,0,120,20,470,NA,415,0.1,3,4,0,20,10,20,spout_extended,NA
2024_05_28_acd10,acd,acd10,5/28/2024,10,2024_05_28_acd_r10,water_nacl_opto,0,NA,dual,4,dls,NA,NA,42,415; 470,1.8;4,10; 30,1;2,g;g,20,0,120,20,470,NA,415,0.1,3,4,0,20,10,20,spout_extended,NA
2024_05_28_acd10,acd,acd10,5/28/2024,10,2024_05_28_acd_r10,water_nacl_opto,0,NA,dual,3,ts,NA,NA,42,415; 470,1.8;4,10; 30,1;2,g;g,20,0,120,20,470,NA,415,0.1,3,4,0,20,10,20,spout_extended,NA
2024_05_28_acd11,acd,acd11,5/28/2024,11,2024_05_28_acd_r11,water_nacl_opto,0,NA,dual,10,nac_shelllat,NA,NA,42,415; 470,1.8;4,10; 30,1;2,g;g,20,0,120,20,470,NA,415,0.1,3,4,0,20,10,20,spout_extended,NA
2024_05_28_acd11,acd,acd11,5/28/2024,11,2024_05_28_acd_r11,water_nacl_opto,0,NA,dual,12,nac_corr,NA,NA,42,415; 470,1.8;4,10; 30,1;2,g;g,20,0,120,20,470,NA,415,0.1,3,4,0,20,10,20,spout_extended,NA
2024_05_28_acd11,acd,acd11,5/28/2024,11,2024_05_28_acd_r11,water_nacl_opto,0,NA,dual,5,nac,NA,NA,42,415; 470,1.8;4,10; 30,1;2,g;g,20,0,120,20,470,NA,415,0.1,3,4,0,20,10,20,spout_extended,NA
2024_05_28_acd11,acd,acd11,5/28/2024,11,2024_05_28_acd_r11,water_nacl_opto,0,NA,dual,3,dms,NA,NA,42,415; 470,1.8;4,10; 30,1;2,g;g,20,0,120,20,470,NA,415,0.1,3,4,0,20,10,20,spout_extended,NA
2024_05_28_acd11,acd,acd11,5/28/2024,11,2024_05_28_acd_r11,water_nacl_opto,0,NA,dual,6,dls,NA,NA,42,415; 470,1.8;4,10; 30,1;2,g;g,20,0,120,20,470,NA,415,0.1,3,4,0,20,10,20,spout_extended,NA
2024_05_28_acd11,acd,acd11,5/28/2024,11,2024_05_28_acd_r11,water_nacl_opto,0,NA,dual,4,ts,NA,NA,42,415; 470,1.8;4,10; 30,1;2,g;g,20,0,120,20,470,NA,415,0.1,3,4,0,20,10,20,spout_extended,NA
2024_05_28_acd12,acd,acd12,5/28/2024,12,2024_05_28_acd_r12,water_nacl_opto,0,NA,dual,6,nac_shelllat,NA,NA,42,415; 470,1.8;4,10; 30,1;2,g;g,20,0,120,20,470,NA,415,0.1,3,4,0,20,10,20,spout_extended,NA
2024_05_28_acd12,acd,acd12,5/28/2024,12,2024_05_28_acd_r12,water_nacl_opto,0,NA,dual,5,nac_corr,NA,NA,42,415; 470,1.8;4,10; 30,1;2,g;g,20,0,120,20,470,NA,415,0.1,3,4,0,20,10,20,spout_extended,NA
2024_05_28_acd12,acd,acd12,5/28/2024,12,2024_05_28_acd_r12,water_nacl_opto,0,NA,dual,3,nac,NA,NA,42,415; 470,1.8;4,10; 30,1;2,g;g,20,0,120,20,470,NA,415,0.1,3,4,0,20,10,20,spout_extended,NA
2024_05_28_acd12,acd,acd12,5/28/2024,12,2024_05_28_acd_r12,water_nacl_opto,0,NA,dual,4,dms,NA,NA,42,415; 470,1.8;4,10; 30,1;2,g;g,20,0,120,20,470,NA,415,0.1,3,4,0,20,10,20,spout_extended,NA
2024_05_28_acd12,acd,acd12,5/28/2024,12,2024_05_28_acd_r12,water_nacl_opto,0,NA,dual,10,dls,NA,NA,42,415; 470,1.8;4,10; 30,1;2,g;g,20,0,120,20,470,NA,415,0.1,3,4,0,20,10,20,spout_extended,NA
2024_05_28_acd12,acd,acd12,5/28/2024,12,2024_05_28_acd_r12,water_nacl_opto,0,NA,dual,12,ts,NA,NA,42,415; 470,1.8;4,10; 30,1;2,g;g,20,0,120,20,470,NA,415,0.1,3,4,0,20,10,20,spout_extended,NA
2024_05_28_acd13,acd,acd13,5/28/2024,13,2024_05_28_acd_r13,water_nacl_opto,0,NA,dual,5,nac_shelllat,NA,NA,42,415; 470,1.8;4,10; 30,1;2,g;g,20,0,120,20,470,NA,415,0.1,3,4,0,20,10,20,spout_extended,NA
2024_05_28_acd13,acd,acd13,5/28/2024,13,2024_05_28_acd_r13,water_nacl_opto,0,NA,dual,3,nac_corr,NA,NA,42,415; 470,1.8;4,10; 30,1;2,g;g,20,0,120,20,470,NA,415,0.1,3,4,0,20,10,20,spout_extended,NA
2024_05_28_acd13,acd,acd13,5/28/2024,13,2024_05_28_acd_r13,water_nacl_opto,0,NA,dual,4,nac,NA,NA,42,415; 470,1.8;4,10; 30,1;2,g;g,20,0,120,20,470,NA,415,0.1,3,4,0,20,10,20,spout_extended,NA
2024_05_28_acd13,acd,acd13,5/28/2024,13,2024_05_28_acd_r13,water_nacl_opto,0,NA,dual,6,dms,NA,NA,42,415; 470,1.8;4,10; 30,1;2,g;g,20,0,120,20,470,NA,415,0.1,3,4,0,20,10,20,spout_extended,NA
2024_05_28_acd13,acd,acd13,5/28/2024,13,2024_05_28_acd_r13,water_nacl_opto,0,NA,dual,12,dls,NA,NA,42,415; 470,1.8;4,10; 30,1;2,g;g,20,0,120,20,470,NA,415,0.1,3,4,0,20,10,20,spout_extended,NA
2024_05_28_acd13,acd,acd13,5/28/2024,13,2024_05_28_acd_r13,water_nacl_opto,0,NA,dual,10,ts,NA,NA,42,415; 470,1.8;4,10; 30,1;2,g;g,20,0,120,20,470,NA,415,0.1,3,4,0,20,10,20,spout_extended,NA
2024_05_28_acd14,acd,acd14,5/28/2024,14,2024_05_28_acd_r14,water_nacl_opto,0,NA,dual,4,nac_shelllat,NA,NA,42,415; 470,1.8;4,10; 30,1;2,g;g,20,0,120,20,470,NA,415,0.1,3,4,0,20,10,20,spout_extended,NA
2024_05_28_acd14,acd,acd14,5/28/2024,14,2024_05_28_acd_r14,water_nacl_opto,0,NA,dual,6,nac_corr,NA,NA,42,415; 470,1.8;4,10; 30,1;2,g;g,20,0,120,20,470,NA,415,0.1,3,4,0,20,10,20,spout_extended,NA
2024_05_28_acd14,acd,acd14,5/28/2024,14,2024_05_28_acd_r14,water_nacl_opto,0,NA,dual,10,nac,NA,NA,42,415; 470,1.8;4,10; 30,1;2,g;g,20,0,120,20,470,NA,415,0.1,3,4,0,20,10,20,spout_extended,NA
2024_05_28_acd14,acd,acd14,5/28/2024,14,2024_05_28_acd_r14,water_nacl_opto,0,NA,dual,12,dms,NA,NA,42,415; 470,1.8;4,10; 30,1;2,g;g,20,0,120,20,470,NA,415,0.1,3,4,0,20,10,20,spout_extended,NA
2024_05_28_acd14,acd,acd14,5/28/2024,14,2024_05_28_acd_r14,water_nacl_opto,0,NA,dual,3,dls,NA,NA,42,415; 470,1.8;4,10; 30,1;2,g;g,20,0,120,20,470,NA,415,0.1,3,4,0,20,10,20,spout_extended,NA
2024_05_28_acd14,acd,acd14,5/28/2024,14,2024_05_28_acd_r14,water_nacl_opto,0,NA,dual,5,ts,NA,NA,42,415; 470,1.8;4,10; 30,1;2,g;g,20,0,120,20,470,NA,415,0.1,3,4,0,20,10,20,spout_extended,NA
2024_05_29_acd01,acd,acd01,5/29/2024,1,2024_05_29_acd_r01,water_nacl_opto,0,NA,dual,4,nac_shelllat,NA,NA,42,415; 470,1.8;4,10; 30,1;2,g;g,20,0,120,20,470,NA,415,0.1,3,4,0,20,10,20,spout_extended,NA
2024_05_29_acd01,acd,acd01,5/29/2024,1,2024_05_29_acd_r01,water_nacl_opto,0,NA,dual,6,nac_corr,NA,NA,42,415; 470,1.8;4,10; 30,1;2,g;g,20,0,120,20,470,NA,415,0.1,3,4,0,20,10,20,spout_extended,NA
2024_05_29_acd01,acd,acd01,5/29/2024,1,2024_05_29_acd_r01,water_nacl_opto,0,NA,dual,10,nac,NA,NA,42,415; 470,1.8;4,10; 30,1;2,g;g,20,0,120,20,470,NA,415,0.1,3,4,0,20,10,20,spout_extended,NA
2024_05_29_acd01,acd,acd01,5/29/2024,1,2024_05_29_acd_r01,water_nacl_opto,0,NA,dual,12,dms,NA,NA,42,415; 470,1.8;4,10; 30,1;2,g;g,20,0,120,20,470,NA,415,0.1,3,4,0,20,10,20,spout_extended,NA
2024_05_29_acd01,acd,acd01,5/29/2024,1,2024_05_29_acd_r01,water_nacl_opto,0,NA,dual,3,dls,NA,NA,42,415; 470,1.8;4,10; 30,1;2,g;g,20,0,120,20,470,NA,415,0.1,3,4,0,20,10,20,spout_extended,NA
2024_05_29_acd01,acd,acd01,5/29/2024,1,2024_05_29_acd_r01,water_nacl_opto,0,NA,dual,5,ts,NA,NA,42,415; 470,1.8;4,10; 30,1;2,g;g,20,0,120,20,470,NA,415,0.1,3,4,0,20,10,20,spout_extended,NA
2024_05_29_acd02,acd,acd02,5/29/2024,2,2024_05_29_acd_r02,water_nacl_opto,0,NA,dual,3,nac_shelllat,NA,NA,42,415; 470,1.8;4,10; 30,1;2,g;g,20,0,120,20,470,NA,415,0.1,3,4,0,20,10,20,spout_extended,NA
2024_05_29_acd02,acd,acd02,5/29/2024,2,2024_05_29_acd_r02,water_nacl_opto,0,NA,dual,4,nac_corr,NA,NA,42,415; 470,1.8;4,10; 30,1;2,g;g,20,0,120,20,470,NA,415,0.1,3,4,0,20,10,20,spout_extended,NA
2024_05_29_acd02,acd,acd02,5/29/2024,2,2024_05_29_acd_r02,water_nacl_opto,0,NA,dual,12,nac,NA,NA,42,415; 470,1.8;4,10; 30,1;2,g;g,20,0,120,20,470,NA,415,0.1,3,4,0,20,10,20,spout_extended,NA
2024_05_29_acd02,acd,acd02,5/29/2024,2,2024_05_29_acd_r02,water_nacl_opto,0,NA,dual,10,dms,NA,NA,42,415; 470,1.8;4,10; 30,1;2,g;g,20,0,120,20,470,NA,415,0.1,3,4,0,20,10,20,spout_extended,NA
2024_05_29_acd02,acd,acd02,5/29/2024,2,2024_05_29_acd_r02,water_nacl_opto,0,NA,dual,5,dls,NA,NA,42,415; 470,1.8;4,10; 30,1;2,g;g,20,0,120,20,470,NA,415,0.1,3,4,0,20,10,20,spout_extended,NA
2024_05_29_acd02,acd,acd02,5/29/2024,2,2024_05_29_acd_r02,water_nacl_opto,0,NA,dual,6,ts,NA,NA,42,415; 470,1.8;4,10; 30,1;2,g;g,20,0,120,20,470,NA,415,0.1,3,4,0,20,10,20,spout_extended,NA
2024_05_29_acd03,acd,acd03,5/29/2024,3,2024_05_29_acd_r03,water_nacl_opto,0,NA,dual,12,nac_shelllat,NA,NA,42,415; 470,1.8;4,10; 30,1;2,g;g,20,0,120,20,470,NA,415,0.1,3,4,0,20,10,20,spout_extended,NA
2024_05_29_acd03,acd,acd03,5/29/2024,3,2024_05_29_acd_r03,water_nacl_opto,0,NA,dual,10,nac_corr,NA,NA,42,415; 470,1.8;4,10; 30,1;2,g;g,20,0,120,20,470,NA,415,0.1,3,4,0,20,10,20,spout_extended,NA
2024_05_29_acd03,acd,acd03,5/29/2024,3,2024_05_29_acd_r03,water_nacl_opto,0,NA,dual,6,nac,NA,NA,42,415; 470,1.8;4,10; 30,1;2,g;g,20,0,120,20,470,NA,415,0.1,3,4,0,20,10,20,spout_extended,NA
2024_05_29_acd03,acd,acd03,5/29/2024,3,2024_05_29_acd_r03,water_nacl_opto,0,NA,dual,5,dms,NA,NA,42,415; 470,1.8;4,10; 30,1;2,g;g,20,0,120,20,470,NA,415,0.1,3,4,0,20,10,20,spout_extended,NA
2024_05_29_acd03,acd,acd03,5/29/2024,3,2024_05_29_acd_r03,water_nacl_opto,0,NA,dual,4,dls,NA,NA,42,415; 470,1.8;4,10; 30,1;2,g;g,20,0,120,20,470,NA,415,0.1,3,4,0,20,10,20,spout_extended,NA
2024_05_29_acd03,acd,acd03,5/29/2024,3,2024_05_29_acd_r03,water_nacl_opto,0,NA,dual,3,ts,NA,NA,42,415; 470,1.8;4,10; 30,1;2,g;g,20,0,120,20,470,NA,415,0.1,3,4,0,20,10,20,spout_extended,NA
2024_05_29_acd04,acd,acd04,5/29/2024,4,2024_05_29_acd_r04,water_nacl_opto,0,NA,dual,10,nac_shelllat,NA,NA,42,415; 470,1.8;4,10; 30,1;2,g;g,20,0,120,20,470,NA,415,0.1,3,4,0,20,10,20,spout_extended,NA
2024_05_29_acd04,acd,acd04,5/29/2024,4,2024_05_29_acd_r04,water_nacl_opto,0,NA,dual,12,nac_corr,NA,NA,42,415; 470,1.8;4,10; 30,1;2,g;g,20,0,120,20,470,NA,415,0.1,3,4,0,20,10,20,spout_extended,NA
2024_05_29_acd04,acd,acd04,5/29/2024,4,2024_05_29_acd_r04,water_nacl_opto,0,NA,dual,5,nac,NA,NA,42,415; 470,1.8;4,10; 30,1;2,g;g,20,0,120,20,470,NA,415,0.1,3,4,0,20,10,20,spout_extended,NA
2024_05_29_acd04,acd,acd04,5/29/2024,4,2024_05_29_acd_r04,water_nacl_opto,0,NA,dual,3,dms,NA,NA,42,415; 470,1.8;4,10; 30,1;2,g;g,20,0,120,20,470,NA,415,0.1,3,4,0,20,10,20,spout_extended,NA
2024_05_29_acd04,acd,acd04,5/29/2024,4,2024_05_29_acd_r04,water_nacl_opto,0,NA,dual,6,dls,NA,NA,42,415; 470,1.8;4,10; 30,1;2,g;g,20,0,120,20,470,NA,415,0.1,3,4,0,20,10,20,spout_extended,NA
2024_05_29_acd04,acd,acd04,5/29/2024,4,2024_05_29_acd_r04,water_nacl_opto,0,NA,dual,4,ts,NA,NA,42,415; 470,1.8;4,10; 30,1;2,g;g,20,0,120,20,470,NA,415,0.1,3,4,0,20,10,20,spout_extended,NA
2024_05_29_acd05,acd,acd05,5/29/2024,5,2024_05_29_acd_r05,water_nacl_opto,0,NA,dual,3,nac_shelllat,NA,NA,42,415; 470,1.8;4,10; 30,1;2,g;g,20,0,120,20,470,NA,415,0.1,3,4,0,20,10,20,spout_extended,NA
2024_05_29_acd05,acd,acd05,5/29/2024,5,2024_05_29_acd_r05,water_nacl_opto,0,NA,dual,4,nac_corr,NA,NA,42,415; 470,1.8;4,10; 30,1;2,g;g,20,0,120,20,470,NA,415,0.1,3,4,0,20,10,20,spout_extended,NA
2024_05_29_acd05,acd,acd05,5/29/2024,5,2024_05_29_acd_r05,water_nacl_opto,0,NA,dual,12,nac,NA,NA,42,415; 470,1.8;4,10; 30,1;2,g;g,20,0,120,20,470,NA,415,0.1,3,4,0,20,10,20,spout_extended,NA
2024_05_29_acd05,acd,acd05,5/29/2024,5,2024_05_29_acd_r05,water_nacl_opto,0,NA,dual,10,dms,NA,NA,42,415; 470,1.8;4,10; 30,1;2,g;g,20,0,120,20,470,NA,415,0.1,3,4,0,20,10,20,spout_extended,NA
2024_05_29_acd05,acd,acd05,5/29/2024,5,2024_05_29_acd_r05,water_nacl_opto,0,NA,dual,5,dls,NA,NA,42,415; 470,1.8;4,10; 30,1;2,g;g,20,0,120,20,470,NA,415,0.1,3,4,0,20,10,20,spout_extended,NA
2024_05_29_acd05,acd,acd05,5/29/2024,5,2024_05_29_acd_r05,water_nacl_opto,0,NA,dual,6,ts,NA,NA,42,415; 470,1.8;4,10; 30,1;2,g;g,20,0,120,20,470,NA,415,0.1,3,4,0,20,10,20,spout_extended,NA
2024_05_29_acd06,acd,acd06,5/29/2024,6,2024_05_29_acd_r06,water_nacl_opto,0,NA,dual,12,nac_shelllat,NA,NA,42,415; 470,1.8;4,10; 30,1;2,g;g,20,0,120,20,470,NA,415,0.1,3,4,0,20,10,20,spout_extended,NA
2024_05_29_acd06,acd,acd06,5/29/2024,6,2024_05_29_acd_r06,water_nacl_opto,0,NA,dual,10,nac_corr,NA,NA,42,415; 470,1.8;4,10; 30,1;2,g;g,20,0,120,20,470,NA,415,0.1,3,4,0,20,10,20,spout_extended,NA
2024_05_29_acd06,acd,acd06,5/29/2024,6,2024_05_29_acd_r06,water_nacl_opto,0,NA,dual,6,nac,NA,NA,42,415; 470,1.8;4,10; 30,1;2,g;g,20,0,120,20,470,NA,415,0.1,3,4,0,20,10,20,spout_extended,NA
2024_05_29_acd06,acd,acd06,5/29/2024,6,2024_05_29_acd_r06,water_nacl_opto,0,NA,dual,5,dms,NA,NA,42,415; 470,1.8;4,10; 30,1;2,g;g,20,0,120,20,470,NA,415,0.1,3,4,0,20,10,20,spout_extended,NA
2024_05_29_acd06,acd,acd06,5/29/2024,6,2024_05_29_acd_r06,water_nacl_opto,0,NA,dual,4,dls,NA,NA,42,415; 470,1.8;4,10; 30,1;2,g;g,20,0,120,20,470,NA,415,0.1,3,4,0,20,10,20,spout_extended,NA
2024_05_29_acd06,acd,acd06,5/29/2024,6,2024_05_29_acd_r06,water_nacl_opto,0,NA,dual,3,ts,NA,NA,42,415; 470,1.8;4,10; 30,1;2,g;g,20,0,120,20,470,NA,415,0.1,3,4,0,20,10,20,spout_extended,NA
2024_05_29_acd07,acd,acd07,5/29/2024,7,2024_05_29_acd_r07,water_nacl_opto,0,NA,dual,6,nac_shelllat,NA,NA,42,415; 470,1.8;4,10; 30,1;2,g;g,20,0,120,20,470,NA,415,0.1,3,4,0,20,10,20,spout_extended,NA
2024_05_29_acd07,acd,acd07,5/29/2024,7,2024_05_29_acd_r07,water_nacl_opto,0,NA,dual,5,nac_corr,NA,NA,42,415; 470,1.8;4,10; 30,1;2,g;g,20,0,120,20,470,NA,415,0.1,3,4,0,20,10,20,spout_extended,NA
2024_05_29_acd07,acd,acd07,5/29/2024,7,2024_05_29_acd_r07,water_nacl_opto,0,NA,dual,3,nac,NA,NA,42,415; 470,1.8;4,10; 30,1;2,g;g,20,0,120,20,470,NA,415,0.1,3,4,0,20,10,20,spout_extended,NA
2024_05_29_acd07,acd,acd07,5/29/2024,7,2024_05_29_acd_r07,water_nacl_opto,0,NA,dual,4,dms,NA,NA,42,415; 470,1.8;4,10; 30,1;2,g;g,20,0,120,20,470,NA,415,0.1,3,4,0,20,10,20,spout_extended,NA
2024_05_29_acd07,acd,acd07,5/29/2024,7,2024_05_29_acd_r07,water_nacl_opto,0,NA,dual,10,dls,NA,NA,42,415; 470,1.8;4,10; 30,1;2,g;g,20,0,120,20,470,NA,415,0.1,3,4,0,20,10,20,spout_extended,NA
2024_05_29_acd07,acd,acd07,5/29/2024,7,2024_05_29_acd_r07,water_nacl_opto,0,NA,dual,12,ts,NA,NA,42,415; 470,1.8;4,10; 30,1;2,g;g,20,0,120,20,470,NA,415,0.1,3,4,0,20,10,20,spout_extended,NA
2024_05_29_acd08,acd,acd08,5/29/2024,8,2024_05_29_acd_r08,water_nacl_opto,0,NA,dual,5,nac_shelllat,NA,NA,42,415; 470,1.8;4,10; 30,1;2,g;g,20,0,120,20,470,NA,415,0.1,3,4,0,20,10,20,spout_extended,NA
2024_05_29_acd08,acd,acd08,5/29/2024,8,2024_05_29_acd_r08,water_nacl_opto,0,NA,dual,3,nac_corr,NA,NA,42,415; 470,1.8;4,10; 30,1;2,g;g,20,0,120,20,470,NA,415,0.1,3,4,0,20,10,20,spout_extended,NA
2024_05_29_acd08,acd,acd08,5/29/2024,8,2024_05_29_acd_r08,water_nacl_opto,0,NA,dual,4,nac,NA,NA,42,415; 470,1.8;4,10; 30,1;2,g;g,20,0,120,20,470,NA,415,0.1,3,4,0,20,10,20,spout_extended,NA
2024_05_29_acd08,acd,acd08,5/29/2024,8,2024_05_29_acd_r08,water_nacl_opto,0,NA,dual,6,dms,NA,NA,42,415; 470,1.8;4,10; 30,1;2,g;g,20,0,120,20,470,NA,415,0.1,3,4,0,20,10,20,spout_extended,NA
2024_05_29_acd08,acd,acd08,5/29/2024,8,2024_05_29_acd_r08,water_nacl_opto,0,NA,dual,12,dls,NA,NA,42,415; 470,1.8;4,10; 30,1;2,g;g,20,0,120,20,470,NA,415,0.1,3,4,0,20,10,20,spout_extended,NA
2024_05_29_acd08,acd,acd08,5/29/2024,8,2024_05_29_acd_r08,water_nacl_opto,0,NA,dual,10,ts,NA,NA,42,415; 470,1.8;4,10; 30,1;2,g;g,20,0,120,20,470,NA,415,0.1,3,4,0,20,10,20,spout_extended,NA
2024_05_29_acd09,acd,acd09,5/29/2024,9,2024_05_29_acd_r09,water_nacl_opto,0,NA,dual,4,nac_shelllat,NA,NA,42,415; 470,1.8;4,10; 30,1;2,g;g,20,0,120,20,470,NA,415,0.1,3,4,0,20,10,20,spout_extended,NA
2024_05_29_acd09,acd,acd09,5/29/2024,9,2024_05_29_acd_r09,water_nacl_opto,0,NA,dual,6,nac_corr,NA,NA,42,415; 470,1.8;4,10; 30,1;2,g;g,20,0,120,20,470,NA,415,0.1,3,4,0,20,10,20,spout_extended,NA
2024_05_29_acd09,acd,acd09,5/29/2024,9,2024_05_29_acd_r09,water_nacl_opto,0,NA,dual,10,nac,NA,NA,42,415; 470,1.8;4,10; 30,1;2,g;g,20,0,120,20,470,NA,415,0.1,3,4,0,20,10,20,spout_extended,NA
2024_05_29_acd09,acd,acd09,5/29/2024,9,2024_05_29_acd_r09,water_nacl_opto,0,NA,dual,12,dms,NA,NA,42,415; 470,1.8;4,10; 30,1;2,g;g,20,0,120,20,470,NA,415,0.1,3,4,0,20,10,20,spout_extended,NA
2024_05_29_acd09,acd,acd09,5/29/2024,9,2024_05_29_acd_r09,water_nacl_opto,0,NA,dual,3,dls,NA,NA,42,415; 470,1.8;4,10; 30,1;2,g;g,20,0,120,20,470,NA,415,0.1,3,4,0,20,10,20,spout_extended,NA
2024_05_29_acd09,acd,acd09,5/29/2024,9,2024_05_29_acd_r09,water_nacl_opto,0,NA,dual,5,ts,NA,NA,42,415; 470,1.8;4,10; 30,1;2,g;g,20,0,120,20,470,NA,415,0.1,3,4,0,20,10,20,spout_extended,NA
2024_05_29_acd10,acd,acd10,5/29/2024,10,2024_05_29_acd_r10,water_nacl_opto,0,NA,dual,3,nac_shelllat,NA,NA,42,415; 470,1.8;4,10; 30,1;2,g;g,20,0,120,20,470,NA,415,0.1,3,4,0,20,10,20,spout_extended,NA
2024_05_29_acd10,acd,acd10,5/29/2024,10,2024_05_29_acd_r10,water_nacl_opto,0,NA,dual,4,nac_corr,NA,NA,42,415; 470,1.8;4,10; 30,1;2,g;g,20,0,120,20,470,NA,415,0.1,3,4,0,20,10,20,spout_extended,NA
2024_05_29_acd10,acd,acd10,5/29/2024,10,2024_05_29_acd_r10,water_nacl_opto,0,NA,dual,12,nac,NA,NA,42,415; 470,1.8;4,10; 30,1;2,g;g,20,0,120,20,470,NA,415,0.1,3,4,0,20,10,20,spout_extended,NA
2024_05_29_acd10,acd,acd10,5/29/2024,10,2024_05_29_acd_r10,water_nacl_opto,0,NA,dual,10,dms,NA,NA,42,415; 470,1.8;4,10; 30,1;2,g;g,20,0,120,20,470,NA,415,0.1,3,4,0,20,10,20,spout_extended,NA
2024_05_29_acd10,acd,acd10,5/29/2024,10,2024_05_29_acd_r10,water_nacl_opto,0,NA,dual,5,dls,NA,NA,42,415; 470,1.8;4,10; 30,1;2,g;g,20,0,120,20,470,NA,415,0.1,3,4,0,20,10,20,spout_extended,NA
2024_05_29_acd10,acd,acd10,5/29/2024,10,2024_05_29_acd_r10,water_nacl_opto,0,NA,dual,6,ts,NA,NA,42,415; 470,1.8;4,10; 30,1;2,g;g,20,0,120,20,470,NA,415,0.1,3,4,0,20,10,20,spout_extended,NA
2024_05_29_acd11,acd,acd11,5/29/2024,11,2024_05_29_acd_r11,water_nacl_opto,0,NA,dual,12,nac_shelllat,NA,NA,42,415; 470,1.8;4,10; 30,1;2,g;g,20,0,120,20,470,NA,415,0.1,3,4,0,20,10,20,spout_extended,NA
2024_05_29_acd11,acd,acd11,5/29/2024,11,2024_05_29_acd_r11,water_nacl_opto,0,NA,dual,10,nac_corr,NA,NA,42,415; 470,1.8;4,10; 30,1;2,g;g,20,0,120,20,470,NA,415,0.1,3,4,0,20,10,20,spout_extended,NA
2024_05_29_acd11,acd,acd11,5/29/2024,11,2024_05_29_acd_r11,water_nacl_opto,0,NA,dual,6,nac,NA,NA,42,415; 470,1.8;4,10; 30,1;2,g;g,20,0,120,20,470,NA,415,0.1,3,4,0,20,10,20,spout_extended,NA
2024_05_29_acd11,acd,acd11,5/29/2024,11,2024_05_29_acd_r11,water_nacl_opto,0,NA,dual,5,dms,NA,NA,42,415; 470,1.8;4,10; 30,1;2,g;g,20,0,120,20,470,NA,415,0.1,3,4,0,20,10,20,spout_extended,NA
2024_05_29_acd11,acd,acd11,5/29/2024,11,2024_05_29_acd_r11,water_nacl_opto,0,NA,dual,4,dls,NA,NA,42,415; 470,1.8;4,10; 30,1;2,g;g,20,0,120,20,470,NA,415,0.1,3,4,0,20,10,20,spout_extended,NA
2024_05_29_acd11,acd,acd11,5/29/2024,11,2024_05_29_acd_r11,water_nacl_opto,0,NA,dual,3,ts,NA,NA,42,415; 470,1.8;4,10; 30,1;2,g;g,20,0,120,20,470,NA,415,0.1,3,4,0,20,10,20,spout_extended,NA
2024_05_29_acd12,acd,acd12,5/29/2024,12,2024_05_29_acd_r12,water_nacl_opto,0,NA,dual,10,nac_shelllat,NA,NA,42,415; 470,1.8;4,10; 30,1;2,g;g,20,0,120,20,470,NA,415,0.1,3,4,0,20,10,20,spout_extended,NA
2024_05_29_acd12,acd,acd12,5/29/2024,12,2024_05_29_acd_r12,water_nacl_opto,0,NA,dual,12,nac_corr,NA,NA,42,415; 470,1.8;4,10; 30,1;2,g;g,20,0,120,20,470,NA,415,0.1,3,4,0,20,10,20,spout_extended,NA
2024_05_29_acd12,acd,acd12,5/29/2024,12,2024_05_29_acd_r12,water_nacl_opto,0,NA,dual,5,nac,NA,NA,42,415; 470,1.8;4,10; 30,1;2,g;g,20,0,120,20,470,NA,415,0.1,3,4,0,20,10,20,spout_extended,NA
2024_05_29_acd12,acd,acd12,5/29/2024,12,2024_05_29_acd_r12,water_nacl_opto,0,NA,dual,3,dms,NA,NA,42,415; 470,1.8;4,10; 30,1;2,g;g,20,0,120,20,470,NA,415,0.1,3,4,0,20,10,20,spout_extended,NA
2024_05_29_acd12,acd,acd12,5/29/2024,12,2024_05_29_acd_r12,water_nacl_opto,0,NA,dual,6,dls,NA,NA,42,415; 470,1.8;4,10; 30,1;2,g;g,20,0,120,20,470,NA,415,0.1,3,4,0,20,10,20,spout_extended,NA
2024_05_29_acd12,acd,acd12,5/29/2024,12,2024_05_29_acd_r12,water_nacl_opto,0,NA,dual,4,ts,NA,NA,42,415; 470,1.8;4,10; 30,1;2,g;g,20,0,120,20,470,NA,415,0.1,3,4,0,20,10,20,spout_extended,NA
2024_05_29_acd13,acd,acd13,5/29/2024,13,2024_05_29_acd_r13,water_nacl_opto,0,NA,dual,6,nac_shelllat,NA,NA,42,415; 470,1.8;4,10; 30,1;2,g;g,20,0,120,20,470,NA,415,0.1,3,4,0,20,10,20,spout_extended,NA
2024_05_29_acd13,acd,acd13,5/29/2024,13,2024_05_29_acd_r13,water_nacl_opto,0,NA,dual,5,nac_corr,NA,NA,42,415; 470,1.8;4,10; 30,1;2,g;g,20,0,120,20,470,NA,415,0.1,3,4,0,20,10,20,spout_extended,NA
2024_05_29_acd13,acd,acd13,5/29/2024,13,2024_05_29_acd_r13,water_nacl_opto,0,NA,dual,3,nac,NA,NA,42,415; 470,1.8;4,10; 30,1;2,g;g,20,0,120,20,470,NA,415,0.1,3,4,0,20,10,20,spout_extended,NA
2024_05_29_acd13,acd,acd13,5/29/2024,13,2024_05_29_acd_r13,water_nacl_opto,0,NA,dual,4,dms,NA,NA,42,415; 470,1.8;4,10; 30,1;2,g;g,20,0,120,20,470,NA,415,0.1,3,4,0,20,10,20,spout_extended,NA
2024_05_29_acd13,acd,acd13,5/29/2024,13,2024_05_29_acd_r13,water_nacl_opto,0,NA,dual,10,dls,NA,NA,42,415; 470,1.8;4,10; 30,1;2,g;g,20,0,120,20,470,NA,415,0.1,3,4,0,20,10,20,spout_extended,NA
2024_05_29_acd13,acd,acd13,5/29/2024,13,2024_05_29_acd_r13,water_nacl_opto,0,NA,dual,12,ts,NA,NA,42,415; 470,1.8;4,10; 30,1;2,g;g,20,0,120,20,470,NA,415,0.1,3,4,0,20,10,20,spout_extended,NA
2024_05_29_acd14,acd,acd14,5/29/2024,14,2024_05_29_acd_r14,water_nacl_opto,0,NA,dual,5,nac_shelllat,NA,NA,42,415; 470,1.8;4,10; 30,1;2,g;g,20,0,120,20,470,NA,415,0.1,3,4,0,20,10,20,spout_extended,NA
2024_05_29_acd14,acd,acd14,5/29/2024,14,2024_05_29_acd_r14,water_nacl_opto,0,NA,dual,3,nac_corr,NA,NA,42,415; 470,1.8;4,10; 30,1;2,g;g,20,0,120,20,470,NA,415,0.1,3,4,0,20,10,20,spout_extended,NA
2024_05_29_acd14,acd,acd14,5/29/2024,14,2024_05_29_acd_r14,water_nacl_opto,0,NA,dual,4,nac,NA,NA,42,415; 470,1.8;4,10; 30,1;2,g;g,20,0,120,20,470,NA,415,0.1,3,4,0,20,10,20,spout_extended,NA
2024_05_29_acd14,acd,acd14,5/29/2024,14,2024_05_29_acd_r14,water_nacl_opto,0,NA,dual,6,dms,NA,NA,42,415; 470,1.8;4,10; 30,1;2,g;g,20,0,120,20,470,NA,415,0.1,3,4,0,20,10,20,spout_extended,NA
2024_05_29_acd14,acd,acd14,5/29/2024,14,2024_05_29_acd_r14,water_nacl_opto,0,NA,dual,12,dls,NA,NA,42,415; 470,1.8;4,10; 30,1;2,g;g,20,0,120,20,470,NA,415,0.1,3,4,0,20,10,20,spout_extended,NA
2024_05_29_acd14,acd,acd14,5/29/2024,14,2024_05_29_acd_r14,water_nacl_opto,0,NA,dual,10,ts,NA,NA,42,415; 470,1.8;4,10; 30,1;2,g;g,20,0,120,20,470,NA,415,0.1,3,4,0,20,10,20,spout_extended,NA
2024_05_30_acd01,acd,acd01,5/30/2024,1,2024_05_30_acd_r01,water_nacl_opto,0,NA,dual,5,nac_shelllat,NA,NA,42,415; 470,1.8;4,10; 30,1;2,g;g,20,0,120,20,470,NA,415,0.1,3,4,0,20,10,20,spout_extended,NA
2024_05_30_acd01,acd,acd01,5/30/2024,1,2024_05_30_acd_r01,water_nacl_opto,0,NA,dual,3,nac_corr,NA,NA,42,415; 470,1.8;4,10; 30,1;2,g;g,20,0,120,20,470,NA,415,0.1,3,4,0,20,10,20,spout_extended,NA
2024_05_30_acd01,acd,acd01,5/30/2024,1,2024_05_30_acd_r01,water_nacl_opto,0,NA,dual,4,nac,NA,NA,42,415; 470,1.8;4,10; 30,1;2,g;g,20,0,120,20,470,NA,415,0.1,3,4,0,20,10,20,spout_extended,NA
2024_05_30_acd01,acd,acd01,5/30/2024,1,2024_05_30_acd_r01,water_nacl_opto,0,NA,dual,6,dms,NA,NA,42,415; 470,1.8;4,10; 30,1;2,g;g,20,0,120,20,470,NA,415,0.1,3,4,0,20,10,20,spout_extended,NA
2024_05_30_acd01,acd,acd01,5/30/2024,1,2024_05_30_acd_r01,water_nacl_opto,0,NA,dual,12,dls,NA,NA,42,415; 470,1.8;4,10; 30,1;2,g;g,20,0,120,20,470,NA,415,0.1,3,4,0,20,10,20,spout_extended,NA
2024_05_30_acd01,acd,acd01,5/30/2024,1,2024_05_30_acd_r01,water_nacl_opto,0,NA,dual,10,ts,NA,NA,42,415; 470,1.8;4,10; 30,1;2,g;g,20,0,120,20,470,NA,415,0.1,3,4,0,20,10,20,spout_extended,NA
2024_05_30_acd02,acd,acd02,5/30/2024,2,2024_05_30_acd_r02,water_nacl_opto,0,NA,dual,4,nac_shelllat,NA,NA,42,415; 470,1.8;4,10; 30,1;2,g;g,20,0,120,20,470,NA,415,0.1,3,4,0,20,10,20,spout_extended,NA
2024_05_30_acd02,acd,acd02,5/30/2024,2,2024_05_30_acd_r02,water_nacl_opto,0,NA,dual,6,nac_corr,NA,NA,42,415; 470,1.8;4,10; 30,1;2,g;g,20,0,120,20,470,NA,415,0.1,3,4,0,20,10,20,spout_extended,NA
2024_05_30_acd02,acd,acd02,5/30/2024,2,2024_05_30_acd_r02,water_nacl_opto,0,NA,dual,10,nac,NA,NA,42,415; 470,1.8;4,10; 30,1;2,g;g,20,0,120,20,470,NA,415,0.1,3,4,0,20,10,20,spout_extended,NA
2024_05_30_acd02,acd,acd02,5/30/2024,2,2024_05_30_acd_r02,water_nacl_opto,0,NA,dual,12,dms,NA,NA,42,415; 470,1.8;4,10; 30,1;2,g;g,20,0,120,20,470,NA,415,0.1,3,4,0,20,10,20,spout_extended,NA
2024_05_30_acd02,acd,acd02,5/30/2024,2,2024_05_30_acd_r02,water_nacl_opto,0,NA,dual,3,dls,NA,NA,42,415; 470,1.8;4,10; 30,1;2,g;g,20,0,120,20,470,NA,415,0.1,3,4,0,20,10,20,spout_extended,NA
2024_05_30_acd02,acd,acd02,5/30/2024,2,2024_05_30_acd_r02,water_nacl_opto,0,NA,dual,5,ts,NA,NA,42,415; 470,1.8;4,10; 30,1;2,g;g,20,0,120,20,470,NA,415,0.1,3,4,0,20,10,20,spout_extended,NA
2024_05_30_acd03,acd,acd03,5/30/2024,3,2024_05_30_acd_r03,water_nacl_opto,0,NA,dual,3,nac_shelllat,NA,NA,42,415; 470,1.8;4,10; 30,1;2,g;g,20,0,120,20,470,NA,415,0.1,3,4,0,20,10,20,spout_extended,NA
2024_05_30_acd03,acd,acd03,5/30/2024,3,2024_05_30_acd_r03,water_nacl_opto,0,NA,dual,4,nac_corr,NA,NA,42,415; 470,1.8;4,10; 30,1;2,g;g,20,0,120,20,470,NA,415,0.1,3,4,0,20,10,20,spout_extended,NA
2024_05_30_acd03,acd,acd03,5/30/2024,3,2024_05_30_acd_r03,water_nacl_opto,0,NA,dual,12,nac,NA,NA,42,415; 470,1.8;4,10; 30,1;2,g;g,20,0,120,20,470,NA,415,0.1,3,4,0,20,10,20,spout_extended,NA
2024_05_30_acd03,acd,acd03,5/30/2024,3,2024_05_30_acd_r03,water_nacl_opto,0,NA,dual,10,dms,NA,NA,42,415; 470,1.8;4,10; 30,1;2,g;g,20,0,120,20,470,NA,415,0.1,3,4,0,20,10,20,spout_extended,NA
2024_05_30_acd03,acd,acd03,5/30/2024,3,2024_05_30_acd_r03,water_nacl_opto,0,NA,dual,5,dls,NA,NA,42,415; 470,1.8;4,10; 30,1;2,g;g,20,0,120,20,470,NA,415,0.1,3,4,0,20,10,20,spout_extended,NA
2024_05_30_acd03,acd,acd03,5/30/2024,3,2024_05_30_acd_r03,water_nacl_opto,0,NA,dual,6,ts,NA,NA,42,415; 470,1.8;4,10; 30,1;2,g;g,20,0,120,20,470,NA,415,0.1,3,4,0,20,10,20,spout_extended,NA
2024_05_30_acd04,acd,acd04,5/30/2024,4,2024_05_30_acd_r04,water_nacl_opto,0,NA,dual,12,nac_shelllat,NA,NA,42,415; 470,1.8;4,10; 30,1;2,g;g,20,0,120,20,470,NA,415,0.1,3,4,0,20,10,20,spout_extended,NA
2024_05_30_acd04,acd,acd04,5/30/2024,4,2024_05_30_acd_r04,water_nacl_opto,0,NA,dual,10,nac_corr,NA,NA,42,415; 470,1.8;4,10; 30,1;2,g;g,20,0,120,20,470,NA,415,0.1,3,4,0,20,10,20,spout_extended,NA
2024_05_30_acd04,acd,acd04,5/30/2024,4,2024_05_30_acd_r04,water_nacl_opto,0,NA,dual,6,nac,NA,NA,42,415; 470,1.8;4,10; 30,1;2,g;g,20,0,120,20,470,NA,415,0.1,3,4,0,20,10,20,spout_extended,NA
2024_05_30_acd04,acd,acd04,5/30/2024,4,2024_05_30_acd_r04,water_nacl_opto,0,NA,dual,5,dms,NA,NA,42,415; 470,1.8;4,10; 30,1;2,g;g,20,0,120,20,470,NA,415,0.1,3,4,0,20,10,20,spout_extended,NA
2024_05_30_acd04,acd,acd04,5/30/2024,4,2024_05_30_acd_r04,water_nacl_opto,0,NA,dual,4,dls,NA,NA,42,415; 470,1.8;4,10; 30,1;2,g;g,20,0,120,20,470,NA,415,0.1,3,4,0,20,10,20,spout_extended,NA
2024_05_30_acd04,acd,acd04,5/30/2024,4,2024_05_30_acd_r04,water_nacl_opto,0,NA,dual,3,ts,NA,NA,42,415; 470,1.8;4,10; 30,1;2,g;g,20,0,120,20,470,NA,415,0.1,3,4,0,20,10,20,spout_extended,NA
2024_05_30_acd05,acd,acd05,5/30/2024,5,2024_05_30_acd_r05,water_nacl_opto,0,NA,dual,10,nac_shelllat,NA,NA,42,415; 470,1.8;4,10; 30,1;2,g;g,20,0,120,20,470,NA,415,0.1,3,4,0,20,10,20,spout_extended,NA
2024_05_30_acd05,acd,acd05,5/30/2024,5,2024_05_30_acd_r05,water_nacl_opto,0,NA,dual,12,nac_corr,NA,NA,42,415; 470,1.8;4,10; 30,1;2,g;g,20,0,120,20,470,NA,415,0.1,3,4,0,20,10,20,spout_extended,NA
2024_05_30_acd05,acd,acd05,5/30/2024,5,2024_05_30_acd_r05,water_nacl_opto,0,NA,dual,5,nac,NA,NA,42,415; 470,1.8;4,10; 30,1;2,g;g,20,0,120,20,470,NA,415,0.1,3,4,0,20,10,20,spout_extended,NA
2024_05_30_acd05,acd,acd05,5/30/2024,5,2024_05_30_acd_r05,water_nacl_opto,0,NA,dual,3,dms,NA,NA,42,415; 470,1.8;4,10; 30,1;2,g;g,20,0,120,20,470,NA,415,0.1,3,4,0,20,10,20,spout_extended,NA
2024_05_30_acd05,acd,acd05,5/30/2024,5,2024_05_30_acd_r05,water_nacl_opto,0,NA,dual,6,dls,NA,NA,42,415; 470,1.8;4,10; 30,1;2,g;g,20,0,120,20,470,NA,415,0.1,3,4,0,20,10,20,spout_extended,NA
2024_05_30_acd05,acd,acd05,5/30/2024,5,2024_05_30_acd_r05,water_nacl_opto,0,NA,dual,4,ts,NA,NA,42,415; 470,1.8;4,10; 30,1;2,g;g,20,0,120,20,470,NA,415,0.1,3,4,0,20,10,20,spout_extended,NA
2024_05_30_acd06,acd,acd06,5/30/2024,6,2024_05_30_acd_r06,water_nacl_opto,0,NA,dual,3,nac_shelllat,NA,NA,42,415; 470,1.8;4,10; 30,1;2,g;g,20,0,120,20,470,NA,415,0.1,3,4,0,20,10,20,spout_extended,NA
2024_05_30_acd06,acd,acd06,5/30/2024,6,2024_05_30_acd_r06,water_nacl_opto,0,NA,dual,4,nac_corr,NA,NA,42,415; 470,1.8;4,10; 30,1;2,g;g,20,0,120,20,470,NA,415,0.1,3,4,0,20,10,20,spout_extended,NA
2024_05_30_acd06,acd,acd06,5/30/2024,6,2024_05_30_acd_r06,water_nacl_opto,0,NA,dual,12,nac,NA,NA,42,415; 470,1.8;4,10; 30,1;2,g;g,20,0,120,20,470,NA,415,0.1,3,4,0,20,10,20,spout_extended,NA
2024_05_30_acd06,acd,acd06,5/30/2024,6,2024_05_30_acd_r06,water_nacl_opto,0,NA,dual,10,dms,NA,NA,42,415; 470,1.8;4,10; 30,1;2,g;g,20,0,120,20,470,NA,415,0.1,3,4,0,20,10,20,spout_extended,NA
2024_05_30_acd06,acd,acd06,5/30/2024,6,2024_05_30_acd_r06,water_nacl_opto,0,NA,dual,5,dls,NA,NA,42,415; 470,1.8;4,10; 30,1;2,g;g,20,0,120,20,470,NA,415,0.1,3,4,0,20,10,20,spout_extended,NA
2024_05_30_acd06,acd,acd06,5/30/2024,6,2024_05_30_acd_r06,water_nacl_opto,0,NA,dual,6,ts,NA,NA,42,415; 470,1.8;4,10; 30,1;2,g;g,20,0,120,20,470,NA,415,0.1,3,4,0,20,10,20,spout_extended,NA
2024_05_30_acd07,acd,acd07,5/30/2024,7,2024_05_30_acd_r07,water_nacl_opto,0,NA,dual,12,nac_shelllat,NA,NA,42,415; 470,1.8;4,10; 30,1;2,g;g,20,0,120,20,470,NA,415,0.1,3,4,0,20,10,20,spout_extended,NA
2024_05_30_acd07,acd,acd07,5/30/2024,7,2024_05_30_acd_r07,water_nacl_opto,0,NA,dual,10,nac_corr,NA,NA,42,415; 470,1.8;4,10; 30,1;2,g;g,20,0,120,20,470,NA,415,0.1,3,4,0,20,10,20,spout_extended,NA
2024_05_30_acd07,acd,acd07,5/30/2024,7,2024_05_30_acd_r07,water_nacl_opto,0,NA,dual,6,nac,NA,NA,42,415; 470,1.8;4,10; 30,1;2,g;g,20,0,120,20,470,NA,415,0.1,3,4,0,20,10,20,spout_extended,NA
2024_05_30_acd07,acd,acd07,5/30/2024,7,2024_05_30_acd_r07,water_nacl_opto,0,NA,dual,5,dms,NA,NA,42,415; 470,1.8;4,10; 30,1;2,g;g,20,0,120,20,470,NA,415,0.1,3,4,0,20,10,20,spout_extended,NA
2024_05_30_acd07,acd,acd07,5/30/2024,7,2024_05_30_acd_r07,water_nacl_opto,0,NA,dual,4,dls,NA,NA,42,415; 470,1.8;4,10; 30,1;2,g;g,20,0,120,20,470,NA,415,0.1,3,4,0,20,10,20,spout_extended,NA
2024_05_30_acd07,acd,acd07,5/30/2024,7,2024_05_30_acd_r07,water_nacl_opto,0,NA,dual,3,ts,NA,NA,42,415; 470,1.8;4,10; 30,1;2,g;g,20,0,120,20,470,NA,415,0.1,3,4,0,20,10,20,spout_extended,NA
2024_05_30_acd08,acd,acd08,5/30/2024,8,2024_05_30_acd_r08,water_nacl_opto,0,NA,dual,6,nac_shelllat,NA,NA,42,415; 470,1.8;4,10; 30,1;2,g;g,20,0,120,20,470,NA,415,0.1,3,4,0,20,10,20,spout_extended,NA
2024_05_30_acd08,acd,acd08,5/30/2024,8,2024_05_30_acd_r08,water_nacl_opto,0,NA,dual,5,nac_corr,NA,NA,42,415; 470,1.8;4,10; 30,1;2,g;g,20,0,120,20,470,NA,415,0.1,3,4,0,20,10,20,spout_extended,NA
2024_05_30_acd08,acd,acd08,5/30/2024,8,2024_05_30_acd_r08,water_nacl_opto,0,NA,dual,3,nac,NA,NA,42,415; 470,1.8;4,10; 30,1;2,g;g,20,0,120,20,470,NA,415,0.1,3,4,0,20,10,20,spout_extended,NA
2024_05_30_acd08,acd,acd08,5/30/2024,8,2024_05_30_acd_r08,water_nacl_opto,0,NA,dual,4,dms,NA,NA,42,415; 470,1.8;4,10; 30,1;2,g;g,20,0,120,20,470,NA,415,0.1,3,4,0,20,10,20,spout_extended,NA
2024_05_30_acd08,acd,acd08,5/30/2024,8,2024_05_30_acd_r08,water_nacl_opto,0,NA,dual,10,dls,NA,NA,42,415; 470,1.8;4,10; 30,1;2,g;g,20,0,120,20,470,NA,415,0.1,3,4,0,20,10,20,spout_extended,NA
2024_05_30_acd08,acd,acd08,5/30/2024,8,2024_05_30_acd_r08,water_nacl_opto,0,NA,dual,12,ts,NA,NA,42,415; 470,1.8;4,10; 30,1;2,g;g,20,0,120,20,470,NA,415,0.1,3,4,0,20,10,20,spout_extended,NA
2024_05_30_acd09,acd,acd09,5/30/2024,9,2024_05_30_acd_r09,water_nacl_opto,0,NA,dual,6,nac_shelllat,NA,NA,42,415; 470,1.8;4,10; 30,1;2,g;g,20,0,120,20,470,NA,415,0.1,3,4,0,20,10,20,spout_extended,NA
2024_05_30_acd09,acd,acd09,5/30/2024,9,2024_05_30_acd_r09,water_nacl_opto,0,NA,dual,5,nac_corr,NA,NA,42,415; 470,1.8;4,10; 30,1;2,g;g,20,0,120,20,470,NA,415,0.1,3,4,0,20,10,20,spout_extended,NA
2024_05_30_acd09,acd,acd09,5/30/2024,9,2024_05_30_acd_r09,water_nacl_opto,0,NA,dual,3,nac,NA,NA,42,415; 470,1.8;4,10; 30,1;2,g;g,20,0,120,20,470,NA,415,0.1,3,4,0,20,10,20,spout_extended,NA
2024_05_30_acd09,acd,acd09,5/30/2024,9,2024_05_30_acd_r09,water_nacl_opto,0,NA,dual,4,dms,NA,NA,42,415; 470,1.8;4,10; 30,1;2,g;g,20,0,120,20,470,NA,415,0.1,3,4,0,20,10,20,spout_extended,NA
2024_05_30_acd09,acd,acd09,5/30/2024,9,2024_05_30_acd_r09,water_nacl_opto,0,NA,dual,10,dls,NA,NA,42,415; 470,1.8;4,10; 30,1;2,g;g,20,0,120,20,470,NA,415,0.1,3,4,0,20,10,20,spout_extended,NA
2024_05_30_acd09,acd,acd09,5/30/2024,9,2024_05_30_acd_r09,water_nacl_opto,0,NA,dual,12,ts,NA,NA,42,415; 470,1.8;4,10; 30,1;2,g;g,20,0,120,20,470,NA,415,0.1,3,4,0,20,10,20,spout_extended,NA
2024_05_30_acd10,acd,acd10,5/30/2024,10,2024_05_30_acd_r10,water_nacl_opto,0,NA,dual,4,nac_shelllat,NA,NA,42,415; 470,1.8;4,10; 30,1;2,g;g,20,0,120,20,470,NA,415,0.1,3,4,0,20,10,20,spout_extended,NA
2024_05_30_acd10,acd,acd10,5/30/2024,10,2024_05_30_acd_r10,water_nacl_opto,0,NA,dual,6,nac_corr,NA,NA,42,415; 470,1.8;4,10; 30,1;2,g;g,20,0,120,20,470,NA,415,0.1,3,4,0,20,10,20,spout_extended,NA
2024_05_30_acd10,acd,acd10,5/30/2024,10,2024_05_30_acd_r10,water_nacl_opto,0,NA,dual,10,nac,NA,NA,42,415; 470,1.8;4,10; 30,1;2,g;g,20,0,120,20,470,NA,415,0.1,3,4,0,20,10,20,spout_extended,NA
2024_05_30_acd10,acd,acd10,5/30/2024,10,2024_05_30_acd_r10,water_nacl_opto,0,NA,dual,12,dms,NA,NA,42,415; 470,1.8;4,10; 30,1;2,g;g,20,0,120,20,470,NA,415,0.1,3,4,0,20,10,20,spout_extended,NA
2024_05_30_acd10,acd,acd10,5/30/2024,10,2024_05_30_acd_r10,water_nacl_opto,0,NA,dual,3,dls,NA,NA,42,415; 470,1.8;4,10; 30,1;2,g;g,20,0,120,20,470,NA,415,0.1,3,4,0,20,10,20,spout_extended,NA
2024_05_30_acd10,acd,acd10,5/30/2024,10,2024_05_30_acd_r10,water_nacl_opto,0,NA,dual,5,ts,NA,NA,42,415; 470,1.8;4,10; 30,1;2,g;g,20,0,120,20,470,NA,415,0.1,3,4,0,20,10,20,spout_extended,NA
2024_05_30_acd11,acd,acd11,5/30/2024,11,2024_05_30_acd_r11,water_nacl_opto,0,NA,dual,3,nac_shelllat,NA,NA,42,415; 470,1.8;4,10; 30,1;2,g;g,20,0,120,20,470,NA,415,0.1,3,4,0,20,10,20,spout_extended,NA
2024_05_30_acd11,acd,acd11,5/30/2024,11,2024_05_30_acd_r11,water_nacl_opto,0,NA,dual,4,nac_corr,NA,NA,42,415; 470,1.8;4,10; 30,1;2,g;g,20,0,120,20,470,NA,415,0.1,3,4,0,20,10,20,spout_extended,NA
2024_05_30_acd11,acd,acd11,5/30/2024,11,2024_05_30_acd_r11,water_nacl_opto,0,NA,dual,12,nac,NA,NA,42,415; 470,1.8;4,10; 30,1;2,g;g,20,0,120,20,470,NA,415,0.1,3,4,0,20,10,20,spout_extended,NA
2024_05_30_acd11,acd,acd11,5/30/2024,11,2024_05_30_acd_r11,water_nacl_opto,0,NA,dual,10,dms,NA,NA,42,415; 470,1.8;4,10; 30,1;2,g;g,20,0,120,20,470,NA,415,0.1,3,4,0,20,10,20,spout_extended,NA
2024_05_30_acd11,acd,acd11,5/30/2024,11,2024_05_30_acd_r11,water_nacl_opto,0,NA,dual,5,dls,NA,NA,42,415; 470,1.8;4,10; 30,1;2,g;g,20,0,120,20,470,NA,415,0.1,3,4,0,20,10,20,spout_extended,NA
2024_05_30_acd11,acd,acd11,5/30/2024,11,2024_05_30_acd_r11,water_nacl_opto,0,NA,dual,6,ts,NA,NA,42,415; 470,1.8;4,10; 30,1;2,g;g,20,0,120,20,470,NA,415,0.1,3,4,0,20,10,20,spout_extended,NA
2024_05_30_acd12,acd,acd12,5/30/2024,12,2024_05_30_acd_r12,water_nacl_opto,0,NA,dual,12,nac_shelllat,NA,NA,42,415; 470,1.8;4,10; 30,1;2,g;g,20,0,120,20,470,NA,415,0.1,3,4,0,20,10,20,spout_extended,NA
2024_05_30_acd12,acd,acd12,5/30/2024,12,2024_05_30_acd_r12,water_nacl_opto,0,NA,dual,10,nac_corr,NA,NA,42,415; 470,1.8;4,10; 30,1;2,g;g,20,0,120,20,470,NA,415,0.1,3,4,0,20,10,20,spout_extended,NA
2024_05_30_acd12,acd,acd12,5/30/2024,12,2024_05_30_acd_r12,water_nacl_opto,0,NA,dual,6,nac,NA,NA,42,415; 470,1.8;4,10; 30,1;2,g;g,20,0,120,20,470,NA,415,0.1,3,4,0,20,10,20,spout_extended,NA
2024_05_30_acd12,acd,acd12,5/30/2024,12,2024_05_30_acd_r12,water_nacl_opto,0,NA,dual,5,dms,NA,NA,42,415; 470,1.8;4,10; 30,1;2,g;g,20,0,120,20,470,NA,415,0.1,3,4,0,20,10,20,spout_extended,NA
2024_05_30_acd12,acd,acd12,5/30/2024,12,2024_05_30_acd_r12,water_nacl_opto,0,NA,dual,4,dls,NA,NA,42,415; 470,1.8;4,10; 30,1;2,g;g,20,0,120,20,470,NA,415,0.1,3,4,0,20,10,20,spout_extended,NA
2024_05_30_acd12,acd,acd12,5/30/2024,12,2024_05_30_acd_r12,water_nacl_opto,0,NA,dual,3,ts,NA,NA,42,415; 470,1.8;4,10; 30,1;2,g;g,20,0,120,20,470,NA,415,0.1,3,4,0,20,10,20,spout_extended,NA
2024_05_30_acd13,acd,acd13,5/30/2024,13,2024_05_30_acd_r13,water_nacl_opto,0,NA,dual,10,nac_shelllat,NA,NA,42,415; 470,1.8;4,10; 30,1;2,g;g,20,0,120,20,470,NA,415,0.1,3,4,0,20,10,20,spout_extended,NA
2024_05_30_acd13,acd,acd13,5/30/2024,13,2024_05_30_acd_r13,water_nacl_opto,0,NA,dual,12,nac_corr,NA,NA,42,415; 470,1.8;4,10; 30,1;2,g;g,20,0,120,20,470,NA,415,0.1,3,4,0,20,10,20,spout_extended,NA
2024_05_30_acd13,acd,acd13,5/30/2024,13,2024_05_30_acd_r13,water_nacl_opto,0,NA,dual,5,nac,NA,NA,42,415; 470,1.8;4,10; 30,1;2,g;g,20,0,120,20,470,NA,415,0.1,3,4,0,20,10,20,spout_extended,NA
2024_05_30_acd13,acd,acd13,5/30/2024,13,2024_05_30_acd_r13,water_nacl_opto,0,NA,dual,3,dms,NA,NA,42,415; 470,1.8;4,10; 30,1;2,g;g,20,0,120,20,470,NA,415,0.1,3,4,0,20,10,20,spout_extended,NA
2024_05_30_acd13,acd,acd13,5/30/2024,13,2024_05_30_acd_r13,water_nacl_opto,0,NA,dual,6,dls,NA,NA,42,415; 470,1.8;4,10; 30,1;2,g;g,20,0,120,20,470,NA,415,0.1,3,4,0,20,10,20,spout_extended,NA
2024_05_30_acd13,acd,acd13,5/30/2024,13,2024_05_30_acd_r13,water_nacl_opto,0,NA,dual,4,ts,NA,NA,42,415; 470,1.8;4,10; 30,1;2,g;g,20,0,120,20,470,NA,415,0.1,3,4,0,20,10,20,spout_extended,NA
2024_05_30_acd14,acd,acd14,5/30/2024,14,2024_05_30_acd_r14,water_nacl_opto,0,NA,dual,6,nac_shelllat,NA,NA,42,415; 470,1.8;4,10; 30,1;2,g;g,20,0,120,20,470,NA,415,0.1,3,4,0,20,10,20,spout_extended,NA
2024_05_30_acd14,acd,acd14,5/30/2024,14,2024_05_30_acd_r14,water_nacl_opto,0,NA,dual,5,nac_corr,NA,NA,42,415; 470,1.8;4,10; 30,1;2,g;g,20,0,120,20,470,NA,415,0.1,3,4,0,20,10,20,spout_extended,NA
2024_05_30_acd14,acd,acd14,5/30/2024,14,2024_05_30_acd_r14,water_nacl_opto,0,NA,dual,3,nac,NA,NA,42,415; 470,1.8;4,10; 30,1;2,g;g,20,0,120,20,470,NA,415,0.1,3,4,0,20,10,20,spout_extended,NA
2024_05_30_acd14,acd,acd14,5/30/2024,14,2024_05_30_acd_r14,water_nacl_opto,0,NA,dual,4,dms,NA,NA,42,415; 470,1.8;4,10; 30,1;2,g;g,20,0,120,20,470,NA,415,0.1,3,4,0,20,10,20,spout_extended,NA
2024_05_30_acd14,acd,acd14,5/30/2024,14,2024_05_30_acd_r14,water_nacl_opto,0,NA,dual,10,dls,NA,NA,42,415; 470,1.8;4,10; 30,1;2,g;g,20,0,120,20,470,NA,415,0.1,3,4,0,20,10,20,spout_extended,NA
2024_05_30_acd14,acd,acd14,5/30/2024,14,2024_05_30_acd_r14,water_nacl_opto,0,NA,dual,12,ts,NA,NA,42,415; 470,1.8;4,10; 30,1;2,g;g,20,0,120,20,470,NA,415,0.1,3,4,0,20,10,20,spout_extended,NA
2024_05_31_acd01,acd,acd01,5/31/2024,1,2024_05_31_acd_r01,water_nacl_opto,0,NA,dual,6,nac_shelllat,NA,NA,42,415; 470,1.8;4,10; 30,1;2,g;g,20,0,120,20,470,NA,415,0.1,3,4,0,20,10,20,spout_extended,NA
2024_05_31_acd01,acd,acd01,5/31/2024,1,2024_05_31_acd_r01,water_nacl_opto,0,NA,dual,5,nac_corr,NA,NA,42,415; 470,1.8;4,10; 30,1;2,g;g,20,0,120,20,470,NA,415,0.1,3,4,0,20,10,20,spout_extended,NA
2024_05_31_acd01,acd,acd01,5/31/2024,1,2024_05_31_acd_r01,water_nacl_opto,0,NA,dual,3,nac,NA,NA,42,415; 470,1.8;4,10; 30,1;2,g;g,20,0,120,20,470,NA,415,0.1,3,4,0,20,10,20,spout_extended,NA
2024_05_31_acd01,acd,acd01,5/31/2024,1,2024_05_31_acd_r01,water_nacl_opto,0,NA,dual,4,dms,NA,NA,42,415; 470,1.8;4,10; 30,1;2,g;g,20,0,120,20,470,NA,415,0.1,3,4,0,20,10,20,spout_extended,NA
2024_05_31_acd01,acd,acd01,5/31/2024,1,2024_05_31_acd_r01,water_nacl_opto,0,NA,dual,10,dls,NA,NA,42,415; 470,1.8;4,10; 30,1;2,g;g,20,0,120,20,470,NA,415,0.1,3,4,0,20,10,20,spout_extended,NA
2024_05_31_acd01,acd,acd01,5/31/2024,1,2024_05_31_acd_r01,water_nacl_opto,0,NA,dual,12,ts,NA,NA,42,415; 470,1.8;4,10; 30,1;2,g;g,20,0,120,20,470,NA,415,0.1,3,4,0,20,10,20,spout_extended,NA
2024_05_31_acd02,acd,acd02,5/31/2024,2,2024_05_31_acd_r02,water_nacl_opto,0,NA,dual,5,nac_shelllat,NA,NA,42,415; 470,1.8;4,10; 30,1;2,g;g,20,0,120,20,470,NA,415,0.1,3,4,0,20,10,20,spout_extended,NA
2024_05_31_acd02,acd,acd02,5/31/2024,2,2024_05_31_acd_r02,water_nacl_opto,0,NA,dual,3,nac_corr,NA,NA,42,415; 470,1.8;4,10; 30,1;2,g;g,20,0,120,20,470,NA,415,0.1,3,4,0,20,10,20,spout_extended,NA
2024_05_31_acd02,acd,acd02,5/31/2024,2,2024_05_31_acd_r02,water_nacl_opto,0,NA,dual,4,nac,NA,NA,42,415; 470,1.8;4,10; 30,1;2,g;g,20,0,120,20,470,NA,415,0.1,3,4,0,20,10,20,spout_extended,NA
2024_05_31_acd02,acd,acd02,5/31/2024,2,2024_05_31_acd_r02,water_nacl_opto,0,NA,dual,6,dms,NA,NA,42,415; 470,1.8;4,10; 30,1;2,g;g,20,0,120,20,470,NA,415,0.1,3,4,0,20,10,20,spout_extended,NA
2024_05_31_acd02,acd,acd02,5/31/2024,2,2024_05_31_acd_r02,water_nacl_opto,0,NA,dual,12,dls,NA,NA,42,415; 470,1.8;4,10; 30,1;2,g;g,20,0,120,20,470,NA,415,0.1,3,4,0,20,10,20,spout_extended,NA
2024_05_31_acd02,acd,acd02,5/31/2024,2,2024_05_31_acd_r02,water_nacl_opto,0,NA,dual,10,ts,NA,NA,42,415; 470,1.8;4,10; 30,1;2,g;g,20,0,120,20,470,NA,415,0.1,3,4,0,20,10,20,spout_extended,NA
2024_05_31_acd03,acd,acd03,5/31/2024,3,2024_05_31_acd_r03,water_nacl_opto,0,NA,dual,4,nac_shelllat,NA,NA,42,415; 470,1.8;4,10; 30,1;2,g;g,20,0,120,20,470,NA,415,0.1,3,4,0,20,10,20,spout_extended,NA
2024_05_31_acd03,acd,acd03,5/31/2024,3,2024_05_31_acd_r03,water_nacl_opto,0,NA,dual,6,nac_corr,NA,NA,42,415; 470,1.8;4,10; 30,1;2,g;g,20,0,120,20,470,NA,415,0.1,3,4,0,20,10,20,spout_extended,NA
2024_05_31_acd03,acd,acd03,5/31/2024,3,2024_05_31_acd_r03,water_nacl_opto,0,NA,dual,10,nac,NA,NA,42,415; 470,1.8;4,10; 30,1;2,g;g,20,0,120,20,470,NA,415,0.1,3,4,0,20,10,20,spout_extended,NA
2024_05_31_acd03,acd,acd03,5/31/2024,3,2024_05_31_acd_r03,water_nacl_opto,0,NA,dual,12,dms,NA,NA,42,415; 470,1.8;4,10; 30,1;2,g;g,20,0,120,20,470,NA,415,0.1,3,4,0,20,10,20,spout_extended,NA
2024_05_31_acd03,acd,acd03,5/31/2024,3,2024_05_31_acd_r03,water_nacl_opto,0,NA,dual,3,dls,NA,NA,42,415; 470,1.8;4,10; 30,1;2,g;g,20,0,120,20,470,NA,415,0.1,3,4,0,20,10,20,spout_extended,NA
2024_05_31_acd03,acd,acd03,5/31/2024,3,2024_05_31_acd_r03,water_nacl_opto,0,NA,dual,5,ts,NA,NA,42,415; 470,1.8;4,10; 30,1;2,g;g,20,0,120,20,470,NA,415,0.1,3,4,0,20,10,20,spout_extended,NA
2024_05_31_acd04,acd,acd04,5/31/2024,4,2024_05_31_acd_r04,water_nacl_opto,0,NA,dual,3,nac_shelllat,NA,NA,42,415; 470,1.8;4,10; 30,1;2,g;g,20,0,120,20,470,NA,415,0.1,3,4,0,20,10,20,spout_extended,NA
2024_05_31_acd04,acd,acd04,5/31/2024,4,2024_05_31_acd_r04,water_nacl_opto,0,NA,dual,4,nac_corr,NA,NA,42,415; 470,1.8;4,10; 30,1;2,g;g,20,0,120,20,470,NA,415,0.1,3,4,0,20,10,20,spout_extended,NA
2024_05_31_acd04,acd,acd04,5/31/2024,4,2024_05_31_acd_r04,water_nacl_opto,0,NA,dual,12,nac,NA,NA,42,415; 470,1.8;4,10; 30,1;2,g;g,20,0,120,20,470,NA,415,0.1,3,4,0,20,10,20,spout_extended,NA
2024_05_31_acd04,acd,acd04,5/31/2024,4,2024_05_31_acd_r04,water_nacl_opto,0,NA,dual,10,dms,NA,NA,42,415; 470,1.8;4,10; 30,1;2,g;g,20,0,120,20,470,NA,415,0.1,3,4,0,20,10,20,spout_extended,NA
2024_05_31_acd04,acd,acd04,5/31/2024,4,2024_05_31_acd_r04,water_nacl_opto,0,NA,dual,5,dls,NA,NA,42,415; 470,1.8;4,10; 30,1;2,g;g,20,0,120,20,470,NA,415,0.1,3,4,0,20,10,20,spout_extended,NA
2024_05_31_acd04,acd,acd04,5/31/2024,4,2024_05_31_acd_r04,water_nacl_opto,0,NA,dual,6,ts,NA,NA,42,415; 470,1.8;4,10; 30,1;2,g;g,20,0,120,20,470,NA,415,0.1,3,4,0,20,10,20,spout_extended,NA
2024_05_31_acd05,acd,acd05,5/31/2024,5,2024_05_31_acd_r05,water_nacl_opto,0,NA,dual,12,nac_shelllat,NA,NA,42,415; 470,1.8;4,10; 30,1;2,g;g,20,0,120,20,470,NA,415,0.1,3,4,0,20,10,20,spout_extended,NA
2024_05_31_acd05,acd,acd05,5/31/2024,5,2024_05_31_acd_r05,water_nacl_opto,0,NA,dual,10,nac_corr,NA,NA,42,415; 470,1.8;4,10; 30,1;2,g;g,20,0,120,20,470,NA,415,0.1,3,4,0,20,10,20,spout_extended,NA
2024_05_31_acd05,acd,acd05,5/31/2024,5,2024_05_31_acd_r05,water_nacl_opto,0,NA,dual,6,nac,NA,NA,42,415; 470,1.8;4,10; 30,1;2,g;g,20,0,120,20,470,NA,415,0.1,3,4,0,20,10,20,spout_extended,NA
2024_05_31_acd05,acd,acd05,5/31/2024,5,2024_05_31_acd_r05,water_nacl_opto,0,NA,dual,5,dms,NA,NA,42,415; 470,1.8;4,10; 30,1;2,g;g,20,0,120,20,470,NA,415,0.1,3,4,0,20,10,20,spout_extended,NA
2024_05_31_acd05,acd,acd05,5/31/2024,5,2024_05_31_acd_r05,water_nacl_opto,0,NA,dual,4,dls,NA,NA,42,415; 470,1.8;4,10; 30,1;2,g;g,20,0,120,20,470,NA,415,0.1,3,4,0,20,10,20,spout_extended,NA
2024_05_31_acd05,acd,acd05,5/31/2024,5,2024_05_31_acd_r05,water_nacl_opto,0,NA,dual,3,ts,NA,NA,42,415; 470,1.8;4,10; 30,1;2,g;g,20,0,120,20,470,NA,415,0.1,3,4,0,20,10,20,spout_extended,NA
2024_05_31_acd06,acd,acd06,5/31/2024,6,2024_05_31_acd_r06,water_nacl_opto,0,NA,dual,10,nac_shelllat,NA,NA,42,415; 470,1.8;4,10; 30,1;2,g;g,20,0,120,20,470,NA,415,0.1,3,4,0,20,10,20,spout_extended,NA
2024_05_31_acd06,acd,acd06,5/31/2024,6,2024_05_31_acd_r06,water_nacl_opto,0,NA,dual,12,nac_corr,NA,NA,42,415; 470,1.8;4,10; 30,1;2,g;g,20,0,120,20,470,NA,415,0.1,3,4,0,20,10,20,spout_extended,NA
2024_05_31_acd06,acd,acd06,5/31/2024,6,2024_05_31_acd_r06,water_nacl_opto,0,NA,dual,5,nac,NA,NA,42,415; 470,1.8;4,10; 30,1;2,g;g,20,0,120,20,470,NA,415,0.1,3,4,0,20,10,20,spout_extended,NA
2024_05_31_acd06,acd,acd06,5/31/2024,6,2024_05_31_acd_r06,water_nacl_opto,0,NA,dual,3,dms,NA,NA,42,415; 470,1.8;4,10; 30,1;2,g;g,20,0,120,20,470,NA,415,0.1,3,4,0,20,10,20,spout_extended,NA
2024_05_31_acd06,acd,acd06,5/31/2024,6,2024_05_31_acd_r06,water_nacl_opto,0,NA,dual,6,dls,NA,NA,42,415; 470,1.8;4,10; 30,1;2,g;g,20,0,120,20,470,NA,415,0.1,3,4,0,20,10,20,spout_extended,NA
2024_05_31_acd06,acd,acd06,5/31/2024,6,2024_05_31_acd_r06,water_nacl_opto,0,NA,dual,4,ts,NA,NA,42,415; 470,1.8;4,10; 30,1;2,g;g,20,0,120,20,470,NA,415,0.1,3,4,0,20,10,20,spout_extended,NA
2024_05_31_acd07,acd,acd07,5/31/2024,7,2024_05_31_acd_r07,water_nacl_opto,0,NA,dual,3,nac_shelllat,NA,NA,42,415; 470,1.8;4,10; 30,1;2,g;g,20,0,120,20,470,NA,415,0.1,3,4,0,20,10,20,spout_extended,NA
2024_05_31_acd07,acd,acd07,5/31/2024,7,2024_05_31_acd_r07,water_nacl_opto,0,NA,dual,4,nac_corr,NA,NA,42,415; 470,1.8;4,10; 30,1;2,g;g,20,0,120,20,470,NA,415,0.1,3,4,0,20,10,20,spout_extended,NA
2024_05_31_acd07,acd,acd07,5/31/2024,7,2024_05_31_acd_r07,water_nacl_opto,0,NA,dual,12,nac,NA,NA,42,415; 470,1.8;4,10; 30,1;2,g;g,20,0,120,20,470,NA,415,0.1,3,4,0,20,10,20,spout_extended,NA
2024_05_31_acd07,acd,acd07,5/31/2024,7,2024_05_31_acd_r07,water_nacl_opto,0,NA,dual,10,dms,NA,NA,42,415; 470,1.8;4,10; 30,1;2,g;g,20,0,120,20,470,NA,415,0.1,3,4,0,20,10,20,spout_extended,NA
2024_05_31_acd07,acd,acd07,5/31/2024,7,2024_05_31_acd_r07,water_nacl_opto,0,NA,dual,5,dls,NA,NA,42,415; 470,1.8;4,10; 30,1;2,g;g,20,0,120,20,470,NA,415,0.1,3,4,0,20,10,20,spout_extended,NA
2024_05_31_acd07,acd,acd07,5/31/2024,7,2024_05_31_acd_r07,water_nacl_opto,0,NA,dual,6,ts,NA,NA,42,415; 470,1.8;4,10; 30,1;2,g;g,20,0,120,20,470,NA,415,0.1,3,4,0,20,10,20,spout_extended,NA
2024_05_31_acd08,acd,acd08,5/31/2024,8,2024_05_31_acd_r08,water_nacl_opto,0,NA,dual,12,nac_shelllat,NA,NA,42,415; 470,1.8;4,10; 30,1;2,g;g,20,0,120,20,470,NA,415,0.1,3,4,0,20,10,20,spout_extended,NA
2024_05_31_acd08,acd,acd08,5/31/2024,8,2024_05_31_acd_r08,water_nacl_opto,0,NA,dual,10,nac_corr,NA,NA,42,415; 470,1.8;4,10; 30,1;2,g;g,20,0,120,20,470,NA,415,0.1,3,4,0,20,10,20,spout_extended,NA
2024_05_31_acd08,acd,acd08,5/31/2024,8,2024_05_31_acd_r08,water_nacl_opto,0,NA,dual,6,nac,NA,NA,42,415; 470,1.8;4,10; 30,1;2,g;g,20,0,120,20,470,NA,415,0.1,3,4,0,20,10,20,spout_extended,NA
2024_05_31_acd08,acd,acd08,5/31/2024,8,2024_05_31_acd_r08,water_nacl_opto,0,NA,dual,5,dms,NA,NA,42,415; 470,1.8;4,10; 30,1;2,g;g,20,0,120,20,470,NA,415,0.1,3,4,0,20,10,20,spout_extended,NA
2024_05_31_acd08,acd,acd08,5/31/2024,8,2024_05_31_acd_r08,water_nacl_opto,0,NA,dual,4,dls,NA,NA,42,415; 470,1.8;4,10; 30,1;2,g;g,20,0,120,20,470,NA,415,0.1,3,4,0,20,10,20,spout_extended,NA
2024_05_31_acd08,acd,acd08,5/31/2024,8,2024_05_31_acd_r08,water_nacl_opto,0,NA,dual,3,ts,NA,NA,42,415; 470,1.8;4,10; 30,1;2,g;g,20,0,120,20,470,NA,415,0.1,3,4,0,20,10,20,spout_extended,NA
2024_05_31_acd09,acd,acd09,5/31/2024,9,2024_05_31_acd_r09,water_nacl_opto,0,NA,dual,6,nac_shelllat,NA,NA,42,415; 470,1.8;4,10; 30,1;2,g;g,20,0,120,20,470,NA,415,0.1,3,4,0,20,10,20,spout_extended,NA
2024_05_31_acd09,acd,acd09,5/31/2024,9,2024_05_31_acd_r09,water_nacl_opto,0,NA,dual,5,nac_corr,NA,NA,42,415; 470,1.8;4,10; 30,1;2,g;g,20,0,120,20,470,NA,415,0.1,3,4,0,20,10,20,spout_extended,NA
2024_05_31_acd09,acd,acd09,5/31/2024,9,2024_05_31_acd_r09,water_nacl_opto,0,NA,dual,3,nac,NA,NA,42,415; 470,1.8;4,10; 30,1;2,g;g,20,0,120,20,470,NA,415,0.1,3,4,0,20,10,20,spout_extended,NA
2024_05_31_acd09,acd,acd09,5/31/2024,9,2024_05_31_acd_r09,water_nacl_opto,0,NA,dual,4,dms,NA,NA,42,415; 470,1.8;4,10; 30,1;2,g;g,20,0,120,20,470,NA,415,0.1,3,4,0,20,10,20,spout_extended,NA
2024_05_31_acd09,acd,acd09,5/31/2024,9,2024_05_31_acd_r09,water_nacl_opto,0,NA,dual,10,dls,NA,NA,42,415; 470,1.8;4,10; 30,1;2,g;g,20,0,120,20,470,NA,415,0.1,3,4,0,20,10,20,spout_extended,NA
2024_05_31_acd09,acd,acd09,5/31/2024,9,2024_05_31_acd_r09,water_nacl_opto,0,NA,dual,12,ts,NA,NA,42,415; 470,1.8;4,10; 30,1;2,g;g,20,0,120,20,470,NA,415,0.1,3,4,0,20,10,20,spout_extended,NA
2024_05_31_acd10,acd,acd10,5/31/2024,10,2024_05_31_acd_r10,water_nacl_opto,0,NA,dual,5,nac_shelllat,NA,NA,42,415; 470,1.8;4,10; 30,1;2,g;g,20,0,120,20,470,NA,415,0.1,3,4,0,20,10,20,spout_extended,NA
2024_05_31_acd10,acd,acd10,5/31/2024,10,2024_05_31_acd_r10,water_nacl_opto,0,NA,dual,3,nac_corr,NA,NA,42,415; 470,1.8;4,10; 30,1;2,g;g,20,0,120,20,470,NA,415,0.1,3,4,0,20,10,20,spout_extended,NA
2024_05_31_acd10,acd,acd10,5/31/2024,10,2024_05_31_acd_r10,water_nacl_opto,0,NA,dual,4,nac,NA,NA,42,415; 470,1.8;4,10; 30,1;2,g;g,20,0,120,20,470,NA,415,0.1,3,4,0,20,10,20,spout_extended,NA
2024_05_31_acd10,acd,acd10,5/31/2024,10,2024_05_31_acd_r10,water_nacl_opto,0,NA,dual,6,dms,NA,NA,42,415; 470,1.8;4,10; 30,1;2,g;g,20,0,120,20,470,NA,415,0.1,3,4,0,20,10,20,spout_extended,NA
2024_05_31_acd10,acd,acd10,5/31/2024,10,2024_05_31_acd_r10,water_nacl_opto,0,NA,dual,12,dls,NA,NA,42,415; 470,1.8;4,10; 30,1;2,g;g,20,0,120,20,470,NA,415,0.1,3,4,0,20,10,20,spout_extended,NA
2024_05_31_acd10,acd,acd10,5/31/2024,10,2024_05_31_acd_r10,water_nacl_opto,0,NA,dual,10,ts,NA,NA,42,415; 470,1.8;4,10; 30,1;2,g;g,20,0,120,20,470,NA,415,0.1,3,4,0,20,10,20,spout_extended,NA
2024_05_31_acd11,acd,acd11,5/31/2024,11,2024_05_31_acd_r11,water_nacl_opto,0,NA,dual,4,nac_shelllat,NA,NA,42,415; 470,1.8;4,10; 30,1;2,g;g,20,0,120,20,470,NA,415,0.1,3,4,0,20,10,20,spout_extended,NA
2024_05_31_acd11,acd,acd11,5/31/2024,11,2024_05_31_acd_r11,water_nacl_opto,0,NA,dual,6,nac_corr,NA,NA,42,415; 470,1.8;4,10; 30,1;2,g;g,20,0,120,20,470,NA,415,0.1,3,4,0,20,10,20,spout_extended,NA
2024_05_31_acd11,acd,acd11,5/31/2024,11,2024_05_31_acd_r11,water_nacl_opto,0,NA,dual,10,nac,NA,NA,42,415; 470,1.8;4,10; 30,1;2,g;g,20,0,120,20,470,NA,415,0.1,3,4,0,20,10,20,spout_extended,NA
2024_05_31_acd11,acd,acd11,5/31/2024,11,2024_05_31_acd_r11,water_nacl_opto,0,NA,dual,12,dms,NA,NA,42,415; 470,1.8;4,10; 30,1;2,g;g,20,0,120,20,470,NA,415,0.1,3,4,0,20,10,20,spout_extended,NA
2024_05_31_acd11,acd,acd11,5/31/2024,11,2024_05_31_acd_r11,water_nacl_opto,0,NA,dual,3,dls,NA,NA,42,415; 470,1.8;4,10; 30,1;2,g;g,20,0,120,20,470,NA,415,0.1,3,4,0,20,10,20,spout_extended,NA
2024_05_31_acd11,acd,acd11,5/31/2024,11,2024_05_31_acd_r11,water_nacl_opto,0,NA,dual,5,ts,NA,NA,42,415; 470,1.8;4,10; 30,1;2,g;g,20,0,120,20,470,NA,415,0.1,3,4,0,20,10,20,spout_extended,NA
2024_05_31_acd12,acd,acd12,5/31/2024,12,2024_05_31_acd_r12,water_nacl_opto,0,NA,dual,3,nac_shelllat,NA,NA,42,415; 470,1.8;4,10; 30,1;2,g;g,20,0,120,20,470,NA,415,0.1,3,4,0,20,10,20,spout_extended,NA
2024_05_31_acd12,acd,acd12,5/31/2024,12,2024_05_31_acd_r12,water_nacl_opto,0,NA,dual,4,nac_corr,NA,NA,42,415; 470,1.8;4,10; 30,1;2,g;g,20,0,120,20,470,NA,415,0.1,3,4,0,20,10,20,spout_extended,NA
2024_05_31_acd12,acd,acd12,5/31/2024,12,2024_05_31_acd_r12,water_nacl_opto,0,NA,dual,12,nac,NA,NA,42,415; 470,1.8;4,10; 30,1;2,g;g,20,0,120,20,470,NA,415,0.1,3,4,0,20,10,20,spout_extended,NA
2024_05_31_acd12,acd,acd12,5/31/2024,12,2024_05_31_acd_r12,water_nacl_opto,0,NA,dual,10,dms,NA,NA,42,415; 470,1.8;4,10; 30,1;2,g;g,20,0,120,20,470,NA,415,0.1,3,4,0,20,10,20,spout_extended,NA
2024_05_31_acd12,acd,acd12,5/31/2024,12,2024_05_31_acd_r12,water_nacl_opto,0,NA,dual,5,dls,NA,NA,42,415; 470,1.8;4,10; 30,1;2,g;g,20,0,120,20,470,NA,415,0.1,3,4,0,20,10,20,spout_extended,NA
2024_05_31_acd12,acd,acd12,5/31/2024,12,2024_05_31_acd_r12,water_nacl_opto,0,NA,dual,6,ts,NA,NA,42,415; 470,1.8;4,10; 30,1;2,g;g,20,0,120,20,470,NA,415,0.1,3,4,0,20,10,20,spout_extended,NA
2024_05_31_acd13,acd,acd13,5/31/2024,13,2024_05_31_acd_r13,water_nacl_opto,0,NA,dual,12,nac_shelllat,NA,NA,42,415; 470,1.8;4,10; 30,1;2,g;g,20,0,120,20,470,NA,415,0.1,3,4,0,20,10,20,spout_extended,NA
2024_05_31_acd13,acd,acd13,5/31/2024,13,2024_05_31_acd_r13,water_nacl_opto,0,NA,dual,10,nac_corr,NA,NA,42,415; 470,1.8;4,10; 30,1;2,g;g,20,0,120,20,470,NA,415,0.1,3,4,0,20,10,20,spout_extended,NA
2024_05_31_acd13,acd,acd13,5/31/2024,13,2024_05_31_acd_r13,water_nacl_opto,0,NA,dual,6,nac,NA,NA,42,415; 470,1.8;4,10; 30,1;2,g;g,20,0,120,20,470,NA,415,0.1,3,4,0,20,10,20,spout_extended,NA
2024_05_31_acd13,acd,acd13,5/31/2024,13,2024_05_31_acd_r13,water_nacl_opto,0,NA,dual,5,dms,NA,NA,42,415; 470,1.8;4,10; 30,1;2,g;g,20,0,120,20,470,NA,415,0.1,3,4,0,20,10,20,spout_extended,NA
2024_05_31_acd13,acd,acd13,5/31/2024,13,2024_05_31_acd_r13,water_nacl_opto,0,NA,dual,4,dls,NA,NA,42,415; 470,1.8;4,10; 30,1;2,g;g,20,0,120,20,470,NA,415,0.1,3,4,0,20,10,20,spout_extended,NA
2024_05_31_acd13,acd,acd13,5/31/2024,13,2024_05_31_acd_r13,water_nacl_opto,0,NA,dual,3,ts,NA,NA,42,415; 470,1.8;4,10; 30,1;2,g;g,20,0,120,20,470,NA,415,0.1,3,4,0,20,10,20,spout_extended,NA
2024_05_31_acd14,acd,acd14,5/31/2024,14,2024_05_31_acd_r14,water_nacl_opto,0,NA,dual,10,nac_shelllat,NA,NA,42,415; 470,1.8;4,10; 30,1;2,g;g,20,0,120,20,470,NA,415,0.1,3,4,0,20,10,20,spout_extended,NA
2024_05_31_acd14,acd,acd14,5/31/2024,14,2024_05_31_acd_r14,water_nacl_opto,0,NA,dual,12,nac_corr,NA,NA,42,415; 470,1.8;4,10; 30,1;2,g;g,20,0,120,20,470,NA,415,0.1,3,4,0,20,10,20,spout_extended,NA
2024_05_31_acd14,acd,acd14,5/31/2024,14,2024_05_31_acd_r14,water_nacl_opto,0,NA,dual,5,nac,NA,NA,42,415; 470,1.8;4,10; 30,1;2,g;g,20,0,120,20,470,NA,415,0.1,3,4,0,20,10,20,spout_extended,NA
2024_05_31_acd14,acd,acd14,5/31/2024,14,2024_05_31_acd_r14,water_nacl_opto,0,NA,dual,3,dms,NA,NA,42,415; 470,1.8;4,10; 30,1;2,g;g,20,0,120,20,470,NA,415,0.1,3,4,0,20,10,20,spout_extended,NA
2024_05_31_acd14,acd,acd14,5/31/2024,14,2024_05_31_acd_r14,water_nacl_opto,0,NA,dual,6,dls,NA,NA,42,415; 470,1.8;4,10; 30,1;2,g;g,20,0,120,20,470,NA,415,0.1,3,4,0,20,10,20,spout_extended,NA
2024_05_31_acd14,acd,acd14,5/31/2024,14,2024_05_31_acd_r14,water_nacl_opto,0,NA,dual,4,ts,NA,NA,42,415; 470,1.8;4,10; 30,1;2,g;g,20,0,120,20,470,NA,415,0.1,3,4,0,20,10,20,spout_extended,NA
2024_06_24_abo09,abo,abo09,6/24/2024,1,2024_06_24_abo_r01,opto_characterization,0,NA,dual,5,nac_shelllat,opto_pulse,opto_trial,34,415; 470,1.8;4,10; 30,1;2,g;g,20,0,120,20,470,NA,415,0.1,3,4,0,20,10,20,trial_start,NA
2024_06_24_abo09,abo,abo09,6/24/2024,1,2024_06_24_abo_r01,opto_characterization,0,NA,dual,3,nac_corr,opto_pulse,opto_trial,34,415; 470,1.8;4,10; 30,1;2,g;g,20,0,120,20,470,NA,415,0.1,3,4,0,20,10,20,trial_start,NA
2024_06_24_abo09,abo,abo09,6/24/2024,1,2024_06_24_abo_r01,opto_characterization,0,NA,dual,4,nac,opto_pulse,opto_trial,34,415; 470,1.8;4,10; 30,1;2,g;g,20,0,120,20,470,NA,415,0.1,3,4,0,20,10,20,trial_start,NA
2024_06_24_abo09,abo,abo09,6/24/2024,1,2024_06_24_abo_r01,opto_characterization,0,NA,dual,6,dms,opto_pulse,opto_trial,34,415; 470,1.8;4,10; 30,1;2,g;g,20,0,120,20,470,NA,415,0.1,3,4,0,20,10,20,trial_start,NA
2024_06_24_abo09,abo,abo09,6/24/2024,1,2024_06_24_abo_r01,opto_characterization,0,NA,dual,12,dls,opto_pulse,opto_trial,34,415; 470,1.8;4,10; 30,1;2,g;g,20,0,120,20,470,NA,415,0.1,3,4,0,20,10,20,trial_start,NA
2024_06_24_abo09,abo,abo09,6/24/2024,1,2024_06_24_abo_r01,opto_characterization,0,NA,dual,10,ts,opto_pulse,opto_trial,34,415; 470,1.8;4,10; 30,1;2,g;g,20,0,120,20,470,NA,415,0.1,3,4,0,20,10,20,trial_start,NA
2024_06_24_abo10,abo,abo10,6/24/2024,2,2024_06_24_abo_r02,opto_characterization,0,NA,dual,4,nac_shelllat,opto_pulse,opto_trial,34,415; 470,1.8;4,10; 30,1;2,g;g,20,0,120,20,470,NA,415,0.1,3,4,0,20,10,20,trial_start,NA
2024_06_24_abo10,abo,abo10,6/24/2024,2,2024_06_24_abo_r02,opto_characterization,0,NA,dual,6,nac_corr,opto_pulse,opto_trial,34,415; 470,1.8;4,10; 30,1;2,g;g,20,0,120,20,470,NA,415,0.1,3,4,0,20,10,20,trial_start,NA
2024_06_24_abo10,abo,abo10,6/24/2024,2,2024_06_24_abo_r02,opto_characterization,0,NA,dual,10,nac,opto_pulse,opto_trial,34,415; 470,1.8;4,10; 30,1;2,g;g,20,0,120,20,470,NA,415,0.1,3,4,0,20,10,20,trial_start,NA
2024_06_24_abo10,abo,abo10,6/24/2024,2,2024_06_24_abo_r02,opto_characterization,0,NA,dual,12,dms,opto_pulse,opto_trial,34,415; 470,1.8;4,10; 30,1;2,g;g,20,0,120,20,470,NA,415,0.1,3,4,0,20,10,20,trial_start,NA
2024_06_24_abo10,abo,abo10,6/24/2024,2,2024_06_24_abo_r02,opto_characterization,0,NA,dual,3,dls,opto_pulse,opto_trial,34,415; 470,1.8;4,10; 30,1;2,g;g,20,0,120,20,470,NA,415,0.1,3,4,0,20,10,20,trial_start,NA
2024_06_24_abo10,abo,abo10,6/24/2024,2,2024_06_24_abo_r02,opto_characterization,0,NA,dual,5,ts,opto_pulse,opto_trial,34,415; 470,1.8;4,10; 30,1;2,g;g,20,0,120,20,470,NA,415,0.1,3,4,0,20,10,20,trial_start,NA
2024_06_24_abo11,abo,abo11,6/24/2024,3,2024_06_24_abo_r03,opto_characterization,0,NA,dual,3,nac_shelllat,opto_pulse,opto_trial,34,415; 470,1.8;4,10; 30,1;2,g;g,20,0,120,20,470,NA,415,0.1,3,4,0,20,10,20,trial_start,NA
2024_06_24_abo11,abo,abo11,6/24/2024,3,2024_06_24_abo_r03,opto_characterization,0,NA,dual,4,nac_corr,opto_pulse,opto_trial,34,415; 470,1.8;4,10; 30,1;2,g;g,20,0,120,20,470,NA,415,0.1,3,4,0,20,10,20,trial_start,NA
2024_06_24_abo11,abo,abo11,6/24/2024,3,2024_06_24_abo_r03,opto_characterization,0,NA,dual,12,nac,opto_pulse,opto_trial,34,415; 470,1.8;4,10; 30,1;2,g;g,20,0,120,20,470,NA,415,0.1,3,4,0,20,10,20,trial_start,NA
2024_06_24_abo11,abo,abo11,6/24/2024,3,2024_06_24_abo_r03,opto_characterization,0,NA,dual,10,dms,opto_pulse,opto_trial,34,415; 470,1.8;4,10; 30,1;2,g;g,20,0,120,20,470,NA,415,0.1,3,4,0,20,10,20,trial_start,NA
2024_06_24_abo11,abo,abo11,6/24/2024,3,2024_06_24_abo_r03,opto_characterization,0,NA,dual,5,dls,opto_pulse,opto_trial,34,415; 470,1.8;4,10; 30,1;2,g;g,20,0,120,20,470,NA,415,0.1,3,4,0,20,10,20,trial_start,NA
2024_06_24_abo11,abo,abo11,6/24/2024,3,2024_06_24_abo_r03,opto_characterization,0,NA,dual,6,ts,opto_pulse,opto_trial,34,415; 470,1.8;4,10; 30,1;2,g;g,20,0,120,20,470,NA,415,0.1,3,4,0,20,10,20,trial_start,NA
2024_06_24_abo12,abo,abo12,6/24/2024,4,2024_06_24_abo_r04,opto_characterization,0,NA,dual,10,nac_shelllat,opto_pulse,opto_trial,34,415; 470,1.8;4,10; 30,1;2,g;g,20,0,120,20,470,NA,415,0.1,3,4,0,20,10,20,trial_start,NA
2024_06_24_abo12,abo,abo12,6/24/2024,4,2024_06_24_abo_r04,opto_characterization,0,NA,dual,12,nac_corr,opto_pulse,opto_trial,34,415; 470,1.8;4,10; 30,1;2,g;g,20,0,120,20,470,NA,415,0.1,3,4,0,20,10,20,trial_start,NA
2024_06_24_abo12,abo,abo12,6/24/2024,4,2024_06_24_abo_r04,opto_characterization,0,NA,dual,5,nac,opto_pulse,opto_trial,34,415; 470,1.8;4,10; 30,1;2,g;g,20,0,120,20,470,NA,415,0.1,3,4,0,20,10,20,trial_start,NA
2024_06_24_abo12,abo,abo12,6/24/2024,4,2024_06_24_abo_r04,opto_characterization,0,NA,dual,3,dms,opto_pulse,opto_trial,34,415; 470,1.8;4,10; 30,1;2,g;g,20,0,120,20,470,NA,415,0.1,3,4,0,20,10,20,trial_start,NA
2024_06_24_abo12,abo,abo12,6/24/2024,4,2024_06_24_abo_r04,opto_characterization,0,NA,dual,6,dls,opto_pulse,opto_trial,34,415; 470,1.8;4,10; 30,1;2,g;g,20,0,120,20,470,NA,415,0.1,3,4,0,20,10,20,trial_start,NA
2024_06_24_abo12,abo,abo12,6/24/2024,4,2024_06_24_abo_r04,opto_characterization,0,NA,dual,4,ts,opto_pulse,opto_trial,34,415; 470,1.8;4,10; 30,1;2,g;g,20,0,120,20,470,NA,415,0.1,3,4,0,20,10,20,trial_start,NA
2024_06_24_abo13,abo,abo13,6/24/2024,5,2024_06_24_abo_r05,opto_characterization,0,NA,dual,6,nac_shelllat,opto_pulse,opto_trial,34,415; 470,1.8;4,10; 30,1;2,g;g,20,0,120,20,470,NA,415,0.1,3,4,0,20,10,20,trial_start,NA
2024_06_24_abo13,abo,abo13,6/24/2024,5,2024_06_24_abo_r05,opto_characterization,0,NA,dual,5,nac_corr,opto_pulse,opto_trial,34,415; 470,1.8;4,10; 30,1;2,g;g,20,0,120,20,470,NA,415,0.1,3,4,0,20,10,20,trial_start,NA
2024_06_24_abo13,abo,abo13,6/24/2024,5,2024_06_24_abo_r05,opto_characterization,0,NA,dual,3,nac,opto_pulse,opto_trial,34,415; 470,1.8;4,10; 30,1;2,g;g,20,0,120,20,470,NA,415,0.1,3,4,0,20,10,20,trial_start,NA
2024_06_24_abo13,abo,abo13,6/24/2024,5,2024_06_24_abo_r05,opto_characterization,0,NA,dual,4,dms,opto_pulse,opto_trial,34,415; 470,1.8;4,10; 30,1;2,g;g,20,0,120,20,470,NA,415,0.1,3,4,0,20,10,20,trial_start,NA
2024_06_24_abo13,abo,abo13,6/24/2024,5,2024_06_24_abo_r05,opto_characterization,0,NA,dual,10,dls,opto_pulse,opto_trial,34,415; 470,1.8;4,10; 30,1;2,g;g,20,0,120,20,470,NA,415,0.1,3,4,0,20,10,20,trial_start,NA
2024_06_24_abo13,abo,abo13,6/24/2024,5,2024_06_24_abo_r05,opto_characterization,0,NA,dual,12,ts,opto_pulse,opto_trial,34,415; 470,1.8;4,10; 30,1;2,g;g,20,0,120,20,470,NA,415,0.1,3,4,0,20,10,20,trial_start,NA
2024_06_24_abo14,abo,abo14,6/24/2024,6,2024_06_24_abo_r06,opto_characterization,0,NA,dual,5,nac_shelllat,opto_pulse,opto_trial,34,415; 470,1.8;4,10; 30,1;2,g;g,20,0,120,20,470,NA,415,0.1,3,4,0,20,10,20,trial_start,NA
2024_06_24_abo14,abo,abo14,6/24/2024,6,2024_06_24_abo_r06,opto_characterization,0,NA,dual,3,nac_corr,opto_pulse,opto_trial,34,415; 470,1.8;4,10; 30,1;2,g;g,20,0,120,20,470,NA,415,0.1,3,4,0,20,10,20,trial_start,NA
2024_06_24_abo14,abo,abo14,6/24/2024,6,2024_06_24_abo_r06,opto_characterization,0,NA,dual,4,nac,opto_pulse,opto_trial,34,415; 470,1.8;4,10; 30,1;2,g;g,20,0,120,20,470,NA,415,0.1,3,4,0,20,10,20,trial_start,NA
2024_06_24_abo14,abo,abo14,6/24/2024,6,2024_06_24_abo_r06,opto_characterization,0,NA,dual,6,dms,opto_pulse,opto_trial,34,415; 470,1.8;4,10; 30,1;2,g;g,20,0,120,20,470,NA,415,0.1,3,4,0,20,10,20,trial_start,NA
2024_06_24_abo14,abo,abo14,6/24/2024,6,2024_06_24_abo_r06,opto_characterization,0,NA,dual,12,dls,opto_pulse,opto_trial,34,415; 470,1.8;4,10; 30,1;2,g;g,20,0,120,20,470,NA,415,0.1,3,4,0,20,10,20,trial_start,NA
2024_06_24_abo14,abo,abo14,6/24/2024,6,2024_06_24_abo_r06,opto_characterization,0,NA,dual,10,ts,opto_pulse,opto_trial,34,415; 470,1.8;4,10; 30,1;2,g;g,20,0,120,20,470,NA,415,0.1,3,4,0,20,10,20,trial_start,NA
2024_06_25_abo09,abo,abo09,6/25/2024,1,2024_06_25_abo_r01,opto_characterization,0,NA,dual,4,nac_shelllat,opto_pulse,opto_trial,34,415; 470,1.8;4,10; 30,1;2,g;g,20,0,120,20,470,NA,415,0.1,3,4,0,20,10,20,trial_start,NA
2024_06_25_abo09,abo,abo09,6/25/2024,1,2024_06_25_abo_r01,opto_characterization,0,NA,dual,6,nac_corr,opto_pulse,opto_trial,34,415; 470,1.8;4,10; 30,1;2,g;g,20,0,120,20,470,NA,415,0.1,3,4,0,20,10,20,trial_start,NA
2024_06_25_abo09,abo,abo09,6/25/2024,1,2024_06_25_abo_r01,opto_characterization,0,NA,dual,10,nac,opto_pulse,opto_trial,34,415; 470,1.8;4,10; 30,1;2,g;g,20,0,120,20,470,NA,415,0.1,3,4,0,20,10,20,trial_start,NA
2024_06_25_abo09,abo,abo09,6/25/2024,1,2024_06_25_abo_r01,opto_characterization,0,NA,dual,12,dms,opto_pulse,opto_trial,34,415; 470,1.8;4,10; 30,1;2,g;g,20,0,120,20,470,NA,415,0.1,3,4,0,20,10,20,trial_start,NA
2024_06_25_abo09,abo,abo09,6/25/2024,1,2024_06_25_abo_r01,opto_characterization,0,NA,dual,3,dls,opto_pulse,opto_trial,34,415; 470,1.8;4,10; 30,1;2,g;g,20,0,120,20,470,NA,415,0.1,3,4,0,20,10,20,trial_start,NA
2024_06_25_abo09,abo,abo09,6/25/2024,1,2024_06_25_abo_r01,opto_characterization,0,NA,dual,5,ts,opto_pulse,opto_trial,34,415; 470,1.8;4,10; 30,1;2,g;g,20,0,120,20,470,NA,415,0.1,3,4,0,20,10,20,trial_start,NA
2024_06_25_abo10,abo,abo10,6/25/2024,2,2024_06_25_abo_r02,opto_characterization,0,NA,dual,3,nac_shelllat,opto_pulse,opto_trial,34,415; 470,1.8;4,10; 30,1;2,g;g,20,0,120,20,470,NA,415,0.1,3,4,0,20,10,20,trial_start,NA
2024_06_25_abo10,abo,abo10,6/25/2024,2,2024_06_25_abo_r02,opto_characterization,0,NA,dual,4,nac_corr,opto_pulse,opto_trial,34,415; 470,1.8;4,10; 30,1;2,g;g,20,0,120,20,470,NA,415,0.1,3,4,0,20,10,20,trial_start,NA
2024_06_25_abo10,abo,abo10,6/25/2024,2,2024_06_25_abo_r02,opto_characterization,0,NA,dual,12,nac,opto_pulse,opto_trial,34,415; 470,1.8;4,10; 30,1;2,g;g,20,0,120,20,470,NA,415,0.1,3,4,0,20,10,20,trial_start,NA
2024_06_25_abo10,abo,abo10,6/25/2024,2,2024_06_25_abo_r02,opto_characterization,0,NA,dual,10,dms,opto_pulse,opto_trial,34,415; 470,1.8;4,10; 30,1;2,g;g,20,0,120,20,470,NA,415,0.1,3,4,0,20,10,20,trial_start,NA
2024_06_25_abo10,abo,abo10,6/25/2024,2,2024_06_25_abo_r02,opto_characterization,0,NA,dual,5,dls,opto_pulse,opto_trial,34,415; 470,1.8;4,10; 30,1;2,g;g,20,0,120,20,470,NA,415,0.1,3,4,0,20,10,20,trial_start,NA
2024_06_25_abo10,abo,abo10,6/25/2024,2,2024_06_25_abo_r02,opto_characterization,0,NA,dual,6,ts,opto_pulse,opto_trial,34,415; 470,1.8;4,10; 30,1;2,g;g,20,0,120,20,470,NA,415,0.1,3,4,0,20,10,20,trial_start,NA
2024_06_25_abo11,abo,abo11,6/25/2024,3,2024_06_25_abo_r03,opto_characterization,0,NA,dual,12,nac_shelllat,opto_pulse,opto_trial,34,415; 470,1.8;4,10; 30,1;2,g;g,20,0,120,20,470,NA,415,0.1,3,4,0,20,10,20,trial_start,NA
2024_06_25_abo11,abo,abo11,6/25/2024,3,2024_06_25_abo_r03,opto_characterization,0,NA,dual,10,nac_corr,opto_pulse,opto_trial,34,415; 470,1.8;4,10; 30,1;2,g;g,20,0,120,20,470,NA,415,0.1,3,4,0,20,10,20,trial_start,NA
2024_06_25_abo11,abo,abo11,6/25/2024,3,2024_06_25_abo_r03,opto_characterization,0,NA,dual,6,nac,opto_pulse,opto_trial,34,415; 470,1.8;4,10; 30,1;2,g;g,20,0,120,20,470,NA,415,0.1,3,4,0,20,10,20,trial_start,NA
2024_06_25_abo11,abo,abo11,6/25/2024,3,2024_06_25_abo_r03,opto_characterization,0,NA,dual,5,dms,opto_pulse,opto_trial,34,415; 470,1.8;4,10; 30,1;2,g;g,20,0,120,20,470,NA,415,0.1,3,4,0,20,10,20,trial_start,NA
2024_06_25_abo11,abo,abo11,6/25/2024,3,2024_06_25_abo_r03,opto_characterization,0,NA,dual,4,dls,opto_pulse,opto_trial,34,415; 470,1.8;4,10; 30,1;2,g;g,20,0,120,20,470,NA,415,0.1,3,4,0,20,10,20,trial_start,NA
2024_06_25_abo11,abo,abo11,6/25/2024,3,2024_06_25_abo_r03,opto_characterization,0,NA,dual,3,ts,opto_pulse,opto_trial,34,415; 470,1.8;4,10; 30,1;2,g;g,20,0,120,20,470,NA,415,0.1,3,4,0,20,10,20,trial_start,NA
2024_06_25_abo12,abo,abo12,6/25/2024,4,2024_06_25_abo_r04,opto_characterization,0,NA,dual,5,nac_shelllat,opto_pulse,opto_trial,34,415; 470,1.8;4,10; 30,1;2,g;g,20,0,120,20,470,NA,415,0.1,3,4,0,20,10,20,trial_start,NA
2024_06_25_abo12,abo,abo12,6/25/2024,4,2024_06_25_abo_r04,opto_characterization,0,NA,dual,3,nac_corr,opto_pulse,opto_trial,34,415; 470,1.8;4,10; 30,1;2,g;g,20,0,120,20,470,NA,415,0.1,3,4,0,20,10,20,trial_start,NA
2024_06_25_abo12,abo,abo12,6/25/2024,4,2024_06_25_abo_r04,opto_characterization,0,NA,dual,4,nac,opto_pulse,opto_trial,34,415; 470,1.8;4,10; 30,1;2,g;g,20,0,120,20,470,NA,415,0.1,3,4,0,20,10,20,trial_start,NA
2024_06_25_abo12,abo,abo12,6/25/2024,4,2024_06_25_abo_r04,opto_characterization,0,NA,dual,6,dms,opto_pulse,opto_trial,34,415; 470,1.8;4,10; 30,1;2,g;g,20,0,120,20,470,NA,415,0.1,3,4,0,20,10,20,trial_start,NA
2024_06_25_abo12,abo,abo12,6/25/2024,4,2024_06_25_abo_r04,opto_characterization,0,NA,dual,12,dls,opto_pulse,opto_trial,34,415; 470,1.8;4,10; 30,1;2,g;g,20,0,120,20,470,NA,415,0.1,3,4,0,20,10,20,trial_start,NA
2024_06_25_abo12,abo,abo12,6/25/2024,4,2024_06_25_abo_r04,opto_characterization,0,NA,dual,10,ts,opto_pulse,opto_trial,34,415; 470,1.8;4,10; 30,1;2,g;g,20,0,120,20,470,NA,415,0.1,3,4,0,20,10,20,trial_start,NA
2024_06_25_abo13,abo,abo13,6/25/2024,5,2024_06_25_abo_r05,opto_characterization,0,NA,dual,6,nac_shelllat,opto_pulse,opto_trial,34,415; 470,1.8;4,10; 30,1;2,g;g,20,0,120,20,470,NA,415,0.1,3,4,0,20,10,20,trial_start,NA
2024_06_25_abo13,abo,abo13,6/25/2024,5,2024_06_25_abo_r05,opto_characterization,0,NA,dual,5,nac_corr,opto_pulse,opto_trial,34,415; 470,1.8;4,10; 30,1;2,g;g,20,0,120,20,470,NA,415,0.1,3,4,0,20,10,20,trial_start,NA
2024_06_25_abo13,abo,abo13,6/25/2024,5,2024_06_25_abo_r05,opto_characterization,0,NA,dual,3,nac,opto_pulse,opto_trial,34,415; 470,1.8;4,10; 30,1;2,g;g,20,0,120,20,470,NA,415,0.1,3,4,0,20,10,20,trial_start,NA
2024_06_25_abo13,abo,abo13,6/25/2024,5,2024_06_25_abo_r05,opto_characterization,0,NA,dual,4,dms,opto_pulse,opto_trial,34,415; 470,1.8;4,10; 30,1;2,g;g,20,0,120,20,470,NA,415,0.1,3,4,0,20,10,20,trial_start,NA
2024_06_25_abo13,abo,abo13,6/25/2024,5,2024_06_25_abo_r05,opto_characterization,0,NA,dual,10,dls,opto_pulse,opto_trial,34,415; 470,1.8;4,10; 30,1;2,g;g,20,0,120,20,470,NA,415,0.1,3,4,0,20,10,20,trial_start,NA
2024_06_25_abo13,abo,abo13,6/25/2024,5,2024_06_25_abo_r05,opto_characterization,0,NA,dual,12,ts,opto_pulse,opto_trial,34,415; 470,1.8;4,10; 30,1;2,g;g,20,0,120,20,470,NA,415,0.1,3,4,0,20,10,20,trial_start,NA
2024_06_25_abo14,abo,abo14,6/25/2024,6,2024_06_25_abo_r06,opto_characterization,0,NA,dual,4,nac_shelllat,opto_pulse,opto_trial,34,415; 470,1.8;4,10; 30,1;2,g;g,20,0,120,20,470,NA,415,0.1,3,4,0,20,10,20,trial_start,NA
2024_06_25_abo14,abo,abo14,6/25/2024,6,2024_06_25_abo_r06,opto_characterization,0,NA,dual,6,nac_corr,opto_pulse,opto_trial,34,415; 470,1.8;4,10; 30,1;2,g;g,20,0,120,20,470,NA,415,0.1,3,4,0,20,10,20,trial_start,NA
2024_06_25_abo14,abo,abo14,6/25/2024,6,2024_06_25_abo_r06,opto_characterization,0,NA,dual,10,nac,opto_pulse,opto_trial,34,415; 470,1.8;4,10; 30,1;2,g;g,20,0,120,20,470,NA,415,0.1,3,4,0,20,10,20,trial_start,NA
2024_06_25_abo14,abo,abo14,6/25/2024,6,2024_06_25_abo_r06,opto_characterization,0,NA,dual,12,dms,opto_pulse,opto_trial,34,415; 470,1.8;4,10; 30,1;2,g;g,20,0,120,20,470,NA,415,0.1,3,4,0,20,10,20,trial_start,NA
2024_06_25_abo14,abo,abo14,6/25/2024,6,2024_06_25_abo_r06,opto_characterization,0,NA,dual,3,dls,opto_pulse,opto_trial,34,415; 470,1.8;4,10; 30,1;2,g;g,20,0,120,20,470,NA,415,0.1,3,4,0,20,10,20,trial_start,NA
2024_06_25_abo14,abo,abo14,6/25/2024,6,2024_06_25_abo_r06,opto_characterization,0,NA,dual,5,ts,opto_pulse,opto_trial,34,415; 470,1.8;4,10; 30,1;2,g;g,20,0,120,20,470,NA,415,0.1,3,4,0,20,10,20,trial_start,NA
2024_06_26_abo09,abo,abo09,6/26/2024,1,2024_06_26_abo_r01,opto_characterization,0,NA,dual,3,nac_shelllat,opto_pulse,opto_trial,34,415; 470,1.8;4,10; 30,1;2,g;g,20,0,120,20,470,NA,415,0.1,3,4,0,20,10,20,trial_start,NA
2024_06_26_abo09,abo,abo09,6/26/2024,1,2024_06_26_abo_r01,opto_characterization,0,NA,dual,4,nac_corr,opto_pulse,opto_trial,34,415; 470,1.8;4,10; 30,1;2,g;g,20,0,120,20,470,NA,415,0.1,3,4,0,20,10,20,trial_start,NA
2024_06_26_abo09,abo,abo09,6/26/2024,1,2024_06_26_abo_r01,opto_characterization,0,NA,dual,12,nac,opto_pulse,opto_trial,34,415; 470,1.8;4,10; 30,1;2,g;g,20,0,120,20,470,NA,415,0.1,3,4,0,20,10,20,trial_start,NA
2024_06_26_abo09,abo,abo09,6/26/2024,1,2024_06_26_abo_r01,opto_characterization,0,NA,dual,10,dms,opto_pulse,opto_trial,34,415; 470,1.8;4,10; 30,1;2,g;g,20,0,120,20,470,NA,415,0.1,3,4,0,20,10,20,trial_start,NA
2024_06_26_abo09,abo,abo09,6/26/2024,1,2024_06_26_abo_r01,opto_characterization,0,NA,dual,5,dls,opto_pulse,opto_trial,34,415; 470,1.8;4,10; 30,1;2,g;g,20,0,120,20,470,NA,415,0.1,3,4,0,20,10,20,trial_start,NA
2024_06_26_abo09,abo,abo09,6/26/2024,1,2024_06_26_abo_r01,opto_characterization,0,NA,dual,6,ts,opto_pulse,opto_trial,34,415; 470,1.8;4,10; 30,1;2,g;g,20,0,120,20,470,NA,415,0.1,3,4,0,20,10,20,trial_start,NA
2024_06_26_abo10,abo,abo10,6/26/2024,2,2024_06_26_abo_r02,opto_characterization,0,NA,dual,12,nac_shelllat,opto_pulse,opto_trial,34,415; 470,1.8;4,10; 30,1;2,g;g,20,0,120,20,470,NA,415,0.1,3,4,0,20,10,20,trial_start,NA
2024_06_26_abo10,abo,abo10,6/26/2024,2,2024_06_26_abo_r02,opto_characterization,0,NA,dual,10,nac_corr,opto_pulse,opto_trial,34,415; 470,1.8;4,10; 30,1;2,g;g,20,0,120,20,470,NA,415,0.1,3,4,0,20,10,20,trial_start,NA
2024_06_26_abo10,abo,abo10,6/26/2024,2,2024_06_26_abo_r02,opto_characterization,0,NA,dual,6,nac,opto_pulse,opto_trial,34,415; 470,1.8;4,10; 30,1;2,g;g,20,0,120,20,470,NA,415,0.1,3,4,0,20,10,20,trial_start,NA
2024_06_26_abo10,abo,abo10,6/26/2024,2,2024_06_26_abo_r02,opto_characterization,0,NA,dual,5,dms,opto_pulse,opto_trial,34,415; 470,1.8;4,10; 30,1;2,g;g,20,0,120,20,470,NA,415,0.1,3,4,0,20,10,20,trial_start,NA
2024_06_26_abo10,abo,abo10,6/26/2024,2,2024_06_26_abo_r02,opto_characterization,0,NA,dual,4,dls,opto_pulse,opto_trial,34,415; 470,1.8;4,10; 30,1;2,g;g,20,0,120,20,470,NA,415,0.1,3,4,0,20,10,20,trial_start,NA
2024_06_26_abo10,abo,abo10,6/26/2024,2,2024_06_26_abo_r02,opto_characterization,0,NA,dual,3,ts,opto_pulse,opto_trial,34,415; 470,1.8;4,10; 30,1;2,g;g,20,0,120,20,470,NA,415,0.1,3,4,0,20,10,20,trial_start,NA
2024_06_26_abo11,abo,abo11,6/26/2024,3,2024_06_26_abo_r03,opto_characterization,0,NA,dual,10,nac_shelllat,opto_pulse,opto_trial,34,415; 470,1.8;4,10; 30,1;2,g;g,20,0,120,20,470,NA,415,0.1,3,4,0,20,10,20,trial_start,NA
2024_06_26_abo11,abo,abo11,6/26/2024,3,2024_06_26_abo_r03,opto_characterization,0,NA,dual,12,nac_corr,opto_pulse,opto_trial,34,415; 470,1.8;4,10; 30,1;2,g;g,20,0,120,20,470,NA,415,0.1,3,4,0,20,10,20,trial_start,NA
2024_06_26_abo11,abo,abo11,6/26/2024,3,2024_06_26_abo_r03,opto_characterization,0,NA,dual,5,nac,opto_pulse,opto_trial,34,415; 470,1.8;4,10; 30,1;2,g;g,20,0,120,20,470,NA,415,0.1,3,4,0,20,10,20,trial_start,NA
2024_06_26_abo11,abo,abo11,6/26/2024,3,2024_06_26_abo_r03,opto_characterization,0,NA,dual,3,dms,opto_pulse,opto_trial,34,415; 470,1.8;4,10; 30,1;2,g;g,20,0,120,20,470,NA,415,0.1,3,4,0,20,10,20,trial_start,NA
2024_06_26_abo11,abo,abo11,6/26/2024,3,2024_06_26_abo_r03,opto_characterization,0,NA,dual,6,dls,opto_pulse,opto_trial,34,415; 470,1.8;4,10; 30,1;2,g;g,20,0,120,20,470,NA,415,0.1,3,4,0,20,10,20,trial_start,NA
2024_06_26_abo11,abo,abo11,6/26/2024,3,2024_06_26_abo_r03,opto_characterization,0,NA,dual,4,ts,opto_pulse,opto_trial,34,415; 470,1.8;4,10; 30,1;2,g;g,20,0,120,20,470,NA,415,0.1,3,4,0,20,10,20,trial_start,NA
2024_06_26_abo12,abo,abo12,6/26/2024,4,2024_06_26_abo_r04,opto_characterization,0,NA,dual,10,nac_shelllat,opto_pulse,opto_trial,34,415; 470,1.8;4,10; 30,1;2,g;g,20,0,120,20,470,NA,415,0.1,3,4,0,20,10,20,trial_start,NA
2024_06_26_abo12,abo,abo12,6/26/2024,4,2024_06_26_abo_r04,opto_characterization,0,NA,dual,12,nac_corr,opto_pulse,opto_trial,34,415; 470,1.8;4,10; 30,1;2,g;g,20,0,120,20,470,NA,415,0.1,3,4,0,20,10,20,trial_start,NA
2024_06_26_abo12,abo,abo12,6/26/2024,4,2024_06_26_abo_r04,opto_characterization,0,NA,dual,5,nac,opto_pulse,opto_trial,34,415; 470,1.8;4,10; 30,1;2,g;g,20,0,120,20,470,NA,415,0.1,3,4,0,20,10,20,trial_start,NA
2024_06_26_abo12,abo,abo12,6/26/2024,4,2024_06_26_abo_r04,opto_characterization,0,NA,dual,3,dms,opto_pulse,opto_trial,34,415; 470,1.8;4,10; 30,1;2,g;g,20,0,120,20,470,NA,415,0.1,3,4,0,20,10,20,trial_start,NA
2024_06_26_abo12,abo,abo12,6/26/2024,4,2024_06_26_abo_r04,opto_characterization,0,NA,dual,6,dls,opto_pulse,opto_trial,34,415; 470,1.8;4,10; 30,1;2,g;g,20,0,120,20,470,NA,415,0.1,3,4,0,20,10,20,trial_start,NA
2024_06_26_abo12,abo,abo12,6/26/2024,4,2024_06_26_abo_r04,opto_characterization,0,NA,dual,4,ts,opto_pulse,opto_trial,34,415; 470,1.8;4,10; 30,1;2,g;g,20,0,120,20,470,NA,415,0.1,3,4,0,20,10,20,trial_start,NA
2024_06_26_abo13,abo,abo13,6/26/2024,5,2024_06_26_abo_r05,opto_characterization,0,NA,dual,6,nac_shelllat,opto_pulse,opto_trial,34,415; 470,1.8;4,10; 30,1;2,g;g,20,0,120,20,470,NA,415,0.1,3,4,0,20,10,20,trial_start,NA
2024_06_26_abo13,abo,abo13,6/26/2024,5,2024_06_26_abo_r05,opto_characterization,0,NA,dual,5,nac_corr,opto_pulse,opto_trial,34,415; 470,1.8;4,10; 30,1;2,g;g,20,0,120,20,470,NA,415,0.1,3,4,0,20,10,20,trial_start,NA
2024_06_26_abo13,abo,abo13,6/26/2024,5,2024_06_26_abo_r05,opto_characterization,0,NA,dual,3,nac,opto_pulse,opto_trial,34,415; 470,1.8;4,10; 30,1;2,g;g,20,0,120,20,470,NA,415,0.1,3,4,0,20,10,20,trial_start,NA
2024_06_26_abo13,abo,abo13,6/26/2024,5,2024_06_26_abo_r05,opto_characterization,0,NA,dual,4,dms,opto_pulse,opto_trial,34,415; 470,1.8;4,10; 30,1;2,g;g,20,0,120,20,470,NA,415,0.1,3,4,0,20,10,20,trial_start,NA
2024_06_26_abo13,abo,abo13,6/26/2024,5,2024_06_26_abo_r05,opto_characterization,0,NA,dual,10,dls,opto_pulse,opto_trial,34,415; 470,1.8;4,10; 30,1;2,g;g,20,0,120,20,470,NA,415,0.1,3,4,0,20,10,20,trial_start,NA
2024_06_26_abo13,abo,abo13,6/26/2024,5,2024_06_26_abo_r05,opto_characterization,0,NA,dual,12,ts,opto_pulse,opto_trial,34,415; 470,1.8;4,10; 30,1;2,g;g,20,0,120,20,470,NA,415,0.1,3,4,0,20,10,20,trial_start,NA
2024_06_26_abo14,abo,abo14,6/26/2024,6,2024_06_26_abo_r06,opto_characterization,0,NA,dual,5,nac_shelllat,opto_pulse,opto_trial,34,415; 470,1.8;4,10; 30,1;2,g;g,20,0,120,20,470,NA,415,0.1,3,4,0,20,10,20,trial_start,NA
2024_06_26_abo14,abo,abo14,6/26/2024,6,2024_06_26_abo_r06,opto_characterization,0,NA,dual,3,nac_corr,opto_pulse,opto_trial,34,415; 470,1.8;4,10; 30,1;2,g;g,20,0,120,20,470,NA,415,0.1,3,4,0,20,10,20,trial_start,NA
2024_06_26_abo14,abo,abo14,6/26/2024,6,2024_06_26_abo_r06,opto_characterization,0,NA,dual,4,nac,opto_pulse,opto_trial,34,415; 470,1.8;4,10; 30,1;2,g;g,20,0,120,20,470,NA,415,0.1,3,4,0,20,10,20,trial_start,NA
2024_06_26_abo14,abo,abo14,6/26/2024,6,2024_06_26_abo_r06,opto_characterization,0,NA,dual,6,dms,opto_pulse,opto_trial,34,415; 470,1.8;4,10; 30,1;2,g;g,20,0,120,20,470,NA,415,0.1,3,4,0,20,10,20,trial_start,NA
2024_06_26_abo14,abo,abo14,6/26/2024,6,2024_06_26_abo_r06,opto_characterization,0,NA,dual,12,dls,opto_pulse,opto_trial,34,415; 470,1.8;4,10; 30,1;2,g;g,20,0,120,20,470,NA,415,0.1,3,4,0,20,10,20,trial_start,NA
2024_06_26_abo14,abo,abo14,6/26/2024,6,2024_06_26_abo_r06,opto_characterization,0,NA,dual,10,ts,opto_pulse,opto_trial,34,415; 470,1.8;4,10; 30,1;2,g;g,20,0,120,20,470,NA,415,0.1,3,4,0,20,10,20,trial_start,NA
2024_08_05_abw05,abw,abw05,8/5/2024,1,2024_08_05_abw_r01,opto_characterization,0,NA,dual,1,nac,NA,opto_trial,34,415; 470,2.6;2.9,30;60,1;2,g;g,20,0,60,20,470,NA,415,0.1,3,4,0,20,10,20,trial_start,NA
2024_08_05_abw05,abw,abw05,8/5/2024,1,2024_08_05_abw_r01,opto_characterization,0,NA,dual,2,dms,NA,opto_trial,34,415; 470,2.6;2.9,30;60,1;2,g;g,20,0,60,20,470,NA,415,0.1,3,4,0,20,10,20,trial_start,NA
2024_08_05_abw05,abw,abw05,8/5/2024,1,2024_08_05_abw_r01,opto_characterization,0,NA,dual,3,dls,NA,opto_trial,34,415; 470,2.6;2.9,30;60,1;2,g;g,20,0,60,20,470,NA,415,0.1,3,4,0,20,10,20,trial_start,NA
2024_08_05_abw05,abw,abw05,8/5/2024,1,2024_08_05_abw_r01,opto_characterization,0,NA,dual,4,ts,NA,opto_trial,34,415; 470,2.6;2.9,30;60,1;2,g;g,20,0,60,20,470,NA,415,0.1,3,4,0,20,10,20,trial_start,NA
2024_08_05_abw06,abw,abw06,8/5/2024,2,2024_08_05_abw_r02,opto_characterization,0,NA,dual,2,nac,NA,opto_trial,34,415; 470,2.6;2.9,30;60,1;2,g;g,20,0,60,20,470,NA,415,0.1,3,4,0,20,10,20,trial_start,NA
2024_08_05_abw06,abw,abw06,8/5/2024,2,2024_08_05_abw_r02,opto_characterization,0,NA,dual,1,dms,NA,opto_trial,34,415; 470,2.6;2.9,30;60,1;2,g;g,20,0,60,20,470,NA,415,0.1,3,4,0,20,10,20,trial_start,NA
2024_08_05_abw06,abw,abw06,8/5/2024,2,2024_08_05_abw_r02,opto_characterization,0,NA,dual,4,dls,NA,opto_trial,34,415; 470,2.6;2.9,30;60,1;2,g;g,20,0,60,20,470,NA,415,0.1,3,4,0,20,10,20,trial_start,NA
2024_08_05_abw06,abw,abw06,8/5/2024,2,2024_08_05_abw_r02,opto_characterization,0,NA,dual,3,ts,NA,opto_trial,34,415; 470,2.6;2.9,30;60,1;2,g;g,20,0,60,20,470,NA,415,0.1,3,4,0,20,10,20,trial_start,NA
2024_08_05_abw07,abw,abw07,8/5/2024,3,2024_08_05_abw_r03,opto_characterization,0,NA,dual,3,nac,NA,opto_trial,34,415; 470,2.6;2.9,30;60,1;2,g;g,20,0,60,20,470,NA,415,0.1,3,4,0,20,10,20,trial_start,NA
2024_08_05_abw07,abw,abw07,8/5/2024,3,2024_08_05_abw_r03,opto_characterization,0,NA,dual,2,dms,NA,opto_trial,34,415; 470,2.6;2.9,30;60,1;2,g;g,20,0,60,20,470,NA,415,0.1,3,4,0,20,10,20,trial_start,NA
2024_08_05_abw07,abw,abw07,8/5/2024,3,2024_08_05_abw_r03,opto_characterization,0,NA,dual,1,dls,NA,opto_trial,34,415; 470,2.6;2.9,30;60,1;2,g;g,20,0,60,20,470,NA,415,0.1,3,4,0,20,10,20,trial_start,NA
2024_08_05_abw07,abw,abw07,8/5/2024,3,2024_08_05_abw_r03,opto_characterization,0,NA,dual,4,ts,NA,opto_trial,34,415; 470,2.6;2.9,30;60,1;2,g;g,20,0,60,20,470,NA,415,0.1,3,4,0,20,10,20,trial_start,NA
2024_08_05_abw08,abw,abw08,8/5/2024,4,2024_08_05_abw_r04,opto_characterization,0,NA,dual,4,nac,NA,opto_trial,34,415; 470,2.6;2.9,30;60,1;2,g;g,20,0,60,20,470,NA,415,0.1,3,4,0,20,10,20,trial_start,NA
2024_08_05_abw08,abw,abw08,8/5/2024,4,2024_08_05_abw_r04,opto_characterization,0,NA,dual,3,dms,NA,opto_trial,34,415; 470,2.6;2.9,30;60,1;2,g;g,20,0,60,20,470,NA,415,0.1,3,4,0,20,10,20,trial_start,NA
2024_08_05_abw08,abw,abw08,8/5/2024,4,2024_08_05_abw_r04,opto_characterization,0,NA,dual,2,dls,NA,opto_trial,34,415; 470,2.6;2.9,30;60,1;2,g;g,20,0,60,20,470,NA,415,0.1,3,4,0,20,10,20,trial_start,NA
2024_08_05_abw08,abw,abw08,8/5/2024,4,2024_08_05_abw_r04,opto_characterization,0,NA,dual,1,ts,NA,opto_trial,34,415; 470,2.6;2.9,30;60,1;2,g;g,20,0,60,20,470,NA,415,0.1,3,4,0,20,10,20,trial_start,NA
2024_08_05_abw09,abw,abw09,8/5/2024,5,2024_08_05_abw_r05,opto_characterization,0,NA,dual,1,nac,NA,opto_trial,34,415; 470,2.6;2.9,30;60,1;2,g;g,20,0,60,20,470,NA,415,0.1,3,4,0,20,10,20,trial_start,NA
2024_08_05_abw09,abw,abw09,8/5/2024,5,2024_08_05_abw_r05,opto_characterization,0,NA,dual,3,dms,NA,opto_trial,34,415; 470,2.6;2.9,30;60,1;2,g;g,20,0,60,20,470,NA,415,0.1,3,4,0,20,10,20,trial_start,NA
2024_08_05_abw09,abw,abw09,8/5/2024,5,2024_08_05_abw_r05,opto_characterization,0,NA,dual,4,dls,NA,opto_trial,34,415; 470,2.6;2.9,30;60,1;2,g;g,20,0,60,20,470,NA,415,0.1,3,4,0,20,10,20,trial_start,NA
2024_08_05_abw09,abw,abw09,8/5/2024,5,2024_08_05_abw_r05,opto_characterization,0,NA,dual,2,ts,NA,opto_trial,34,415; 470,2.6;2.9,30;60,1;2,g;g,20,0,60,20,470,NA,415,0.1,3,4,0,20,10,20,trial_start,NA
2024_08_05_abw11,abw,abw11,8/5/2024,7,2024_08_05_abw_r07,opto_characterization,0,NA,dual,4,nac,NA,opto_trial,34,415; 470,2.6;2.9,30;60,1;2,g;g,20,0,60,20,470,NA,415,0.1,3,4,0,20,10,20,trial_start,NA
2024_08_05_abw11,abw,abw11,8/5/2024,7,2024_08_05_abw_r07,opto_characterization,0,NA,dual,2,dms,NA,opto_trial,34,415; 470,2.6;2.9,30;60,1;2,g;g,20,0,60,20,470,NA,415,0.1,3,4,0,20,10,20,trial_start,NA
2024_08_05_abw11,abw,abw11,8/5/2024,7,2024_08_05_abw_r07,opto_characterization,0,NA,dual,1,dls,NA,opto_trial,34,415; 470,2.6;2.9,30;60,1;2,g;g,20,0,60,20,470,NA,415,0.1,3,4,0,20,10,20,trial_start,NA
2024_08_05_abw11,abw,abw11,8/5/2024,7,2024_08_05_abw_r07,opto_characterization,0,NA,dual,3,ts,NA,opto_trial,34,415; 470,2.6;2.9,30;60,1;2,g;g,20,0,60,20,470,NA,415,0.1,3,4,0,20,10,20,trial_start,NA
2024_08_05_abw12,abw,abw12,8/5/2024,8,2024_08_05_abw_r08,opto_characterization,0,NA,dual,3,nac,NA,opto_trial,34,415; 470,2.6;2.9,30;60,1;2,g;g,20,0,60,20,470,NA,415,0.1,3,4,0,20,10,20,trial_start,NA
2024_08_05_abw12,abw,abw12,8/5/2024,8,2024_08_05_abw_r08,opto_characterization,0,NA,dual,2,dms,NA,opto_trial,34,415; 470,2.6;2.9,30;60,1;2,g;g,20,0,60,20,470,NA,415,0.1,3,4,0,20,10,20,trial_start,NA
2024_08_05_abw12,abw,abw12,8/5/2024,8,2024_08_05_abw_r08,opto_characterization,0,NA,dual,4,dls,NA,opto_trial,34,415; 470,2.6;2.9,30;60,1;2,g;g,20,0,60,20,470,NA,415,0.1,3,4,0,20,10,20,trial_start,NA
2024_08_05_abw12,abw,abw12,8/5/2024,8,2024_08_05_abw_r08,opto_characterization,0,NA,dual,1,ts,NA,opto_trial,34,415; 470,2.6;2.9,30;60,1;2,g;g,20,0,60,20,470,NA,415,0.1,3,4,0,20,10,20,trial_start,NA
2024_08_06_abw05,abw,abw05,8/6/2024,1,2024_08_06_abw_r01,opto_characterization,0,NA,dual,1,nac,NA,opto_trial,34,415; 470,2.6;2.9,30;60,1;2,g;g,20,0,60,20,470,NA,415,0.1,3,4,0,20,10,20,trial_start,NA
2024_08_06_abw05,abw,abw05,8/6/2024,1,2024_08_06_abw_r01,opto_characterization,0,NA,dual,4,dms,NA,opto_trial,34,415; 470,2.6;2.9,30;60,1;2,g;g,20,0,60,20,470,NA,415,0.1,3,4,0,20,10,20,trial_start,NA
2024_08_06_abw05,abw,abw05,8/6/2024,1,2024_08_06_abw_r01,opto_characterization,0,NA,dual,3,dls,NA,opto_trial,34,415; 470,2.6;2.9,30;60,1;2,g;g,20,0,60,20,470,NA,415,0.1,3,4,0,20,10,20,trial_start,NA
2024_08_06_abw05,abw,abw05,8/6/2024,1,2024_08_06_abw_r01,opto_characterization,0,NA,dual,2,ts,NA,opto_trial,34,415; 470,2.6;2.9,30;60,1;2,g;g,20,0,60,20,470,NA,415,0.1,3,4,0,20,10,20,trial_start,NA
2024_08_06_abw08,abw,abw08,8/6/2024,4,2024_08_06_abw_r04,opto_characterization,0,NA,dual,2,nac,NA,opto_trial,34,415; 470,2.6;2.9,30;60,1;2,g;g,20,0,60,20,470,NA,415,0.1,3,4,0,20,10,20,trial_start,NA
2024_08_06_abw08,abw,abw08,8/6/2024,4,2024_08_06_abw_r04,opto_characterization,0,NA,dual,1,dms,NA,opto_trial,34,415; 470,2.6;2.9,30;60,1;2,g;g,20,0,60,20,470,NA,415,0.1,3,4,0,20,10,20,trial_start,NA
2024_08_06_abw08,abw,abw08,8/6/2024,4,2024_08_06_abw_r04,opto_characterization,0,NA,dual,4,dls,NA,opto_trial,34,415; 470,2.6;2.9,30;60,1;2,g;g,20,0,60,20,470,NA,415,0.1,3,4,0,20,10,20,trial_start,NA
2024_08_06_abw08,abw,abw08,8/6/2024,4,2024_08_06_abw_r04,opto_characterization,0,NA,dual,3,ts,NA,opto_trial,34,415; 470,2.6;2.9,30;60,1;2,g;g,20,0,60,20,470,NA,415,0.1,3,4,0,20,10,20,trial_start,NA
2024_08_06_abw09,abw,abw09,8/6/2024,5,2024_08_06_abw_r05,opto_characterization,0,NA,dual,3,nac,NA,opto_trial,34,415; 470,2.6;2.9,30;60,1;2,g;g,20,0,60,20,470,NA,415,0.1,3,4,0,20,10,20,trial_start,NA
2024_08_06_abw09,abw,abw09,8/6/2024,5,2024_08_06_abw_r05,opto_characterization,0,NA,dual,4,dms,NA,opto_trial,34,415; 470,2.6;2.9,30;60,1;2,g;g,20,0,60,20,470,NA,415,0.1,3,4,0,20,10,20,trial_start,NA
2024_08_06_abw09,abw,abw09,8/6/2024,5,2024_08_06_abw_r05,opto_characterization,0,NA,dual,1,dls,NA,opto_trial,34,415; 470,2.6;2.9,30;60,1;2,g;g,20,0,60,20,470,NA,415,0.1,3,4,0,20,10,20,trial_start,NA
2024_08_06_abw09,abw,abw09,8/6/2024,5,2024_08_06_abw_r05,opto_characterization,0,NA,dual,2,ts,NA,opto_trial,34,415; 470,2.6;2.9,30;60,1;2,g;g,20,0,60,20,470,NA,415,0.1,3,4,0,20,10,20,trial_start,NA
2024_08_06_abw11,abw,abw11,8/6/2024,7,2024_08_06_abw_r07,opto_characterization,0,NA,dual,1,nac,NA,opto_trial,34,415; 470,2.6;2.9,30;60,1;2,g;g,20,0,60,20,470,NA,415,0.1,3,4,0,20,10,20,trial_start,NA
2024_08_06_abw11,abw,abw11,8/6/2024,7,2024_08_06_abw_r07,opto_characterization,0,NA,dual,2,dms,NA,opto_trial,34,415; 470,2.6;2.9,30;60,1;2,g;g,20,0,60,20,470,NA,415,0.1,3,4,0,20,10,20,trial_start,NA
2024_08_06_abw11,abw,abw11,8/6/2024,7,2024_08_06_abw_r07,opto_characterization,0,NA,dual,4,dls,NA,opto_trial,34,415; 470,2.6;2.9,30;60,1;2,g;g,20,0,60,20,470,NA,415,0.1,3,4,0,20,10,20,trial_start,NA
2024_08_06_abw11,abw,abw11,8/6/2024,7,2024_08_06_abw_r07,opto_characterization,0,NA,dual,3,ts,NA,opto_trial,34,415; 470,2.6;2.9,30;60,1;2,g;g,20,0,60,20,470,NA,415,0.1,3,4,0,20,10,20,trial_start,NA
2024_08_06_abw12,abw,abw12,8/6/2024,8,2024_08_06_abw_r08,opto_characterization,0,NA,dual,2,nac,NA,opto_trial,34,415; 470,2.6;2.9,30;60,1;2,g;g,20,0,60,20,470,NA,415,0.1,3,4,0,20,10,20,trial_start,NA
2024_08_06_abw12,abw,abw12,8/6/2024,8,2024_08_06_abw_r08,opto_characterization,0,NA,dual,3,dms,NA,opto_trial,34,415; 470,2.6;2.9,30;60,1;2,g;g,20,0,60,20,470,NA,415,0.1,3,4,0,20,10,20,trial_start,NA
2024_08_06_abw12,abw,abw12,8/6/2024,8,2024_08_06_abw_r08,opto_characterization,0,NA,dual,1,dls,NA,opto_trial,34,415; 470,2.6;2.9,30;60,1;2,g;g,20,0,60,20,470,NA,415,0.1,3,4,0,20,10,20,trial_start,NA
2024_08_06_abw12,abw,abw12,8/6/2024,8,2024_08_06_abw_r08,opto_characterization,0,NA,dual,4,ts,NA,opto_trial,34,415; 470,2.6;2.9,30;60,1;2,g;g,20,0,60,20,470,NA,415,0.1,3,4,0,20,10,20,trial_start,NA
2024_08_06_abw07,abw,abw07,8/6/2024,9,2024_08_06_abw_r09,opto_characterization,0,NA,dual,3,nac,NA,opto_trial,34,415; 470,2.6;2.9,30;60,1;2,g;g,20,0,60,20,470,NA,415,0.1,3,4,0,20,10,20,trial_start,NA
2024_08_06_abw07,abw,abw07,8/6/2024,9,2024_08_06_abw_r09,opto_characterization,0,NA,dual,2,dms,NA,opto_trial,34,415; 470,2.6;2.9,30;60,1;2,g;g,20,0,60,20,470,NA,415,0.1,3,4,0,20,10,20,trial_start,NA
2024_08_06_abw07,abw,abw07,8/6/2024,9,2024_08_06_abw_r09,opto_characterization,0,NA,dual,4,dls,NA,opto_trial,34,415; 470,2.6;2.9,30;60,1;2,g;g,20,0,60,20,470,NA,415,0.1,3,4,0,20,10,20,trial_start,NA
2024_08_06_abw07,abw,abw07,8/6/2024,9,2024_08_06_abw_r09,opto_characterization,0,NA,dual,1,ts,NA,opto_trial,34,415; 470,2.6;2.9,30;60,1;2,g;g,20,0,60,20,470,NA,415,0.1,3,4,0,20,10,20,trial_start,NA
2024_08_07_abw05,abw,abw05,8/7/2024,1,2024_08_07_abw_r01,opto_characterization,0,NA,dual,4,nac,NA,opto_trial,34,415; 470,2.6;2.9,30;60,1;2,g;g,20,0,60,20,470,NA,415,0.1,3,4,0,20,10,20,trial_start,NA
2024_08_07_abw05,abw,abw05,8/7/2024,1,2024_08_07_abw_r01,opto_characterization,0,NA,dual,3,dms,NA,opto_trial,34,415; 470,2.6;2.9,30;60,1;2,g;g,20,0,60,20,470,NA,415,0.1,3,4,0,20,10,20,trial_start,NA
2024_08_07_abw05,abw,abw05,8/7/2024,1,2024_08_07_abw_r01,opto_characterization,0,NA,dual,1,dls,NA,opto_trial,34,415; 470,2.6;2.9,30;60,1;2,g;g,20,0,60,20,470,NA,415,0.1,3,4,0,20,10,20,trial_start,NA
2024_08_07_abw05,abw,abw05,8/7/2024,1,2024_08_07_abw_r01,opto_characterization,0,NA,dual,2,ts,NA,opto_trial,34,415; 470,2.6;2.9,30;60,1;2,g;g,20,0,60,20,470,NA,415,0.1,3,4,0,20,10,20,trial_start,NA
2024_08_07_abw06,abw,abw06,8/7/2024,2,2024_08_07_abw_r02,opto_characterization,0,NA,dual,3,nac,NA,opto_trial,34,415; 470,2.6;2.9,30;60,1;2,g;g,20,0,60,20,470,NA,415,0.1,3,4,0,20,10,20,trial_start,NA
2024_08_07_abw06,abw,abw06,8/7/2024,2,2024_08_07_abw_r02,opto_characterization,0,NA,dual,4,dms,NA,opto_trial,34,415; 470,2.6;2.9,30;60,1;2,g;g,20,0,60,20,470,NA,415,0.1,3,4,0,20,10,20,trial_start,NA
2024_08_07_abw06,abw,abw06,8/7/2024,2,2024_08_07_abw_r02,opto_characterization,0,NA,dual,2,dls,NA,opto_trial,34,415; 470,2.6;2.9,30;60,1;2,g;g,20,0,60,20,470,NA,415,0.1,3,4,0,20,10,20,trial_start,NA
2024_08_07_abw06,abw,abw06,8/7/2024,2,2024_08_07_abw_r02,opto_characterization,0,NA,dual,1,ts,NA,opto_trial,34,415; 470,2.6;2.9,30;60,1;2,g;g,20,0,60,20,470,NA,415,0.1,3,4,0,20,10,20,trial_start,NA
2024_08_07_abw07,abw,abw07,8/7/2024,3,2024_08_07_abw_r03,opto_characterization,0,NA,dual,1,nac,NA,opto_trial,34,415; 470,2.6;2.9,30;60,1;2,g;g,20,0,60,20,470,NA,415,0.1,3,4,0,20,10,20,trial_start,NA
2024_08_07_abw07,abw,abw07,8/7/2024,3,2024_08_07_abw_r03,opto_characterization,0,NA,dual,2,dms,NA,opto_trial,34,415; 470,2.6;2.9,30;60,1;2,g;g,20,0,60,20,470,NA,415,0.1,3,4,0,20,10,20,trial_start,NA
2024_08_07_abw07,abw,abw07,8/7/2024,3,2024_08_07_abw_r03,opto_characterization,0,NA,dual,4,dls,NA,opto_trial,34,415; 470,2.6;2.9,30;60,1;2,g;g,20,0,60,20,470,NA,415,0.1,3,4,0,20,10,20,trial_start,NA
2024_08_07_abw07,abw,abw07,8/7/2024,3,2024_08_07_abw_r03,opto_characterization,0,NA,dual,3,ts,NA,opto_trial,34,415; 470,2.6;2.9,30;60,1;2,g;g,20,0,60,20,470,NA,415,0.1,3,4,0,20,10,20,trial_start,NA
2024_08_07_abw08,abw,abw08,8/7/2024,4,2024_08_07_abw_r04,opto_characterization,0,NA,dual,2,nac,NA,opto_trial,34,415; 470,2.6;2.9,30;60,1;2,g;g,20,0,60,20,470,NA,415,0.1,3,4,0,20,10,20,trial_start,NA
2024_08_07_abw08,abw,abw08,8/7/2024,4,2024_08_07_abw_r04,opto_characterization,0,NA,dual,1,dms,NA,opto_trial,34,415; 470,2.6;2.9,30;60,1;2,g;g,20,0,60,20,470,NA,415,0.1,3,4,0,20,10,20,trial_start,NA
2024_08_07_abw08,abw,abw08,8/7/2024,4,2024_08_07_abw_r04,opto_characterization,0,NA,dual,3,dls,NA,opto_trial,34,415; 470,2.6;2.9,30;60,1;2,g;g,20,0,60,20,470,NA,415,0.1,3,4,0,20,10,20,trial_start,NA
2024_08_07_abw08,abw,abw08,8/7/2024,4,2024_08_07_abw_r04,opto_characterization,0,NA,dual,4,ts,NA,opto_trial,34,415; 470,2.6;2.9,30;60,1;2,g;g,20,0,60,20,470,NA,415,0.1,3,4,0,20,10,20,trial_start,NA
2024_08_07_abw09,abw,abw09,8/7/2024,5,2024_08_07_abw_r05,opto_characterization,0,NA,dual,1,nac,NA,opto_trial,34,415; 470,2.6;2.9,30;60,1;2,g;g,20,0,60,20,470,NA,415,0.1,3,4,0,20,10,20,trial_start,NA
2024_08_07_abw09,abw,abw09,8/7/2024,5,2024_08_07_abw_r05,opto_characterization,0,NA,dual,3,dms,NA,opto_trial,34,415; 470,2.6;2.9,30;60,1;2,g;g,20,0,60,20,470,NA,415,0.1,3,4,0,20,10,20,trial_start,NA
2024_08_07_abw09,abw,abw09,8/7/2024,5,2024_08_07_abw_r05,opto_characterization,0,NA,dual,4,dls,NA,opto_trial,34,415; 470,2.6;2.9,30;60,1;2,g;g,20,0,60,20,470,NA,415,0.1,3,4,0,20,10,20,trial_start,NA
2024_08_07_abw09,abw,abw09,8/7/2024,5,2024_08_07_abw_r05,opto_characterization,0,NA,dual,2,ts,NA,opto_trial,34,415; 470,2.6;2.9,30;60,1;2,g;g,20,0,60,20,470,NA,415,0.1,3,4,0,20,10,20,trial_start,NA
2024_08_07_abw11,abw,abw11,8/7/2024,7,2024_08_07_abw_r07,opto_characterization,0,NA,dual,4,nac,NA,opto_trial,34,415; 470,2.6;2.9,30;60,1;2,g;g,20,0,60,20,470,NA,415,0.1,3,4,0,20,10,20,trial_start,NA
2024_08_07_abw11,abw,abw11,8/7/2024,7,2024_08_07_abw_r07,opto_characterization,0,NA,dual,2,dms,NA,opto_trial,34,415; 470,2.6;2.9,30;60,1;2,g;g,20,0,60,20,470,NA,415,0.1,3,4,0,20,10,20,trial_start,NA
2024_08_07_abw11,abw,abw11,8/7/2024,7,2024_08_07_abw_r07,opto_characterization,0,NA,dual,1,dls,NA,opto_trial,34,415; 470,2.6;2.9,30;60,1;2,g;g,20,0,60,20,470,NA,415,0.1,3,4,0,20,10,20,trial_start,NA
2024_08_07_abw11,abw,abw11,8/7/2024,7,2024_08_07_abw_r07,opto_characterization,0,NA,dual,3,ts,NA,opto_trial,34,415; 470,2.6;2.9,30;60,1;2,g;g,20,0,60,20,470,NA,415,0.1,3,4,0,20,10,20,trial_start,NA
2024_08_07_abw12,abw,abw12,8/7/2024,8,2024_08_07_abw_r08,opto_characterization,0,NA,dual,1,nac,NA,opto_trial,34,415; 470,2.6;2.9,30;60,1;2,g;g,20,0,60,20,470,NA,415,0.1,3,4,0,20,10,20,trial_start,NA
2024_08_07_abw12,abw,abw12,8/7/2024,8,2024_08_07_abw_r08,opto_characterization,0,NA,dual,2,dms,NA,opto_trial,34,415; 470,2.6;2.9,30;60,1;2,g;g,20,0,60,20,470,NA,415,0.1,3,4,0,20,10,20,trial_start,NA
2024_08_07_abw12,abw,abw12,8/7/2024,8,2024_08_07_abw_r08,opto_characterization,0,NA,dual,3,dls,NA,opto_trial,34,415; 470,2.6;2.9,30;60,1;2,g;g,20,0,60,20,470,NA,415,0.1,3,4,0,20,10,20,trial_start,NA
2024_08_07_abw12,abw,abw12,8/7/2024,8,2024_08_07_abw_r08,opto_characterization,0,NA,dual,4,ts,NA,opto_trial,34,415; 470,2.6;2.9,30;60,1;2,g;g,20,0,60,20,470,NA,415,0.1,3,4,0,20,10,20,trial_start,NA
2024_08_08_abw07,abw,abw07,8/8/2024,4,2024_08_08_abw_r04,opto_characterization,0,NA,dual,4,nac,NA,opto_trial,34,415; 470,2.6;2.9,30;60,1;2,g;g,20,0,60,20,470,NA,415,0.1,3,4,0,20,10,20,trial_start,NA
2024_08_08_abw07,abw,abw07,8/8/2024,4,2024_08_08_abw_r04,opto_characterization,0,NA,dual,1,dms,NA,opto_trial,34,415; 470,2.6;2.9,30;60,1;2,g;g,20,0,60,20,470,NA,415,0.1,3,4,0,20,10,20,trial_start,NA
2024_08_08_abw07,abw,abw07,8/8/2024,4,2024_08_08_abw_r04,opto_characterization,0,NA,dual,3,dls,NA,opto_trial,34,415; 470,2.6;2.9,30;60,1;2,g;g,20,0,60,20,470,NA,415,0.1,3,4,0,20,10,20,trial_start,NA
2024_08_08_abw07,abw,abw07,8/8/2024,4,2024_08_08_abw_r04,opto_characterization,0,NA,dual,2,ts,NA,opto_trial,34,415; 470,2.6;2.9,30;60,1;2,g;g,20,0,60,20,470,NA,415,0.1,3,4,0,20,10,20,trial_start,NA
2024_08_08_abw08,abw,abw08,8/8/2024,5,2024_08_08_abw_r05,opto_characterization,0,NA,dual,1,nac,NA,opto_trial,34,415; 470,2.6;2.9,30;60,1;2,g;g,20,0,60,20,470,NA,415,0.1,3,4,0,20,10,20,trial_start,NA
2024_08_08_abw08,abw,abw08,8/8/2024,5,2024_08_08_abw_r05,opto_characterization,0,NA,dual,4,dms,NA,opto_trial,34,415; 470,2.6;2.9,30;60,1;2,g;g,20,0,60,20,470,NA,415,0.1,3,4,0,20,10,20,trial_start,NA
2024_08_08_abw08,abw,abw08,8/8/2024,5,2024_08_08_abw_r05,opto_characterization,0,NA,dual,2,dls,NA,opto_trial,34,415; 470,2.6;2.9,30;60,1;2,g;g,20,0,60,20,470,NA,415,0.1,3,4,0,20,10,20,trial_start,NA
2024_08_08_abw08,abw,abw08,8/8/2024,5,2024_08_08_abw_r05,opto_characterization,0,NA,dual,3,ts,NA,opto_trial,34,415; 470,2.6;2.9,30;60,1;2,g;g,20,0,60,20,470,NA,415,0.1,3,4,0,20,10,20,trial_start,NA
2024_08_08_abw09,abw,abw09,8/8/2024,6,2024_08_08_abw_r06,opto_characterization,0,NA,dual,3,nac,NA,opto_trial,34,415; 470,2.6;2.9,30;60,1;2,g;g,20,0,60,20,470,NA,415,0.1,3,4,0,20,10,20,trial_start,NA
2024_08_08_abw09,abw,abw09,8/8/2024,6,2024_08_08_abw_r06,opto_characterization,0,NA,dual,2,dms,NA,opto_trial,34,415; 470,2.6;2.9,30;60,1;2,g;g,20,0,60,20,470,NA,415,0.1,3,4,0,20,10,20,trial_start,NA
2024_08_08_abw09,abw,abw09,8/8/2024,6,2024_08_08_abw_r06,opto_characterization,0,NA,dual,4,dls,NA,opto_trial,34,415; 470,2.6;2.9,30;60,1;2,g;g,20,0,60,20,470,NA,415,0.1,3,4,0,20,10,20,trial_start,NA
2024_08_08_abw09,abw,abw09,8/8/2024,6,2024_08_08_abw_r06,opto_characterization,0,NA,dual,1,ts,NA,opto_trial,34,415; 470,2.6;2.9,30;60,1;2,g;g,20,0,60,20,470,NA,415,0.1,3,4,0,20,10,20,trial_start,NA
2024_08_08_abw11,abw,abw11,8/8/2024,8,2024_08_08_abw_r08,opto_characterization,0,NA,dual,4,nac,NA,opto_trial,34,415; 470,2.6;2.9,30;60,1;2,g;g,20,0,60,20,470,NA,415,0.1,3,4,0,20,10,20,trial_start,NA
2024_08_08_abw11,abw,abw11,8/8/2024,8,2024_08_08_abw_r08,opto_characterization,0,NA,dual,3,dms,NA,opto_trial,34,415; 470,2.6;2.9,30;60,1;2,g;g,20,0,60,20,470,NA,415,0.1,3,4,0,20,10,20,trial_start,NA
2024_08_08_abw11,abw,abw11,8/8/2024,8,2024_08_08_abw_r08,opto_characterization,0,NA,dual,1,dls,NA,opto_trial,34,415; 470,2.6;2.9,30;60,1;2,g;g,20,0,60,20,470,NA,415,0.1,3,4,0,20,10,20,trial_start,NA
2024_08_08_abw11,abw,abw11,8/8/2024,8,2024_08_08_abw_r08,opto_characterization,0,NA,dual,2,ts,NA,opto_trial,34,415; 470,2.6;2.9,30;60,1;2,g;g,20,0,60,20,470,NA,415,0.1,3,4,0,20,10,20,trial_start,NA
2024_08_09_abw05,abw,abw05,8/9/2024,1,2024_08_09_abw_r01,opto_characterization,0,NA,dual,3,nac,NA,opto_trial,34,415; 470,2.6;2.9,30;60,1;2,g;g,20,0,60,20,470,NA,415,0.1,3,4,0,20,10,20,trial_start,NA
2024_08_09_abw05,abw,abw05,8/9/2024,1,2024_08_09_abw_r01,opto_characterization,0,NA,dual,2,dms,NA,opto_trial,34,415; 470,2.6;2.9,30;60,1;2,g;g,20,0,60,20,470,NA,415,0.1,3,4,0,20,10,20,trial_start,NA
2024_08_09_abw05,abw,abw05,8/9/2024,1,2024_08_09_abw_r01,opto_characterization,0,NA,dual,4,dls,NA,opto_trial,34,415; 470,2.6;2.9,30;60,1;2,g;g,20,0,60,20,470,NA,415,0.1,3,4,0,20,10,20,trial_start,NA
2024_08_09_abw05,abw,abw05,8/9/2024,1,2024_08_09_abw_r01,opto_characterization,0,NA,dual,1,ts,NA,opto_trial,34,415; 470,2.6;2.9,30;60,1;2,g;g,20,0,60,20,470,NA,415,0.1,3,4,0,20,10,20,trial_start,NA
2024_08_09_abw06,abw,abw06,8/9/2024,2,2024_08_09_abw_r02,opto_characterization,0,NA,dual,1,nac,NA,opto_trial,34,415; 470,2.6;2.9,30;60,1;2,g;g,20,0,60,20,470,NA,415,0.1,3,4,0,20,10,20,trial_start,NA
2024_08_09_abw06,abw,abw06,8/9/2024,2,2024_08_09_abw_r02,opto_characterization,0,NA,dual,2,dms,NA,opto_trial,34,415; 470,2.6;2.9,30;60,1;2,g;g,20,0,60,20,470,NA,415,0.1,3,4,0,20,10,20,trial_start,NA
2024_08_09_abw06,abw,abw06,8/9/2024,2,2024_08_09_abw_r02,opto_characterization,0,NA,dual,3,dls,NA,opto_trial,34,415; 470,2.6;2.9,30;60,1;2,g;g,20,0,60,20,470,NA,415,0.1,3,4,0,20,10,20,trial_start,NA
2024_08_09_abw06,abw,abw06,8/9/2024,2,2024_08_09_abw_r02,opto_characterization,0,NA,dual,4,ts,NA,opto_trial,34,415; 470,2.6;2.9,30;60,1;2,g;g,20,0,60,20,470,NA,415,0.1,3,4,0,20,10,20,trial_start,NA
2024_08_09_abw12,abw,abw12,8/9/2024,3,2024_08_09_abw_r03,opto_characterization,0,NA,dual,2,nac,NA,opto_trial,34,415; 470,2.6;2.9,30;60,1;2,g;g,20,0,60,20,470,NA,415,0.1,3,4,0,20,10,20,trial_start,NA
2024_08_09_abw12,abw,abw12,8/9/2024,3,2024_08_09_abw_r03,opto_characterization,0,NA,dual,4,dms,NA,opto_trial,34,415; 470,2.6;2.9,30;60,1;2,g;g,20,0,60,20,470,NA,415,0.1,3,4,0,20,10,20,trial_start,NA
2024_08_09_abw12,abw,abw12,8/9/2024,3,2024_08_09_abw_r03,opto_characterization,0,NA,dual,3,dls,NA,opto_trial,34,415; 470,2.6;2.9,30;60,1;2,g;g,20,0,60,20,470,NA,415,0.1,3,4,0,20,10,20,trial_start,NA
2024_08_09_abw12,abw,abw12,8/9/2024,3,2024_08_09_abw_r03,opto_characterization,0,NA,dual,1,ts,NA,opto_trial,34,415; 470,2.6;2.9,30;60,1;2,g;g,20,0,60,20,470,NA,415,0.1,3,4,0,20,10,20,trial_start,NA
2024_08_09_abw13,abw,abw13,8/9/2024,4,2024_08_09_abw_r04,opto_characterization,0,NA,dual,1,nac,NA,opto_trial,34,415; 470,2.6;2.9,30;60,1;2,g;g,20,0,60,20,470,NA,415,0.1,3,4,0,20,10,20,trial_start,NA
2024_08_09_abw13,abw,abw13,8/9/2024,4,2024_08_09_abw_r04,opto_characterization,0,NA,dual,2,dms,NA,opto_trial,34,415; 470,2.6;2.9,30;60,1;2,g;g,20,0,60,20,470,NA,415,0.1,3,4,0,20,10,20,trial_start,NA
2024_08_09_abw13,abw,abw13,8/9/2024,4,2024_08_09_abw_r04,opto_characterization,0,NA,dual,3,dls,NA,opto_trial,34,415; 470,2.6;2.9,30;60,1;2,g;g,20,0,60,20,470,NA,415,0.1,3,4,0,20,10,20,trial_start,NA
2024_08_09_abw13,abw,abw13,8/9/2024,4,2024_08_09_abw_r04,opto_characterization,0,NA,dual,4,ts,NA,opto_trial,34,415; 470,2.6;2.9,30;60,1;2,g;g,20,0,60,20,470,NA,415,0.1,3,4,0,20,10,20,trial_start,NA
2024_08_12_abw06,abw,abw06,8/12/2024,1,2024_08_12_abw_r01,opto_characterization,0,NA,dual,4,nac,NA,opto_trial,34,415; 470,2.6;2.9,30;60,1;2,g;g,20,0,60,20,470,NA,415,0.1,3,4,0,20,10,20,trial_start,NA
2024_08_12_abw06,abw,abw06,8/12/2024,1,2024_08_12_abw_r01,opto_characterization,0,NA,dual,1,dms,NA,opto_trial,34,415; 470,2.6;2.9,30;60,1;2,g;g,20,0,60,20,470,NA,415,0.1,3,4,0,20,10,20,trial_start,NA
2024_08_12_abw06,abw,abw06,8/12/2024,1,2024_08_12_abw_r01,opto_characterization,0,NA,dual,2,dls,NA,opto_trial,34,415; 470,2.6;2.9,30;60,1;2,g;g,20,0,60,20,470,NA,415,0.1,3,4,0,20,10,20,trial_start,NA
2024_08_12_abw06,abw,abw06,8/12/2024,1,2024_08_12_abw_r01,opto_characterization,0,NA,dual,3,ts,NA,opto_trial,34,415; 470,2.6;2.9,30;60,1;2,g;g,20,0,60,20,470,NA,415,0.1,3,4,0,20,10,20,trial_start,NA
2024_08_12_abw13,abw,abw13,8/12/2024,2,2024_08_12_abw_r02,opto_characterization,0,NA,dual,4,nac,NA,opto_trial,34,415; 470,2.6;2.9,30;60,1;2,g;g,20,0,60,20,470,NA,415,0.1,3,4,0,20,10,20,trial_start,NA
2024_08_12_abw13,abw,abw13,8/12/2024,2,2024_08_12_abw_r02,opto_characterization,0,NA,dual,1,dms,NA,opto_trial,34,415; 470,2.6;2.9,30;60,1;2,g;g,20,0,60,20,470,NA,415,0.1,3,4,0,20,10,20,trial_start,NA
2024_08_12_abw13,abw,abw13,8/12/2024,2,2024_08_12_abw_r02,opto_characterization,0,NA,dual,2,dls,NA,opto_trial,34,415; 470,2.6;2.9,30;60,1;2,g;g,20,0,60,20,470,NA,415,0.1,3,4,0,20,10,20,trial_start,NA
2024_08_12_abw13,abw,abw13,8/12/2024,2,2024_08_12_abw_r02,opto_characterization,0,NA,dual,3,ts,NA,opto_trial,34,415; 470,2.6;2.9,30;60,1;2,g;g,20,0,60,20,470,NA,415,0.1,3,4,0,20,10,20,trial_start,NA
2024_08_14_abw13,abw,abw13,8/14/2024,1,2024_08_14_abw_r01,opto_characterization,0,NA,dual,2,nac,NA,opto_trial,34,415; 470,2.6;2.9,30;60,1;2,g;g,20,0,60,20,470,NA,415,0.1,3,4,0,20,10,20,trial_start,NA
2024_08_14_abw13,abw,abw13,8/14/2024,1,2024_08_14_abw_r01,opto_characterization,0,NA,dual,1,dms,NA,opto_trial,34,415; 470,2.6;2.9,30;60,1;2,g;g,20,0,60,20,470,NA,415,0.1,3,4,0,20,10,20,trial_start,NA
2024_08_14_abw13,abw,abw13,8/14/2024,1,2024_08_14_abw_r01,opto_characterization,0,NA,dual,4,dls,NA,opto_trial,34,415; 470,2.6;2.9,30;60,1;2,g;g,20,0,60,20,470,NA,415,0.1,3,4,0,20,10,20,trial_start,NA
2024_08_14_abw13,abw,abw13,8/14/2024,1,2024_08_14_abw_r01,opto_characterization,0,NA,dual,3,ts,NA,opto_trial,34,415; 470,2.6;2.9,30;60,1;2,g;g,20,0,60,20,470,NA,415,0.1,3,4,0,20,10,20,trial_start,NA
2024_08_15_abw13,abw,abw13,8/15/2024,1,2024_08_15_abw_r01,opto_characterization,0,NA,dual,3,nac,NA,opto_trial,34,415; 470,2.6;2.9,30;60,1;2,g;g,20,0,60,20,470,NA,415,0.1,3,4,0,20,10,20,trial_start,NA
2024_08_15_abw13,abw,abw13,8/15/2024,1,2024_08_15_abw_r01,opto_characterization,0,NA,dual,4,dms,NA,opto_trial,34,415; 470,2.6;2.9,30;60,1;2,g;g,20,0,60,20,470,NA,415,0.1,3,4,0,20,10,20,trial_start,NA
2024_08_15_abw13,abw,abw13,8/15/2024,1,2024_08_15_abw_r01,opto_characterization,0,NA,dual,2,dls,NA,opto_trial,34,415; 470,2.6;2.9,30;60,1;2,g;g,20,0,60,20,470,NA,415,0.1,3,4,0,20,10,20,trial_start,NA
2024_08_15_abw13,abw,abw13,8/15/2024,1,2024_08_15_abw_r01,opto_characterization,0,NA,dual,1,ts,NA,opto_trial,34,415; 470,2.6;2.9,30;60,1;2,g;g,20,0,60,20,470,NA,415,0.1,3,4,0,20,10,20,trial_start,NA
2024_09_11_acd15,acd,acd15,9/11/2024,1,2024_09_11_acd_r01,water_nacl_opto,0,NA,dual,6,nac_shelllat,NA,opto_trial,42,415; 470; 560,1.8;4;0,10;30;0,1;2;2,g;g;r,20,0,120,20,470,560,415,0.1,3,4,0,20,10,20,spout_extended,NA
2024_09_11_acd15,acd,acd15,9/11/2024,1,2024_09_11_acd_r01,water_nacl_opto,0,NA,dual,10,nac_corr,NA,opto_trial,42,415; 470; 560,1.8;4;0,10;30;0,1;2;2,g;g;r,20,0,120,20,470,560,415,0.1,3,4,0,20,10,20,spout_extended,NA
2024_09_11_acd15,acd,acd15,9/11/2024,1,2024_09_11_acd_r01,water_nacl_opto,0,NA,dual,5,nac,NA,opto_trial,42,415; 470; 560,1.8;4;0,10;30;0,1;2;2,g;g;r,20,0,120,20,470,560,415,0.1,3,4,0,20,10,20,spout_extended,NA
2024_09_11_acd15,acd,acd15,9/11/2024,1,2024_09_11_acd_r01,water_nacl_opto,0,NA,dual,4,dms,NA,opto_trial,42,415; 470; 560,1.8;4;0,10;30;0,1;2;2,g;g;r,20,0,120,20,470,560,415,0.1,3,4,0,20,10,20,spout_extended,NA
2024_09_11_acd15,acd,acd15,9/11/2024,1,2024_09_11_acd_r01,water_nacl_opto,0,NA,dual,3,dls,NA,opto_trial,42,415; 470; 560,1.8;4;0,10;30;0,1;2;2,g;g;r,20,0,120,20,470,560,415,0.1,3,4,0,20,10,20,spout_extended,NA
2024_09_11_acd15,acd,acd15,9/11/2024,1,2024_09_11_acd_r01,water_nacl_opto,0,NA,dual,12,ts,NA,opto_trial,42,415; 470; 560,1.8;4;0,10;30;0,1;2;2,g;g;r,20,0,120,20,470,560,415,0.1,3,4,0,20,10,20,spout_extended,NA
2024_09_11_acd17,acd,acd17,9/11/2024,2,2024_09_11_acd_r02,water_nacl_opto,0,NA,dual,10,nac_shelllat,NA,opto_trial,42,415; 470; 560,1.8;4;0,10;30;0,1;2;2,g;g;r,20,0,120,20,470,560,415,0.1,3,4,0,20,10,20,spout_extended,NA
2024_09_11_acd17,acd,acd17,9/11/2024,2,2024_09_11_acd_r02,water_nacl_opto,0,NA,dual,3,nac_corr,NA,opto_trial,42,415; 470; 560,1.8;4;0,10;30;0,1;2;2,g;g;r,20,0,120,20,470,560,415,0.1,3,4,0,20,10,20,spout_extended,NA
2024_09_11_acd17,acd,acd17,9/11/2024,2,2024_09_11_acd_r02,water_nacl_opto,0,NA,dual,12,nac,NA,opto_trial,42,415; 470; 560,1.8;4;0,10;30;0,1;2;2,g;g;r,20,0,120,20,470,560,415,0.1,3,4,0,20,10,20,spout_extended,NA
2024_09_11_acd17,acd,acd17,9/11/2024,2,2024_09_11_acd_r02,water_nacl_opto,0,NA,dual,4,dms,NA,opto_trial,42,415; 470; 560,1.8;4;0,10;30;0,1;2;2,g;g;r,20,0,120,20,470,560,415,0.1,3,4,0,20,10,20,spout_extended,NA
2024_09_11_acd17,acd,acd17,9/11/2024,2,2024_09_11_acd_r02,water_nacl_opto,0,NA,dual,5,dls,NA,opto_trial,42,415; 470; 560,1.8;4;0,10;30;0,1;2;2,g;g;r,20,0,120,20,470,560,415,0.1,3,4,0,20,10,20,spout_extended,NA
2024_09_11_acd17,acd,acd17,9/11/2024,2,2024_09_11_acd_r02,water_nacl_opto,0,NA,dual,6,ts,NA,opto_trial,42,415; 470; 560,1.8;4;0,10;30;0,1;2;2,g;g;r,20,0,120,20,470,560,415,0.1,3,4,0,20,10,20,spout_extended,NA
2024_09_11_acd18,acd,acd18,9/11/2024,3,2024_09_11_acd_r03,water_nacl_opto,0,NA,dual,12,nac_shelllat,NA,opto_trial,42,415; 470; 560,1.8;4;0,10;30;0,1;2;2,g;g;r,20,0,120,20,470,560,415,0.1,3,4,0,20,10,20,spout_extended,NA
2024_09_11_acd18,acd,acd18,9/11/2024,3,2024_09_11_acd_r03,water_nacl_opto,0,NA,dual,6,nac_corr,NA,opto_trial,42,415; 470; 560,1.8;4;0,10;30;0,1;2;2,g;g;r,20,0,120,20,470,560,415,0.1,3,4,0,20,10,20,spout_extended,NA
2024_09_11_acd18,acd,acd18,9/11/2024,3,2024_09_11_acd_r03,water_nacl_opto,0,NA,dual,4,nac,NA,opto_trial,42,415; 470; 560,1.8;4;0,10;30;0,1;2;2,g;g;r,20,0,120,20,470,560,415,0.1,3,4,0,20,10,20,spout_extended,NA
2024_09_11_acd18,acd,acd18,9/11/2024,3,2024_09_11_acd_r03,water_nacl_opto,0,NA,dual,5,dms,NA,opto_trial,42,415; 470; 560,1.8;4;0,10;30;0,1;2;2,g;g;r,20,0,120,20,470,560,415,0.1,3,4,0,20,10,20,spout_extended,NA
2024_09_11_acd18,acd,acd18,9/11/2024,3,2024_09_11_acd_r03,water_nacl_opto,0,NA,dual,3,dls,NA,opto_trial,42,415; 470; 560,1.8;4;0,10;30;0,1;2;2,g;g;r,20,0,120,20,470,560,415,0.1,3,4,0,20,10,20,spout_extended,NA
2024_09_11_acd18,acd,acd18,9/11/2024,3,2024_09_11_acd_r03,water_nacl_opto,0,NA,dual,10,ts,NA,opto_trial,42,415; 470; 560,1.8;4;0,10;30;0,1;2;2,g;g;r,20,0,120,20,470,560,415,0.1,3,4,0,20,10,20,spout_extended,NA
2024_09_16_acd15,acd,acd15,9/16/2024,1,2024_09_16_acd_r01,water_nacl_opto,0,NA,dual,4,nac_shelllat,NA,opto_trial,42,415; 470; 560,1.8;4;0,10;30;0,1;2;2,g;g;r,20,0,120,20,470,560,415,0.1,3,4,0,20,10,20,spout_extended,NA
2024_09_16_acd15,acd,acd15,9/16/2024,1,2024_09_16_acd_r01,water_nacl_opto,0,NA,dual,3,nac_corr,NA,opto_trial,42,415; 470; 560,1.8;4;0,10;30;0,1;2;2,g;g;r,20,0,120,20,470,560,415,0.1,3,4,0,20,10,20,spout_extended,NA
2024_09_16_acd15,acd,acd15,9/16/2024,1,2024_09_16_acd_r01,water_nacl_opto,0,NA,dual,12,nac,NA,opto_trial,42,415; 470; 560,1.8;4;0,10;30;0,1;2;2,g;g;r,20,0,120,20,470,560,415,0.1,3,4,0,20,10,20,spout_extended,NA
2024_09_16_acd15,acd,acd15,9/16/2024,1,2024_09_16_acd_r01,water_nacl_opto,0,NA,dual,10,dms,NA,opto_trial,42,415; 470; 560,1.8;4;0,10;30;0,1;2;2,g;g;r,20,0,120,20,470,560,415,0.1,3,4,0,20,10,20,spout_extended,NA
2024_09_16_acd15,acd,acd15,9/16/2024,1,2024_09_16_acd_r01,water_nacl_opto,0,NA,dual,5,dls,NA,opto_trial,42,415; 470; 560,1.8;4;0,10;30;0,1;2;2,g;g;r,20,0,120,20,470,560,415,0.1,3,4,0,20,10,20,spout_extended,NA
2024_09_16_acd15,acd,acd15,9/16/2024,1,2024_09_16_acd_r01,water_nacl_opto,0,NA,dual,6,ts,NA,opto_trial,42,415; 470; 560,1.8;4;0,10;30;0,1;2;2,g;g;r,20,0,120,20,470,560,415,0.1,3,4,0,20,10,20,spout_extended,NA
2024_09_16_acd17,acd,acd17,9/16/2024,2,2024_09_16_acd_r02,water_nacl_opto,0,NA,dual,12,nac_shelllat,NA,opto_trial,42,415; 470; 560,1.8;4;0,10;30;0,1;2;2,g;g;r,20,0,120,20,470,560,415,0.1,3,4,0,20,10,20,spout_extended,NA
2024_09_16_acd17,acd,acd17,9/16/2024,2,2024_09_16_acd_r02,water_nacl_opto,0,NA,dual,10,nac_corr,NA,opto_trial,42,415; 470; 560,1.8;4;0,10;30;0,1;2;2,g;g;r,20,0,120,20,470,560,415,0.1,3,4,0,20,10,20,spout_extended,NA
2024_09_16_acd17,acd,acd17,9/16/2024,2,2024_09_16_acd_r02,water_nacl_opto,0,NA,dual,6,nac,NA,opto_trial,42,415; 470; 560,1.8;4;0,10;30;0,1;2;2,g;g;r,20,0,120,20,470,560,415,0.1,3,4,0,20,10,20,spout_extended,NA
2024_09_16_acd17,acd,acd17,9/16/2024,2,2024_09_16_acd_r02,water_nacl_opto,0,NA,dual,5,dms,NA,opto_trial,42,415; 470; 560,1.8;4;0,10;30;0,1;2;2,g;g;r,20,0,120,20,470,560,415,0.1,3,4,0,20,10,20,spout_extended,NA
2024_09_16_acd17,acd,acd17,9/16/2024,2,2024_09_16_acd_r02,water_nacl_opto,0,NA,dual,3,dls,NA,opto_trial,42,415; 470; 560,1.8;4;0,10;30;0,1;2;2,g;g;r,20,0,120,20,470,560,415,0.1,3,4,0,20,10,20,spout_extended,NA
2024_09_16_acd17,acd,acd17,9/16/2024,2,2024_09_16_acd_r02,water_nacl_opto,0,NA,dual,4,ts,NA,opto_trial,42,415; 470; 560,1.8;4;0,10;30;0,1;2;2,g;g;r,20,0,120,20,470,560,415,0.1,3,4,0,20,10,20,spout_extended,NA
2024_09_16_acd18,acd,acd18,9/16/2024,3,2024_09_16_acd_r03,water_nacl_opto,0,NA,dual,6,nac_shelllat,NA,opto_trial,42,415; 470; 560,1.8;4;0,10;30;0,1;2;2,g;g;r,20,0,120,20,470,560,415,0.1,3,4,0,20,10,20,spout_extended,NA
2024_09_16_acd18,acd,acd18,9/16/2024,3,2024_09_16_acd_r03,water_nacl_opto,0,NA,dual,5,nac_corr,NA,opto_trial,42,415; 470; 560,1.8;4;0,10;30;0,1;2;2,g;g;r,20,0,120,20,470,560,415,0.1,3,4,0,20,10,20,spout_extended,NA
2024_09_16_acd18,acd,acd18,9/16/2024,3,2024_09_16_acd_r03,water_nacl_opto,0,NA,dual,3,nac,NA,opto_trial,42,415; 470; 560,1.8;4;0,10;30;0,1;2;2,g;g;r,20,0,120,20,470,560,415,0.1,3,4,0,20,10,20,spout_extended,NA
2024_09_16_acd18,acd,acd18,9/16/2024,3,2024_09_16_acd_r03,water_nacl_opto,0,NA,dual,4,dms,NA,opto_trial,42,415; 470; 560,1.8;4;0,10;30;0,1;2;2,g;g;r,20,0,120,20,470,560,415,0.1,3,4,0,20,10,20,spout_extended,NA
2024_09_16_acd18,acd,acd18,9/16/2024,3,2024_09_16_acd_r03,water_nacl_opto,0,NA,dual,10,dls,NA,opto_trial,42,415; 470; 560,1.8;4;0,10;30;0,1;2;2,g;g;r,20,0,120,20,470,560,415,0.1,3,4,0,20,10,20,spout_extended,NA
2024_09_16_acd18,acd,acd18,9/16/2024,3,2024_09_16_acd_r03,water_nacl_opto,0,NA,dual,12,ts,NA,opto_trial,42,415; 470; 560,1.8;4;0,10;30;0,1;2;2,g;g;r,20,0,120,20,470,560,415,0.1,3,4,0,20,10,20,spout_extended,NA
2024_09_17_acd15,acd,acd15,9/17/2024,1,2024_09_17_acd_r01,water_nacl_opto,0,NA,dual,4,nac_shelllat,NA,opto_trial,42,415; 470; 560,1.8;4;0,10;30;0,1;2;2,g;g;r,20,0,120,20,470,560,415,0.1,3,4,0,20,10,20,spout_extended,NA
2024_09_17_acd15,acd,acd15,9/17/2024,1,2024_09_17_acd_r01,water_nacl_opto,0,NA,dual,10,nac_corr,NA,opto_trial,42,415; 470; 560,1.8;4;0,10;30;0,1;2;2,g;g;r,20,0,120,20,470,560,415,0.1,3,4,0,20,10,20,spout_extended,NA
2024_09_17_acd15,acd,acd15,9/17/2024,1,2024_09_17_acd_r01,water_nacl_opto,0,NA,dual,3,nac,NA,opto_trial,42,415; 470; 560,1.8;4;0,10;30;0,1;2;2,g;g;r,20,0,120,20,470,560,415,0.1,3,4,0,20,10,20,spout_extended,NA
2024_09_17_acd15,acd,acd15,9/17/2024,1,2024_09_17_acd_r01,water_nacl_opto,0,NA,dual,6,dms,NA,opto_trial,42,415; 470; 560,1.8;4;0,10;30;0,1;2;2,g;g;r,20,0,120,20,470,560,415,0.1,3,4,0,20,10,20,spout_extended,NA
2024_09_17_acd15,acd,acd15,9/17/2024,1,2024_09_17_acd_r01,water_nacl_opto,0,NA,dual,12,dls,NA,opto_trial,42,415; 470; 560,1.8;4;0,10;30;0,1;2;2,g;g;r,20,0,120,20,470,560,415,0.1,3,4,0,20,10,20,spout_extended,NA
2024_09_17_acd15,acd,acd15,9/17/2024,1,2024_09_17_acd_r01,water_nacl_opto,0,NA,dual,5,ts,NA,opto_trial,42,415; 470; 560,1.8;4;0,10;30;0,1;2;2,g;g;r,20,0,120,20,470,560,415,0.1,3,4,0,20,10,20,spout_extended,NA
2024_09_17_acd17,acd,acd17,9/17/2024,2,2024_09_17_acd_r02,water_nacl_opto,0,NA,dual,6,nac_shelllat,NA,opto_trial,42,415; 470; 560,1.8;4;0,10;30;0,1;2;2,g;g;r,20,0,120,20,470,560,415,0.1,3,4,0,20,10,20,spout_extended,NA
2024_09_17_acd17,acd,acd17,9/17/2024,2,2024_09_17_acd_r02,water_nacl_opto,0,NA,dual,12,nac_corr,NA,opto_trial,42,415; 470; 560,1.8;4;0,10;30;0,1;2;2,g;g;r,20,0,120,20,470,560,415,0.1,3,4,0,20,10,20,spout_extended,NA
2024_09_17_acd17,acd,acd17,9/17/2024,2,2024_09_17_acd_r02,water_nacl_opto,0,NA,dual,3,nac,NA,opto_trial,42,415; 470; 560,1.8;4;0,10;30;0,1;2;2,g;g;r,20,0,120,20,470,560,415,0.1,3,4,0,20,10,20,spout_extended,NA
2024_09_17_acd17,acd,acd17,9/17/2024,2,2024_09_17_acd_r02,water_nacl_opto,0,NA,dual,10,dms,NA,opto_trial,42,415; 470; 560,1.8;4;0,10;30;0,1;2;2,g;g;r,20,0,120,20,470,560,415,0.1,3,4,0,20,10,20,spout_extended,NA
2024_09_17_acd17,acd,acd17,9/17/2024,2,2024_09_17_acd_r02,water_nacl_opto,0,NA,dual,4,dls,NA,opto_trial,42,415; 470; 560,1.8;4;0,10;30;0,1;2;2,g;g;r,20,0,120,20,470,560,415,0.1,3,4,0,20,10,20,spout_extended,NA
2024_09_17_acd17,acd,acd17,9/17/2024,2,2024_09_17_acd_r02,water_nacl_opto,0,NA,dual,5,ts,NA,opto_trial,42,415; 470; 560,1.8;4;0,10;30;0,1;2;2,g;g;r,20,0,120,20,470,560,415,0.1,3,4,0,20,10,20,spout_extended,NA
2024_09_17_acd18,acd,acd18,9/17/2024,3,2024_09_17_acd_r03,water_nacl_opto,0,NA,dual,4,nac_shelllat,NA,opto_trial,42,415; 470; 560,1.8;4;0,10;30;0,1;2;2,g;g;r,20,0,120,20,470,560,415,0.1,3,4,0,20,10,20,spout_extended,NA
2024_09_17_acd18,acd,acd18,9/17/2024,3,2024_09_17_acd_r03,water_nacl_opto,0,NA,dual,12,nac_corr,NA,opto_trial,42,415; 470; 560,1.8;4;0,10;30;0,1;2;2,g;g;r,20,0,120,20,470,560,415,0.1,3,4,0,20,10,20,spout_extended,NA
2024_09_17_acd18,acd,acd18,9/17/2024,3,2024_09_17_acd_r03,water_nacl_opto,0,NA,dual,10,nac,NA,opto_trial,42,415; 470; 560,1.8;4;0,10;30;0,1;2;2,g;g;r,20,0,120,20,470,560,415,0.1,3,4,0,20,10,20,spout_extended,NA
2024_09_17_acd18,acd,acd18,9/17/2024,3,2024_09_17_acd_r03,water_nacl_opto,0,NA,dual,3,dms,NA,opto_trial,42,415; 470; 560,1.8;4;0,10;30;0,1;2;2,g;g;r,20,0,120,20,470,560,415,0.1,3,4,0,20,10,20,spout_extended,NA
2024_09_17_acd18,acd,acd18,9/17/2024,3,2024_09_17_acd_r03,water_nacl_opto,0,NA,dual,6,dls,NA,opto_trial,42,415; 470; 560,1.8;4;0,10;30;0,1;2;2,g;g;r,20,0,120,20,470,560,415,0.1,3,4,0,20,10,20,spout_extended,NA
2024_09_17_acd18,acd,acd18,9/17/2024,3,2024_09_17_acd_r03,water_nacl_opto,0,NA,dual,5,ts,NA,opto_trial,42,415; 470; 560,1.8;4;0,10;30;0,1;2;2,g;g;r,20,0,120,20,470,560,415,0.1,3,4,0,20,10,20,spout_extended,NA
2024_09_18_acd15,acd,acd15,9/18/2024,1,2024_09_18_acd_r01,water_nacl_opto,0,NA,dual,10,nac_shelllat,NA,opto_trial,42,415; 470; 560,1.8;4;0,10;30;0,1;2;2,g;g;r,20,0,120,20,470,560,415,0.1,3,4,0,20,10,20,spout_extended,NA
2024_09_18_acd15,acd,acd15,9/18/2024,1,2024_09_18_acd_r01,water_nacl_opto,0,NA,dual,6,nac_corr,NA,opto_trial,42,415; 470; 560,1.8;4;0,10;30;0,1;2;2,g;g;r,20,0,120,20,470,560,415,0.1,3,4,0,20,10,20,spout_extended,NA
2024_09_18_acd15,acd,acd15,9/18/2024,1,2024_09_18_acd_r01,water_nacl_opto,0,NA,dual,5,nac,NA,opto_trial,42,415; 470; 560,1.8;4;0,10;30;0,1;2;2,g;g;r,20,0,120,20,470,560,415,0.1,3,4,0,20,10,20,spout_extended,NA
2024_09_18_acd15,acd,acd15,9/18/2024,1,2024_09_18_acd_r01,water_nacl_opto,0,NA,dual,4,dms,NA,opto_trial,42,415; 470; 560,1.8;4;0,10;30;0,1;2;2,g;g;r,20,0,120,20,470,560,415,0.1,3,4,0,20,10,20,spout_extended,NA
2024_09_18_acd15,acd,acd15,9/18/2024,1,2024_09_18_acd_r01,water_nacl_opto,0,NA,dual,3,dls,NA,opto_trial,42,415; 470; 560,1.8;4;0,10;30;0,1;2;2,g;g;r,20,0,120,20,470,560,415,0.1,3,4,0,20,10,20,spout_extended,NA
2024_09_18_acd15,acd,acd15,9/18/2024,1,2024_09_18_acd_r01,water_nacl_opto,0,NA,dual,12,ts,NA,opto_trial,42,415; 470; 560,1.8;4;0,10;30;0,1;2;2,g;g;r,20,0,120,20,470,560,415,0.1,3,4,0,20,10,20,spout_extended,NA
2024_09_18_acd17,acd,acd17,9/18/2024,2,2024_09_18_acd_r02,water_nacl_opto,0,NA,dual,10,nac_shelllat,NA,opto_trial,42,415; 470; 560,1.8;4;0,10;30;0,1;2;2,g;g;r,20,0,120,20,470,560,415,0.1,3,4,0,20,10,20,spout_extended,NA
2024_09_18_acd17,acd,acd17,9/18/2024,2,2024_09_18_acd_r02,water_nacl_opto,0,NA,dual,3,nac_corr,NA,opto_trial,42,415; 470; 560,1.8;4;0,10;30;0,1;2;2,g;g;r,20,0,120,20,470,560,415,0.1,3,4,0,20,10,20,spout_extended,NA
2024_09_18_acd17,acd,acd17,9/18/2024,2,2024_09_18_acd_r02,water_nacl_opto,0,NA,dual,12,nac,NA,opto_trial,42,415; 470; 560,1.8;4;0,10;30;0,1;2;2,g;g;r,20,0,120,20,470,560,415,0.1,3,4,0,20,10,20,spout_extended,NA
2024_09_18_acd17,acd,acd17,9/18/2024,2,2024_09_18_acd_r02,water_nacl_opto,0,NA,dual,4,dms,NA,opto_trial,42,415; 470; 560,1.8;4;0,10;30;0,1;2;2,g;g;r,20,0,120,20,470,560,415,0.1,3,4,0,20,10,20,spout_extended,NA
2024_09_18_acd17,acd,acd17,9/18/2024,2,2024_09_18_acd_r02,water_nacl_opto,0,NA,dual,5,dls,NA,opto_trial,42,415; 470; 560,1.8;4;0,10;30;0,1;2;2,g;g;r,20,0,120,20,470,560,415,0.1,3,4,0,20,10,20,spout_extended,NA
2024_09_18_acd17,acd,acd17,9/18/2024,2,2024_09_18_acd_r02,water_nacl_opto,0,NA,dual,6,ts,NA,opto_trial,42,415; 470; 560,1.8;4;0,10;30;0,1;2;2,g;g;r,20,0,120,20,470,560,415,0.1,3,4,0,20,10,20,spout_extended,NA
2024_09_19_acd18,acd,acd18,9/19/2024,3,2024_09_19_acd_r03,water_nacl_opto,0,NA,dual,12,nac_shelllat,NA,opto_trial,42,415; 470; 560,1.8;4;0,10;30;0,1;2;2,g;g;r,20,0,120,20,470,560,415,0.1,3,4,0,20,10,20,spout_extended,NA
2024_09_19_acd18,acd,acd18,9/19/2024,3,2024_09_19_acd_r03,water_nacl_opto,0,NA,dual,6,nac_corr,NA,opto_trial,42,415; 470; 560,1.8;4;0,10;30;0,1;2;2,g;g;r,20,0,120,20,470,560,415,0.1,3,4,0,20,10,20,spout_extended,NA
2024_09_19_acd18,acd,acd18,9/19/2024,3,2024_09_19_acd_r03,water_nacl_opto,0,NA,dual,10,nac,NA,opto_trial,42,415; 470; 560,1.8;4;0,10;30;0,1;2;2,g;g;r,20,0,120,20,470,560,415,0.1,3,4,0,20,10,20,spout_extended,NA
2024_09_19_acd18,acd,acd18,9/19/2024,3,2024_09_19_acd_r03,water_nacl_opto,0,NA,dual,4,dms,NA,opto_trial,42,415; 470; 560,1.8;4;0,10;30;0,1;2;2,g;g;r,20,0,120,20,470,560,415,0.1,3,4,0,20,10,20,spout_extended,NA
2024_09_19_acd18,acd,acd18,9/19/2024,3,2024_09_19_acd_r03,water_nacl_opto,0,NA,dual,3,dls,NA,opto_trial,42,415; 470; 560,1.8;4;0,10;30;0,1;2;2,g;g;r,20,0,120,20,470,560,415,0.1,3,4,0,20,10,20,spout_extended,NA
2024_09_19_acd18,acd,acd18,9/19/2024,3,2024_09_19_acd_r03,water_nacl_opto,0,NA,dual,5,ts,NA,opto_trial,42,415; 470; 560,1.8;4;0,10;30;0,1;2;2,g;g;r,20,0,120,20,470,560,415,0.1,3,4,0,20,10,20,spout_extended,NA
2025_08_20_acr01,acr,acr01,8/20/2025,1,2025_08_20_acr_r01,multi_s,0,NA,dual,5,lha,NA,NA,42,415; 470; 560,5;4;20,25;25;25,1;2;4,g;g;r,20,0,120,10,470,560,415,0.1,3,4,0,20,10,20,spout_extended,NA
2025_08_20_acr01,acr,acr01,8/20/2025,1,2025_08_20_acr_r01,multi_s,0,NA,dual,6,nac,NA,NA,42,415; 470; 560,5;4;20,25;25;25,1;2;4,g;g;r,20,0,120,10,470,560,415,0.1,3,4,0,20,10,20,spout_extended,NA
2025_08_20_acr01,acr,acr01,8/20/2025,1,2025_08_20_acr_r01,multi_s,0,NA,dual,7,dms,NA,NA,42,415; 470; 560,5;4;20,25;25;25,1;2;4,g;g;r,20,0,120,10,470,560,415,0.1,3,4,0,20,10,20,spout_extended,NA
2025_08_20_acr01,acr,acr01,8/20/2025,1,2025_08_20_acr_r01,multi_s,0,NA,dual,10,dls,NA,NA,42,415; 470; 560,5;4;20,25;25;25,1;2;4,g;g;r,20,0,120,10,470,560,415,0.1,3,4,0,20,10,20,spout_extended,NA
2025_08_20_acr01,acr,acr01,8/20/2025,1,2025_08_20_acr_r01,multi_s,0,NA,dual,12,ts,NA,NA,42,415; 470; 560,5;4;20,25;25;25,1;2;4,g;g;r,20,0,120,10,470,560,415,0.1,3,4,0,20,10,20,spout_extended,NA
2025_08_20_acr03,acr,acr03,8/20/2025,2,2025_08_20_acr_r02,multi_s,0,NA,dual,5,nac,NA,NA,42,415; 470; 560,5;4;20,25;25;25,1;2;4,g;g;r,20,0,120,10,470,560,415,0.1,3,4,0,20,10,20,spout_extended,NA
2025_08_20_acr03,acr,acr03,8/20/2025,2,2025_08_20_acr_r02,multi_s,0,NA,dual,10,dms,NA,NA,42,415; 470; 560,5;4;20,25;25;25,1;2;4,g;g;r,20,0,120,10,470,560,415,0.1,3,4,0,20,10,20,spout_extended,NA
2025_08_20_acr03,acr,acr03,8/20/2025,2,2025_08_20_acr_r02,multi_s,0,NA,dual,7,dls,NA,NA,42,415; 470; 560,5;4;20,25;25;25,1;2;4,g;g;r,20,0,120,10,470,560,415,0.1,3,4,0,20,10,20,spout_extended,NA
2025_08_20_acr03,acr,acr03,8/20/2025,2,2025_08_20_acr_r02,multi_s,0,NA,dual,12,ts,NA,NA,42,415; 470; 560,5;4;20,25;25;25,1;2;4,g;g;r,20,0,120,10,470,560,415,0.1,3,4,0,20,10,20,spout_extended,NA
2025_08_20_acr04,acr,acr04,8/20/2025,3,2025_08_20_acr_r03,multi_s,0,NA,dual,10,nac,NA,NA,42,415; 470; 560,5;4;20,25;25;25,1;2;4,g;g;r,20,0,120,10,470,560,415,0.1,3,4,0,20,10,20,spout_extended,NA
2025_08_20_acr04,acr,acr04,8/20/2025,3,2025_08_20_acr_r03,multi_s,0,NA,dual,12,dms,NA,NA,42,415; 470; 560,5;4;20,25;25;25,1;2;4,g;g;r,20,0,120,10,470,560,415,0.1,3,4,0,20,10,20,spout_extended,NA
2025_08_20_acr04,acr,acr04,8/20/2025,3,2025_08_20_acr_r03,multi_s,0,NA,dual,6,dls,NA,NA,42,415; 470; 560,5;4;20,25;25;25,1;2;4,g;g;r,20,0,120,10,470,560,415,0.1,3,4,0,20,10,20,spout_extended,NA
2025_08_20_acr04,acr,acr04,8/20/2025,3,2025_08_20_acr_r03,multi_s,0,NA,dual,5,ts,NA,NA,42,415; 470; 560,5;4;20,25;25;25,1;2;4,g;g;r,20,0,120,10,470,560,415,0.1,3,4,0,20,10,20,spout_extended,NA
2025_08_20_acr05,acr,acr05,8/20/2025,4,2025_08_20_acr_r04,multi_s,0,NA,dual,10,lha,NA,NA,42,415; 470; 560,5;4;20,25;25;25,1;2;4,g;g;r,20,0,120,10,470,560,415,0.1,3,4,0,20,10,20,spout_extended,NA
2025_08_20_acr05,acr,acr05,8/20/2025,4,2025_08_20_acr_r04,multi_s,0,NA,dual,12,nac,NA,NA,42,415; 470; 560,5;4;20,25;25;25,1;2;4,g;g;r,20,0,120,10,470,560,415,0.1,3,4,0,20,10,20,spout_extended,NA
2025_08_20_acr05,acr,acr05,8/20/2025,4,2025_08_20_acr_r04,multi_s,0,NA,dual,6,dms,NA,NA,42,415; 470; 560,5;4;20,25;25;25,1;2;4,g;g;r,20,0,120,10,470,560,415,0.1,3,4,0,20,10,20,spout_extended,NA
2025_08_20_acr05,acr,acr05,8/20/2025,4,2025_08_20_acr_r04,multi_s,0,NA,dual,5,dls,NA,NA,42,415; 470; 560,5;4;20,25;25;25,1;2;4,g;g;r,20,0,120,10,470,560,415,0.1,3,4,0,20,10,20,spout_extended,NA
2025_08_20_acr05,acr,acr05,8/20/2025,4,2025_08_20_acr_r04,multi_s,0,NA,dual,7,ts,NA,NA,42,415; 470; 560,5;4;20,25;25;25,1;2;4,g;g;r,20,0,120,10,470,560,415,0.1,3,4,0,20,10,20,spout_extended,NA
2025_08_20_acr06,acr,acr06,8/20/2025,5,2025_08_20_acr_r05,multi_s,0,NA,dual,12,lha,NA,NA,42,415; 470; 560,5;4;20,25;25;25,1;2;4,g;g;r,20,0,120,10,470,560,415,0.1,3,4,0,20,10,20,spout_extended,NA
2025_08_20_acr06,acr,acr06,8/20/2025,5,2025_08_20_acr_r05,multi_s,0,NA,dual,7,nac,NA,NA,42,415; 470; 560,5;4;20,25;25;25,1;2;4,g;g;r,20,0,120,10,470,560,415,0.1,3,4,0,20,10,20,spout_extended,NA
2025_08_20_acr06,acr,acr06,8/20/2025,5,2025_08_20_acr_r05,multi_s,0,NA,dual,5,dms,NA,NA,42,415; 470; 560,5;4;20,25;25;25,1;2;4,g;g;r,20,0,120,10,470,560,415,0.1,3,4,0,20,10,20,spout_extended,NA
2025_08_20_acr06,acr,acr06,8/20/2025,5,2025_08_20_acr_r05,multi_s,0,NA,dual,6,dls,NA,NA,42,415; 470; 560,5;4;20,25;25;25,1;2;4,g;g;r,20,0,120,10,470,560,415,0.1,3,4,0,20,10,20,spout_extended,NA
2025_08_20_acr06,acr,acr06,8/20/2025,5,2025_08_20_acr_r05,multi_s,0,NA,dual,10,ts,NA,NA,42,415; 470; 560,5;4;20,25;25;25,1;2;4,g;g;r,20,0,120,10,470,560,415,0.1,3,4,0,20,10,20,spout_extended,NA
2025_08_20_acr07,acr,acr07,8/20/2025,6,2025_08_20_acr_r06,multi_s,0,NA,dual,5,lha,NA,NA,42,415; 470; 560,5;4;20,25;25;25,1;2;4,g;g;r,20,0,120,10,470,560,415,0.1,3,4,0,20,10,20,spout_extended,NA
2025_08_20_acr07,acr,acr07,8/20/2025,6,2025_08_20_acr_r06,multi_s,0,NA,dual,10,nac,NA,NA,42,415; 470; 560,5;4;20,25;25;25,1;2;4,g;g;r,20,0,120,10,470,560,415,0.1,3,4,0,20,10,20,spout_extended,NA
2025_08_20_acr07,acr,acr07,8/20/2025,6,2025_08_20_acr_r06,multi_s,0,NA,dual,6,dms,NA,NA,42,415; 470; 560,5;4;20,25;25;25,1;2;4,g;g;r,20,0,120,10,470,560,415,0.1,3,4,0,20,10,20,spout_extended,NA
2025_08_20_acr07,acr,acr07,8/20/2025,6,2025_08_20_acr_r06,multi_s,0,NA,dual,12,dls,NA,NA,42,415; 470; 560,5;4;20,25;25;25,1;2;4,g;g;r,20,0,120,10,470,560,415,0.1,3,4,0,20,10,20,spout_extended,NA
2025_08_20_acr07,acr,acr07,8/20/2025,6,2025_08_20_acr_r06,multi_s,0,NA,dual,7,ts,NA,NA,42,415; 470; 560,5;4;20,25;25;25,1;2;4,g;g;r,20,0,120,10,470,560,415,0.1,3,4,0,20,10,20,spout_extended,NA
2025_08_20_acr08,acr,acr08,8/20/2025,7,2025_08_20_acr_r07,multi_s,0,NA,dual,6,lha,NA,NA,42,415; 470; 560,5;4;20,25;25;25,1;2;4,g;g;r,20,0,120,10,470,560,415,0.1,3,4,0,20,10,20,spout_extended,NA
2025_08_20_acr08,acr,acr08,8/20/2025,7,2025_08_20_acr_r07,multi_s,0,NA,dual,12,nac,NA,NA,42,415; 470; 560,5;4;20,25;25;25,1;2;4,g;g;r,20,0,120,10,470,560,415,0.1,3,4,0,20,10,20,spout_extended,NA
2025_08_20_acr08,acr,acr08,8/20/2025,7,2025_08_20_acr_r07,multi_s,0,NA,dual,10,dms,NA,NA,42,415; 470; 560,5;4;20,25;25;25,1;2;4,g;g;r,20,0,120,10,470,560,415,0.1,3,4,0,20,10,20,spout_extended,NA
2025_08_20_acr08,acr,acr08,8/20/2025,7,2025_08_20_acr_r07,multi_s,0,NA,dual,7,dls,NA,NA,42,415; 470; 560,5;4;20,25;25;25,1;2;4,g;g;r,20,0,120,10,470,560,415,0.1,3,4,0,20,10,20,spout_extended,NA
2025_08_20_acr08,acr,acr08,8/20/2025,7,2025_08_20_acr_r07,multi_s,0,NA,dual,5,ts,NA,NA,42,415; 470; 560,5;4;20,25;25;25,1;2;4,g;g;r,20,0,120,10,470,560,415,0.1,3,4,0,20,10,20,spout_extended,NA
2025_08_21_acr01,acr,acr01,8/21/2025,1,2025_08_21_acr_r01,multi_s,0,NA,dual,6,lha,NA,NA,42,415; 470; 560,5;4;20,25;25;25,1;2;4,g;g;r,20,0,120,10,470,560,415,0.1,3,4,0,20,10,20,spout_extended,NA
2025_08_21_acr01,acr,acr01,8/21/2025,1,2025_08_21_acr_r01,multi_s,0,NA,dual,7,nac,NA,NA,42,415; 470; 560,5;4;20,25;25;25,1;2;4,g;g;r,20,0,120,10,470,560,415,0.1,3,4,0,20,10,20,spout_extended,NA
2025_08_21_acr01,acr,acr01,8/21/2025,1,2025_08_21_acr_r01,multi_s,0,NA,dual,10,dms,NA,NA,42,415; 470; 560,5;4;20,25;25;25,1;2;4,g;g;r,20,0,120,10,470,560,415,0.1,3,4,0,20,10,20,spout_extended,NA
2025_08_21_acr01,acr,acr01,8/21/2025,1,2025_08_21_acr_r01,multi_s,0,NA,dual,12,dls,NA,NA,42,415; 470; 560,5;4;20,25;25;25,1;2;4,g;g;r,20,0,120,10,470,560,415,0.1,3,4,0,20,10,20,spout_extended,NA
2025_08_21_acr01,acr,acr01,8/21/2025,1,2025_08_21_acr_r01,multi_s,0,NA,dual,5,ts,NA,NA,42,415; 470; 560,5;4;20,25;25;25,1;2;4,g;g;r,20,0,120,10,470,560,415,0.1,3,4,0,20,10,20,spout_extended,NA
2025_08_21_acr03,acr,acr03,8/21/2025,2,2025_08_21_acr_r02,multi_s,0,NA,dual,6,nac,NA,NA,42,415; 470; 560,5;4;20,25;25;25,1;2;4,g;g;r,20,0,120,10,470,560,415,0.1,3,4,0,20,10,20,spout_extended,NA
2025_08_21_acr03,acr,acr03,8/21/2025,2,2025_08_21_acr_r02,multi_s,0,NA,dual,12,dms,NA,NA,42,415; 470; 560,5;4;20,25;25;25,1;2;4,g;g;r,20,0,120,10,470,560,415,0.1,3,4,0,20,10,20,spout_extended,NA
2025_08_21_acr03,acr,acr03,8/21/2025,2,2025_08_21_acr_r02,multi_s,0,NA,dual,10,dls,NA,NA,42,415; 470; 560,5;4;20,25;25;25,1;2;4,g;g;r,20,0,120,10,470,560,415,0.1,3,4,0,20,10,20,spout_extended,NA
2025_08_21_acr03,acr,acr03,8/21/2025,2,2025_08_21_acr_r02,multi_s,0,NA,dual,5,ts,NA,NA,42,415; 470; 560,5;4;20,25;25;25,1;2;4,g;g;r,20,0,120,10,470,560,415,0.1,3,4,0,20,10,20,spout_extended,NA
2025_08_21_acr04,acr,acr04,8/21/2025,3,2025_08_21_acr_r03,multi_s,0,NA,dual,12,nac,NA,NA,42,415; 470; 560,5;4;20,25;25;25,1;2;4,g;g;r,20,0,120,10,470,560,415,0.1,3,4,0,20,10,20,spout_extended,NA
2025_08_21_acr04,acr,acr04,8/21/2025,3,2025_08_21_acr_r03,multi_s,0,NA,dual,5,dms,NA,NA,42,415; 470; 560,5;4;20,25;25;25,1;2;4,g;g;r,20,0,120,10,470,560,415,0.1,3,4,0,20,10,20,spout_extended,NA
2025_08_21_acr04,acr,acr04,8/21/2025,3,2025_08_21_acr_r03,multi_s,0,NA,dual,7,dls,NA,NA,42,415; 470; 560,5;4;20,25;25;25,1;2;4,g;g;r,20,0,120,10,470,560,415,0.1,3,4,0,20,10,20,spout_extended,NA
2025_08_21_acr04,acr,acr04,8/21/2025,3,2025_08_21_acr_r03,multi_s,0,NA,dual,6,ts,NA,NA,42,415; 470; 560,5;4;20,25;25;25,1;2;4,g;g;r,20,0,120,10,470,560,415,0.1,3,4,0,20,10,20,spout_extended,NA
2025_08_21_acr05,acr,acr05,8/21/2025,4,2025_08_21_acr_r04,multi_s,0,NA,dual,12,lha,NA,NA,42,415; 470; 560,5;4;20,25;25;25,1;2;4,g;g;r,20,0,120,10,470,560,415,0.1,3,4,0,20,10,20,spout_extended,NA
2025_08_21_acr05,acr,acr05,8/21/2025,4,2025_08_21_acr_r04,multi_s,0,NA,dual,5,nac,NA,NA,42,415; 470; 560,5;4;20,25;25;25,1;2;4,g;g;r,20,0,120,10,470,560,415,0.1,3,4,0,20,10,20,spout_extended,NA
2025_08_21_acr05,acr,acr05,8/21/2025,4,2025_08_21_acr_r04,multi_s,0,NA,dual,7,dms,NA,NA,42,415; 470; 560,5;4;20,25;25;25,1;2;4,g;g;r,20,0,120,10,470,560,415,0.1,3,4,0,20,10,20,spout_extended,NA
2025_08_21_acr05,acr,acr05,8/21/2025,4,2025_08_21_acr_r04,multi_s,0,NA,dual,6,dls,NA,NA,42,415; 470; 560,5;4;20,25;25;25,1;2;4,g;g;r,20,0,120,10,470,560,415,0.1,3,4,0,20,10,20,spout_extended,NA
2025_08_21_acr05,acr,acr05,8/21/2025,4,2025_08_21_acr_r04,multi_s,0,NA,dual,10,ts,NA,NA,42,415; 470; 560,5;4;20,25;25;25,1;2;4,g;g;r,20,0,120,10,470,560,415,0.1,3,4,0,20,10,20,spout_extended,NA
2025_08_21_acr06,acr,acr06,8/21/2025,5,2025_08_21_acr_r05,multi_s,0,NA,dual,5,lha,NA,NA,42,415; 470; 560,5;4;20,25;25;25,1;2;4,g;g;r,20,0,120,10,470,560,415,0.1,3,4,0,20,10,20,spout_extended,NA
2025_08_21_acr06,acr,acr06,8/21/2025,5,2025_08_21_acr_r05,multi_s,0,NA,dual,10,nac,NA,NA,42,415; 470; 560,5;4;20,25;25;25,1;2;4,g;g;r,20,0,120,10,470,560,415,0.1,3,4,0,20,10,20,spout_extended,NA
2025_08_21_acr06,acr,acr06,8/21/2025,5,2025_08_21_acr_r05,multi_s,0,NA,dual,6,dms,NA,NA,42,415; 470; 560,5;4;20,25;25;25,1;2;4,g;g;r,20,0,120,10,470,560,415,0.1,3,4,0,20,10,20,spout_extended,NA
2025_08_21_acr06,acr,acr06,8/21/2025,5,2025_08_21_acr_r05,multi_s,0,NA,dual,7,dls,NA,NA,42,415; 470; 560,5;4;20,25;25;25,1;2;4,g;g;r,20,0,120,10,470,560,415,0.1,3,4,0,20,10,20,spout_extended,NA
2025_08_21_acr06,acr,acr06,8/21/2025,5,2025_08_21_acr_r05,multi_s,0,NA,dual,12,ts,NA,NA,42,415; 470; 560,5;4;20,25;25;25,1;2;4,g;g;r,20,0,120,10,470,560,415,0.1,3,4,0,20,10,20,spout_extended,NA
2025_08_21_acr07,acr,acr07,8/21/2025,6,2025_08_21_acr_r06,multi_s,0,NA,dual,6,lha,NA,NA,42,415; 470; 560,5;4;20,25;25;25,1;2;4,g;g;r,20,0,120,10,470,560,415,0.1,3,4,0,20,10,20,spout_extended,NA
2025_08_21_acr07,acr,acr07,8/21/2025,6,2025_08_21_acr_r06,multi_s,0,NA,dual,12,nac,NA,NA,42,415; 470; 560,5;4;20,25;25;25,1;2;4,g;g;r,20,0,120,10,470,560,415,0.1,3,4,0,20,10,20,spout_extended,NA
2025_08_21_acr07,acr,acr07,8/21/2025,6,2025_08_21_acr_r06,multi_s,0,NA,dual,7,dms,NA,NA,42,415; 470; 560,5;4;20,25;25;25,1;2;4,g;g;r,20,0,120,10,470,560,415,0.1,3,4,0,20,10,20,spout_extended,NA
2025_08_21_acr07,acr,acr07,8/21/2025,6,2025_08_21_acr_r06,multi_s,0,NA,dual,5,dls,NA,NA,42,415; 470; 560,5;4;20,25;25;25,1;2;4,g;g;r,20,0,120,10,470,560,415,0.1,3,4,0,20,10,20,spout_extended,NA
2025_08_21_acr07,acr,acr07,8/21/2025,6,2025_08_21_acr_r06,multi_s,0,NA,dual,10,ts,NA,NA,42,415; 470; 560,5;4;20,25;25;25,1;2;4,g;g;r,20,0,120,10,470,560,415,0.1,3,4,0,20,10,20,spout_extended,NA
2025_08_21_acr08,acr,acr08,8/21/2025,7,2025_08_21_acr_r07,multi_s,0,NA,dual,7,lha,NA,NA,42,415; 470; 560,5;4;20,25;25;25,1;2;4,g;g;r,20,30,120,10,470,560,415,0.1,3,4,0,20,10,20,spout_extended,NA
2025_08_21_acr08,acr,acr08,8/21/2025,7,2025_08_21_acr_r07,multi_s,0,NA,dual,5,nac,NA,NA,42,415; 470; 560,5;4;20,25;25;25,1;2;4,g;g;r,20,30,120,10,470,560,415,0.1,3,4,0,20,10,20,spout_extended,NA
2025_08_21_acr08,acr,acr08,8/21/2025,7,2025_08_21_acr_r07,multi_s,0,NA,dual,12,dms,NA,NA,42,415; 470; 560,5;4;20,25;25;25,1;2;4,g;g;r,20,30,120,10,470,560,415,0.1,3,4,0,20,10,20,spout_extended,NA
2025_08_21_acr08,acr,acr08,8/21/2025,7,2025_08_21_acr_r07,multi_s,0,NA,dual,10,dls,NA,NA,42,415; 470; 560,5;4;20,25;25;25,1;2;4,g;g;r,20,30,120,10,470,560,415,0.1,3,4,0,20,10,20,spout_extended,NA
2025_08_21_acr08,acr,acr08,8/21/2025,7,2025_08_21_acr_r07,multi_s,0,NA,dual,6,ts,NA,NA,42,415; 470; 560,5;4;20,25;25;25,1;2;4,g;g;r,20,30,120,10,470,560,415,0.1,3,4,0,20,10,20,spout_extended,NA
2025_08_22_acr01,acr,acr01,8/22/2025,1,2025_08_22_acr_r01,multi_s,0,NA,dual,12,lha,NA,NA,42,415; 470; 560,5;4;20,25;25;25,1;2;4,g;g;r,20,0,120,10,470,560,415,0.1,3,4,0,20,10,20,spout_extended,NA
2025_08_22_acr01,acr,acr01,8/22/2025,1,2025_08_22_acr_r01,multi_s,0,NA,dual,7,nac,NA,NA,42,415; 470; 560,5;4;20,25;25;25,1;2;4,g;g;r,20,0,120,10,470,560,415,0.1,3,4,0,20,10,20,spout_extended,NA
2025_08_22_acr01,acr,acr01,8/22/2025,1,2025_08_22_acr_r01,multi_s,0,NA,dual,6,dms,NA,NA,42,415; 470; 560,5;4;20,25;25;25,1;2;4,g;g;r,20,0,120,10,470,560,415,0.1,3,4,0,20,10,20,spout_extended,NA
2025_08_22_acr01,acr,acr01,8/22/2025,1,2025_08_22_acr_r01,multi_s,0,NA,dual,5,dls,NA,NA,42,415; 470; 560,5;4;20,25;25;25,1;2;4,g;g;r,20,0,120,10,470,560,415,0.1,3,4,0,20,10,20,spout_extended,NA
2025_08_22_acr01,acr,acr01,8/22/2025,1,2025_08_22_acr_r01,multi_s,0,NA,dual,10,ts,NA,NA,42,415; 470; 560,5;4;20,25;25;25,1;2;4,g;g;r,20,0,120,10,470,560,415,0.1,3,4,0,20,10,20,spout_extended,NA
2025_08_22_acr03,acr,acr03,8/22/2025,2,2025_08_22_acr_r02,multi_s,0,NA,dual,12,nac,NA,NA,42,415; 470; 560,5;4;20,25;25;25,1;2;4,g;g;r,20,0,120,10,470,560,415,0.1,3,4,0,20,10,20,spout_extended,NA
2025_08_22_acr03,acr,acr03,8/22/2025,2,2025_08_22_acr_r02,multi_s,0,NA,dual,5,dms,NA,NA,42,415; 470; 560,5;4;20,25;25;25,1;2;4,g;g;r,20,0,120,10,470,560,415,0.1,3,4,0,20,10,20,spout_extended,NA
2025_08_22_acr03,acr,acr03,8/22/2025,2,2025_08_22_acr_r02,multi_s,0,NA,dual,6,dls,NA,NA,42,415; 470; 560,5;4;20,25;25;25,1;2;4,g;g;r,20,0,120,10,470,560,415,0.1,3,4,0,20,10,20,spout_extended,NA
2025_08_22_acr03,acr,acr03,8/22/2025,2,2025_08_22_acr_r02,multi_s,0,NA,dual,10,ts,NA,NA,42,415; 470; 560,5;4;20,25;25;25,1;2;4,g;g;r,20,0,120,10,470,560,415,0.1,3,4,0,20,10,20,spout_extended,NA
2025_08_22_acr04,acr,acr04,8/22/2025,3,2025_08_22_acr_r03,multi_s,0,NA,dual,5,nac,NA,NA,42,415; 470; 560,5;4;20,25;25;25,1;2;4,g;g;r,20,0,120,10,470,560,415,0.1,3,4,0,20,10,20,spout_extended,NA
2025_08_22_acr04,acr,acr04,8/22/2025,3,2025_08_22_acr_r03,multi_s,0,NA,dual,10,dms,NA,NA,42,415; 470; 560,5;4;20,25;25;25,1;2;4,g;g;r,20,0,120,10,470,560,415,0.1,3,4,0,20,10,20,spout_extended,NA
2025_08_22_acr04,acr,acr04,8/22/2025,3,2025_08_22_acr_r03,multi_s,0,NA,dual,12,dls,NA,NA,42,415; 470; 560,5;4;20,25;25;25,1;2;4,g;g;r,20,0,120,10,470,560,415,0.1,3,4,0,20,10,20,spout_extended,NA
2025_08_22_acr04,acr,acr04,8/22/2025,3,2025_08_22_acr_r03,multi_s,0,NA,dual,7,ts,NA,NA,42,415; 470; 560,5;4;20,25;25;25,1;2;4,g;g;r,20,0,120,10,470,560,415,0.1,3,4,0,20,10,20,spout_extended,NA
2025_08_22_acr05,acr,acr05,8/22/2025,4,2025_08_22_acr_r04,multi_s,0,NA,dual,5,lha,NA,NA,42,415; 470; 560,5;4;20,25;25;25,1;2;4,g;g;r,20,0,120,10,470,560,415,0.1,3,4,0,20,10,20,spout_extended,NA
2025_08_22_acr05,acr,acr05,8/22/2025,4,2025_08_22_acr_r04,multi_s,0,NA,dual,10,nac,NA,NA,42,415; 470; 560,5;4;20,25;25;25,1;2;4,g;g;r,20,0,120,10,470,560,415,0.1,3,4,0,20,10,20,spout_extended,NA
2025_08_22_acr05,acr,acr05,8/22/2025,4,2025_08_22_acr_r04,multi_s,0,NA,dual,12,dms,NA,NA,42,415; 470; 560,5;4;20,25;25;25,1;2;4,g;g;r,20,0,120,10,470,560,415,0.1,3,4,0,20,10,20,spout_extended,NA
2025_08_22_acr05,acr,acr05,8/22/2025,4,2025_08_22_acr_r04,multi_s,0,NA,dual,7,dls,NA,NA,42,415; 470; 560,5;4;20,25;25;25,1;2;4,g;g;r,20,0,120,10,470,560,415,0.1,3,4,0,20,10,20,spout_extended,NA
2025_08_22_acr05,acr,acr05,8/22/2025,4,2025_08_22_acr_r04,multi_s,0,NA,dual,6,ts,NA,NA,42,415; 470; 560,5;4;20,25;25;25,1;2;4,g;g;r,20,0,120,10,470,560,415,0.1,3,4,0,20,10,20,spout_extended,NA
2025_08_22_acr06,acr,acr06,8/22/2025,5,2025_08_22_acr_r05,multi_s,0,NA,dual,10,lha,NA,NA,42,415; 470; 560,5;4;20,25;25;25,1;2;4,g;g;r,20,0,120,10,470,560,415,0.1,3,4,0,20,10,20,spout_extended,NA
2025_08_22_acr06,acr,acr06,8/22/2025,5,2025_08_22_acr_r05,multi_s,0,NA,dual,6,nac,NA,NA,42,415; 470; 560,5;4;20,25;25;25,1;2;4,g;g;r,20,0,120,10,470,560,415,0.1,3,4,0,20,10,20,spout_extended,NA
2025_08_22_acr06,acr,acr06,8/22/2025,5,2025_08_22_acr_r05,multi_s,0,NA,dual,7,dms,NA,NA,42,415; 470; 560,5;4;20,25;25;25,1;2;4,g;g;r,20,0,120,10,470,560,415,0.1,3,4,0,20,10,20,spout_extended,NA
2025_08_22_acr06,acr,acr06,8/22/2025,5,2025_08_22_acr_r05,multi_s,0,NA,dual,12,dls,NA,NA,42,415; 470; 560,5;4;20,25;25;25,1;2;4,g;g;r,20,0,120,10,470,560,415,0.1,3,4,0,20,10,20,spout_extended,NA
2025_08_22_acr06,acr,acr06,8/22/2025,5,2025_08_22_acr_r05,multi_s,0,NA,dual,5,ts,NA,NA,42,415; 470; 560,5;4;20,25;25;25,1;2;4,g;g;r,20,0,120,10,470,560,415,0.1,3,4,0,20,10,20,spout_extended,NA
2025_08_22_acr07,acr,acr07,8/22/2025,6,2025_08_22_acr_r06,multi_s,0,NA,dual,7,lha,NA,NA,42,415; 470; 560,5;4;20,25;25;25,1;2;4,g;g;r,20,0,120,10,470,560,415,0.1,3,4,0,20,10,20,spout_extended,NA
2025_08_22_acr07,acr,acr07,8/22/2025,6,2025_08_22_acr_r06,multi_s,0,NA,dual,5,nac,NA,NA,42,415; 470; 560,5;4;20,25;25;25,1;2;4,g;g;r,20,0,120,10,470,560,415,0.1,3,4,0,20,10,20,spout_extended,NA
2025_08_22_acr07,acr,acr07,8/22/2025,6,2025_08_22_acr_r06,multi_s,0,NA,dual,12,dms,NA,NA,42,415; 470; 560,5;4;20,25;25;25,1;2;4,g;g;r,20,0,120,10,470,560,415,0.1,3,4,0,20,10,20,spout_extended,NA
2025_08_22_acr07,acr,acr07,8/22/2025,6,2025_08_22_acr_r06,multi_s,0,NA,dual,10,dls,NA,NA,42,415; 470; 560,5;4;20,25;25;25,1;2;4,g;g;r,20,0,120,10,470,560,415,0.1,3,4,0,20,10,20,spout_extended,NA
2025_08_22_acr07,acr,acr07,8/22/2025,6,2025_08_22_acr_r06,multi_s,0,NA,dual,6,ts,NA,NA,42,415; 470; 560,5;4;20,25;25;25,1;2;4,g;g;r,20,0,120,10,470,560,415,0.1,3,4,0,20,10,20,spout_extended,NA
2025_08_22_acr08,acr,acr08,8/22/2025,7,2025_08_22_acr_r07,multi_s,0,NA,dual,12,lha,NA,NA,42,415; 470; 560,5;4;20,25;25;25,1;2;4,g;g;r,20,0,120,10,470,560,415,0.1,3,4,0,20,10,20,spout_extended,NA
2025_08_22_acr08,acr,acr08,8/22/2025,7,2025_08_22_acr_r07,multi_s,0,NA,dual,10,nac,NA,NA,42,415; 470; 560,5;4;20,25;25;25,1;2;4,g;g;r,20,0,120,10,470,560,415,0.1,3,4,0,20,10,20,spout_extended,NA
2025_08_22_acr08,acr,acr08,8/22/2025,7,2025_08_22_acr_r07,multi_s,0,NA,dual,5,dms,NA,NA,42,415; 470; 560,5;4;20,25;25;25,1;2;4,g;g;r,20,0,120,10,470,560,415,0.1,3,4,0,20,10,20,spout_extended,NA
2025_08_22_acr08,acr,acr08,8/22/2025,7,2025_08_22_acr_r07,multi_s,0,NA,dual,6,dls,NA,NA,42,415; 470; 560,5;4;20,25;25;25,1;2;4,g;g;r,20,0,120,10,470,560,415,0.1,3,4,0,20,10,20,spout_extended,NA
2025_08_22_acr08,acr,acr08,8/22/2025,7,2025_08_22_acr_r07,multi_s,0,NA,dual,7,ts,NA,NA,42,415; 470; 560,5;4;20,25;25;25,1;2;4,g;g;r,20,0,120,10,470,560,415,0.1,3,4,0,20,10,20,spout_extended,NA
2025_08_29_acr01,acr,acr01,8/29/2025,1,2025_08_29_acr_r01,multi_s,0,NA,dual,10,lha,NA,NA,42,415; 470; 560,5;4;20,25;25;25,1;2;4,g;g;r,20,0,120,10,470,560,415,0.1,3,4,0,20,10,20,spout_extended,NA
2025_08_29_acr01,acr,acr01,8/29/2025,1,2025_08_29_acr_r01,multi_s,0,NA,dual,5,nac,NA,NA,42,415; 470; 560,5;4;20,25;25;25,1;2;4,g;g;r,20,0,120,10,470,560,415,0.1,3,4,0,20,10,20,spout_extended,NA
2025_08_29_acr01,acr,acr01,8/29/2025,1,2025_08_29_acr_r01,multi_s,0,NA,dual,12,dms,NA,NA,42,415; 470; 560,5;4;20,25;25;25,1;2;4,g;g;r,20,0,120,10,470,560,415,0.1,3,4,0,20,10,20,spout_extended,NA
2025_08_29_acr01,acr,acr01,8/29/2025,1,2025_08_29_acr_r01,multi_s,0,NA,dual,7,dls,NA,NA,42,415; 470; 560,5;4;20,25;25;25,1;2;4,g;g;r,20,0,120,10,470,560,415,0.1,3,4,0,20,10,20,spout_extended,NA
2025_08_29_acr01,acr,acr01,8/29/2025,1,2025_08_29_acr_r01,multi_s,0,NA,dual,6,ts,NA,NA,42,415; 470; 560,5;4;20,25;25;25,1;2;4,g;g;r,20,0,120,10,470,560,415,0.1,3,4,0,20,10,20,spout_extended,NA
2025_08_29_acr03,acr,acr03,8/29/2025,2,2025_08_29_acr_r02,multi_s,0,NA,dual,10,nac,NA,NA,42,415; 470; 560,5;4;20,25;25;25,1;2;4,g;g;r,20,0,120,10,470,560,415,0.1,3,4,0,20,10,20,spout_extended,NA
2025_08_29_acr03,acr,acr03,8/29/2025,2,2025_08_29_acr_r02,multi_s,0,NA,dual,7,dms,NA,NA,42,415; 470; 560,5;4;20,25;25;25,1;2;4,g;g;r,20,0,120,10,470,560,415,0.1,3,4,0,20,10,20,spout_extended,NA
2025_08_29_acr03,acr,acr03,8/29/2025,2,2025_08_29_acr_r02,multi_s,0,NA,dual,12,dls,NA,NA,42,415; 470; 560,5;4;20,25;25;25,1;2;4,g;g;r,20,0,120,10,470,560,415,0.1,3,4,0,20,10,20,spout_extended,NA
2025_08_29_acr03,acr,acr03,8/29/2025,2,2025_08_29_acr_r02,multi_s,0,NA,dual,6,ts,NA,NA,42,415; 470; 560,5;4;20,25;25;25,1;2;4,g;g;r,20,0,120,10,470,560,415,0.1,3,4,0,20,10,20,spout_extended,NA
2025_08_29_acr04,acr,acr04,8/29/2025,3,2025_08_29_acr_r03,multi_s,0,NA,dual,7,nac,NA,NA,42,415; 470; 560,5;4;20,25;25;25,1;2;4,g;g;r,20,0,120,10,470,560,415,0.1,3,4,0,20,10,20,spout_extended,NA
2025_08_29_acr04,acr,acr04,8/29/2025,3,2025_08_29_acr_r03,multi_s,0,NA,dual,6,dms,NA,NA,42,415; 470; 560,5;4;20,25;25;25,1;2;4,g;g;r,20,0,120,10,470,560,415,0.1,3,4,0,20,10,20,spout_extended,NA
2025_08_29_acr04,acr,acr04,8/29/2025,3,2025_08_29_acr_r03,multi_s,0,NA,dual,5,dls,NA,NA,42,415; 470; 560,5;4;20,25;25;25,1;2;4,g;g;r,20,0,120,10,470,560,415,0.1,3,4,0,20,10,20,spout_extended,NA
2025_08_29_acr04,acr,acr04,8/29/2025,3,2025_08_29_acr_r03,multi_s,0,NA,dual,10,ts,NA,NA,42,415; 470; 560,5;4;20,25;25;25,1;2;4,g;g;r,20,0,120,10,470,560,415,0.1,3,4,0,20,10,20,spout_extended,NA
2025_08_29_acr05,acr,acr05,8/29/2025,4,2025_08_29_acr_r04,multi_s,0,NA,dual,7,lha,NA,NA,42,415; 470; 560,5;4;20,25;25;25,1;2;4,g;g;r,20,0,120,10,470,560,415,0.1,3,4,0,20,10,20,spout_extended,NA
2025_08_29_acr05,acr,acr05,8/29/2025,4,2025_08_29_acr_r04,multi_s,0,NA,dual,6,nac,NA,NA,42,415; 470; 560,5;4;20,25;25;25,1;2;4,g;g;r,20,0,120,10,470,560,415,0.1,3,4,0,20,10,20,spout_extended,NA
2025_08_29_acr05,acr,acr05,8/29/2025,4,2025_08_29_acr_r04,multi_s,0,NA,dual,5,dms,NA,NA,42,415; 470; 560,5;4;20,25;25;25,1;2;4,g;g;r,20,0,120,10,470,560,415,0.1,3,4,0,20,10,20,spout_extended,NA
2025_08_29_acr05,acr,acr05,8/29/2025,4,2025_08_29_acr_r04,multi_s,0,NA,dual,10,dls,NA,NA,42,415; 470; 560,5;4;20,25;25;25,1;2;4,g;g;r,20,0,120,10,470,560,415,0.1,3,4,0,20,10,20,spout_extended,NA
2025_08_29_acr05,acr,acr05,8/29/2025,4,2025_08_29_acr_r04,multi_s,0,NA,dual,12,ts,NA,NA,42,415; 470; 560,5;4;20,25;25;25,1;2;4,g;g;r,20,0,120,10,470,560,415,0.1,3,4,0,20,10,20,spout_extended,NA
2025_08_29_acr06,acr,acr06,8/29/2025,5,2025_08_29_acr_r05,multi_s,0,NA,dual,6,lha,NA,NA,42,415; 470; 560,5;4;20,25;25;25,1;2;4,g;g;r,20,0,120,10,470,560,415,0.1,3,4,0,20,10,20,spout_extended,NA
2025_08_29_acr06,acr,acr06,8/29/2025,5,2025_08_29_acr_r05,multi_s,0,NA,dual,12,nac,NA,NA,42,415; 470; 560,5;4;20,25;25;25,1;2;4,g;g;r,20,0,120,10,470,560,415,0.1,3,4,0,20,10,20,spout_extended,NA
2025_08_29_acr06,acr,acr06,8/29/2025,5,2025_08_29_acr_r05,multi_s,0,NA,dual,10,dms,NA,NA,42,415; 470; 560,5;4;20,25;25;25,1;2;4,g;g;r,20,0,120,10,470,560,415,0.1,3,4,0,20,10,20,spout_extended,NA
2025_08_29_acr06,acr,acr06,8/29/2025,5,2025_08_29_acr_r05,multi_s,0,NA,dual,5,dls,NA,NA,42,415; 470; 560,5;4;20,25;25;25,1;2;4,g;g;r,20,0,120,10,470,560,415,0.1,3,4,0,20,10,20,spout_extended,NA
2025_08_29_acr06,acr,acr06,8/29/2025,5,2025_08_29_acr_r05,multi_s,0,NA,dual,7,ts,NA,NA,42,415; 470; 560,5;4;20,25;25;25,1;2;4,g;g;r,20,0,120,10,470,560,415,0.1,3,4,0,20,10,20,spout_extended,NA
2025_08_29_acr07,acr,acr07,8/29/2025,6,2025_08_29_acr_r06,multi_s,0,NA,dual,10,lha,NA,NA,42,415; 470; 560,5;4;20,25;25;25,1;2;4,g;g;r,20,0,120,10,470,560,415,0.1,3,4,0,20,10,20,spout_extended,NA
2025_08_29_acr07,acr,acr07,8/29/2025,6,2025_08_29_acr_r06,multi_s,0,NA,dual,7,nac,NA,NA,42,415; 470; 560,5;4;20,25;25;25,1;2;4,g;g;r,20,0,120,10,470,560,415,0.1,3,4,0,20,10,20,spout_extended,NA
2025_08_29_acr07,acr,acr07,8/29/2025,6,2025_08_29_acr_r06,multi_s,0,NA,dual,5,dms,NA,NA,42,415; 470; 560,5;4;20,25;25;25,1;2;4,g;g;r,20,0,120,10,470,560,415,0.1,3,4,0,20,10,20,spout_extended,NA
2025_08_29_acr07,acr,acr07,8/29/2025,6,2025_08_29_acr_r06,multi_s,0,NA,dual,6,dls,NA,NA,42,415; 470; 560,5;4;20,25;25;25,1;2;4,g;g;r,20,0,120,10,470,560,415,0.1,3,4,0,20,10,20,spout_extended,NA
2025_08_29_acr07,acr,acr07,8/29/2025,6,2025_08_29_acr_r06,multi_s,0,NA,dual,12,ts,NA,NA,42,415; 470; 560,5;4;20,25;25;25,1;2;4,g;g;r,20,0,120,10,470,560,415,0.1,3,4,0,20,10,20,spout_extended,NA
2025_08_29_acr08,acr,acr08,8/29/2025,7,2025_08_29_acr_r07,multi_s,0,NA,dual,5,lha,NA,NA,42,415; 470; 560,5;4;20,25;25;25,1;2;4,g;g;r,20,0,120,10,470,560,415,0.1,3,4,0,20,10,20,spout_extended,NA
2025_08_29_acr08,acr,acr08,8/29/2025,7,2025_08_29_acr_r07,multi_s,0,NA,dual,6,nac,NA,NA,42,415; 470; 560,5;4;20,25;25;25,1;2;4,g;g;r,20,0,120,10,470,560,415,0.1,3,4,0,20,10,20,spout_extended,NA
2025_08_29_acr08,acr,acr08,8/29/2025,7,2025_08_29_acr_r07,multi_s,0,NA,dual,7,dms,NA,NA,42,415; 470; 560,5;4;20,25;25;25,1;2;4,g;g;r,20,0,120,10,470,560,415,0.1,3,4,0,20,10,20,spout_extended,NA
2025_08_29_acr08,acr,acr08,8/29/2025,7,2025_08_29_acr_r07,multi_s,0,NA,dual,12,dls,NA,NA,42,415; 470; 560,5;4;20,25;25;25,1;2;4,g;g;r,20,0,120,10,470,560,415,0.1,3,4,0,20,10,20,spout_extended,NA
2025_08_29_acr08,acr,acr08,8/29/2025,7,2025_08_29_acr_r07,multi_s,0,NA,dual,10,ts,NA,NA,42,415; 470; 560,5;4;20,25;25;25,1;2;4,g;g;r,20,0,120,10,470,560,415,0.1,3,4,0,20,10,20,spout_extended,NA
2025_08_30_acr01,acr,acr01,8/30/2025,1,2025_08_30_acr_r01,multi_s,0,NA,dual,12,lha,NA,NA,42,415; 470; 560,5;4;20,25;25;25,1;2;4,g;g;r,20,0,120,10,470,560,415,0.1,3,4,0,20,10,20,spout_extended,NA
2025_08_30_acr01,acr,acr01,8/30/2025,1,2025_08_30_acr_r01,multi_s,0,NA,dual,10,nac,NA,NA,42,415; 470; 560,5;4;20,25;25;25,1;2;4,g;g;r,20,0,120,10,470,560,415,0.1,3,4,0,20,10,20,spout_extended,NA
2025_08_30_acr01,acr,acr01,8/30/2025,1,2025_08_30_acr_r01,multi_s,0,NA,dual,5,dms,NA,NA,42,415; 470; 560,5;4;20,25;25;25,1;2;4,g;g;r,20,0,120,10,470,560,415,0.1,3,4,0,20,10,20,spout_extended,NA
2025_08_30_acr01,acr,acr01,8/30/2025,1,2025_08_30_acr_r01,multi_s,0,NA,dual,6,dls,NA,NA,42,415; 470; 560,5;4;20,25;25;25,1;2;4,g;g;r,20,0,120,10,470,560,415,0.1,3,4,0,20,10,20,spout_extended,NA
2025_08_30_acr01,acr,acr01,8/30/2025,1,2025_08_30_acr_r01,multi_s,0,NA,dual,7,ts,NA,NA,42,415; 470; 560,5;4;20,25;25;25,1;2;4,g;g;r,20,0,120,10,470,560,415,0.1,3,4,0,20,10,20,spout_extended,NA
2025_08_30_acr03,acr,acr03,8/30/2025,2,2025_08_30_acr_r02,multi_s,0,NA,dual,12,nac,NA,NA,42,415; 470; 560,5;4;20,25;25;25,1;2;4,g;g;r,20,0,120,10,470,560,415,0.1,3,4,0,20,10,20,spout_extended,NA
2025_08_30_acr03,acr,acr03,8/30/2025,2,2025_08_30_acr_r02,multi_s,0,NA,dual,6,dms,NA,NA,42,415; 470; 560,5;4;20,25;25;25,1;2;4,g;g;r,20,0,120,10,470,560,415,0.1,3,4,0,20,10,20,spout_extended,NA
2025_08_30_acr03,acr,acr03,8/30/2025,2,2025_08_30_acr_r02,multi_s,0,NA,dual,5,dls,NA,NA,42,415; 470; 560,5;4;20,25;25;25,1;2;4,g;g;r,20,0,120,10,470,560,415,0.1,3,4,0,20,10,20,spout_extended,NA
2025_08_30_acr03,acr,acr03,8/30/2025,2,2025_08_30_acr_r02,multi_s,0,NA,dual,7,ts,NA,NA,42,415; 470; 560,5;4;20,25;25;25,1;2;4,g;g;r,20,0,120,10,470,560,415,0.1,3,4,0,20,10,20,spout_extended,NA
2025_08_30_acr04,acr,acr04,8/30/2025,3,2025_08_30_acr_r03,multi_s,0,NA,dual,6,nac,NA,NA,42,415; 470; 560,5;4;20,25;25;25,1;2;4,g;g;r,20,0,120,10,470,560,415,0.1,3,4,0,20,10,20,spout_extended,NA
2025_08_30_acr04,acr,acr04,8/30/2025,3,2025_08_30_acr_r03,multi_s,0,NA,dual,7,dms,NA,NA,42,415; 470; 560,5;4;20,25;25;25,1;2;4,g;g;r,20,0,120,10,470,560,415,0.1,3,4,0,20,10,20,spout_extended,NA
2025_08_30_acr04,acr,acr04,8/30/2025,3,2025_08_30_acr_r03,multi_s,0,NA,dual,10,dls,NA,NA,42,415; 470; 560,5;4;20,25;25;25,1;2;4,g;g;r,20,0,120,10,470,560,415,0.1,3,4,0,20,10,20,spout_extended,NA
2025_08_30_acr04,acr,acr04,8/30/2025,3,2025_08_30_acr_r03,multi_s,0,NA,dual,12,ts,NA,NA,42,415; 470; 560,5;4;20,25;25;25,1;2;4,g;g;r,20,0,120,10,470,560,415,0.1,3,4,0,20,10,20,spout_extended,NA
2025_08_30_acr05,acr,acr05,8/30/2025,4,2025_08_30_acr_r04,multi_s,0,NA,dual,6,lha,NA,NA,42,415; 470; 560,5;4;20,25;25;25,1;2;4,g;g;r,20,0,120,10,470,560,415,0.1,3,4,0,20,10,20,spout_extended,NA
2025_08_30_acr05,acr,acr05,8/30/2025,4,2025_08_30_acr_r04,multi_s,0,NA,dual,7,nac,NA,NA,42,415; 470; 560,5;4;20,25;25;25,1;2;4,g;g;r,20,0,120,10,470,560,415,0.1,3,4,0,20,10,20,spout_extended,NA
2025_08_30_acr05,acr,acr05,8/30/2025,4,2025_08_30_acr_r04,multi_s,0,NA,dual,10,dms,NA,NA,42,415; 470; 560,5;4;20,25;25;25,1;2;4,g;g;r,20,0,120,10,470,560,415,0.1,3,4,0,20,10,20,spout_extended,NA
2025_08_30_acr05,acr,acr05,8/30/2025,4,2025_08_30_acr_r04,multi_s,0,NA,dual,12,dls,NA,NA,42,415; 470; 560,5;4;20,25;25;25,1;2;4,g;g;r,20,0,120,10,470,560,415,0.1,3,4,0,20,10,20,spout_extended,NA
2025_08_30_acr05,acr,acr05,8/30/2025,4,2025_08_30_acr_r04,multi_s,0,NA,dual,5,ts,NA,NA,42,415; 470; 560,5;4;20,25;25;25,1;2;4,g;g;r,20,0,120,10,470,560,415,0.1,3,4,0,20,10,20,spout_extended,NA
2025_08_30_acr06,acr,acr06,8/30/2025,5,2025_08_30_acr_r05,multi_s,0,NA,dual,7,lha,NA,NA,42,415; 470; 560,5;4;20,25;25;25,1;2;4,g;g;r,20,0,120,10,470,560,415,0.1,3,4,0,20,10,20,spout_extended,NA
2025_08_30_acr06,acr,acr06,8/30/2025,5,2025_08_30_acr_r05,multi_s,0,NA,dual,5,nac,NA,NA,42,415; 470; 560,5;4;20,25;25;25,1;2;4,g;g;r,20,0,120,10,470,560,415,0.1,3,4,0,20,10,20,spout_extended,NA
2025_08_30_acr06,acr,acr06,8/30/2025,5,2025_08_30_acr_r05,multi_s,0,NA,dual,12,dms,NA,NA,42,415; 470; 560,5;4;20,25;25;25,1;2;4,g;g;r,20,0,120,10,470,560,415,0.1,3,4,0,20,10,20,spout_extended,NA
2025_08_30_acr06,acr,acr06,8/30/2025,5,2025_08_30_acr_r05,multi_s,0,NA,dual,10,dls,NA,NA,42,415; 470; 560,5;4;20,25;25;25,1;2;4,g;g;r,20,0,120,10,470,560,415,0.1,3,4,0,20,10,20,spout_extended,NA
2025_08_30_acr06,acr,acr06,8/30/2025,5,2025_08_30_acr_r05,multi_s,0,NA,dual,6,ts,NA,NA,42,415; 470; 560,5;4;20,25;25;25,1;2;4,g;g;r,20,0,120,10,470,560,415,0.1,3,4,0,20,10,20,spout_extended,NA
2025_08_30_acr07,acr,acr07,8/30/2025,6,2025_08_30_acr_r06,multi_s,0,NA,dual,12,lha,NA,NA,42,415; 470; 560,5;4;20,25;25;25,1;2;4,g;g;r,20,0,120,10,470,560,415,0.1,3,4,0,20,10,20,spout_extended,NA
2025_08_30_acr07,acr,acr07,8/30/2025,6,2025_08_30_acr_r06,multi_s,0,NA,dual,6,nac,NA,NA,42,415; 470; 560,5;4;20,25;25;25,1;2;4,g;g;r,20,0,120,10,470,560,415,0.1,3,4,0,20,10,20,spout_extended,NA
2025_08_30_acr07,acr,acr07,8/30/2025,6,2025_08_30_acr_r06,multi_s,0,NA,dual,10,dms,NA,NA,42,415; 470; 560,5;4;20,25;25;25,1;2;4,g;g;r,20,0,120,10,470,560,415,0.1,3,4,0,20,10,20,spout_extended,NA
2025_08_30_acr07,acr,acr07,8/30/2025,6,2025_08_30_acr_r06,multi_s,0,NA,dual,7,dls,NA,NA,42,415; 470; 560,5;4;20,25;25;25,1;2;4,g;g;r,20,0,120,10,470,560,415,0.1,3,4,0,20,10,20,spout_extended,NA
2025_08_30_acr07,acr,acr07,8/30/2025,6,2025_08_30_acr_r06,multi_s,0,NA,dual,5,ts,NA,NA,42,415; 470; 560,5;4;20,25;25;25,1;2;4,g;g;r,20,0,120,10,470,560,415,0.1,3,4,0,20,10,20,spout_extended,NA
2025_08_30_acr08,acr,acr08,8/30/2025,7,2025_08_30_acr_r07,multi_s,0,NA,dual,10,lha,NA,NA,42,415; 470; 560,5;4;20,25;25;25,1;2;4,g;g;r,20,0,120,10,470,560,415,0.1,3,4,0,20,10,20,spout_extended,NA
2025_08_30_acr08,acr,acr08,8/30/2025,7,2025_08_30_acr_r07,multi_s,0,NA,dual,7,nac,NA,NA,42,415; 470; 560,5;4;20,25;25;25,1;2;4,g;g;r,20,0,120,10,470,560,415,0.1,3,4,0,20,10,20,spout_extended,NA
2025_08_30_acr08,acr,acr08,8/30/2025,7,2025_08_30_acr_r07,multi_s,0,NA,dual,6,dms,NA,NA,42,415; 470; 560,5;4;20,25;25;25,1;2;4,g;g;r,20,0,120,10,470,560,415,0.1,3,4,0,20,10,20,spout_extended,NA
2025_08_30_acr08,acr,acr08,8/30/2025,7,2025_08_30_acr_r07,multi_s,0,NA,dual,5,dls,NA,NA,42,415; 470; 560,5;4;20,25;25;25,1;2;4,g;g;r,20,0,120,10,470,560,415,0.1,3,4,0,20,10,20,spout_extended,NA
2025_08_30_acr08,acr,acr08,8/30/2025,7,2025_08_30_acr_r07,multi_s,0,NA,dual,12,ts,NA,NA,42,415; 470; 560,5;4;20,25;25;25,1;2;4,g;g;r,20,0,120,10,470,560,415,0.1,3,4,0,20,10,20,spout_extended,NA
2025_09_01_acr01,acr,acr01,9/1/2025,1,2025_09_01_acr_r01,multi_s,0,NA,dual,10,lha,NA,NA,42,415; 470; 560,5;4;20,25;25;25,1;2;4,g;g;r,20,0,120,10,470,560,415,0.1,3,4,0,20,10,20,spout_extended,NA
2025_09_01_acr01,acr,acr01,9/1/2025,1,2025_09_01_acr_r01,multi_s,0,NA,dual,12,nac,NA,NA,42,415; 470; 560,5;4;20,25;25;25,1;2;4,g;g;r,20,0,120,10,470,560,415,0.1,3,4,0,20,10,20,spout_extended,NA
2025_09_01_acr01,acr,acr01,9/1/2025,1,2025_09_01_acr_r01,multi_s,0,NA,dual,5,dms,NA,NA,42,415; 470; 560,5;4;20,25;25;25,1;2;4,g;g;r,20,0,120,10,470,560,415,0.1,3,4,0,20,10,20,spout_extended,NA
2025_09_01_acr01,acr,acr01,9/1/2025,1,2025_09_01_acr_r01,multi_s,0,NA,dual,7,dls,NA,NA,42,415; 470; 560,5;4;20,25;25;25,1;2;4,g;g;r,20,0,120,10,470,560,415,0.1,3,4,0,20,10,20,spout_extended,NA
2025_09_01_acr01,acr,acr01,9/1/2025,1,2025_09_01_acr_r01,multi_s,0,NA,dual,6,ts,NA,NA,42,415; 470; 560,5;4;20,25;25;25,1;2;4,g;g;r,20,0,120,10,470,560,415,0.1,3,4,0,20,10,20,spout_extended,NA
2025_09_01_acr03,acr,acr03,9/1/2025,2,2025_09_01_acr_r02,multi_s,0,NA,dual,10,nac,NA,NA,42,415; 470; 560,5;4;20,25;25;25,1;2;4,g;g;r,20,0,120,10,470,560,415,0.1,3,4,0,20,10,20,spout_extended,NA
2025_09_01_acr03,acr,acr03,9/1/2025,2,2025_09_01_acr_r02,multi_s,0,NA,dual,7,dms,NA,NA,42,415; 470; 560,5;4;20,25;25;25,1;2;4,g;g;r,20,0,120,10,470,560,415,0.1,3,4,0,20,10,20,spout_extended,NA
2025_09_01_acr03,acr,acr03,9/1/2025,2,2025_09_01_acr_r02,multi_s,0,NA,dual,5,dls,NA,NA,42,415; 470; 560,5;4;20,25;25;25,1;2;4,g;g;r,20,0,120,10,470,560,415,0.1,3,4,0,20,10,20,spout_extended,NA
2025_09_01_acr03,acr,acr03,9/1/2025,2,2025_09_01_acr_r02,multi_s,0,NA,dual,6,ts,NA,NA,42,415; 470; 560,5;4;20,25;25;25,1;2;4,g;g;r,20,0,120,10,470,560,415,0.1,3,4,0,20,10,20,spout_extended,NA
2025_09_01_acr04,acr,acr04,9/1/2025,3,2025_09_01_acr_r03,multi_s,0,NA,dual,7,nac,NA,NA,42,415; 470; 560,5;4;20,25;25;25,1;2;4,g;g;r,20,0,120,10,470,560,415,0.1,3,4,0,20,10,20,spout_extended,NA
2025_09_01_acr04,acr,acr04,9/1/2025,3,2025_09_01_acr_r03,multi_s,0,NA,dual,6,dms,NA,NA,42,415; 470; 560,5;4;20,25;25;25,1;2;4,g;g;r,20,0,120,10,470,560,415,0.1,3,4,0,20,10,20,spout_extended,NA
2025_09_01_acr04,acr,acr04,9/1/2025,3,2025_09_01_acr_r03,multi_s,0,NA,dual,12,dls,NA,NA,42,415; 470; 560,5;4;20,25;25;25,1;2;4,g;g;r,20,0,120,10,470,560,415,0.1,3,4,0,20,10,20,spout_extended,NA
2025_09_01_acr04,acr,acr04,9/1/2025,3,2025_09_01_acr_r03,multi_s,0,NA,dual,10,ts,NA,NA,42,415; 470; 560,5;4;20,25;25;25,1;2;4,g;g;r,20,0,120,10,470,560,415,0.1,3,4,0,20,10,20,spout_extended,NA
2025_09_01_acr05,acr,acr05,9/1/2025,4,2025_09_01_acr_r04,multi_s,0,NA,dual,7,lha,NA,NA,42,415; 470; 560,5;4;20,25;25;25,1;2;4,g;g;r,20,0,120,10,470,560,415,0.1,3,4,0,20,10,20,spout_extended,NA
2025_09_01_acr05,acr,acr05,9/1/2025,4,2025_09_01_acr_r04,multi_s,0,NA,dual,6,nac,NA,NA,42,415; 470; 560,5;4;20,25;25;25,1;2;4,g;g;r,20,0,120,10,470,560,415,0.1,3,4,0,20,10,20,spout_extended,NA
2025_09_01_acr05,acr,acr05,9/1/2025,4,2025_09_01_acr_r04,multi_s,0,NA,dual,12,dms,NA,NA,42,415; 470; 560,5;4;20,25;25;25,1;2;4,g;g;r,20,0,120,10,470,560,415,0.1,3,4,0,20,10,20,spout_extended,NA
2025_09_01_acr05,acr,acr05,9/1/2025,4,2025_09_01_acr_r04,multi_s,0,NA,dual,10,dls,NA,NA,42,415; 470; 560,5;4;20,25;25;25,1;2;4,g;g;r,20,0,120,10,470,560,415,0.1,3,4,0,20,10,20,spout_extended,NA
2025_09_01_acr05,acr,acr05,9/1/2025,4,2025_09_01_acr_r04,multi_s,0,NA,dual,5,ts,NA,NA,42,415; 470; 560,5;4;20,25;25;25,1;2;4,g;g;r,20,0,120,10,470,560,415,0.1,3,4,0,20,10,20,spout_extended,NA
2025_09_01_acr06,acr,acr06,9/1/2025,5,2025_09_01_acr_r05,multi_s,0,NA,dual,6,lha,NA,NA,42,415; 470; 560,5;4;20,25;25;25,1;2;4,g;g;r,20,0,120,10,470,560,415,0.1,3,4,0,20,10,20,spout_extended,NA
2025_09_01_acr06,acr,acr06,9/1/2025,5,2025_09_01_acr_r05,multi_s,0,NA,dual,5,nac,NA,NA,42,415; 470; 560,5;4;20,25;25;25,1;2;4,g;g;r,20,0,120,10,470,560,415,0.1,3,4,0,20,10,20,spout_extended,NA
2025_09_01_acr06,acr,acr06,9/1/2025,5,2025_09_01_acr_r05,multi_s,0,NA,dual,10,dms,NA,NA,42,415; 470; 560,5;4;20,25;25;25,1;2;4,g;g;r,20,0,120,10,470,560,415,0.1,3,4,0,20,10,20,spout_extended,NA
2025_09_01_acr06,acr,acr06,9/1/2025,5,2025_09_01_acr_r05,multi_s,0,NA,dual,12,dls,NA,NA,42,415; 470; 560,5;4;20,25;25;25,1;2;4,g;g;r,20,0,120,10,470,560,415,0.1,3,4,0,20,10,20,spout_extended,NA
2025_09_01_acr06,acr,acr06,9/1/2025,5,2025_09_01_acr_r05,multi_s,0,NA,dual,7,ts,NA,NA,42,415; 470; 560,5;4;20,25;25;25,1;2;4,g;g;r,20,0,120,10,470,560,415,0.1,3,4,0,20,10,20,spout_extended,NA
2025_09_01_acr07,acr,acr07,9/1/2025,6,2025_09_01_acr_r06,multi_s,0,NA,dual,10,lha,NA,NA,42,415; 470; 560,5;4;20,25;25;25,1;2;4,g;g;r,20,0,120,10,470,560,415,0.1,3,4,0,20,10,20,spout_extended,NA
2025_09_01_acr07,acr,acr07,9/1/2025,6,2025_09_01_acr_r06,multi_s,0,NA,dual,7,nac,NA,NA,42,415; 470; 560,5;4;20,25;25;25,1;2;4,g;g;r,20,0,120,10,470,560,415,0.1,3,4,0,20,10,20,spout_extended,NA
2025_09_01_acr07,acr,acr07,9/1/2025,6,2025_09_01_acr_r06,multi_s,0,NA,dual,12,dms,NA,NA,42,415; 470; 560,5;4;20,25;25;25,1;2;4,g;g;r,20,0,120,10,470,560,415,0.1,3,4,0,20,10,20,spout_extended,NA
2025_09_01_acr07,acr,acr07,9/1/2025,6,2025_09_01_acr_r06,multi_s,0,NA,dual,6,dls,NA,NA,42,415; 470; 560,5;4;20,25;25;25,1;2;4,g;g;r,20,0,120,10,470,560,415,0.1,3,4,0,20,10,20,spout_extended,NA
2025_09_01_acr07,acr,acr07,9/1/2025,6,2025_09_01_acr_r06,multi_s,0,NA,dual,5,ts,NA,NA,42,415; 470; 560,5;4;20,25;25;25,1;2;4,g;g;r,20,0,120,10,470,560,415,0.1,3,4,0,20,10,20,spout_extended,NA
2025_09_01_acr08,acr,acr08,9/1/2025,7,2025_09_01_acr_r07,multi_s,0,NA,dual,12,lha,NA,NA,42,415; 470; 560,5;4;20,25;25;25,1;2;4,g;g;r,20,0,120,10,470,560,415,0.1,3,4,0,20,10,20,spout_extended,NA
2025_09_01_acr08,acr,acr08,9/1/2025,7,2025_09_01_acr_r07,multi_s,0,NA,dual,6,nac,NA,NA,42,415; 470; 560,5;4;20,25;25;25,1;2;4,g;g;r,20,0,120,10,470,560,415,0.1,3,4,0,20,10,20,spout_extended,NA
2025_09_01_acr08,acr,acr08,9/1/2025,7,2025_09_01_acr_r07,multi_s,0,NA,dual,7,dms,NA,NA,42,415; 470; 560,5;4;20,25;25;25,1;2;4,g;g;r,20,0,120,10,470,560,415,0.1,3,4,0,20,10,20,spout_extended,NA
2025_09_01_acr08,acr,acr08,9/1/2025,7,2025_09_01_acr_r07,multi_s,0,NA,dual,5,dls,NA,NA,42,415; 470; 560,5;4;20,25;25;25,1;2;4,g;g;r,20,0,120,10,470,560,415,0.1,3,4,0,20,10,20,spout_extended,NA
2025_09_01_acr08,acr,acr08,9/1/2025,7,2025_09_01_acr_r07,multi_s,0,NA,dual,10,ts,NA,NA,42,415; 470; 560,5;4;20,25;25;25,1;2;4,g;g;r,20,0,120,10,470,560,415,0.1,3,4,0,20,10,20,spout_extended,NA
2025_09_04_acr01,acr,acr01,9/4/2025,1,2025_09_04_acr_r01,multi_nacl,0,NA,dual,12,lha,NA,NA,42,415; 470; 560,5;4;20,25;25;25,1;2;4,g;g;r,20,0,120,10,470,560,415,0.1,3,4,0,20,10,20,spout_extended,NA
2025_09_04_acr01,acr,acr01,9/4/2025,1,2025_09_04_acr_r01,multi_nacl,0,NA,dual,5,nac,NA,NA,42,415; 470; 560,5;4;20,25;25;25,1;2;4,g;g;r,20,0,120,10,470,560,415,0.1,3,4,0,20,10,20,spout_extended,NA
2025_09_04_acr01,acr,acr01,9/4/2025,1,2025_09_04_acr_r01,multi_nacl,0,NA,dual,6,dms,NA,NA,42,415; 470; 560,5;4;20,25;25;25,1;2;4,g;g;r,20,0,120,10,470,560,415,0.1,3,4,0,20,10,20,spout_extended,NA
2025_09_04_acr01,acr,acr01,9/4/2025,1,2025_09_04_acr_r01,multi_nacl,0,NA,dual,10,dls,NA,NA,42,415; 470; 560,5;4;20,25;25;25,1;2;4,g;g;r,20,0,120,10,470,560,415,0.1,3,4,0,20,10,20,spout_extended,NA
2025_09_04_acr01,acr,acr01,9/4/2025,1,2025_09_04_acr_r01,multi_nacl,0,NA,dual,7,ts,NA,NA,42,415; 470; 560,5;4;20,25;25;25,1;2;4,g;g;r,20,0,120,10,470,560,415,0.1,3,4,0,20,10,20,spout_extended,NA
2025_09_04_acr03,acr,acr03,9/4/2025,2,2025_09_04_acr_r02,multi_nacl,0,NA,dual,12,nac,NA,NA,42,415; 470; 560,5;4;20,25;25;25,1;2;4,g;g;r,20,0,120,10,470,560,415,0.1,3,4,0,20,10,20,spout_extended,NA
2025_09_04_acr03,acr,acr03,9/4/2025,2,2025_09_04_acr_r02,multi_nacl,0,NA,dual,10,dms,NA,NA,42,415; 470; 560,5;4;20,25;25;25,1;2;4,g;g;r,20,0,120,10,470,560,415,0.1,3,4,0,20,10,20,spout_extended,NA
2025_09_04_acr03,acr,acr03,9/4/2025,2,2025_09_04_acr_r02,multi_nacl,0,NA,dual,6,dls,NA,NA,42,415; 470; 560,5;4;20,25;25;25,1;2;4,g;g;r,20,0,120,10,470,560,415,0.1,3,4,0,20,10,20,spout_extended,NA
2025_09_04_acr03,acr,acr03,9/4/2025,2,2025_09_04_acr_r02,multi_nacl,0,NA,dual,7,ts,NA,NA,42,415; 470; 560,5;4;20,25;25;25,1;2;4,g;g;r,20,0,120,10,470,560,415,0.1,3,4,0,20,10,20,spout_extended,NA
2025_09_04_acr04,acr,acr04,9/4/2025,3,2025_09_04_acr_r03,multi_nacl,0,NA,dual,10,nac,NA,NA,42,415; 470; 560,5;4;20,25;25;25,1;2;4,g;g;r,20,0,120,10,470,560,415,0.1,3,4,0,20,10,20,spout_extended,NA
2025_09_04_acr04,acr,acr04,9/4/2025,3,2025_09_04_acr_r03,multi_nacl,0,NA,dual,7,dms,NA,NA,42,415; 470; 560,5;4;20,25;25;25,1;2;4,g;g;r,20,0,120,10,470,560,415,0.1,3,4,0,20,10,20,spout_extended,NA
2025_09_04_acr04,acr,acr04,9/4/2025,3,2025_09_04_acr_r03,multi_nacl,0,NA,dual,5,dls,NA,NA,42,415; 470; 560,5;4;20,25;25;25,1;2;4,g;g;r,20,0,120,10,470,560,415,0.1,3,4,0,20,10,20,spout_extended,NA
2025_09_04_acr04,acr,acr04,9/4/2025,3,2025_09_04_acr_r03,multi_nacl,0,NA,dual,12,ts,NA,NA,42,415; 470; 560,5;4;20,25;25;25,1;2;4,g;g;r,20,0,120,10,470,560,415,0.1,3,4,0,20,10,20,spout_extended,NA
2025_09_04_acr05,acr,acr05,9/4/2025,4,2025_09_04_acr_r04,multi_nacl,0,NA,dual,10,lha,NA,NA,42,415; 470; 560,5;4;20,25;25;25,1;2;4,g;g;r,20,0,120,10,470,560,415,0.1,3,4,0,20,10,20,spout_extended,NA
2025_09_04_acr05,acr,acr05,9/4/2025,4,2025_09_04_acr_r04,multi_nacl,0,NA,dual,7,nac,NA,NA,42,415; 470; 560,5;4;20,25;25;25,1;2;4,g;g;r,20,0,120,10,470,560,415,0.1,3,4,0,20,10,20,spout_extended,NA
2025_09_04_acr05,acr,acr05,9/4/2025,4,2025_09_04_acr_r04,multi_nacl,0,NA,dual,5,dms,NA,NA,42,415; 470; 560,5;4;20,25;25;25,1;2;4,g;g;r,20,0,120,10,470,560,415,0.1,3,4,0,20,10,20,spout_extended,NA
2025_09_04_acr05,acr,acr05,9/4/2025,4,2025_09_04_acr_r04,multi_nacl,0,NA,dual,12,dls,NA,NA,42,415; 470; 560,5;4;20,25;25;25,1;2;4,g;g;r,20,0,120,10,470,560,415,0.1,3,4,0,20,10,20,spout_extended,NA
2025_09_04_acr05,acr,acr05,9/4/2025,4,2025_09_04_acr_r04,multi_nacl,0,NA,dual,6,ts,NA,NA,42,415; 470; 560,5;4;20,25;25;25,1;2;4,g;g;r,20,0,120,10,470,560,415,0.1,3,4,0,20,10,20,spout_extended,NA
2025_09_04_acr06,acr,acr06,9/4/2025,5,2025_09_04_acr_r05,multi_nacl,0,NA,dual,7,lha,NA,NA,42,415; 470; 560,5;4;20,25;25;25,1;2;4,g;g;r,20,0,120,10,470,560,415,0.1,3,4,0,20,10,20,spout_extended,NA
2025_09_04_acr06,acr,acr06,9/4/2025,5,2025_09_04_acr_r05,multi_nacl,0,NA,dual,6,nac,NA,NA,42,415; 470; 560,5;4;20,25;25;25,1;2;4,g;g;r,20,0,120,10,470,560,415,0.1,3,4,0,20,10,20,spout_extended,NA
2025_09_04_acr06,acr,acr06,9/4/2025,5,2025_09_04_acr_r05,multi_nacl,0,NA,dual,12,dms,NA,NA,42,415; 470; 560,5;4;20,25;25;25,1;2;4,g;g;r,20,0,120,10,470,560,415,0.1,3,4,0,20,10,20,spout_extended,NA
2025_09_04_acr06,acr,acr06,9/4/2025,5,2025_09_04_acr_r05,multi_nacl,0,NA,dual,5,dls,NA,NA,42,415; 470; 560,5;4;20,25;25;25,1;2;4,g;g;r,20,0,120,10,470,560,415,0.1,3,4,0,20,10,20,spout_extended,NA
2025_09_04_acr06,acr,acr06,9/4/2025,5,2025_09_04_acr_r05,multi_nacl,0,NA,dual,10,ts,NA,NA,42,415; 470; 560,5;4;20,25;25;25,1;2;4,g;g;r,20,0,120,10,470,560,415,0.1,3,4,0,20,10,20,spout_extended,NA
2025_09_04_acr07,acr,acr07,9/4/2025,6,2025_09_04_acr_r06,multi_nacl,0,NA,dual,12,lha,NA,NA,42,415; 470; 560,5;4;20,25;25;25,1;2;4,g;g;r,20,0,120,10,470,560,415,0.1,3,4,0,20,10,20,spout_extended,NA
2025_09_04_acr07,acr,acr07,9/4/2025,6,2025_09_04_acr_r06,multi_nacl,0,NA,dual,10,nac,NA,NA,42,415; 470; 560,5;4;20,25;25;25,1;2;4,g;g;r,20,0,120,10,470,560,415,0.1,3,4,0,20,10,20,spout_extended,NA
2025_09_04_acr07,acr,acr07,9/4/2025,6,2025_09_04_acr_r06,multi_nacl,0,NA,dual,5,dms,NA,NA,42,415; 470; 560,5;4;20,25;25;25,1;2;4,g;g;r,20,0,120,10,470,560,415,0.1,3,4,0,20,10,20,spout_extended,NA
2025_09_04_acr07,acr,acr07,9/4/2025,6,2025_09_04_acr_r06,multi_nacl,0,NA,dual,7,dls,NA,NA,42,415; 470; 560,5;4;20,25;25;25,1;2;4,g;g;r,20,0,120,10,470,560,415,0.1,3,4,0,20,10,20,spout_extended,NA
2025_09_04_acr07,acr,acr07,9/4/2025,6,2025_09_04_acr_r06,multi_nacl,0,NA,dual,6,ts,NA,NA,42,415; 470; 560,5;4;20,25;25;25,1;2;4,g;g;r,20,0,120,10,470,560,415,0.1,3,4,0,20,10,20,spout_extended,NA
2025_09_04_acr08,acr,acr08,9/4/2025,7,2025_09_04_acr_r07,multi_nacl,0,NA,dual,5,lha,NA,NA,42,415; 470; 560,5;4;20,25;25;25,1;2;4,g;g;r,20,0,120,10,470,560,415,0.1,3,4,0,20,10,20,spout_extended,NA
2025_09_04_acr08,acr,acr08,9/4/2025,7,2025_09_04_acr_r07,multi_nacl,0,NA,dual,7,nac,NA,NA,42,415; 470; 560,5;4;20,25;25;25,1;2;4,g;g;r,20,0,120,10,470,560,415,0.1,3,4,0,20,10,20,spout_extended,NA
2025_09_04_acr08,acr,acr08,9/4/2025,7,2025_09_04_acr_r07,multi_nacl,0,NA,dual,10,dms,NA,NA,42,415; 470; 560,5;4;20,25;25;25,1;2;4,g;g;r,20,0,120,10,470,560,415,0.1,3,4,0,20,10,20,spout_extended,NA
2025_09_04_acr08,acr,acr08,9/4/2025,7,2025_09_04_acr_r07,multi_nacl,0,NA,dual,6,dls,NA,NA,42,415; 470; 560,5;4;20,25;25;25,1;2;4,g;g;r,20,0,120,10,470,560,415,0.1,3,4,0,20,10,20,spout_extended,NA
2025_09_04_acr08,acr,acr08,9/4/2025,7,2025_09_04_acr_r07,multi_nacl,0,NA,dual,12,ts,NA,NA,42,415; 470; 560,5;4;20,25;25;25,1;2;4,g;g;r,20,0,120,10,470,560,415,0.1,3,4,0,20,10,20,spout_extended,NA
2025_09_05_acr01,acr,acr01,9/5/2025,1,2025_09_05_acr_r01,multi_nacl,0,NA,dual,5,lha,NA,NA,42,415; 470; 560,5;4;20,25;25;25,1;2;4,g;g;r,20,0,120,10,470,560,415,0.1,3,4,0,20,10,20,spout_extended,NA
2025_09_05_acr01,acr,acr01,9/5/2025,1,2025_09_05_acr_r01,multi_nacl,0,NA,dual,10,nac,NA,NA,42,415; 470; 560,5;4;20,25;25;25,1;2;4,g;g;r,20,0,120,10,470,560,415,0.1,3,4,0,20,10,20,spout_extended,NA
2025_09_05_acr01,acr,acr01,9/5/2025,1,2025_09_05_acr_r01,multi_nacl,0,NA,dual,7,dms,NA,NA,42,415; 470; 560,5;4;20,25;25;25,1;2;4,g;g;r,20,0,120,10,470,560,415,0.1,3,4,0,20,10,20,spout_extended,NA
2025_09_05_acr01,acr,acr01,9/5/2025,1,2025_09_05_acr_r01,multi_nacl,0,NA,dual,6,dls,NA,NA,42,415; 470; 560,5;4;20,25;25;25,1;2;4,g;g;r,20,0,120,10,470,560,415,0.1,3,4,0,20,10,20,spout_extended,NA
2025_09_05_acr01,acr,acr01,9/5/2025,1,2025_09_05_acr_r01,multi_nacl,0,NA,dual,12,ts,NA,NA,42,415; 470; 560,5;4;20,25;25;25,1;2;4,g;g;r,20,0,120,10,470,560,415,0.1,3,4,0,20,10,20,spout_extended,NA
2025_09_05_acr03,acr,acr03,9/5/2025,2,2025_09_05_acr_r02,multi_nacl,0,NA,dual,5,nac,NA,NA,42,415; 470; 560,5;4;20,25;25;25,1;2;4,g;g;r,20,0,120,10,470,560,415,0.1,3,4,0,20,10,20,spout_extended,NA
2025_09_05_acr03,acr,acr03,9/5/2025,2,2025_09_05_acr_r02,multi_nacl,0,NA,dual,6,dms,NA,NA,42,415; 470; 560,5;4;20,25;25;25,1;2;4,g;g;r,20,0,120,10,470,560,415,0.1,3,4,0,20,10,20,spout_extended,NA
2025_09_05_acr03,acr,acr03,9/5/2025,2,2025_09_05_acr_r02,multi_nacl,0,NA,dual,7,dls,NA,NA,42,415; 470; 560,5;4;20,25;25;25,1;2;4,g;g;r,20,0,120,10,470,560,415,0.1,3,4,0,20,10,20,spout_extended,NA
2025_09_05_acr03,acr,acr03,9/5/2025,2,2025_09_05_acr_r02,multi_nacl,0,NA,dual,12,ts,NA,NA,42,415; 470; 560,5;4;20,25;25;25,1;2;4,g;g;r,20,0,120,10,470,560,415,0.1,3,4,0,20,10,20,spout_extended,NA
2025_09_05_acr04,acr,acr04,9/5/2025,3,2025_09_05_acr_r03,multi_nacl,0,NA,dual,6,nac,NA,NA,42,415; 470; 560,5;4;20,25;25;25,1;2;4,g;g;r,20,0,120,10,470,560,415,0.1,3,4,0,20,10,20,spout_extended,NA
2025_09_05_acr04,acr,acr04,9/5/2025,3,2025_09_05_acr_r03,multi_nacl,0,NA,dual,12,dms,NA,NA,42,415; 470; 560,5;4;20,25;25;25,1;2;4,g;g;r,20,0,120,10,470,560,415,0.1,3,4,0,20,10,20,spout_extended,NA
2025_09_05_acr04,acr,acr04,9/5/2025,3,2025_09_05_acr_r03,multi_nacl,0,NA,dual,10,dls,NA,NA,42,415; 470; 560,5;4;20,25;25;25,1;2;4,g;g;r,20,0,120,10,470,560,415,0.1,3,4,0,20,10,20,spout_extended,NA
2025_09_05_acr04,acr,acr04,9/5/2025,3,2025_09_05_acr_r03,multi_nacl,0,NA,dual,5,ts,NA,NA,42,415; 470; 560,5;4;20,25;25;25,1;2;4,g;g;r,20,0,120,10,470,560,415,0.1,3,4,0,20,10,20,spout_extended,NA
2025_09_05_acr05,acr,acr05,9/5/2025,4,2025_09_05_acr_r04,multi_nacl,0,NA,dual,6,lha,NA,NA,42,415; 470; 560,5;4;20,25;25;25,1;2;4,g;g;r,20,0,120,10,470,560,415,0.1,3,4,0,20,10,20,spout_extended,NA
2025_09_05_acr05,acr,acr05,9/5/2025,4,2025_09_05_acr_r04,multi_nacl,0,NA,dual,12,nac,NA,NA,42,415; 470; 560,5;4;20,25;25;25,1;2;4,g;g;r,20,0,120,10,470,560,415,0.1,3,4,0,20,10,20,spout_extended,NA
2025_09_05_acr05,acr,acr05,9/5/2025,4,2025_09_05_acr_r04,multi_nacl,0,NA,dual,10,dms,NA,NA,42,415; 470; 560,5;4;20,25;25;25,1;2;4,g;g;r,20,0,120,10,470,560,415,0.1,3,4,0,20,10,20,spout_extended,NA
2025_09_05_acr05,acr,acr05,9/5/2025,4,2025_09_05_acr_r04,multi_nacl,0,NA,dual,5,dls,NA,NA,42,415; 470; 560,5;4;20,25;25;25,1;2;4,g;g;r,20,0,120,10,470,560,415,0.1,3,4,0,20,10,20,spout_extended,NA
2025_09_05_acr05,acr,acr05,9/5/2025,4,2025_09_05_acr_r04,multi_nacl,0,NA,dual,7,ts,NA,NA,42,415; 470; 560,5;4;20,25;25;25,1;2;4,g;g;r,20,0,120,10,470,560,415,0.1,3,4,0,20,10,20,spout_extended,NA
2025_09_05_acr06,acr,acr06,9/5/2025,5,2025_09_05_acr_r05,multi_nacl,0,NA,dual,12,lha,NA,NA,42,415; 470; 560,5;4;20,25;25;25,1;2;4,g;g;r,20,0,120,10,470,560,415,0.1,3,4,0,20,10,20,spout_extended,NA
2025_09_05_acr06,acr,acr06,9/5/2025,5,2025_09_05_acr_r05,multi_nacl,0,NA,dual,7,nac,NA,NA,42,415; 470; 560,5;4;20,25;25;25,1;2;4,g;g;r,20,0,120,10,470,560,415,0.1,3,4,0,20,10,20,spout_extended,NA
2025_09_05_acr06,acr,acr06,9/5/2025,5,2025_09_05_acr_r05,multi_nacl,0,NA,dual,5,dms,NA,NA,42,415; 470; 560,5;4;20,25;25;25,1;2;4,g;g;r,20,0,120,10,470,560,415,0.1,3,4,0,20,10,20,spout_extended,NA
2025_09_05_acr06,acr,acr06,9/5/2025,5,2025_09_05_acr_r05,multi_nacl,0,NA,dual,10,dls,NA,NA,42,415; 470; 560,5;4;20,25;25;25,1;2;4,g;g;r,20,0,120,10,470,560,415,0.1,3,4,0,20,10,20,spout_extended,NA
2025_09_05_acr06,acr,acr06,9/5/2025,5,2025_09_05_acr_r05,multi_nacl,0,NA,dual,6,ts,NA,NA,42,415; 470; 560,5;4;20,25;25;25,1;2;4,g;g;r,20,0,120,10,470,560,415,0.1,3,4,0,20,10,20,spout_extended,NA
2025_09_05_acr07,acr,acr07,9/5/2025,6,2025_09_05_acr_r06,multi_nacl,0,NA,dual,5,lha,NA,NA,42,415; 470; 560,5;4;20,25;25;25,1;2;4,g;g;r,20,0,120,10,470,560,415,0.1,3,4,0,20,10,20,spout_extended,NA
2025_09_05_acr07,acr,acr07,9/5/2025,6,2025_09_05_acr_r06,multi_nacl,0,NA,dual,6,nac,NA,NA,42,415; 470; 560,5;4;20,25;25;25,1;2;4,g;g;r,20,0,120,10,470,560,415,0.1,3,4,0,20,10,20,spout_extended,NA
2025_09_05_acr07,acr,acr07,9/5/2025,6,2025_09_05_acr_r06,multi_nacl,0,NA,dual,10,dms,NA,NA,42,415; 470; 560,5;4;20,25;25;25,1;2;4,g;g;r,20,0,120,10,470,560,415,0.1,3,4,0,20,10,20,spout_extended,NA
2025_09_05_acr07,acr,acr07,9/5/2025,6,2025_09_05_acr_r06,multi_nacl,0,NA,dual,12,dls,NA,NA,42,415; 470; 560,5;4;20,25;25;25,1;2;4,g;g;r,20,0,120,10,470,560,415,0.1,3,4,0,20,10,20,spout_extended,NA
2025_09_05_acr07,acr,acr07,9/5/2025,6,2025_09_05_acr_r06,multi_nacl,0,NA,dual,7,ts,NA,NA,42,415; 470; 560,5;4;20,25;25;25,1;2;4,g;g;r,20,0,120,10,470,560,415,0.1,3,4,0,20,10,20,spout_extended,NA
2025_09_05_acr08,acr,acr08,9/5/2025,7,2025_09_05_acr_r07,multi_nacl,0,NA,dual,10,lha,NA,NA,42,415; 470; 560,5;4;20,25;25;25,1;2;4,g;g;r,20,0,120,10,470,560,415,0.1,3,4,0,20,10,20,spout_extended,NA
2025_09_05_acr08,acr,acr08,9/5/2025,7,2025_09_05_acr_r07,multi_nacl,0,NA,dual,12,nac,NA,NA,42,415; 470; 560,5;4;20,25;25;25,1;2;4,g;g;r,20,0,120,10,470,560,415,0.1,3,4,0,20,10,20,spout_extended,NA
2025_09_05_acr08,acr,acr08,9/5/2025,7,2025_09_05_acr_r07,multi_nacl,0,NA,dual,6,dms,NA,NA,42,415; 470; 560,5;4;20,25;25;25,1;2;4,g;g;r,20,0,120,10,470,560,415,0.1,3,4,0,20,10,20,spout_extended,NA
2025_09_05_acr08,acr,acr08,9/5/2025,7,2025_09_05_acr_r07,multi_nacl,0,NA,dual,7,dls,NA,NA,42,415; 470; 560,5;4;20,25;25;25,1;2;4,g;g;r,20,0,120,10,470,560,415,0.1,3,4,0,20,10,20,spout_extended,NA
2025_09_05_acr08,acr,acr08,9/5/2025,7,2025_09_05_acr_r07,multi_nacl,0,NA,dual,5,ts,NA,NA,42,415; 470; 560,5;4;20,25;25;25,1;2;4,g;g;r,20,0,120,10,470,560,415,0.1,3,4,0,20,10,20,spout_extended,NA
2025_09_06_acr01,acr,acr01,9/6/2025,1,2025_09_06_acr_r01,multi_nacl,0,NA,dual,6,lha,NA,NA,42,415; 470; 560,5;4;20,25;25;25,1;2;4,g;g;r,20,0,120,10,470,560,415,0.1,3,4,0,20,10,20,spout_extended,NA
2025_09_06_acr01,acr,acr01,9/6/2025,1,2025_09_06_acr_r01,multi_nacl,0,NA,dual,7,nac,NA,NA,42,415; 470; 560,5;4;20,25;25;25,1;2;4,g;g;r,20,0,120,10,470,560,415,0.1,3,4,0,20,10,20,spout_extended,NA
2025_09_06_acr01,acr,acr01,9/6/2025,1,2025_09_06_acr_r01,multi_nacl,0,NA,dual,10,dms,NA,NA,42,415; 470; 560,5;4;20,25;25;25,1;2;4,g;g;r,20,0,120,10,470,560,415,0.1,3,4,0,20,10,20,spout_extended,NA
2025_09_06_acr01,acr,acr01,9/6/2025,1,2025_09_06_acr_r01,multi_nacl,0,NA,dual,12,dls,NA,NA,42,415; 470; 560,5;4;20,25;25;25,1;2;4,g;g;r,20,0,120,10,470,560,415,0.1,3,4,0,20,10,20,spout_extended,NA
2025_09_06_acr01,acr,acr01,9/6/2025,1,2025_09_06_acr_r01,multi_nacl,0,NA,dual,5,ts,NA,NA,42,415; 470; 560,5;4;20,25;25;25,1;2;4,g;g;r,20,0,120,10,470,560,415,0.1,3,4,0,20,10,20,spout_extended,NA
2025_09_06_acr03,acr,acr03,9/6/2025,2,2025_09_06_acr_r02,multi_nacl,0,NA,dual,6,nac,NA,NA,42,415; 470; 560,5;4;20,25;25;25,1;2;4,g;g;r,20,0,120,10,470,560,415,0.1,3,4,0,20,10,20,spout_extended,NA
2025_09_06_acr03,acr,acr03,9/6/2025,2,2025_09_06_acr_r02,multi_nacl,0,NA,dual,12,dms,NA,NA,42,415; 470; 560,5;4;20,25;25;25,1;2;4,g;g;r,20,0,120,10,470,560,415,0.1,3,4,0,20,10,20,spout_extended,NA
2025_09_06_acr03,acr,acr03,9/6/2025,2,2025_09_06_acr_r02,multi_nacl,0,NA,dual,10,dls,NA,NA,42,415; 470; 560,5;4;20,25;25;25,1;2;4,g;g;r,20,0,120,10,470,560,415,0.1,3,4,0,20,10,20,spout_extended,NA
2025_09_06_acr03,acr,acr03,9/6/2025,2,2025_09_06_acr_r02,multi_nacl,0,NA,dual,5,ts,NA,NA,42,415; 470; 560,5;4;20,25;25;25,1;2;4,g;g;r,20,0,120,10,470,560,415,0.1,3,4,0,20,10,20,spout_extended,NA
2025_09_06_acr04,acr,acr04,9/6/2025,3,2025_09_06_acr_r03,multi_nacl,0,NA,dual,12,nac,NA,NA,42,415; 470; 560,5;4;20,25;25;25,1;2;4,g;g;r,20,0,120,10,470,560,415,0.1,3,4,0,20,10,20,spout_extended,NA
2025_09_06_acr04,acr,acr04,9/6/2025,3,2025_09_06_acr_r03,multi_nacl,0,NA,dual,5,dms,NA,NA,42,415; 470; 560,5;4;20,25;25;25,1;2;4,g;g;r,20,0,120,10,470,560,415,0.1,3,4,0,20,10,20,spout_extended,NA
2025_09_06_acr04,acr,acr04,9/6/2025,3,2025_09_06_acr_r03,multi_nacl,0,NA,dual,6,dls,NA,NA,42,415; 470; 560,5;4;20,25;25;25,1;2;4,g;g;r,20,0,120,10,470,560,415,0.1,3,4,0,20,10,20,spout_extended,NA
2025_09_06_acr04,acr,acr04,9/6/2025,3,2025_09_06_acr_r03,multi_nacl,0,NA,dual,7,ts,NA,NA,42,415; 470; 560,5;4;20,25;25;25,1;2;4,g;g;r,20,0,120,10,470,560,415,0.1,3,4,0,20,10,20,spout_extended,NA
2025_09_06_acr05,acr,acr05,9/6/2025,4,2025_09_06_acr_r04,multi_nacl,0,NA,dual,12,lha,NA,NA,42,415; 470; 560,5;4;20,25;25;25,1;2;4,g;g;r,20,0,120,10,470,560,415,0.1,3,4,0,20,10,20,spout_extended,NA
2025_09_06_acr05,acr,acr05,9/6/2025,4,2025_09_06_acr_r04,multi_nacl,0,NA,dual,5,nac,NA,NA,42,415; 470; 560,5;4;20,25;25;25,1;2;4,g;g;r,20,0,120,10,470,560,415,0.1,3,4,0,20,10,20,spout_extended,NA
2025_09_06_acr05,acr,acr05,9/6/2025,4,2025_09_06_acr_r04,multi_nacl,0,NA,dual,6,dms,NA,NA,42,415; 470; 560,5;4;20,25;25;25,1;2;4,g;g;r,20,0,120,10,470,560,415,0.1,3,4,0,20,10,20,spout_extended,NA
2025_09_06_acr05,acr,acr05,9/6/2025,4,2025_09_06_acr_r04,multi_nacl,0,NA,dual,7,dls,NA,NA,42,415; 470; 560,5;4;20,25;25;25,1;2;4,g;g;r,20,0,120,10,470,560,415,0.1,3,4,0,20,10,20,spout_extended,NA
2025_09_06_acr05,acr,acr05,9/6/2025,4,2025_09_06_acr_r04,multi_nacl,0,NA,dual,10,ts,NA,NA,42,415; 470; 560,5;4;20,25;25;25,1;2;4,g;g;r,20,0,120,10,470,560,415,0.1,3,4,0,20,10,20,spout_extended,NA
2025_09_06_acr06,acr,acr06,9/6/2025,5,2025_09_06_acr_r05,multi_nacl,0,NA,dual,5,lha,NA,NA,42,415; 470; 560,5;4;20,25;25;25,1;2;4,g;g;r,20,0,120,10,470,560,415,0.1,3,4,0,20,10,20,spout_extended,NA
2025_09_06_acr06,acr,acr06,9/6/2025,5,2025_09_06_acr_r05,multi_nacl,0,NA,dual,10,nac,NA,NA,42,415; 470; 560,5;4;20,25;25;25,1;2;4,g;g;r,20,0,120,10,470,560,415,0.1,3,4,0,20,10,20,spout_extended,NA
2025_09_06_acr06,acr,acr06,9/6/2025,5,2025_09_06_acr_r05,multi_nacl,0,NA,dual,7,dms,NA,NA,42,415; 470; 560,5;4;20,25;25;25,1;2;4,g;g;r,20,0,120,10,470,560,415,0.1,3,4,0,20,10,20,spout_extended,NA
2025_09_06_acr06,acr,acr06,9/6/2025,5,2025_09_06_acr_r05,multi_nacl,0,NA,dual,6,dls,NA,NA,42,415; 470; 560,5;4;20,25;25;25,1;2;4,g;g;r,20,0,120,10,470,560,415,0.1,3,4,0,20,10,20,spout_extended,NA
2025_09_06_acr06,acr,acr06,9/6/2025,5,2025_09_06_acr_r05,multi_nacl,0,NA,dual,12,ts,NA,NA,42,415; 470; 560,5;4;20,25;25;25,1;2;4,g;g;r,20,0,120,10,470,560,415,0.1,3,4,0,20,10,20,spout_extended,NA
2025_09_06_acr07,acr,acr07,9/6/2025,6,2025_09_06_acr_r06,multi_nacl,0,NA,dual,7,lha,NA,NA,42,415; 470; 560,5;4;20,25;25;25,1;2;4,g;g;r,20,0,120,10,470,560,415,0.1,3,4,0,20,10,20,spout_extended,NA
2025_09_06_acr07,acr,acr07,9/6/2025,6,2025_09_06_acr_r06,multi_nacl,0,NA,dual,12,nac,NA,NA,42,415; 470; 560,5;4;20,25;25;25,1;2;4,g;g;r,20,0,120,10,470,560,415,0.1,3,4,0,20,10,20,spout_extended,NA
2025_09_06_acr07,acr,acr07,9/6/2025,6,2025_09_06_acr_r06,multi_nacl,0,NA,dual,6,dms,NA,NA,42,415; 470; 560,5;4;20,25;25;25,1;2;4,g;g;r,20,0,120,10,470,560,415,0.1,3,4,0,20,10,20,spout_extended,NA
2025_09_06_acr07,acr,acr07,9/6/2025,6,2025_09_06_acr_r06,multi_nacl,0,NA,dual,5,dls,NA,NA,42,415; 470; 560,5;4;20,25;25;25,1;2;4,g;g;r,20,0,120,10,470,560,415,0.1,3,4,0,20,10,20,spout_extended,NA
2025_09_06_acr07,acr,acr07,9/6/2025,6,2025_09_06_acr_r06,multi_nacl,0,NA,dual,10,ts,NA,NA,42,415; 470; 560,5;4;20,25;25;25,1;2;4,g;g;r,20,0,120,10,470,560,415,0.1,3,4,0,20,10,20,spout_extended,NA
2025_09_06_acr08,acr,acr08,9/6/2025,7,2025_09_06_acr_r07,multi_nacl,0,NA,dual,6,lha,NA,NA,42,415; 470; 560,5;4;20,25;25;25,1;2;4,g;g;r,20,0,120,10,470,560,415,0.1,3,4,0,20,10,20,spout_extended,NA
2025_09_06_acr08,acr,acr08,9/6/2025,7,2025_09_06_acr_r07,multi_nacl,0,NA,dual,5,nac,NA,NA,42,415; 470; 560,5;4;20,25;25;25,1;2;4,g;g;r,20,0,120,10,470,560,415,0.1,3,4,0,20,10,20,spout_extended,NA
2025_09_06_acr08,acr,acr08,9/6/2025,7,2025_09_06_acr_r07,multi_nacl,0,NA,dual,12,dms,NA,NA,42,415; 470; 560,5;4;20,25;25;25,1;2;4,g;g;r,20,0,120,10,470,560,415,0.1,3,4,0,20,10,20,spout_extended,NA
2025_09_06_acr08,acr,acr08,9/6/2025,7,2025_09_06_acr_r07,multi_nacl,0,NA,dual,10,dls,NA,NA,42,415; 470; 560,5;4;20,25;25;25,1;2;4,g;g;r,20,0,120,10,470,560,415,0.1,3,4,0,20,10,20,spout_extended,NA
2025_09_06_acr08,acr,acr08,9/6/2025,7,2025_09_06_acr_r07,multi_nacl,0,NA,dual,7,ts,NA,NA,42,415; 470; 560,5;4;20,25;25;25,1;2;4,g;g;r,20,0,120,10,470,560,415,0.1,3,4,0,20,10,20,spout_extended,NA
2025_09_09_acr01,acr,acr01,9/9/2025,1,2025_09_09_acr_r01,multi_water,0,NA,dual,12,lha,NA,NA,42,415; 470; 560,5;4;20,25;25;25,1;2;4,g;g;r,20,0,120,10,470,560,415,0.1,3,4,0,20,10,20,spout_extended,NA
2025_09_09_acr01,acr,acr01,9/9/2025,1,2025_09_09_acr_r01,multi_water,0,NA,dual,5,nac,NA,NA,42,415; 470; 560,5;4;20,25;25;25,1;2;4,g;g;r,20,0,120,10,470,560,415,0.1,3,4,0,20,10,20,spout_extended,NA
2025_09_09_acr01,acr,acr01,9/9/2025,1,2025_09_09_acr_r01,multi_water,0,NA,dual,6,dms,NA,NA,42,415; 470; 560,5;4;20,25;25;25,1;2;4,g;g;r,20,0,120,10,470,560,415,0.1,3,4,0,20,10,20,spout_extended,NA
2025_09_09_acr01,acr,acr01,9/9/2025,1,2025_09_09_acr_r01,multi_water,0,NA,dual,7,dls,NA,NA,42,415; 470; 560,5;4;20,25;25;25,1;2;4,g;g;r,20,0,120,10,470,560,415,0.1,3,4,0,20,10,20,spout_extended,NA
2025_09_09_acr01,acr,acr01,9/9/2025,1,2025_09_09_acr_r01,multi_water,0,NA,dual,10,ts,NA,NA,42,415; 470; 560,5;4;20,25;25;25,1;2;4,g;g;r,20,0,120,10,470,560,415,0.1,3,4,0,20,10,20,spout_extended,NA
2025_09_09_acr03,acr,acr03,9/9/2025,2,2025_09_09_acr_r02,multi_water,0,NA,dual,10,nac,NA,NA,42,415; 470; 560,5;4;20,25;25;25,1;2;4,g;g;r,20,0,120,10,470,560,415,0.1,3,4,0,20,10,20,spout_extended,NA
2025_09_09_acr03,acr,acr03,9/9/2025,2,2025_09_09_acr_r02,multi_water,0,NA,dual,7,dms,NA,NA,42,415; 470; 560,5;4;20,25;25;25,1;2;4,g;g;r,20,0,120,10,470,560,415,0.1,3,4,0,20,10,20,spout_extended,NA
2025_09_09_acr03,acr,acr03,9/9/2025,2,2025_09_09_acr_r02,multi_water,0,NA,dual,6,dls,NA,NA,42,415; 470; 560,5;4;20,25;25;25,1;2;4,g;g;r,20,0,120,10,470,560,415,0.1,3,4,0,20,10,20,spout_extended,NA
2025_09_09_acr03,acr,acr03,9/9/2025,2,2025_09_09_acr_r02,multi_water,0,NA,dual,12,ts,NA,NA,42,415; 470; 560,5;4;20,25;25;25,1;2;4,g;g;r,20,0,120,10,470,560,415,0.1,3,4,0,20,10,20,spout_extended,NA
2025_09_09_acr04,acr,acr04,9/9/2025,3,2025_09_09_acr_r03,multi_water,0,NA,dual,12,nac,NA,NA,42,415; 470; 560,5;4;20,25;25;25,1;2;4,g;g;r,20,0,120,10,470,560,415,0.1,3,4,0,20,10,20,spout_extended,NA
2025_09_09_acr04,acr,acr04,9/9/2025,3,2025_09_09_acr_r03,multi_water,0,NA,dual,6,dms,NA,NA,42,415; 470; 560,5;4;20,25;25;25,1;2;4,g;g;r,20,0,120,10,470,560,415,0.1,3,4,0,20,10,20,spout_extended,NA
2025_09_09_acr04,acr,acr04,9/9/2025,3,2025_09_09_acr_r03,multi_water,0,NA,dual,5,dls,NA,NA,42,415; 470; 560,5;4;20,25;25;25,1;2;4,g;g;r,20,0,120,10,470,560,415,0.1,3,4,0,20,10,20,spout_extended,NA
2025_09_09_acr04,acr,acr04,9/9/2025,3,2025_09_09_acr_r03,multi_water,0,NA,dual,10,ts,NA,NA,42,415; 470; 560,5;4;20,25;25;25,1;2;4,g;g;r,20,0,120,10,470,560,415,0.1,3,4,0,20,10,20,spout_extended,NA
2025_09_09_acr05,acr,acr05,9/9/2025,4,2025_09_09_acr_r04,multi_water,0,NA,dual,6,lha,NA,NA,42,415; 470; 560,5;4;20,25;25;25,1;2;4,g;g;r,20,0,120,10,470,560,415,0.1,3,4,0,20,10,20,spout_extended,NA
2025_09_09_acr05,acr,acr05,9/9/2025,4,2025_09_09_acr_r04,multi_water,0,NA,dual,5,nac,NA,NA,42,415; 470; 560,5;4;20,25;25;25,1;2;4,g;g;r,20,0,120,10,470,560,415,0.1,3,4,0,20,10,20,spout_extended,NA
2025_09_09_acr05,acr,acr05,9/9/2025,4,2025_09_09_acr_r04,multi_water,0,NA,dual,12,dms,NA,NA,42,415; 470; 560,5;4;20,25;25;25,1;2;4,g;g;r,20,0,120,10,470,560,415,0.1,3,4,0,20,10,20,spout_extended,NA
2025_09_09_acr05,acr,acr05,9/9/2025,4,2025_09_09_acr_r04,multi_water,0,NA,dual,10,dls,NA,NA,42,415; 470; 560,5;4;20,25;25;25,1;2;4,g;g;r,20,0,120,10,470,560,415,0.1,3,4,0,20,10,20,spout_extended,NA
2025_09_09_acr05,acr,acr05,9/9/2025,4,2025_09_09_acr_r04,multi_water,0,NA,dual,7,ts,NA,NA,42,415; 470; 560,5;4;20,25;25;25,1;2;4,g;g;r,20,0,120,10,470,560,415,0.1,3,4,0,20,10,20,spout_extended,NA
2025_09_09_acr06,acr,acr06,9/9/2025,5,2025_09_09_acr_r05,multi_water,0,NA,dual,6,lha,NA,NA,42,415; 470; 560,5;4;20,25;25;25,1;2;4,g;g;r,20,0,120,10,470,560,415,0.1,3,4,0,20,10,20,spout_extended,NA
2025_09_09_acr06,acr,acr06,9/9/2025,5,2025_09_09_acr_r05,multi_water,0,NA,dual,7,nac,NA,NA,42,415; 470; 560,5;4;20,25;25;25,1;2;4,g;g;r,20,0,120,10,470,560,415,0.1,3,4,0,20,10,20,spout_extended,NA
2025_09_09_acr06,acr,acr06,9/9/2025,5,2025_09_09_acr_r05,multi_water,0,NA,dual,10,dms,NA,NA,42,415; 470; 560,5;4;20,25;25;25,1;2;4,g;g;r,20,0,120,10,470,560,415,0.1,3,4,0,20,10,20,spout_extended,NA
2025_09_09_acr06,acr,acr06,9/9/2025,5,2025_09_09_acr_r05,multi_water,0,NA,dual,12,dls,NA,NA,42,415; 470; 560,5;4;20,25;25;25,1;2;4,g;g;r,20,0,120,10,470,560,415,0.1,3,4,0,20,10,20,spout_extended,NA
2025_09_09_acr06,acr,acr06,9/9/2025,5,2025_09_09_acr_r05,multi_water,0,NA,dual,5,ts,NA,NA,42,415; 470; 560,5;4;20,25;25;25,1;2;4,g;g;r,20,0,120,10,470,560,415,0.1,3,4,0,20,10,20,spout_extended,NA
2025_09_09_acr07,acr,acr07,9/9/2025,6,2025_09_09_acr_r06,multi_water,0,NA,dual,7,lha,NA,NA,42,415; 470; 560,5;4;20,25;25;25,1;2;4,g;g;r,20,0,120,10,470,560,415,0.1,3,4,0,20,10,20,spout_extended,NA
2025_09_09_acr07,acr,acr07,9/9/2025,6,2025_09_09_acr_r06,multi_water,0,NA,dual,6,nac,NA,NA,42,415; 470; 560,5;4;20,25;25;25,1;2;4,g;g;r,20,0,120,10,470,560,415,0.1,3,4,0,20,10,20,spout_extended,NA
2025_09_09_acr07,acr,acr07,9/9/2025,6,2025_09_09_acr_r06,multi_water,0,NA,dual,12,dms,NA,NA,42,415; 470; 560,5;4;20,25;25;25,1;2;4,g;g;r,20,0,120,10,470,560,415,0.1,3,4,0,20,10,20,spout_extended,NA
2025_09_09_acr07,acr,acr07,9/9/2025,6,2025_09_09_acr_r06,multi_water,0,NA,dual,10,dls,NA,NA,42,415; 470; 560,5;4;20,25;25;25,1;2;4,g;g;r,20,0,120,10,470,560,415,0.1,3,4,0,20,10,20,spout_extended,NA
2025_09_09_acr07,acr,acr07,9/9/2025,6,2025_09_09_acr_r06,multi_water,0,NA,dual,5,ts,NA,NA,42,415; 470; 560,5;4;20,25;25;25,1;2;4,g;g;r,20,0,120,10,470,560,415,0.1,3,4,0,20,10,20,spout_extended,NA
2025_09_09_acr08,acr,acr08,9/9/2025,7,2025_09_09_acr_r07,multi_water,0,NA,dual,10,lha,NA,NA,42,415; 470; 560,5;4;20,25;25;25,1;2;4,g;g;r,20,0,120,10,470,560,415,0.1,3,4,0,20,10,20,spout_extended,NA
2025_09_09_acr08,acr,acr08,9/9/2025,7,2025_09_09_acr_r07,multi_water,0,NA,dual,12,nac,NA,NA,42,415; 470; 560,5;4;20,25;25;25,1;2;4,g;g;r,20,0,120,10,470,560,415,0.1,3,4,0,20,10,20,spout_extended,NA
2025_09_09_acr08,acr,acr08,9/9/2025,7,2025_09_09_acr_r07,multi_water,0,NA,dual,5,dms,NA,NA,42,415; 470; 560,5;4;20,25;25;25,1;2;4,g;g;r,20,0,120,10,470,560,415,0.1,3,4,0,20,10,20,spout_extended,NA
2025_09_09_acr08,acr,acr08,9/9/2025,7,2025_09_09_acr_r07,multi_water,0,NA,dual,6,dls,NA,NA,42,415; 470; 560,5;4;20,25;25;25,1;2;4,g;g;r,20,0,120,10,470,560,415,0.1,3,4,0,20,10,20,spout_extended,NA
2025_09_09_acr08,acr,acr08,9/9/2025,7,2025_09_09_acr_r07,multi_water,0,NA,dual,7,ts,NA,NA,42,415; 470; 560,5;4;20,25;25;25,1;2;4,g;g;r,20,0,120,10,470,560,415,0.1,3,4,0,20,10,20,spout_extended,NA
2025_09_10_acr01,acr,acr01,9/10/2025,1,2025_09_10_acr_r01,multi_water,0,NA,dual,5,lha,NA,NA,42,415; 470; 560,5;4;20,25;25;25,1;2;4,g;g;r,20,0,120,10,470,560,415,0.1,3,4,0,20,10,20,spout_extended,NA
2025_09_10_acr01,acr,acr01,9/10/2025,1,2025_09_10_acr_r01,multi_water,0,NA,dual,10,nac,NA,NA,42,415; 470; 560,5;4;20,25;25;25,1;2;4,g;g;r,20,0,120,10,470,560,415,0.1,3,4,0,20,10,20,spout_extended,NA
2025_09_10_acr01,acr,acr01,9/10/2025,1,2025_09_10_acr_r01,multi_water,0,NA,dual,7,dms,NA,NA,42,415; 470; 560,5;4;20,25;25;25,1;2;4,g;g;r,20,0,120,10,470,560,415,0.1,3,4,0,20,10,20,spout_extended,NA
2025_09_10_acr01,acr,acr01,9/10/2025,1,2025_09_10_acr_r01,multi_water,0,NA,dual,6,dls,NA,NA,42,415; 470; 560,5;4;20,25;25;25,1;2;4,g;g;r,20,0,120,10,470,560,415,0.1,3,4,0,20,10,20,spout_extended,NA
2025_09_10_acr01,acr,acr01,9/10/2025,1,2025_09_10_acr_r01,multi_water,0,NA,dual,12,ts,NA,NA,42,415; 470; 560,5;4;20,25;25;25,1;2;4,g;g;r,20,0,120,10,470,560,415,0.1,3,4,0,20,10,20,spout_extended,NA
2025_09_10_acr03,acr,acr03,9/10/2025,2,2025_09_10_acr_r02,multi_water,0,NA,dual,12,nac,NA,NA,42,415; 470; 560,5;4;20,25;25;25,1;2;4,g;g;r,20,0,120,10,470,560,415,0.1,3,4,0,20,10,20,spout_extended,NA
2025_09_10_acr03,acr,acr03,9/10/2025,2,2025_09_10_acr_r02,multi_water,0,NA,dual,6,dms,NA,NA,42,415; 470; 560,5;4;20,25;25;25,1;2;4,g;g;r,20,0,120,10,470,560,415,0.1,3,4,0,20,10,20,spout_extended,NA
2025_09_10_acr03,acr,acr03,9/10/2025,2,2025_09_10_acr_r02,multi_water,0,NA,dual,5,dls,NA,NA,42,415; 470; 560,5;4;20,25;25;25,1;2;4,g;g;r,20,0,120,10,470,560,415,0.1,3,4,0,20,10,20,spout_extended,NA
2025_09_10_acr03,acr,acr03,9/10/2025,2,2025_09_10_acr_r02,multi_water,0,NA,dual,10,ts,NA,NA,42,415; 470; 560,5;4;20,25;25;25,1;2;4,g;g;r,20,0,120,10,470,560,415,0.1,3,4,0,20,10,20,spout_extended,NA
2025_09_10_acr04,acr,acr04,9/10/2025,3,2025_09_10_acr_r03,multi_water,0,NA,dual,5,nac,NA,NA,42,415; 470; 560,5;4;20,25;25;25,1;2;4,g;g;r,20,0,120,10,470,560,415,0.1,3,4,0,20,10,20,spout_extended,NA
2025_09_10_acr04,acr,acr04,9/10/2025,3,2025_09_10_acr_r03,multi_water,0,NA,dual,12,dms,NA,NA,42,415; 470; 560,5;4;20,25;25;25,1;2;4,g;g;r,20,0,120,10,470,560,415,0.1,3,4,0,20,10,20,spout_extended,NA
2025_09_10_acr04,acr,acr04,9/10/2025,3,2025_09_10_acr_r03,multi_water,0,NA,dual,10,dls,NA,NA,42,415; 470; 560,5;4;20,25;25;25,1;2;4,g;g;r,20,0,120,10,470,560,415,0.1,3,4,0,20,10,20,spout_extended,NA
2025_09_10_acr04,acr,acr04,9/10/2025,3,2025_09_10_acr_r03,multi_water,0,NA,dual,7,ts,NA,NA,42,415; 470; 560,5;4;20,25;25;25,1;2;4,g;g;r,20,0,120,10,470,560,415,0.1,3,4,0,20,10,20,spout_extended,NA
2025_09_10_acr05,acr,acr05,9/10/2025,4,2025_09_10_acr_r04,multi_water,0,NA,dual,6,lha,NA,NA,42,415; 470; 560,5;4;20,25;25;25,1;2;4,g;g;r,20,0,120,10,470,560,415,0.1,3,4,0,20,10,20,spout_extended,NA
2025_09_10_acr05,acr,acr05,9/10/2025,4,2025_09_10_acr_r04,multi_water,0,NA,dual,7,nac,NA,NA,42,415; 470; 560,5;4;20,25;25;25,1;2;4,g;g;r,20,0,120,10,470,560,415,0.1,3,4,0,20,10,20,spout_extended,NA
2025_09_10_acr05,acr,acr05,9/10/2025,4,2025_09_10_acr_r04,multi_water,0,NA,dual,10,dms,NA,NA,42,415; 470; 560,5;4;20,25;25;25,1;2;4,g;g;r,20,0,120,10,470,560,415,0.1,3,4,0,20,10,20,spout_extended,NA
2025_09_10_acr05,acr,acr05,9/10/2025,4,2025_09_10_acr_r04,multi_water,0,NA,dual,12,dls,NA,NA,42,415; 470; 560,5;4;20,25;25;25,1;2;4,g;g;r,20,0,120,10,470,560,415,0.1,3,4,0,20,10,20,spout_extended,NA
2025_09_10_acr05,acr,acr05,9/10/2025,4,2025_09_10_acr_r04,multi_water,0,NA,dual,5,ts,NA,NA,42,415; 470; 560,5;4;20,25;25;25,1;2;4,g;g;r,20,0,120,10,470,560,415,0.1,3,4,0,20,10,20,spout_extended,NA
2025_09_10_acr06,acr,acr06,9/10/2025,5,2025_09_10_acr_r05,multi_water,0,NA,dual,7,lha,NA,NA,42,415; 470; 560,5;4;20,25;25;25,1;2;4,g;g;r,20,0,120,10,470,560,415,0.1,3,4,0,20,10,20,spout_extended,NA
2025_09_10_acr06,acr,acr06,9/10/2025,5,2025_09_10_acr_r05,multi_water,0,NA,dual,6,nac,NA,NA,42,415; 470; 560,5;4;20,25;25;25,1;2;4,g;g;r,20,0,120,10,470,560,415,0.1,3,4,0,20,10,20,spout_extended,NA
2025_09_10_acr06,acr,acr06,9/10/2025,5,2025_09_10_acr_r05,multi_water,0,NA,dual,12,dms,NA,NA,42,415; 470; 560,5;4;20,25;25;25,1;2;4,g;g;r,20,0,120,10,470,560,415,0.1,3,4,0,20,10,20,spout_extended,NA
2025_09_10_acr06,acr,acr06,9/10/2025,5,2025_09_10_acr_r05,multi_water,0,NA,dual,10,dls,NA,NA,42,415; 470; 560,5;4;20,25;25;25,1;2;4,g;g;r,20,0,120,10,470,560,415,0.1,3,4,0,20,10,20,spout_extended,NA
2025_09_10_acr06,acr,acr06,9/10/2025,5,2025_09_10_acr_r05,multi_water,0,NA,dual,5,ts,NA,NA,42,415; 470; 560,5;4;20,25;25;25,1;2;4,g;g;r,20,0,120,10,470,560,415,0.1,3,4,0,20,10,20,spout_extended,NA
2025_09_10_acr07,acr,acr07,9/10/2025,6,2025_09_10_acr_r06,multi_water,0,NA,dual,10,lha,NA,NA,42,415; 470; 560,5;4;20,25;25;25,1;2;4,g;g;r,20,0,120,10,470,560,415,0.1,3,4,0,20,10,20,spout_extended,NA
2025_09_10_acr07,acr,acr07,9/10/2025,6,2025_09_10_acr_r06,multi_water,0,NA,dual,12,nac,NA,NA,42,415; 470; 560,5;4;20,25;25;25,1;2;4,g;g;r,20,0,120,10,470,560,415,0.1,3,4,0,20,10,20,spout_extended,NA
2025_09_10_acr07,acr,acr07,9/10/2025,6,2025_09_10_acr_r06,multi_water,0,NA,dual,5,dms,NA,NA,42,415; 470; 560,5;4;20,25;25;25,1;2;4,g;g;r,20,0,120,10,470,560,415,0.1,3,4,0,20,10,20,spout_extended,NA
2025_09_10_acr07,acr,acr07,9/10/2025,6,2025_09_10_acr_r06,multi_water,0,NA,dual,6,dls,NA,NA,42,415; 470; 560,5;4;20,25;25;25,1;2;4,g;g;r,20,0,120,10,470,560,415,0.1,3,4,0,20,10,20,spout_extended,NA
2025_09_10_acr07,acr,acr07,9/10/2025,6,2025_09_10_acr_r06,multi_water,0,NA,dual,7,ts,NA,NA,42,415; 470; 560,5;4;20,25;25;25,1;2;4,g;g;r,20,0,120,10,470,560,415,0.1,3,4,0,20,10,20,spout_extended,NA
2025_09_10_acr08,acr,acr08,9/10/2025,7,2025_09_10_acr_r07,multi_water,0,NA,dual,12,lha,NA,NA,42,415; 470; 560,5;4;20,25;25;25,1;2;4,g;g;r,20,0,120,10,470,560,415,0.1,3,4,0,20,10,20,spout_extended,NA
2025_09_10_acr08,acr,acr08,9/10/2025,7,2025_09_10_acr_r07,multi_water,0,NA,dual,5,nac,NA,NA,42,415; 470; 560,5;4;20,25;25;25,1;2;4,g;g;r,20,0,120,10,470,560,415,0.1,3,4,0,20,10,20,spout_extended,NA
2025_09_10_acr08,acr,acr08,9/10/2025,7,2025_09_10_acr_r07,multi_water,0,NA,dual,6,dms,NA,NA,42,415; 470; 560,5;4;20,25;25;25,1;2;4,g;g;r,20,0,120,10,470,560,415,0.1,3,4,0,20,10,20,spout_extended,NA
2025_09_10_acr08,acr,acr08,9/10/2025,7,2025_09_10_acr_r07,multi_water,0,NA,dual,7,dls,NA,NA,42,415; 470; 560,5;4;20,25;25;25,1;2;4,g;g;r,20,0,120,10,470,560,415,0.1,3,4,0,20,10,20,spout_extended,NA
2025_09_10_acr08,acr,acr08,9/10/2025,7,2025_09_10_acr_r07,multi_water,0,NA,dual,10,ts,NA,NA,42,415; 470; 560,5;4;20,25;25;25,1;2;4,g;g;r,20,0,120,10,470,560,415,0.1,3,4,0,20,10,20,spout_extended,NA
2025_09_16_acq01_config01,acq,acq01,9/16/2025,1,2025_09_16_acq_r01,crosstalk,0,NA,dual,3,lha_lh,NA,NA,NA,415; 470; 560,NA,30;60;60,1;2;4,g;g;r,20,0,120,10,470,560,415,0.1,3,4,0,20,10,20,NA,NA
2025_09_16_acq01_config01,acq,acq01,9/16/2025,1,2025_09_16_acq_r01,crosstalk,0,NA,dual,4,lha_rh,NA,NA,NA,415; 470; 560,NA,30;60;60,1;2;4,g;g;r,20,0,120,10,470,560,415,0.1,3,4,0,20,10,20,NA,NA
2025_09_16_acq01_config02,acq,acq01,9/16/2025,2,2025_09_16_acq_r02,crosstalk,0,NA,dual,4,lha_lh,NA,NA,NA,415; 470; 560,NA,30;60;60,1;2;4,g;g;r,20,0,120,10,470,560,415,0.1,3,4,0,20,10,20,NA,NA
2025_09_16_acq01_config02,acq,acq01,9/16/2025,2,2025_09_16_acq_r02,crosstalk,0,NA,dual,3,lha_rh,NA,NA,NA,415; 470; 560,NA,30;60;60,1;2;4,g;g;r,20,0,120,10,470,560,415,0.1,3,4,0,20,10,20,NA,NA
2025_09_17_acr01,acr,acr01,9/17/2025,1,2025_09_17_acr_r01,multi_sacc02,0,NA,dual,5,lha,NA,NA,42,415; 470; 560,5;4;20,25;25;25,1;2;4,g;g;r,20,0,120,10,470,560,415,0.1,3,4,0,20,10,20,spout_extended,NA
2025_09_17_acr01,acr,acr01,9/17/2025,1,2025_09_17_acr_r01,multi_sacc02,0,NA,dual,6,nac,NA,NA,42,415; 470; 560,5;4;20,25;25;25,1;2;4,g;g;r,20,0,120,10,470,560,415,0.1,3,4,0,20,10,20,spout_extended,NA
2025_09_17_acr01,acr,acr01,9/17/2025,1,2025_09_17_acr_r01,multi_sacc02,0,NA,dual,12,dms,NA,NA,42,415; 470; 560,5;4;20,25;25;25,1;2;4,g;g;r,20,0,120,10,470,560,415,0.1,3,4,0,20,10,20,spout_extended,NA
2025_09_17_acr01,acr,acr01,9/17/2025,1,2025_09_17_acr_r01,multi_sacc02,0,NA,dual,10,dls,NA,NA,42,415; 470; 560,5;4;20,25;25;25,1;2;4,g;g;r,20,0,120,10,470,560,415,0.1,3,4,0,20,10,20,spout_extended,NA
2025_09_17_acr01,acr,acr01,9/17/2025,1,2025_09_17_acr_r01,multi_sacc02,0,NA,dual,7,ts,NA,NA,42,415; 470; 560,5;4;20,25;25;25,1;2;4,g;g;r,20,0,120,10,470,560,415,0.1,3,4,0,20,10,20,spout_extended,NA
2025_09_17_acr03,acr,acr03,9/17/2025,2,2025_09_17_acr_r02,multi_sacc02,0,NA,dual,5,nac,NA,NA,42,415; 470; 560,5;4;20,25;25;25,1;2;4,g;g;r,20,0,120,10,470,560,415,0.1,3,4,0,20,10,20,spout_extended,NA
2025_09_17_acr03,acr,acr03,9/17/2025,2,2025_09_17_acr_r02,multi_sacc02,0,NA,dual,6,dms,NA,NA,42,415; 470; 560,5;4;20,25;25;25,1;2;4,g;g;r,20,0,120,10,470,560,415,0.1,3,4,0,20,10,20,spout_extended,NA
2025_09_17_acr03,acr,acr03,9/17/2025,2,2025_09_17_acr_r02,multi_sacc02,0,NA,dual,7,dls,NA,NA,42,415; 470; 560,5;4;20,25;25;25,1;2;4,g;g;r,20,0,120,10,470,560,415,0.1,3,4,0,20,10,20,spout_extended,NA
2025_09_17_acr03,acr,acr03,9/17/2025,2,2025_09_17_acr_r02,multi_sacc02,0,NA,dual,10,ts,NA,NA,42,415; 470; 560,5;4;20,25;25;25,1;2;4,g;g;r,20,0,120,10,470,560,415,0.1,3,4,0,20,10,20,spout_extended,NA
2025_09_17_acr04,acr,acr04,9/17/2025,3,2025_09_17_acr_r03,multi_sacc02,0,NA,dual,10,nac,NA,NA,42,415; 470; 560,5;4;20,25;25;25,1;2;4,g;g;r,20,0,120,10,470,560,415,0.1,3,4,0,20,10,20,spout_extended,NA
2025_09_17_acr04,acr,acr04,9/17/2025,3,2025_09_17_acr_r03,multi_sacc02,0,NA,dual,7,dms,NA,NA,42,415; 470; 560,5;4;20,25;25;25,1;2;4,g;g;r,20,0,120,10,470,560,415,0.1,3,4,0,20,10,20,spout_extended,NA
2025_09_17_acr04,acr,acr04,9/17/2025,3,2025_09_17_acr_r03,multi_sacc02,0,NA,dual,6,dls,NA,NA,42,415; 470; 560,5;4;20,25;25;25,1;2;4,g;g;r,20,0,120,10,470,560,415,0.1,3,4,0,20,10,20,spout_extended,NA
2025_09_17_acr04,acr,acr04,9/17/2025,3,2025_09_17_acr_r03,multi_sacc02,0,NA,dual,12,ts,NA,NA,42,415; 470; 560,5;4;20,25;25;25,1;2;4,g;g;r,20,0,120,10,470,560,415,0.1,3,4,0,20,10,20,spout_extended,NA
2025_09_17_acr05,acr,acr05,9/17/2025,4,2025_09_17_acr_r04,multi_sacc02,0,NA,dual,7,lha,NA,NA,42,415; 470; 560,5;4;20,25;25;25,1;2;4,g;g;r,20,0,120,10,470,560,415,0.1,3,4,0,20,10,20,spout_extended,NA
2025_09_17_acr05,acr,acr05,9/17/2025,4,2025_09_17_acr_r04,multi_sacc02,0,NA,dual,12,nac,NA,NA,42,415; 470; 560,5;4;20,25;25;25,1;2;4,g;g;r,20,0,120,10,470,560,415,0.1,3,4,0,20,10,20,spout_extended,NA
2025_09_17_acr05,acr,acr05,9/17/2025,4,2025_09_17_acr_r04,multi_sacc02,0,NA,dual,6,dms,NA,NA,42,415; 470; 560,5;4;20,25;25;25,1;2;4,g;g;r,20,0,120,10,470,560,415,0.1,3,4,0,20,10,20,spout_extended,NA
2025_09_17_acr05,acr,acr05,9/17/2025,4,2025_09_17_acr_r04,multi_sacc02,0,NA,dual,5,dls,NA,NA,42,415; 470; 560,5;4;20,25;25;25,1;2;4,g;g;r,20,0,120,10,470,560,415,0.1,3,4,0,20,10,20,spout_extended,NA
2025_09_17_acr05,acr,acr05,9/17/2025,4,2025_09_17_acr_r04,multi_sacc02,0,NA,dual,10,ts,NA,NA,42,415; 470; 560,5;4;20,25;25;25,1;2;4,g;g;r,20,0,120,10,470,560,415,0.1,3,4,0,20,10,20,spout_extended,NA
2025_09_17_acr06,acr,acr06,9/17/2025,5,2025_09_17_acr_r05,multi_sacc02,0,NA,dual,6,lha,NA,NA,42,415; 470; 560,5;4;20,25;25;25,1;2;4,g;g;r,20,0,120,10,470,560,415,0.1,3,4,0,20,10,20,spout_extended,NA
2025_09_17_acr06,acr,acr06,9/17/2025,5,2025_09_17_acr_r05,multi_sacc02,0,NA,dual,5,nac,NA,NA,42,415; 470; 560,5;4;20,25;25;25,1;2;4,g;g;r,20,0,120,10,470,560,415,0.1,3,4,0,20,10,20,spout_extended,NA
2025_09_17_acr06,acr,acr06,9/17/2025,5,2025_09_17_acr_r05,multi_sacc02,0,NA,dual,12,dms,NA,NA,42,415; 470; 560,5;4;20,25;25;25,1;2;4,g;g;r,20,0,120,10,470,560,415,0.1,3,4,0,20,10,20,spout_extended,NA
2025_09_17_acr06,acr,acr06,9/17/2025,5,2025_09_17_acr_r05,multi_sacc02,0,NA,dual,10,dls,NA,NA,42,415; 470; 560,5;4;20,25;25;25,1;2;4,g;g;r,20,0,120,10,470,560,415,0.1,3,4,0,20,10,20,spout_extended,NA
2025_09_17_acr06,acr,acr06,9/17/2025,5,2025_09_17_acr_r05,multi_sacc02,0,NA,dual,7,ts,NA,NA,42,415; 470; 560,5;4;20,25;25;25,1;2;4,g;g;r,20,0,120,10,470,560,415,0.1,3,4,0,20,10,20,spout_extended,NA
2025_09_17_acr07,acr,acr07,9/17/2025,6,2025_09_17_acr_r06,multi_sacc02,0,NA,dual,12,lha,NA,NA,42,415; 470; 560,5;4;20,25;25;25,1;2;4,g;g;r,20,0,120,10,470,560,415,0.1,3,4,0,20,10,20,spout_extended,NA
2025_09_17_acr07,acr,acr07,9/17/2025,6,2025_09_17_acr_r06,multi_sacc02,0,NA,dual,7,nac,NA,NA,42,415; 470; 560,5;4;20,25;25;25,1;2;4,g;g;r,20,0,120,10,470,560,415,0.1,3,4,0,20,10,20,spout_extended,NA
2025_09_17_acr07,acr,acr07,9/17/2025,6,2025_09_17_acr_r06,multi_sacc02,0,NA,dual,10,dms,NA,NA,42,415; 470; 560,5;4;20,25;25;25,1;2;4,g;g;r,20,0,120,10,470,560,415,0.1,3,4,0,20,10,20,spout_extended,NA
2025_09_17_acr07,acr,acr07,9/17/2025,6,2025_09_17_acr_r06,multi_sacc02,0,NA,dual,6,dls,NA,NA,42,415; 470; 560,5;4;20,25;25;25,1;2;4,g;g;r,20,0,120,10,470,560,415,0.1,3,4,0,20,10,20,spout_extended,NA
2025_09_17_acr07,acr,acr07,9/17/2025,6,2025_09_17_acr_r06,multi_sacc02,0,NA,dual,5,ts,NA,NA,42,415; 470; 560,5;4;20,25;25;25,1;2;4,g;g;r,20,0,120,10,470,560,415,0.1,3,4,0,20,10,20,spout_extended,NA
2025_09_17_acr08,acr,acr08,9/17/2025,7,2025_09_17_acr_r07,multi_sacc02,0,NA,dual,5,lha,NA,NA,42,415; 470; 560,5;4;20,25;25;25,1;2;4,g;g;r,20,0,120,10,470,560,415,0.1,3,4,0,20,10,20,spout_extended,NA
2025_09_17_acr08,acr,acr08,9/17/2025,7,2025_09_17_acr_r07,multi_sacc02,0,NA,dual,6,nac,NA,NA,42,415; 470; 560,5;4;20,25;25;25,1;2;4,g;g;r,20,0,120,10,470,560,415,0.1,3,4,0,20,10,20,spout_extended,NA
2025_09_17_acr08,acr,acr08,9/17/2025,7,2025_09_17_acr_r07,multi_sacc02,0,NA,dual,12,dms,NA,NA,42,415; 470; 560,5;4;20,25;25;25,1;2;4,g;g;r,20,0,120,10,470,560,415,0.1,3,4,0,20,10,20,spout_extended,NA
2025_09_17_acr08,acr,acr08,9/17/2025,7,2025_09_17_acr_r07,multi_sacc02,0,NA,dual,10,dls,NA,NA,42,415; 470; 560,5;4;20,25;25;25,1;2;4,g;g;r,20,0,120,10,470,560,415,0.1,3,4,0,20,10,20,spout_extended,NA
2025_09_17_acr08,acr,acr08,9/17/2025,7,2025_09_17_acr_r07,multi_sacc02,0,NA,dual,7,ts,NA,NA,42,415; 470; 560,5;4;20,25;25;25,1;2;4,g;g;r,20,0,120,10,470,560,415,0.1,3,4,0,20,10,20,spout_extended,NA
2025_09_18_acr01,acr,acr01,9/18/2025,1,2025_09_18_acr_r01,multi_sacc02,0,NA,dual,12,lha,NA,NA,42,415; 470; 560,5;4;20,25;25;25,1;2;4,g;g;r,20,0,120,10,470,560,415,0.1,3,4,0,20,10,20,spout_extended,NA
2025_09_18_acr01,acr,acr01,9/18/2025,1,2025_09_18_acr_r01,multi_sacc02,0,NA,dual,5,nac,NA,NA,42,415; 470; 560,5;4;20,25;25;25,1;2;4,g;g;r,20,0,120,10,470,560,415,0.1,3,4,0,20,10,20,spout_extended,NA
2025_09_18_acr01,acr,acr01,9/18/2025,1,2025_09_18_acr_r01,multi_sacc02,0,NA,dual,6,dms,NA,NA,42,415; 470; 560,5;4;20,25;25;25,1;2;4,g;g;r,20,0,120,10,470,560,415,0.1,3,4,0,20,10,20,spout_extended,NA
2025_09_18_acr01,acr,acr01,9/18/2025,1,2025_09_18_acr_r01,multi_sacc02,0,NA,dual,7,dls,NA,NA,42,415; 470; 560,5;4;20,25;25;25,1;2;4,g;g;r,20,0,120,10,470,560,415,0.1,3,4,0,20,10,20,spout_extended,NA
2025_09_18_acr01,acr,acr01,9/18/2025,1,2025_09_18_acr_r01,multi_sacc02,0,NA,dual,10,ts,NA,NA,42,415; 470; 560,5;4;20,25;25;25,1;2;4,g;g;r,20,0,120,10,470,560,415,0.1,3,4,0,20,10,20,spout_extended,NA
2025_09_18_acr03,acr,acr03,9/18/2025,2,2025_09_18_acr_r02,multi_sacc02,0,NA,dual,10,nac,NA,NA,42,415; 470; 560,5;4;20,25;25;25,1;2;4,g;g;r,20,0,120,10,470,560,415,0.1,3,4,0,20,10,20,spout_extended,NA
2025_09_18_acr03,acr,acr03,9/18/2025,2,2025_09_18_acr_r02,multi_sacc02,0,NA,dual,7,dms,NA,NA,42,415; 470; 560,5;4;20,25;25;25,1;2;4,g;g;r,20,0,120,10,470,560,415,0.1,3,4,0,20,10,20,spout_extended,NA
2025_09_18_acr03,acr,acr03,9/18/2025,2,2025_09_18_acr_r02,multi_sacc02,0,NA,dual,6,dls,NA,NA,42,415; 470; 560,5;4;20,25;25;25,1;2;4,g;g;r,20,0,120,10,470,560,415,0.1,3,4,0,20,10,20,spout_extended,NA
2025_09_18_acr03,acr,acr03,9/18/2025,2,2025_09_18_acr_r02,multi_sacc02,0,NA,dual,12,ts,NA,NA,42,415; 470; 560,5;4;20,25;25;25,1;2;4,g;g;r,20,0,120,10,470,560,415,0.1,3,4,0,20,10,20,spout_extended,NA
2025_09_18_acr04,acr,acr04,9/18/2025,3,2025_09_18_acr_r03,multi_sacc02,0,NA,dual,12,nac,NA,NA,42,415; 470; 560,5;4;20,25;25;25,1;2;4,g;g;r,20,0,120,10,470,560,415,0.1,3,4,0,20,10,20,spout_extended,NA
2025_09_18_acr04,acr,acr04,9/18/2025,3,2025_09_18_acr_r03,multi_sacc02,0,NA,dual,6,dms,NA,NA,42,415; 470; 560,5;4;20,25;25;25,1;2;4,g;g;r,20,0,120,10,470,560,415,0.1,3,4,0,20,10,20,spout_extended,NA
2025_09_18_acr04,acr,acr04,9/18/2025,3,2025_09_18_acr_r03,multi_sacc02,0,NA,dual,5,dls,NA,NA,42,415; 470; 560,5;4;20,25;25;25,1;2;4,g;g;r,20,0,120,10,470,560,415,0.1,3,4,0,20,10,20,spout_extended,NA
2025_09_18_acr04,acr,acr04,9/18/2025,3,2025_09_18_acr_r03,multi_sacc02,0,NA,dual,10,ts,NA,NA,42,415; 470; 560,5;4;20,25;25;25,1;2;4,g;g;r,20,0,120,10,470,560,415,0.1,3,4,0,20,10,20,spout_extended,NA
2025_09_18_acr05,acr,acr05,9/18/2025,4,2025_09_18_acr_r04,multi_sacc02,0,NA,dual,6,lha,NA,NA,42,415; 470; 560,5;4;20,25;25;25,1;2;4,g;g;r,20,0,120,10,470,560,415,0.1,3,4,0,20,10,20,spout_extended,NA
2025_09_18_acr05,acr,acr05,9/18/2025,4,2025_09_18_acr_r04,multi_sacc02,0,NA,dual,5,nac,NA,NA,42,415; 470; 560,5;4;20,25;25;25,1;2;4,g;g;r,20,0,120,10,470,560,415,0.1,3,4,0,20,10,20,spout_extended,NA
2025_09_18_acr05,acr,acr05,9/18/2025,4,2025_09_18_acr_r04,multi_sacc02,0,NA,dual,12,dms,NA,NA,42,415; 470; 560,5;4;20,25;25;25,1;2;4,g;g;r,20,0,120,10,470,560,415,0.1,3,4,0,20,10,20,spout_extended,NA
2025_09_18_acr05,acr,acr05,9/18/2025,4,2025_09_18_acr_r04,multi_sacc02,0,NA,dual,10,dls,NA,NA,42,415; 470; 560,5;4;20,25;25;25,1;2;4,g;g;r,20,0,120,10,470,560,415,0.1,3,4,0,20,10,20,spout_extended,NA
2025_09_18_acr05,acr,acr05,9/18/2025,4,2025_09_18_acr_r04,multi_sacc02,0,NA,dual,7,ts,NA,NA,42,415; 470; 560,5;4;20,25;25;25,1;2;4,g;g;r,20,0,120,10,470,560,415,0.1,3,4,0,20,10,20,spout_extended,NA
2025_09_18_acr06,acr,acr06,9/18/2025,5,2025_09_18_acr_r05,multi_sacc02,0,NA,dual,12,lha,NA,NA,42,415; 470; 560,5;4;20,25;25;25,1;2;4,g;g;r,20,0,120,10,470,560,415,0.1,3,4,0,20,10,20,spout_extended,NA
2025_09_18_acr06,acr,acr06,9/18/2025,5,2025_09_18_acr_r05,multi_sacc02,0,NA,dual,7,nac,NA,NA,42,415; 470; 560,5;4;20,25;25;25,1;2;4,g;g;r,20,0,120,10,470,560,415,0.1,3,4,0,20,10,20,spout_extended,NA
2025_09_18_acr06,acr,acr06,9/18/2025,5,2025_09_18_acr_r05,multi_sacc02,0,NA,dual,10,dms,NA,NA,42,415; 470; 560,5;4;20,25;25;25,1;2;4,g;g;r,20,0,120,10,470,560,415,0.1,3,4,0,20,10,20,spout_extended,NA
2025_09_18_acr06,acr,acr06,9/18/2025,5,2025_09_18_acr_r05,multi_sacc02,0,NA,dual,6,dls,NA,NA,42,415; 470; 560,5;4;20,25;25;25,1;2;4,g;g;r,20,0,120,10,470,560,415,0.1,3,4,0,20,10,20,spout_extended,NA
2025_09_18_acr06,acr,acr06,9/18/2025,5,2025_09_18_acr_r05,multi_sacc02,0,NA,dual,5,ts,NA,NA,42,415; 470; 560,5;4;20,25;25;25,1;2;4,g;g;r,20,0,120,10,470,560,415,0.1,3,4,0,20,10,20,spout_extended,NA
2025_09_18_acr07,acr,acr07,9/18/2025,6,2025_09_18_acr_r06,multi_sacc02,0,NA,dual,5,lha,NA,NA,42,415; 470; 560,5;4;20,25;25;25,1;2;4,g;g;r,20,0,120,10,470,560,415,0.1,3,4,0,20,10,20,spout_extended,NA
2025_09_18_acr07,acr,acr07,9/18/2025,6,2025_09_18_acr_r06,multi_sacc02,0,NA,dual,6,nac,NA,NA,42,415; 470; 560,5;4;20,25;25;25,1;2;4,g;g;r,20,0,120,10,470,560,415,0.1,3,4,0,20,10,20,spout_extended,NA
2025_09_18_acr07,acr,acr07,9/18/2025,6,2025_09_18_acr_r06,multi_sacc02,0,NA,dual,12,dms,NA,NA,42,415; 470; 560,5;4;20,25;25;25,1;2;4,g;g;r,20,0,120,10,470,560,415,0.1,3,4,0,20,10,20,spout_extended,NA
2025_09_18_acr07,acr,acr07,9/18/2025,6,2025_09_18_acr_r06,multi_sacc02,0,NA,dual,10,dls,NA,NA,42,415; 470; 560,5;4;20,25;25;25,1;2;4,g;g;r,20,0,120,10,470,560,415,0.1,3,4,0,20,10,20,spout_extended,NA
2025_09_18_acr07,acr,acr07,9/18/2025,6,2025_09_18_acr_r06,multi_sacc02,0,NA,dual,7,ts,NA,NA,42,415; 470; 560,5;4;20,25;25;25,1;2;4,g;g;r,20,0,120,10,470,560,415,0.1,3,4,0,20,10,20,spout_extended,NA
2025_09_18_acr08,acr,acr08,9/18/2025,7,2025_09_18_acr_r07,multi_sacc02,0,NA,dual,5,lha,NA,NA,42,415; 470; 560,5;4;20,25;25;25,1;2;4,g;g;r,20,0,120,10,470,560,415,0.1,3,4,0,20,10,20,spout_extended,NA
2025_09_18_acr08,acr,acr08,9/18/2025,7,2025_09_18_acr_r07,multi_sacc02,0,NA,dual,12,nac,NA,NA,42,415; 470; 560,5;4;20,25;25;25,1;2;4,g;g;r,20,0,120,10,470,560,415,0.1,3,4,0,20,10,20,spout_extended,NA
2025_09_18_acr08,acr,acr08,9/18/2025,7,2025_09_18_acr_r07,multi_sacc02,0,NA,dual,7,dms,NA,NA,42,415; 470; 560,5;4;20,25;25;25,1;2;4,g;g;r,20,0,120,10,470,560,415,0.1,3,4,0,20,10,20,spout_extended,NA
2025_09_18_acr08,acr,acr08,9/18/2025,7,2025_09_18_acr_r07,multi_sacc02,0,NA,dual,10,dls,NA,NA,42,415; 470; 560,5;4;20,25;25;25,1;2;4,g;g;r,20,0,120,10,470,560,415,0.1,3,4,0,20,10,20,spout_extended,NA
2025_09_18_acr08,acr,acr08,9/18/2025,7,2025_09_18_acr_r07,multi_sacc02,0,NA,dual,6,ts,NA,NA,42,415; 470; 560,5;4;20,25;25;25,1;2;4,g;g;r,20,0,120,10,470,560,415,0.1,3,4,0,20,10,20,spout_extended,NA
2025_09_19_acr01,acr,acr01,9/19/2025,1,2025_09_19_acr_r01,multi_sacc02,0,NA,dual,5,lha,NA,NA,42,415; 470; 560,5;4;20,25;25;25,1;2;4,g;g;r,20,0,120,10,470,560,415,0.1,3,4,0,20,10,20,spout_extended,NA
2025_09_19_acr01,acr,acr01,9/19/2025,1,2025_09_19_acr_r01,multi_sacc02,0,NA,dual,10,nac,NA,NA,42,415; 470; 560,5;4;20,25;25;25,1;2;4,g;g;r,20,0,120,10,470,560,415,0.1,3,4,0,20,10,20,spout_extended,NA
2025_09_19_acr01,acr,acr01,9/19/2025,1,2025_09_19_acr_r01,multi_sacc02,0,NA,dual,7,dms,NA,NA,42,415; 470; 560,5;4;20,25;25;25,1;2;4,g;g;r,20,0,120,10,470,560,415,0.1,3,4,0,20,10,20,spout_extended,NA
2025_09_19_acr01,acr,acr01,9/19/2025,1,2025_09_19_acr_r01,multi_sacc02,0,NA,dual,6,dls,NA,NA,42,415; 470; 560,5;4;20,25;25;25,1;2;4,g;g;r,20,0,120,10,470,560,415,0.1,3,4,0,20,10,20,spout_extended,NA
2025_09_19_acr01,acr,acr01,9/19/2025,1,2025_09_19_acr_r01,multi_sacc02,0,NA,dual,12,ts,NA,NA,42,415; 470; 560,5;4;20,25;25;25,1;2;4,g;g;r,20,0,120,10,470,560,415,0.1,3,4,0,20,10,20,spout_extended,NA
2025_09_19_acr03,acr,acr03,9/19/2025,2,2025_09_19_acr_r02,multi_sacc02,0,NA,dual,12,nac,NA,NA,42,415; 470; 560,5;4;20,25;25;25,1;2;4,g;g;r,20,0,120,10,470,560,415,0.1,3,4,0,20,10,20,spout_extended,NA
2025_09_19_acr03,acr,acr03,9/19/2025,2,2025_09_19_acr_r02,multi_sacc02,0,NA,dual,6,dms,NA,NA,42,415; 470; 560,5;4;20,25;25;25,1;2;4,g;g;r,20,0,120,10,470,560,415,0.1,3,4,0,20,10,20,spout_extended,NA
2025_09_19_acr03,acr,acr03,9/19/2025,2,2025_09_19_acr_r02,multi_sacc02,0,NA,dual,5,dls,NA,NA,42,415; 470; 560,5;4;20,25;25;25,1;2;4,g;g;r,20,0,120,10,470,560,415,0.1,3,4,0,20,10,20,spout_extended,NA
2025_09_19_acr03,acr,acr03,9/19/2025,2,2025_09_19_acr_r02,multi_sacc02,0,NA,dual,10,ts,NA,NA,42,415; 470; 560,5;4;20,25;25;25,1;2;4,g;g;r,20,0,120,10,470,560,415,0.1,3,4,0,20,10,20,spout_extended,NA
2025_09_19_acr04,acr,acr04,9/19/2025,3,2025_09_19_acr_r03,multi_sacc02,0,NA,dual,5,nac,NA,NA,42,415; 470; 560,5;4;20,25;25;25,1;2;4,g;g;r,20,0,120,10,470,560,415,0.1,3,4,0,20,10,20,spout_extended,NA
2025_09_19_acr04,acr,acr04,9/19/2025,3,2025_09_19_acr_r03,multi_sacc02,0,NA,dual,12,dms,NA,NA,42,415; 470; 560,5;4;20,25;25;25,1;2;4,g;g;r,20,0,120,10,470,560,415,0.1,3,4,0,20,10,20,spout_extended,NA
2025_09_19_acr04,acr,acr04,9/19/2025,3,2025_09_19_acr_r03,multi_sacc02,0,NA,dual,10,dls,NA,NA,42,415; 470; 560,5;4;20,25;25;25,1;2;4,g;g;r,20,0,120,10,470,560,415,0.1,3,4,0,20,10,20,spout_extended,NA
2025_09_19_acr04,acr,acr04,9/19/2025,3,2025_09_19_acr_r03,multi_sacc02,0,NA,dual,7,ts,NA,NA,42,415; 470; 560,5;4;20,25;25;25,1;2;4,g;g;r,20,0,120,10,470,560,415,0.1,3,4,0,20,10,20,spout_extended,NA
2025_09_19_acr05,acr,acr05,9/19/2025,4,2025_09_19_acr_r04,multi_sacc02,0,NA,dual,12,lha,NA,NA,42,415; 470; 560,5;4;20,25;25;25,1;2;4,g;g;r,20,0,120,10,470,560,415,0.1,3,4,0,20,10,20,spout_extended,NA
2025_09_19_acr05,acr,acr05,9/19/2025,4,2025_09_19_acr_r04,multi_sacc02,0,NA,dual,10,nac,NA,NA,42,415; 470; 560,5;4;20,25;25;25,1;2;4,g;g;r,20,0,120,10,470,560,415,0.1,3,4,0,20,10,20,spout_extended,NA
2025_09_19_acr05,acr,acr05,9/19/2025,4,2025_09_19_acr_r04,multi_sacc02,0,NA,dual,7,dms,NA,NA,42,415; 470; 560,5;4;20,25;25;25,1;2;4,g;g;r,20,0,120,10,470,560,415,0.1,3,4,0,20,10,20,spout_extended,NA
2025_09_19_acr05,acr,acr05,9/19/2025,4,2025_09_19_acr_r04,multi_sacc02,0,NA,dual,6,dls,NA,NA,42,415; 470; 560,5;4;20,25;25;25,1;2;4,g;g;r,20,0,120,10,470,560,415,0.1,3,4,0,20,10,20,spout_extended,NA
2025_09_19_acr05,acr,acr05,9/19/2025,4,2025_09_19_acr_r04,multi_sacc02,0,NA,dual,5,ts,NA,NA,42,415; 470; 560,5;4;20,25;25;25,1;2;4,g;g;r,20,0,120,10,470,560,415,0.1,3,4,0,20,10,20,spout_extended,NA
2025_09_19_acr06,acr,acr06,9/19/2025,5,2025_09_19_acr_r05,multi_sacc02,0,NA,dual,5,lha,NA,NA,42,415; 470; 560,5;4;20,25;25;25,1;2;4,g;g;r,20,0,120,10,470,560,415,0.1,3,4,0,20,10,20,spout_extended,NA
2025_09_19_acr06,acr,acr06,9/19/2025,5,2025_09_19_acr_r05,multi_sacc02,0,NA,dual,6,nac,NA,NA,42,415; 470; 560,5;4;20,25;25;25,1;2;4,g;g;r,20,0,120,10,470,560,415,0.1,3,4,0,20,10,20,spout_extended,NA
2025_09_19_acr06,acr,acr06,9/19/2025,5,2025_09_19_acr_r05,multi_sacc02,0,NA,dual,12,dms,NA,NA,42,415; 470; 560,5;4;20,25;25;25,1;2;4,g;g;r,20,0,120,10,470,560,415,0.1,3,4,0,20,10,20,spout_extended,NA
2025_09_19_acr06,acr,acr06,9/19/2025,5,2025_09_19_acr_r05,multi_sacc02,0,NA,dual,10,dls,NA,NA,42,415; 470; 560,5;4;20,25;25;25,1;2;4,g;g;r,20,0,120,10,470,560,415,0.1,3,4,0,20,10,20,spout_extended,NA
2025_09_19_acr06,acr,acr06,9/19/2025,5,2025_09_19_acr_r05,multi_sacc02,0,NA,dual,7,ts,NA,NA,42,415; 470; 560,5;4;20,25;25;25,1;2;4,g;g;r,20,0,120,10,470,560,415,0.1,3,4,0,20,10,20,spout_extended,NA
2025_09_19_acr07,acr,acr07,9/19/2025,6,2025_09_19_acr_r06,multi_sacc02,0,NA,dual,5,lha,NA,NA,42,415; 470; 560,5;4;20,25;25;25,1;2;4,g;g;r,20,0,120,10,470,560,415,0.1,3,4,0,20,10,20,spout_extended,NA
2025_09_19_acr07,acr,acr07,9/19/2025,6,2025_09_19_acr_r06,multi_sacc02,0,NA,dual,12,nac,NA,NA,42,415; 470; 560,5;4;20,25;25;25,1;2;4,g;g;r,20,0,120,10,470,560,415,0.1,3,4,0,20,10,20,spout_extended,NA
2025_09_19_acr07,acr,acr07,9/19/2025,6,2025_09_19_acr_r06,multi_sacc02,0,NA,dual,7,dms,NA,NA,42,415; 470; 560,5;4;20,25;25;25,1;2;4,g;g;r,20,0,120,10,470,560,415,0.1,3,4,0,20,10,20,spout_extended,NA
2025_09_19_acr07,acr,acr07,9/19/2025,6,2025_09_19_acr_r06,multi_sacc02,0,NA,dual,10,dls,NA,NA,42,415; 470; 560,5;4;20,25;25;25,1;2;4,g;g;r,20,0,120,10,470,560,415,0.1,3,4,0,20,10,20,spout_extended,NA
2025_09_19_acr07,acr,acr07,9/19/2025,6,2025_09_19_acr_r06,multi_sacc02,0,NA,dual,6,ts,NA,NA,42,415; 470; 560,5;4;20,25;25;25,1;2;4,g;g;r,20,0,120,10,470,560,415,0.1,3,4,0,20,10,20,spout_extended,NA
2025_09_19_acr08,acr,acr08,9/19/2025,7,2025_09_19_acr_r07,multi_sacc02,0,NA,dual,12,lha,NA,NA,42,415; 470; 560,5;4;20,25;25;25,1;2;4,g;g;r,20,0,120,10,470,560,415,0.1,3,4,0,20,10,20,spout_extended,NA
2025_09_19_acr08,acr,acr08,9/19/2025,7,2025_09_19_acr_r07,multi_sacc02,0,NA,dual,5,nac,NA,NA,42,415; 470; 560,5;4;20,25;25;25,1;2;4,g;g;r,20,0,120,10,470,560,415,0.1,3,4,0,20,10,20,spout_extended,NA
2025_09_19_acr08,acr,acr08,9/19/2025,7,2025_09_19_acr_r07,multi_sacc02,0,NA,dual,6,dms,NA,NA,42,415; 470; 560,5;4;20,25;25;25,1;2;4,g;g;r,20,0,120,10,470,560,415,0.1,3,4,0,20,10,20,spout_extended,NA
2025_09_19_acr08,acr,acr08,9/19/2025,7,2025_09_19_acr_r07,multi_sacc02,0,NA,dual,7,dls,NA,NA,42,415; 470; 560,5;4;20,25;25;25,1;2;4,g;g;r,20,0,120,10,470,560,415,0.1,3,4,0,20,10,20,spout_extended,NA
2025_09_19_acr08,acr,acr08,9/19/2025,7,2025_09_19_acr_r07,multi_sacc02,0,NA,dual,10,ts,NA,NA,42,415; 470; 560,5;4;20,25;25;25,1;2;4,g;g;r,20,0,120,10,470,560,415,0.1,3,4,0,20,10,20,spout_extended,NA
2025_09_27_acr01,acr,acr01,9/27/2025,1,2025_09_27_acr_r01,electric_tailshock_pwr02,0,NA,dual,12,lha,NA,NA,34,415; 470; 560,5;4;20,25;25;25,1;2;4,g;g;r,20,0,120,10,470,560,415,0.1,3,4,0,20,10,20,trial_start,NA
2025_09_27_acr01,acr,acr01,9/27/2025,1,2025_09_27_acr_r01,electric_tailshock_pwr02,0,NA,dual,10,nac,NA,NA,34,415; 470; 560,5;4;20,25;25;25,1;2;4,g;g;r,20,0,120,10,470,560,415,0.1,3,4,0,20,10,20,trial_start,NA
2025_09_27_acr01,acr,acr01,9/27/2025,1,2025_09_27_acr_r01,electric_tailshock_pwr02,0,NA,dual,7,dms,NA,NA,34,415; 470; 560,5;4;20,25;25;25,1;2;4,g;g;r,20,0,120,10,470,560,415,0.1,3,4,0,20,10,20,trial_start,NA
2025_09_27_acr01,acr,acr01,9/27/2025,1,2025_09_27_acr_r01,electric_tailshock_pwr02,0,NA,dual,6,dls,NA,NA,34,415; 470; 560,5;4;20,25;25;25,1;2;4,g;g;r,20,0,120,10,470,560,415,0.1,3,4,0,20,10,20,trial_start,NA
2025_09_27_acr01,acr,acr01,9/27/2025,1,2025_09_27_acr_r01,electric_tailshock_pwr02,0,NA,dual,5,ts,NA,NA,34,415; 470; 560,5;4;20,25;25;25,1;2;4,g;g;r,20,0,120,10,470,560,415,0.1,3,4,0,20,10,20,trial_start,NA
2025_09_27_acr03,acr,acr03,9/27/2025,2,2025_09_27_acr_r02,electric_tailshock_pwr02,0,NA,dual,6,nac,NA,NA,34,415; 470; 560,5;4;20,25;25;25,1;2;4,g;g;r,20,0,120,10,470,560,415,0.1,3,4,0,20,10,20,trial_start,NA
2025_09_27_acr03,acr,acr03,9/27/2025,2,2025_09_27_acr_r02,electric_tailshock_pwr02,0,NA,dual,12,dms,NA,NA,34,415; 470; 560,5;4;20,25;25;25,1;2;4,g;g;r,20,0,120,10,470,560,415,0.1,3,4,0,20,10,20,trial_start,NA
2025_09_27_acr03,acr,acr03,9/27/2025,2,2025_09_27_acr_r02,electric_tailshock_pwr02,0,NA,dual,10,dls,NA,NA,34,415; 470; 560,5;4;20,25;25;25,1;2;4,g;g;r,20,0,120,10,470,560,415,0.1,3,4,0,20,10,20,trial_start,NA
2025_09_27_acr03,acr,acr03,9/27/2025,2,2025_09_27_acr_r02,electric_tailshock_pwr02,0,NA,dual,7,ts,NA,NA,34,415; 470; 560,5;4;20,25;25;25,1;2;4,g;g;r,20,0,120,10,470,560,415,0.1,3,4,0,20,10,20,trial_start,NA
2025_09_27_acr04,acr,acr04,9/27/2025,3,2025_09_27_acr_r03,electric_tailshock_pwr02,0,NA,dual,12,nac,NA,NA,34,415; 470; 560,5;4;20,25;25;25,1;2;4,g;g;r,20,0,120,10,470,560,415,0.1,3,4,0,20,10,20,trial_start,NA
2025_09_27_acr04,acr,acr04,9/27/2025,3,2025_09_27_acr_r03,electric_tailshock_pwr02,0,NA,dual,7,dms,NA,NA,34,415; 470; 560,5;4;20,25;25;25,1;2;4,g;g;r,20,0,120,10,470,560,415,0.1,3,4,0,20,10,20,trial_start,NA
2025_09_27_acr04,acr,acr04,9/27/2025,3,2025_09_27_acr_r03,electric_tailshock_pwr02,0,NA,dual,10,dls,NA,NA,34,415; 470; 560,5;4;20,25;25;25,1;2;4,g;g;r,20,0,120,10,470,560,415,0.1,3,4,0,20,10,20,trial_start,NA
2025_09_27_acr04,acr,acr04,9/27/2025,3,2025_09_27_acr_r03,electric_tailshock_pwr02,0,NA,dual,6,ts,NA,NA,34,415; 470; 560,5;4;20,25;25;25,1;2;4,g;g;r,20,0,120,10,470,560,415,0.1,3,4,0,20,10,20,trial_start,NA
2025_09_27_acr05,acr,acr05,9/27/2025,4,2025_09_27_acr_r04,electric_tailshock_pwr02,0,NA,dual,12,lha,NA,NA,34,415; 470; 560,5;4;20,25;25;25,1;2;4,g;g;r,20,0,120,10,470,560,415,0.1,3,4,0,20,10,20,trial_start,NA
2025_09_27_acr05,acr,acr05,9/27/2025,4,2025_09_27_acr_r04,electric_tailshock_pwr02,0,NA,dual,5,nac,NA,NA,34,415; 470; 560,5;4;20,25;25;25,1;2;4,g;g;r,20,0,120,10,470,560,415,0.1,3,4,0,20,10,20,trial_start,NA
2025_09_27_acr05,acr,acr05,9/27/2025,4,2025_09_27_acr_r04,electric_tailshock_pwr02,0,NA,dual,6,dms,NA,NA,34,415; 470; 560,5;4;20,25;25;25,1;2;4,g;g;r,20,0,120,10,470,560,415,0.1,3,4,0,20,10,20,trial_start,NA
2025_09_27_acr05,acr,acr05,9/27/2025,4,2025_09_27_acr_r04,electric_tailshock_pwr02,0,NA,dual,7,dls,NA,NA,34,415; 470; 560,5;4;20,25;25;25,1;2;4,g;g;r,20,0,120,10,470,560,415,0.1,3,4,0,20,10,20,trial_start,NA
2025_09_27_acr05,acr,acr05,9/27/2025,4,2025_09_27_acr_r04,electric_tailshock_pwr02,0,NA,dual,10,ts,NA,NA,34,415; 470; 560,5;4;20,25;25;25,1;2;4,g;g;r,20,0,120,10,470,560,415,0.1,3,4,0,20,10,20,trial_start,NA
2025_09_27_acr06,acr,acr06,9/27/2025,5,2025_09_27_acr_r05,electric_tailshock_pwr02,0,NA,dual,5,lha,NA,NA,34,415; 470; 560,5;4;20,25;25;25,1;2;4,g;g;r,20,0,120,10,470,560,415,0.1,3,4,0,20,10,20,trial_start,NA
2025_09_27_acr06,acr,acr06,9/27/2025,5,2025_09_27_acr_r05,electric_tailshock_pwr02,0,NA,dual,10,nac,NA,NA,34,415; 470; 560,5;4;20,25;25;25,1;2;4,g;g;r,20,0,120,10,470,560,415,0.1,3,4,0,20,10,20,trial_start,NA
2025_09_27_acr06,acr,acr06,9/27/2025,5,2025_09_27_acr_r05,electric_tailshock_pwr02,0,NA,dual,7,dms,NA,NA,34,415; 470; 560,5;4;20,25;25;25,1;2;4,g;g;r,20,0,120,10,470,560,415,0.1,3,4,0,20,10,20,trial_start,NA
2025_09_27_acr06,acr,acr06,9/27/2025,5,2025_09_27_acr_r05,electric_tailshock_pwr02,0,NA,dual,6,dls,NA,NA,34,415; 470; 560,5;4;20,25;25;25,1;2;4,g;g;r,20,0,120,10,470,560,415,0.1,3,4,0,20,10,20,trial_start,NA
2025_09_27_acr06,acr,acr06,9/27/2025,5,2025_09_27_acr_r05,electric_tailshock_pwr02,0,NA,dual,12,ts,NA,NA,34,415; 470; 560,5;4;20,25;25;25,1;2;4,g;g;r,20,0,120,10,470,560,415,0.1,3,4,0,20,10,20,trial_start,NA
2025_09_27_acr07,acr,acr07,9/27/2025,6,2025_09_27_acr_r06,electric_tailshock_pwr02,0,NA,dual,12,lha,NA,NA,34,415; 470; 560,5;4;20,25;25;25,1;2;4,g;g;r,20,0,120,10,470,560,415,0.1,3,4,0,20,10,20,trial_start,NA
2025_09_27_acr07,acr,acr07,9/27/2025,6,2025_09_27_acr_r06,electric_tailshock_pwr02,0,NA,dual,7,nac,NA,NA,34,415; 470; 560,5;4;20,25;25;25,1;2;4,g;g;r,20,0,120,10,470,560,415,0.1,3,4,0,20,10,20,trial_start,NA
2025_09_27_acr07,acr,acr07,9/27/2025,6,2025_09_27_acr_r06,electric_tailshock_pwr02,0,NA,dual,6,dms,NA,NA,34,415; 470; 560,5;4;20,25;25;25,1;2;4,g;g;r,20,0,120,10,470,560,415,0.1,3,4,0,20,10,20,trial_start,NA
2025_09_27_acr07,acr,acr07,9/27/2025,6,2025_09_27_acr_r06,electric_tailshock_pwr02,0,NA,dual,5,dls,NA,NA,34,415; 470; 560,5;4;20,25;25;25,1;2;4,g;g;r,20,0,120,10,470,560,415,0.1,3,4,0,20,10,20,trial_start,NA
2025_09_27_acr07,acr,acr07,9/27/2025,6,2025_09_27_acr_r06,electric_tailshock_pwr02,0,NA,dual,10,ts,NA,NA,34,415; 470; 560,5;4;20,25;25;25,1;2;4,g;g;r,20,0,120,10,470,560,415,0.1,3,4,0,20,10,20,trial_start,NA
2025_09_27_acr08,acr,acr08,9/27/2025,7,2025_09_27_acr_r07,electric_tailshock_pwr02,0,NA,dual,6,lha,NA,NA,34,415; 470; 560,5;4;20,25;25;25,1;2;4,g;g;r,20,0,120,10,470,560,415,0.1,3,4,0,20,10,20,trial_start,NA
2025_09_27_acr08,acr,acr08,9/27/2025,7,2025_09_27_acr_r07,electric_tailshock_pwr02,0,NA,dual,5,nac,NA,NA,34,415; 470; 560,5;4;20,25;25;25,1;2;4,g;g;r,20,0,120,10,470,560,415,0.1,3,4,0,20,10,20,trial_start,NA
2025_09_27_acr08,acr,acr08,9/27/2025,7,2025_09_27_acr_r07,electric_tailshock_pwr02,0,NA,dual,12,dms,NA,NA,34,415; 470; 560,5;4;20,25;25;25,1;2;4,g;g;r,20,0,120,10,470,560,415,0.1,3,4,0,20,10,20,trial_start,NA
2025_09_27_acr08,acr,acr08,9/27/2025,7,2025_09_27_acr_r07,electric_tailshock_pwr02,0,NA,dual,10,dls,NA,NA,34,415; 470; 560,5;4;20,25;25;25,1;2;4,g;g;r,20,0,120,10,470,560,415,0.1,3,4,0,20,10,20,trial_start,NA
2025_09_27_acr08,acr,acr08,9/27/2025,7,2025_09_27_acr_r07,electric_tailshock_pwr02,0,NA,dual,7,ts,NA,NA,34,415; 470; 560,5;4;20,25;25;25,1;2;4,g;g;r,20,0,120,10,470,560,415,0.1,3,4,0,20,10,20,trial_start,NA
2025_09_29_acr01,acr,acr01,9/29/2025,1,2025_09_29_acr_r01,electric_tailshock_pwr02,0,NA,dual,5,lha,NA,NA,34,415; 470; 560,5;4;20,25;25;25,1;2;4,g;g;r,20,0,120,10,470,560,415,0.1,3,4,0,20,10,20,trial_start,NA
2025_09_29_acr01,acr,acr01,9/29/2025,1,2025_09_29_acr_r01,electric_tailshock_pwr02,0,NA,dual,6,nac,NA,NA,34,415; 470; 560,5;4;20,25;25;25,1;2;4,g;g;r,20,0,120,10,470,560,415,0.1,3,4,0,20,10,20,trial_start,NA
2025_09_29_acr01,acr,acr01,9/29/2025,1,2025_09_29_acr_r01,electric_tailshock_pwr02,0,NA,dual,12,dms,NA,NA,34,415; 470; 560,5;4;20,25;25;25,1;2;4,g;g;r,20,0,120,10,470,560,415,0.1,3,4,0,20,10,20,trial_start,NA
2025_09_29_acr01,acr,acr01,9/29/2025,1,2025_09_29_acr_r01,electric_tailshock_pwr02,0,NA,dual,10,dls,NA,NA,34,415; 470; 560,5;4;20,25;25;25,1;2;4,g;g;r,20,0,120,10,470,560,415,0.1,3,4,0,20,10,20,trial_start,NA
2025_09_29_acr01,acr,acr01,9/29/2025,1,2025_09_29_acr_r01,electric_tailshock_pwr02,0,NA,dual,7,ts,NA,NA,34,415; 470; 560,5;4;20,25;25;25,1;2;4,g;g;r,20,0,120,10,470,560,415,0.1,3,4,0,20,10,20,trial_start,NA
2025_09_29_acr03,acr,acr03,9/29/2025,2,2025_09_29_acr_r02,electric_tailshock_pwr02,0,NA,dual,12,nac,NA,NA,34,415; 470; 560,5;4;20,25;25;25,1;2;4,g;g;r,20,0,120,10,470,560,415,0.1,3,4,0,20,10,20,trial_start,NA
2025_09_29_acr03,acr,acr03,9/29/2025,2,2025_09_29_acr_r02,electric_tailshock_pwr02,0,NA,dual,7,dms,NA,NA,34,415; 470; 560,5;4;20,25;25;25,1;2;4,g;g;r,20,0,120,10,470,560,415,0.1,3,4,0,20,10,20,trial_start,NA
2025_09_29_acr03,acr,acr03,9/29/2025,2,2025_09_29_acr_r02,electric_tailshock_pwr02,0,NA,dual,10,dls,NA,NA,34,415; 470; 560,5;4;20,25;25;25,1;2;4,g;g;r,20,0,120,10,470,560,415,0.1,3,4,0,20,10,20,trial_start,NA
2025_09_29_acr03,acr,acr03,9/29/2025,2,2025_09_29_acr_r02,electric_tailshock_pwr02,0,NA,dual,6,ts,NA,NA,34,415; 470; 560,5;4;20,25;25;25,1;2;4,g;g;r,20,0,120,10,470,560,415,0.1,3,4,0,20,10,20,trial_start,NA
2025_09_29_acr04,acr,acr04,9/29/2025,3,2025_09_29_acr_r03,electric_tailshock_pwr02,0,NA,dual,5,nac,NA,NA,34,415; 470; 560,5;4;20,25;25;25,1;2;4,g;g;r,20,0,120,10,470,560,415,0.1,3,4,0,20,10,20,trial_start,NA
2025_09_29_acr04,acr,acr04,9/29/2025,3,2025_09_29_acr_r03,electric_tailshock_pwr02,0,NA,dual,6,dms,NA,NA,34,415; 470; 560,5;4;20,25;25;25,1;2;4,g;g;r,20,0,120,10,470,560,415,0.1,3,4,0,20,10,20,trial_start,NA
2025_09_29_acr04,acr,acr04,9/29/2025,3,2025_09_29_acr_r03,electric_tailshock_pwr02,0,NA,dual,7,dls,NA,NA,34,415; 470; 560,5;4;20,25;25;25,1;2;4,g;g;r,20,0,120,10,470,560,415,0.1,3,4,0,20,10,20,trial_start,NA
2025_09_29_acr04,acr,acr04,9/29/2025,3,2025_09_29_acr_r03,electric_tailshock_pwr02,0,NA,dual,10,ts,NA,NA,34,415; 470; 560,5;4;20,25;25;25,1;2;4,g;g;r,20,0,120,10,470,560,415,0.1,3,4,0,20,10,20,trial_start,NA
2025_09_29_acr05,acr,acr05,9/29/2025,4,2025_09_29_acr_r04,electric_tailshock_pwr02,0,NA,dual,5,lha,NA,NA,34,415; 470; 560,5;4;20,25;25;25,1;2;4,g;g;r,20,0,120,10,470,560,415,0.1,3,4,0,20,10,20,trial_start,NA
2025_09_29_acr05,acr,acr05,9/29/2025,4,2025_09_29_acr_r04,electric_tailshock_pwr02,0,NA,dual,10,nac,NA,NA,34,415; 470; 560,5;4;20,25;25;25,1;2;4,g;g;r,20,0,120,10,470,560,415,0.1,3,4,0,20,10,20,trial_start,NA
2025_09_29_acr05,acr,acr05,9/29/2025,4,2025_09_29_acr_r04,electric_tailshock_pwr02,0,NA,dual,7,dms,NA,NA,34,415; 470; 560,5;4;20,25;25;25,1;2;4,g;g;r,20,0,120,10,470,560,415,0.1,3,4,0,20,10,20,trial_start,NA
2025_09_29_acr05,acr,acr05,9/29/2025,4,2025_09_29_acr_r04,electric_tailshock_pwr02,0,NA,dual,6,dls,NA,NA,34,415; 470; 560,5;4;20,25;25;25,1;2;4,g;g;r,20,0,120,10,470,560,415,0.1,3,4,0,20,10,20,trial_start,NA
2025_09_29_acr05,acr,acr05,9/29/2025,4,2025_09_29_acr_r04,electric_tailshock_pwr02,0,NA,dual,12,ts,NA,NA,34,415; 470; 560,5;4;20,25;25;25,1;2;4,g;g;r,20,0,120,10,470,560,415,0.1,3,4,0,20,10,20,trial_start,NA
2025_09_29_acr06,acr,acr06,9/29/2025,5,2025_09_29_acr_r05,electric_tailshock_pwr02,0,NA,dual,12,lha,NA,NA,34,415; 470; 560,5;4;20,25;25;25,1;2;4,g;g;r,20,0,120,10,470,560,415,0.1,3,4,0,20,10,20,trial_start,NA
2025_09_29_acr06,acr,acr06,9/29/2025,5,2025_09_29_acr_r05,electric_tailshock_pwr02,0,NA,dual,7,nac,NA,NA,34,415; 470; 560,5;4;20,25;25;25,1;2;4,g;g;r,20,0,120,10,470,560,415,0.1,3,4,0,20,10,20,trial_start,NA
2025_09_29_acr06,acr,acr06,9/29/2025,5,2025_09_29_acr_r05,electric_tailshock_pwr02,0,NA,dual,6,dms,NA,NA,34,415; 470; 560,5;4;20,25;25;25,1;2;4,g;g;r,20,0,120,10,470,560,415,0.1,3,4,0,20,10,20,trial_start,NA
2025_09_29_acr06,acr,acr06,9/29/2025,5,2025_09_29_acr_r05,electric_tailshock_pwr02,0,NA,dual,5,dls,NA,NA,34,415; 470; 560,5;4;20,25;25;25,1;2;4,g;g;r,20,0,120,10,470,560,415,0.1,3,4,0,20,10,20,trial_start,NA
2025_09_29_acr06,acr,acr06,9/29/2025,5,2025_09_29_acr_r05,electric_tailshock_pwr02,0,NA,dual,10,ts,NA,NA,34,415; 470; 560,5;4;20,25;25;25,1;2;4,g;g;r,20,0,120,10,470,560,415,0.1,3,4,0,20,10,20,trial_start,NA
2025_09_29_acr07,acr,acr07,9/29/2025,6,2025_09_29_acr_r06,electric_tailshock_pwr02,0,NA,dual,6,lha,NA,NA,34,415; 470; 560,5;4;20,25;25;25,1;2;4,g;g;r,20,0,120,10,470,560,415,0.1,3,4,0,20,10,20,trial_start,NA
2025_09_29_acr07,acr,acr07,9/29/2025,6,2025_09_29_acr_r06,electric_tailshock_pwr02,0,NA,dual,5,nac,NA,NA,34,415; 470; 560,5;4;20,25;25;25,1;2;4,g;g;r,20,0,120,10,470,560,415,0.1,3,4,0,20,10,20,trial_start,NA
2025_09_29_acr07,acr,acr07,9/29/2025,6,2025_09_29_acr_r06,electric_tailshock_pwr02,0,NA,dual,12,dms,NA,NA,34,415; 470; 560,5;4;20,25;25;25,1;2;4,g;g;r,20,0,120,10,470,560,415,0.1,3,4,0,20,10,20,trial_start,NA
2025_09_29_acr07,acr,acr07,9/29/2025,6,2025_09_29_acr_r06,electric_tailshock_pwr02,0,NA,dual,10,dls,NA,NA,34,415; 470; 560,5;4;20,25;25;25,1;2;4,g;g;r,20,0,120,10,470,560,415,0.1,3,4,0,20,10,20,trial_start,NA
2025_09_29_acr07,acr,acr07,9/29/2025,6,2025_09_29_acr_r06,electric_tailshock_pwr02,0,NA,dual,7,ts,NA,NA,34,415; 470; 560,5;4;20,25;25;25,1;2;4,g;g;r,20,0,120,10,470,560,415,0.1,3,4,0,20,10,20,trial_start,NA
2025_09_29_acr08,acr,acr08,9/29/2025,7,2025_09_29_acr_r07,electric_tailshock_pwr02,0,NA,dual,12,lha,NA,NA,34,415; 470; 560,5;4;20,25;25;25,1;2;4,g;g;r,20,0,120,10,470,560,415,0.1,3,4,0,20,10,20,trial_start,NA
2025_09_29_acr08,acr,acr08,9/29/2025,7,2025_09_29_acr_r07,electric_tailshock_pwr02,0,NA,dual,10,nac,NA,NA,34,415; 470; 560,5;4;20,25;25;25,1;2;4,g;g;r,20,0,120,10,470,560,415,0.1,3,4,0,20,10,20,trial_start,NA
2025_09_29_acr08,acr,acr08,9/29/2025,7,2025_09_29_acr_r07,electric_tailshock_pwr02,0,NA,dual,7,dms,NA,NA,34,415; 470; 560,5;4;20,25;25;25,1;2;4,g;g;r,20,0,120,10,470,560,415,0.1,3,4,0,20,10,20,trial_start,NA
2025_09_29_acr08,acr,acr08,9/29/2025,7,2025_09_29_acr_r07,electric_tailshock_pwr02,0,NA,dual,6,dls,NA,NA,34,415; 470; 560,5;4;20,25;25;25,1;2;4,g;g;r,20,0,120,10,470,560,415,0.1,3,4,0,20,10,20,trial_start,NA
2025_09_29_acr08,acr,acr08,9/29/2025,7,2025_09_29_acr_r07,electric_tailshock_pwr02,0,NA,dual,5,ts,NA,NA,34,415; 470; 560,5;4;20,25;25;25,1;2;4,g;g;r,20,0,120,10,470,560,415,0.1,3,4,0,20,10,20,trial_start,NA
2026_01_03_acp01,acp,acp01,1/3/2026,1,2026_01_03_acp_r01,stim_characterization_01_veh,0,NA,dual,11,nac_shelllat,opto_pulse,opto_trial,34,415; 470,1.8;5.5,10; 30,1;2,g;g,20,0,120,20,470,NA,415,0.1,3,4,0,20,10,20,trial_start,NA
2026_01_03_acp01,acp,acp01,1/3/2026,1,2026_01_03_acp_r01,stim_characterization_01_veh,0,NA,dual,4,nac_corr,opto_pulse,opto_trial,34,415; 470,1.8;4,10; 30,1;2,g;g,20,0,120,20,470,NA,415,0.1,3,4,0,20,10,20,trial_start,NA
2026_01_03_acp01,acp,acp01,1/3/2026,1,2026_01_03_acp_r01,stim_characterization_01_veh,0,NA,dual,12,nac,opto_pulse,opto_trial,34,415; 470,1.8;4,10; 30,1;2,g;g,20,0,120,20,470,NA,415,0.1,3,4,0,20,10,20,trial_start,NA
2026_01_03_acp01,acp,acp01,1/3/2026,1,2026_01_03_acp_r01,stim_characterization_01_veh,0,NA,dual,10,dms,opto_pulse,opto_trial,34,415; 470,1.8;4,10; 30,1;2,g;g,20,0,120,20,470,NA,415,0.1,3,4,0,20,10,20,trial_start,NA
2026_01_03_acp01,acp,acp01,1/3/2026,1,2026_01_03_acp_r01,stim_characterization_01_veh,0,NA,dual,5,dls,opto_pulse,opto_trial,34,415; 470,1.8;4,10; 30,1;2,g;g,20,0,120,20,470,NA,415,0.1,3,4,0,20,10,20,trial_start,NA
2026_01_03_acp01,acp,acp01,1/3/2026,1,2026_01_03_acp_r01,stim_characterization_01_veh,0,NA,dual,6,ts,opto_pulse,opto_trial,34,415; 470,1.8;4,10; 30,1;2,g;g,20,0,120,20,470,NA,415,0.1,3,4,0,20,10,20,trial_start,NA
2026_01_03_acp02,acp,acp02,1/3/2026,2,2026_01_03_acp_r02,stim_characterization_01_veh,0,NA,dual,4,nac_shelllat,opto_pulse,opto_trial,34,415; 470,1.8;4,10; 30,1;2,g;g,20,0,120,20,470,NA,415,0.1,3,4,0,20,10,20,trial_start,NA
2026_01_03_acp02,acp,acp02,1/3/2026,2,2026_01_03_acp_r02,stim_characterization_01_veh,0,NA,dual,10,nac_corr,opto_pulse,opto_trial,34,415; 470,1.8;4,10; 30,1;2,g;g,20,0,120,20,470,NA,415,0.1,3,4,0,20,10,20,trial_start,NA
2026_01_03_acp02,acp,acp02,1/3/2026,2,2026_01_03_acp_r02,stim_characterization_01_veh,0,NA,dual,11,nac,opto_pulse,opto_trial,34,415; 470,1.8;4,10; 30,1;2,g;g,20,0,120,20,470,NA,415,0.1,3,4,0,20,10,20,trial_start,NA
2026_01_03_acp02,acp,acp02,1/3/2026,2,2026_01_03_acp_r02,stim_characterization_01_veh,0,NA,dual,6,dms,opto_pulse,opto_trial,34,415; 470,1.8;4,10; 30,1;2,g;g,20,0,120,20,470,NA,415,0.1,3,4,0,20,10,20,trial_start,NA
2026_01_03_acp02,acp,acp02,1/3/2026,2,2026_01_03_acp_r02,stim_characterization_01_veh,0,NA,dual,5,dls,opto_pulse,opto_trial,34,415; 470,1.8;4,10; 30,1;2,g;g,20,0,120,20,470,NA,415,0.1,3,4,0,20,10,20,trial_start,NA
2026_01_03_acp02,acp,acp02,1/3/2026,2,2026_01_03_acp_r02,stim_characterization_01_veh,0,NA,dual,12,ts,opto_pulse,opto_trial,34,415; 470,1.8;4,10; 30,1;2,g;g,20,0,120,20,470,NA,415,0.1,3,4,0,20,10,20,trial_start,NA
2026_01_03_acp04,acp,acp04,1/3/2026,3,2026_01_03_acp_r03,stim_characterization_01_veh,0,NA,dual,10,nac_shelllat,opto_pulse,opto_trial,34,415; 470,1.8;4,10; 30,1;2,g;g,20,0,120,20,470,NA,415,0.1,3,4,0,20,10,20,trial_start,NA
2026_01_03_acp04,acp,acp04,1/3/2026,3,2026_01_03_acp_r03,stim_characterization_01_veh,0,NA,dual,11,nac_corr,opto_pulse,opto_trial,34,415; 470,1.8;4,10; 30,1;2,g;g,20,0,120,20,470,NA,415,0.1,3,4,0,20,10,20,trial_start,NA
2026_01_03_acp04,acp,acp04,1/3/2026,3,2026_01_03_acp_r03,stim_characterization_01_veh,0,NA,dual,12,nac,opto_pulse,opto_trial,34,415; 470,1.8;4,10; 30,1;2,g;g,20,0,120,20,470,NA,415,0.1,3,4,0,20,10,20,trial_start,NA
2026_01_03_acp04,acp,acp04,1/3/2026,3,2026_01_03_acp_r03,stim_characterization_01_veh,0,NA,dual,5,dms,opto_pulse,opto_trial,34,415; 470,1.8;4,10; 30,1;2,g;g,20,0,120,20,470,NA,415,0.1,3,4,0,20,10,20,trial_start,NA
2026_01_03_acp04,acp,acp04,1/3/2026,3,2026_01_03_acp_r03,stim_characterization_01_veh,0,NA,dual,6,dls,opto_pulse,opto_trial,34,415; 470,1.8;4,10; 30,1;2,g;g,20,0,120,20,470,NA,415,0.1,3,4,0,20,10,20,trial_start,NA
2026_01_03_acp04,acp,acp04,1/3/2026,3,2026_01_03_acp_r03,stim_characterization_01_veh,0,NA,dual,4,ts,opto_pulse,opto_trial,34,415; 470,1.8;4,10; 30,1;2,g;g,20,0,120,20,470,NA,415,0.1,3,4,0,20,10,20,trial_start,NA
2026_01_03_acp05,acp,acp05,1/3/2026,4,2026_01_03_acp_r04,stim_characterization_01_veh,0,NA,dual,5,nac_shelllat,opto_pulse,opto_trial,34,415; 470,1.8;4,10; 30,1;2,g;g,20,0,120,20,470,NA,415,0.1,3,4,0,20,10,20,trial_start,NA
2026_01_03_acp05,acp,acp05,1/3/2026,4,2026_01_03_acp_r04,stim_characterization_01_veh,0,NA,dual,10,nac_corr,opto_pulse,opto_trial,34,415; 470,1.8;4,10; 30,1;2,g;g,20,0,120,20,470,NA,415,0.1,3,4,0,20,10,20,trial_start,NA
2026_01_03_acp05,acp,acp05,1/3/2026,4,2026_01_03_acp_r04,stim_characterization_01_veh,0,NA,dual,6,nac,opto_pulse,opto_trial,34,415; 470,1.8;4,10; 30,1;2,g;g,20,0,120,20,470,NA,415,0.1,3,4,0,20,10,20,trial_start,NA
2026_01_03_acp05,acp,acp05,1/3/2026,4,2026_01_03_acp_r04,stim_characterization_01_veh,0,NA,dual,4,dms,opto_pulse,opto_trial,34,415; 470,1.8;4,10; 30,1;2,g;g,20,0,120,20,470,NA,415,0.1,3,4,0,20,10,20,trial_start,NA
2026_01_03_acp05,acp,acp05,1/3/2026,4,2026_01_03_acp_r04,stim_characterization_01_veh,0,NA,dual,11,dls,opto_pulse,opto_trial,34,415; 470,1.8;4,10; 30,1;2,g;g,20,0,120,20,470,NA,415,0.1,3,4,0,20,10,20,trial_start,NA
2026_01_03_acp05,acp,acp05,1/3/2026,4,2026_01_03_acp_r04,stim_characterization_01_veh,0,NA,dual,12,ts,opto_pulse,opto_trial,34,415; 470,1.8;4,10; 30,1;2,g;g,20,0,120,20,470,NA,415,0.1,3,4,0,20,10,20,trial_start,NA
2026_01_03_acp06,acp,acp06,1/3/2026,5,2026_01_03_acp_r05,stim_characterization_01_veh,0,NA,dual,6,nac_shelllat,opto_pulse,opto_trial,34,415; 470,1.8;4,10; 30,1;2,g;g,20,0,120,20,470,NA,415,0.1,3,4,0,20,10,20,trial_start,NA
2026_01_03_acp06,acp,acp06,1/3/2026,5,2026_01_03_acp_r05,stim_characterization_01_veh,0,NA,dual,12,nac_corr,opto_pulse,opto_trial,34,415; 470,1.8;4,10; 30,1;2,g;g,20,0,120,20,470,NA,415,0.1,3,4,0,20,10,20,trial_start,NA
2026_01_03_acp06,acp,acp06,1/3/2026,5,2026_01_03_acp_r05,stim_characterization_01_veh,0,NA,dual,11,nac,opto_pulse,opto_trial,34,415; 470,1.8;4,10; 30,1;2,g;g,20,0,120,20,470,NA,415,0.1,3,4,0,20,10,20,trial_start,NA
2026_01_03_acp06,acp,acp06,1/3/2026,5,2026_01_03_acp_r05,stim_characterization_01_veh,0,NA,dual,4,dms,opto_pulse,opto_trial,34,415; 470,1.8;4,10; 30,1;2,g;g,20,0,120,20,470,NA,415,0.1,3,4,0,20,10,20,trial_start,NA
2026_01_03_acp06,acp,acp06,1/3/2026,5,2026_01_03_acp_r05,stim_characterization_01_veh,0,NA,dual,5,dls,opto_pulse,opto_trial,34,415; 470,1.8;4,10; 30,1;2,g;g,20,0,120,20,470,NA,415,0.1,3,4,0,20,10,20,trial_start,NA
2026_01_03_acp06,acp,acp06,1/3/2026,5,2026_01_03_acp_r05,stim_characterization_01_veh,0,NA,dual,10,ts,opto_pulse,opto_trial,34,415; 470,1.8;4,10; 30,1;2,g;g,20,0,120,20,470,NA,415,0.1,3,4,0,20,10,20,trial_start,NA
2026_01_03_acp07,acp,acp07,1/3/2026,6,2026_01_03_acp_r06,stim_characterization_01_veh,0,NA,dual,12,nac_shelllat,opto_pulse,opto_trial,34,415; 470,1.8;4,10; 30,1;2,g;g,20,0,120,20,470,NA,415,0.1,3,4,0,20,10,20,trial_start,NA
2026_01_03_acp07,acp,acp07,1/3/2026,6,2026_01_03_acp_r06,stim_characterization_01_veh,0,NA,dual,4,nac_corr,opto_pulse,opto_trial,34,415; 470,1.8;4,10; 30,1;2,g;g,20,0,120,20,470,NA,415,0.1,3,4,0,20,10,20,trial_start,NA
2026_01_03_acp07,acp,acp07,1/3/2026,6,2026_01_03_acp_r06,stim_characterization_01_veh,0,NA,dual,5,nac,opto_pulse,opto_trial,34,415; 470,1.8;4,10; 30,1;2,g;g,20,0,120,20,470,NA,415,0.1,3,4,0,20,10,20,trial_start,NA
2026_01_03_acp07,acp,acp07,1/3/2026,6,2026_01_03_acp_r06,stim_characterization_01_veh,0,NA,dual,11,dms,opto_pulse,opto_trial,34,415; 470,1.8;4,10; 30,1;2,g;g,20,0,120,20,470,NA,415,0.1,3,4,0,20,10,20,trial_start,NA
2026_01_03_acp07,acp,acp07,1/3/2026,6,2026_01_03_acp_r06,stim_characterization_01_veh,0,NA,dual,10,dls,opto_pulse,opto_trial,34,415; 470,1.8;4,10; 30,1;2,g;g,20,0,120,20,470,NA,415,0.1,3,4,0,20,10,20,trial_start,NA
2026_01_03_acp07,acp,acp07,1/3/2026,6,2026_01_03_acp_r06,stim_characterization_01_veh,0,NA,dual,6,ts,opto_pulse,opto_trial,34,415; 470,1.8;4,10; 30,1;2,g;g,20,0,120,20,470,NA,415,0.1,3,4,0,20,10,20,trial_start,NA
2026_01_03_acp08,acp,acp08,1/3/2026,7,2026_01_03_acp_r07,stim_characterization_01_veh,0,NA,dual,5,nac_shelllat,opto_pulse,opto_trial,34,415; 470,1.8;4,10; 30,1;2,g;g,20,0,120,20,470,NA,415,0.1,3,4,0,20,10,20,trial_start,NA
2026_01_03_acp08,acp,acp08,1/3/2026,7,2026_01_03_acp_r07,stim_characterization_01_veh,0,NA,dual,12,nac_corr,opto_pulse,opto_trial,34,415; 470,1.8;4,10; 30,1;2,g;g,20,0,120,20,470,NA,415,0.1,3,4,0,20,10,20,trial_start,NA
2026_01_03_acp08,acp,acp08,1/3/2026,7,2026_01_03_acp_r07,stim_characterization_01_veh,0,NA,dual,10,nac,opto_pulse,opto_trial,34,415; 470,1.8;4,10; 30,1;2,g;g,20,0,120,20,470,NA,415,0.1,3,4,0,20,10,20,trial_start,NA
2026_01_03_acp08,acp,acp08,1/3/2026,7,2026_01_03_acp_r07,stim_characterization_01_veh,0,NA,dual,11,dms,opto_pulse,opto_trial,34,415; 470,1.8;4,10; 30,1;2,g;g,20,0,120,20,470,NA,415,0.1,3,4,0,20,10,20,trial_start,NA
2026_01_03_acp08,acp,acp08,1/3/2026,7,2026_01_03_acp_r07,stim_characterization_01_veh,0,NA,dual,6,dls,opto_pulse,opto_trial,34,415; 470,1.8;4,10; 30,1;2,g;g,20,0,120,20,470,NA,415,0.1,3,4,0,20,10,20,trial_start,NA
2026_01_03_acp08,acp,acp08,1/3/2026,7,2026_01_03_acp_r07,stim_characterization_01_veh,0,NA,dual,4,ts,opto_pulse,opto_trial,34,415; 470,1.8;4,10; 30,1;2,g;g,20,0,120,20,470,NA,415,0.1,3,4,0,20,10,20,trial_start,NA
2026_01_03_acp09,acp,acp09,1/3/2026,8,2026_01_03_acp_r08,stim_characterization_01_veh,0,NA,dual,11,nac_shelllat,opto_pulse,opto_trial,34,415; 470,1.8;4,10; 30,1;2,g;g,20,0,120,20,470,NA,415,0.1,3,4,0,20,10,20,trial_start,NA
2026_01_03_acp09,acp,acp09,1/3/2026,8,2026_01_03_acp_r08,stim_characterization_01_veh,0,NA,dual,4,nac_corr,opto_pulse,opto_trial,34,415; 470,1.8;4,10; 30,1;2,g;g,20,0,120,20,470,NA,415,0.1,3,4,0,20,10,20,trial_start,NA
2026_01_03_acp09,acp,acp09,1/3/2026,8,2026_01_03_acp_r08,stim_characterization_01_veh,0,NA,dual,5,nac,opto_pulse,opto_trial,34,415; 470,1.8;4,10; 30,1;2,g;g,20,0,120,20,470,NA,415,0.1,3,4,0,20,10,20,trial_start,NA
2026_01_03_acp09,acp,acp09,1/3/2026,8,2026_01_03_acp_r08,stim_characterization_01_veh,0,NA,dual,6,dms,opto_pulse,opto_trial,34,415; 470,1.8;4,10; 30,1;2,g;g,20,0,120,20,470,NA,415,0.1,3,4,0,20,10,20,trial_start,NA
2026_01_03_acp09,acp,acp09,1/3/2026,8,2026_01_03_acp_r08,stim_characterization_01_veh,0,NA,dual,10,dls,opto_pulse,opto_trial,34,415; 470,1.8;4,10; 30,1;2,g;g,20,0,120,20,470,NA,415,0.1,3,4,0,20,10,20,trial_start,NA
2026_01_03_acp09,acp,acp09,1/3/2026,8,2026_01_03_acp_r08,stim_characterization_01_veh,0,NA,dual,12,ts,opto_pulse,opto_trial,34,415; 470,1.8;4,10; 30,1;2,g;g,20,0,120,20,470,NA,415,0.1,3,4,0,20,10,20,trial_start,NA
2026_01_03_acp11,acp,acp11,1/3/2026,9,2026_01_03_acp_r09,stim_characterization_01_veh,0,NA,dual,4,nac_shelllat,opto_pulse,opto_trial,34,415; 470,1.8;4,10; 30,1;2,g;g,20,0,120,20,470,NA,415,0.1,3,4,0,20,10,20,trial_start,NA
2026_01_03_acp11,acp,acp11,1/3/2026,9,2026_01_03_acp_r09,stim_characterization_01_veh,0,NA,dual,5,nac_corr,opto_pulse,opto_trial,34,415; 470,1.8;4,10; 30,1;2,g;g,20,0,120,20,470,NA,415,0.1,3,4,0,20,10,20,trial_start,NA
2026_01_03_acp11,acp,acp11,1/3/2026,9,2026_01_03_acp_r09,stim_characterization_01_veh,0,NA,dual,11,nac,opto_pulse,opto_trial,34,415; 470,1.8;4,10; 30,1;2,g;g,20,0,120,20,470,NA,415,0.1,3,4,0,20,10,20,trial_start,NA
2026_01_03_acp11,acp,acp11,1/3/2026,9,2026_01_03_acp_r09,stim_characterization_01_veh,0,NA,dual,12,dms,opto_pulse,opto_trial,34,415; 470,1.8;4,10; 30,1;2,g;g,20,0,120,20,470,NA,415,0.1,3,4,0,20,10,20,trial_start,NA
2026_01_03_acp11,acp,acp11,1/3/2026,9,2026_01_03_acp_r09,stim_characterization_01_veh,0,NA,dual,6,dls,opto_pulse,opto_trial,34,415; 470,1.8;4,10; 30,1;2,g;g,20,0,120,20,470,NA,415,0.1,3,4,0,20,10,20,trial_start,NA
2026_01_03_acp11,acp,acp11,1/3/2026,9,2026_01_03_acp_r09,stim_characterization_01_veh,0,NA,dual,10,ts,opto_pulse,opto_trial,34,415; 470,1.8;4,10; 30,1;2,g;g,20,0,120,20,470,NA,415,0.1,3,4,0,20,10,20,trial_start,NA
2026_01_03_acp13,acp,acp13,1/3/2026,10,2026_01_03_acp_r10,stim_characterization_01_veh,0,NA,dual,4,nac_shelllat,opto_pulse,opto_trial,34,415; 470,1.8;4,10; 30,1;2,g;g,20,0,120,20,470,NA,415,0.1,3,4,0,20,10,20,trial_start,NA
2026_01_03_acp13,acp,acp13,1/3/2026,10,2026_01_03_acp_r10,stim_characterization_01_veh,0,NA,dual,6,nac_corr,opto_pulse,opto_trial,34,415; 470,1.8;4,10; 30,1;2,g;g,20,0,120,20,470,NA,415,0.1,3,4,0,20,10,20,trial_start,NA
2026_01_03_acp13,acp,acp13,1/3/2026,10,2026_01_03_acp_r10,stim_characterization_01_veh,0,NA,dual,11,nac,opto_pulse,opto_trial,34,415; 470,1.8;4,10; 30,1;2,g;g,20,0,120,20,470,NA,415,0.1,3,4,0,20,10,20,trial_start,NA
2026_01_03_acp13,acp,acp13,1/3/2026,10,2026_01_03_acp_r10,stim_characterization_01_veh,0,NA,dual,10,dms,opto_pulse,opto_trial,34,415; 470,1.8;4,10; 30,1;2,g;g,20,0,120,20,470,NA,415,0.1,3,4,0,20,10,20,trial_start,NA
2026_01_03_acp13,acp,acp13,1/3/2026,10,2026_01_03_acp_r10,stim_characterization_01_veh,0,NA,dual,5,dls,opto_pulse,opto_trial,34,415; 470,1.8;4,10; 30,1;2,g;g,20,0,120,20,470,NA,415,0.1,3,4,0,20,10,20,trial_start,NA
2026_01_03_acp13,acp,acp13,1/3/2026,10,2026_01_03_acp_r10,stim_characterization_01_veh,0,NA,dual,12,ts,opto_pulse,opto_trial,34,415; 470,1.8;4,10; 30,1;2,g;g,20,0,120,20,470,NA,415,0.1,3,4,0,20,10,20,trial_start,NA
2026_01_03_acp14,acp,acp14,1/3/2026,11,2026_01_03_acp_r11,stim_characterization_01_veh,0,NA,dual,11,nac_shelllat,opto_pulse,opto_trial,34,415; 470,1.8;4,10; 30,1;2,g;g,20,0,120,20,470,NA,415,0.1,3,4,0,20,10,20,trial_start,NA
2026_01_03_acp14,acp,acp14,1/3/2026,11,2026_01_03_acp_r11,stim_characterization_01_veh,0,NA,dual,12,nac_corr,opto_pulse,opto_trial,34,415; 470,1.8;4,10; 30,1;2,g;g,20,0,120,20,470,NA,415,0.1,3,4,0,20,10,20,trial_start,NA
2026_01_03_acp14,acp,acp14,1/3/2026,11,2026_01_03_acp_r11,stim_characterization_01_veh,0,NA,dual,6,nac,opto_pulse,opto_trial,34,415; 470,1.8;4,10; 30,1;2,g;g,20,0,120,20,470,NA,415,0.1,3,4,0,20,10,20,trial_start,NA
2026_01_03_acp14,acp,acp14,1/3/2026,11,2026_01_03_acp_r11,stim_characterization_01_veh,0,NA,dual,5,dms,opto_pulse,opto_trial,34,415; 470,1.8;4,10; 30,1;2,g;g,20,0,120,20,470,NA,415,0.1,3,4,0,20,10,20,trial_start,NA
2026_01_03_acp14,acp,acp14,1/3/2026,11,2026_01_03_acp_r11,stim_characterization_01_veh,0,NA,dual,10,dls,opto_pulse,opto_trial,34,415; 470,1.8;4,10; 30,1;2,g;g,20,0,120,20,470,NA,415,0.1,3,4,0,20,10,20,trial_start,NA
2026_01_03_acp14,acp,acp14,1/3/2026,11,2026_01_03_acp_r11,stim_characterization_01_veh,0,NA,dual,4,ts,opto_pulse,opto_trial,34,415; 470,1.8;4,10; 30,1;2,g;g,20,0,120,20,470,NA,415,0.1,3,4,0,20,10,20,trial_start,NA
2026_01_03_acp15,acp,acp15,1/3/2026,12,2026_01_03_acp_r12,stim_characterization_01_veh,0,NA,dual,12,nac_shelllat,opto_pulse,opto_trial,34,415; 470,1.8;4,10; 30,1;2,g;g,20,0,120,20,470,NA,415,0.1,3,4,0,20,10,20,trial_start,NA
2026_01_03_acp15,acp,acp15,1/3/2026,12,2026_01_03_acp_r12,stim_characterization_01_veh,0,NA,dual,6,nac_corr,opto_pulse,opto_trial,34,415; 470,1.8;4,10; 30,1;2,g;g,20,0,120,20,470,NA,415,0.1,3,4,0,20,10,20,trial_start,NA
2026_01_03_acp15,acp,acp15,1/3/2026,12,2026_01_03_acp_r12,stim_characterization_01_veh,0,NA,dual,10,nac,opto_pulse,opto_trial,34,415; 470,1.8;4,10; 30,1;2,g;g,20,0,120,20,470,NA,415,0.1,3,4,0,20,10,20,trial_start,NA
2026_01_03_acp15,acp,acp15,1/3/2026,12,2026_01_03_acp_r12,stim_characterization_01_veh,0,NA,dual,11,dms,opto_pulse,opto_trial,34,415; 470,1.8;4,10; 30,1;2,g;g,20,0,120,20,470,NA,415,0.1,3,4,0,20,10,20,trial_start,NA
2026_01_03_acp15,acp,acp15,1/3/2026,12,2026_01_03_acp_r12,stim_characterization_01_veh,0,NA,dual,4,dls,opto_pulse,opto_trial,34,415; 470,1.8;4,10; 30,1;2,g;g,20,0,120,20,470,NA,415,0.1,3,4,0,20,10,20,trial_start,NA
2026_01_03_acp15,acp,acp15,1/3/2026,12,2026_01_03_acp_r12,stim_characterization_01_veh,0,NA,dual,5,ts,opto_pulse,opto_trial,34,415; 470,1.8;4,10; 30,1;2,g;g,20,0,120,20,470,NA,415,0.1,3,4,0,20,10,20,trial_start,NA
2026_01_04_acp01,acp,acp01,1/4/2026,1,2026_01_04_acp_r01,stim_characterization_02_cno,0,NA,dual,11,nac_shelllat,opto_pulse,opto_trial,34,415; 470,1.8;4,10; 30,1;2,g;g,20,0,120,20,470,NA,415,0.1,3,4,0,20,10,20,trial_start,NA
2026_01_04_acp01,acp,acp01,1/4/2026,1,2026_01_04_acp_r01,stim_characterization_02_cno,0,NA,dual,4,nac_corr,opto_pulse,opto_trial,34,415; 470,1.8;4,10; 30,1;2,g;g,20,0,120,20,470,NA,415,0.1,3,4,0,20,10,20,trial_start,NA
2026_01_04_acp01,acp,acp01,1/4/2026,1,2026_01_04_acp_r01,stim_characterization_02_cno,0,NA,dual,12,nac,opto_pulse,opto_trial,34,415; 470,1.8;4,10; 30,1;2,g;g,20,0,120,20,470,NA,415,0.1,3,4,0,20,10,20,trial_start,NA
2026_01_04_acp01,acp,acp01,1/4/2026,1,2026_01_04_acp_r01,stim_characterization_02_cno,0,NA,dual,10,dms,opto_pulse,opto_trial,34,415; 470,1.8;4,10; 30,1;2,g;g,20,0,120,20,470,NA,415,0.1,3,4,0,20,10,20,trial_start,NA
2026_01_04_acp01,acp,acp01,1/4/2026,1,2026_01_04_acp_r01,stim_characterization_02_cno,0,NA,dual,5,dls,opto_pulse,opto_trial,34,415; 470,1.8;4,10; 30,1;2,g;g,20,0,120,20,470,NA,415,0.1,3,4,0,20,10,20,trial_start,NA
2026_01_04_acp01,acp,acp01,1/4/2026,1,2026_01_04_acp_r01,stim_characterization_02_cno,0,NA,dual,6,ts,opto_pulse,opto_trial,34,415; 470,1.8;4,10; 30,1;2,g;g,20,0,120,20,470,NA,415,0.1,3,4,0,20,10,20,trial_start,NA
2026_01_04_acp02,acp,acp02,1/4/2026,2,2026_01_04_acp_r02,stim_characterization_02_cno,0,NA,dual,4,nac_shelllat,opto_pulse,opto_trial,34,415; 470,1.8;4,10; 30,1;2,g;g,20,0,120,20,470,NA,415,0.1,3,4,0,20,10,20,trial_start,NA
2026_01_04_acp02,acp,acp02,1/4/2026,2,2026_01_04_acp_r02,stim_characterization_02_cno,0,NA,dual,10,nac_corr,opto_pulse,opto_trial,34,415; 470,1.8;4,10; 30,1;2,g;g,20,0,120,20,470,NA,415,0.1,3,4,0,20,10,20,trial_start,NA
2026_01_04_acp02,acp,acp02,1/4/2026,2,2026_01_04_acp_r02,stim_characterization_02_cno,0,NA,dual,11,nac,opto_pulse,opto_trial,34,415; 470,1.8;4,10; 30,1;2,g;g,20,0,120,20,470,NA,415,0.1,3,4,0,20,10,20,trial_start,NA
2026_01_04_acp02,acp,acp02,1/4/2026,2,2026_01_04_acp_r02,stim_characterization_02_cno,0,NA,dual,6,dms,opto_pulse,opto_trial,34,415; 470,1.8;4,10; 30,1;2,g;g,20,0,120,20,470,NA,415,0.1,3,4,0,20,10,20,trial_start,NA
2026_01_04_acp02,acp,acp02,1/4/2026,2,2026_01_04_acp_r02,stim_characterization_02_cno,0,NA,dual,5,dls,opto_pulse,opto_trial,34,415; 470,1.8;4,10; 30,1;2,g;g,20,0,120,20,470,NA,415,0.1,3,4,0,20,10,20,trial_start,NA
2026_01_04_acp02,acp,acp02,1/4/2026,2,2026_01_04_acp_r02,stim_characterization_02_cno,0,NA,dual,12,ts,opto_pulse,opto_trial,34,415; 470,1.8;4,10; 30,1;2,g;g,20,0,120,20,470,NA,415,0.1,3,4,0,20,10,20,trial_start,NA
2026_01_04_acp04,acp,acp04,1/4/2026,3,2026_01_04_acp_r03,stim_characterization_02_cno,0,NA,dual,10,nac_shelllat,opto_pulse,opto_trial,34,415; 470,1.8;4,10; 30,1;2,g;g,20,0,120,20,470,NA,415,0.1,3,4,0,20,10,20,trial_start,NA
2026_01_04_acp04,acp,acp04,1/4/2026,3,2026_01_04_acp_r03,stim_characterization_02_cno,0,NA,dual,11,nac_corr,opto_pulse,opto_trial,34,415; 470,1.8;4,10; 30,1;2,g;g,20,0,120,20,470,NA,415,0.1,3,4,0,20,10,20,trial_start,NA
2026_01_04_acp04,acp,acp04,1/4/2026,3,2026_01_04_acp_r03,stim_characterization_02_cno,0,NA,dual,12,nac,opto_pulse,opto_trial,34,415; 470,1.8;4,10; 30,1;2,g;g,20,0,120,20,470,NA,415,0.1,3,4,0,20,10,20,trial_start,NA
2026_01_04_acp04,acp,acp04,1/4/2026,3,2026_01_04_acp_r03,stim_characterization_02_cno,0,NA,dual,5,dms,opto_pulse,opto_trial,34,415; 470,1.8;4,10; 30,1;2,g;g,20,0,120,20,470,NA,415,0.1,3,4,0,20,10,20,trial_start,NA
2026_01_04_acp04,acp,acp04,1/4/2026,3,2026_01_04_acp_r03,stim_characterization_02_cno,0,NA,dual,6,dls,opto_pulse,opto_trial,34,415; 470,1.8;4,10; 30,1;2,g;g,20,0,120,20,470,NA,415,0.1,3,4,0,20,10,20,trial_start,NA
2026_01_04_acp04,acp,acp04,1/4/2026,3,2026_01_04_acp_r03,stim_characterization_02_cno,0,NA,dual,4,ts,opto_pulse,opto_trial,34,415; 470,1.8;4,10; 30,1;2,g;g,20,0,120,20,470,NA,415,0.1,3,4,0,20,10,20,trial_start,NA
2026_01_04_acp05,acp,acp05,1/4/2026,4,2026_01_04_acp_r04,stim_characterization_02_cno,0,NA,dual,5,nac_shelllat,opto_pulse,opto_trial,34,415; 470,1.8;4,10; 30,1;2,g;g,20,0,120,20,470,NA,415,0.1,3,4,0,20,10,20,trial_start,NA
2026_01_04_acp05,acp,acp05,1/4/2026,4,2026_01_04_acp_r04,stim_characterization_02_cno,0,NA,dual,10,nac_corr,opto_pulse,opto_trial,34,415; 470,1.8;4,10; 30,1;2,g;g,20,0,120,20,470,NA,415,0.1,3,4,0,20,10,20,trial_start,NA
2026_01_04_acp05,acp,acp05,1/4/2026,4,2026_01_04_acp_r04,stim_characterization_02_cno,0,NA,dual,6,nac,opto_pulse,opto_trial,34,415; 470,1.8;4,10; 30,1;2,g;g,20,0,120,20,470,NA,415,0.1,3,4,0,20,10,20,trial_start,NA
2026_01_04_acp05,acp,acp05,1/4/2026,4,2026_01_04_acp_r04,stim_characterization_02_cno,0,NA,dual,4,dms,opto_pulse,opto_trial,34,415; 470,1.8;4,10; 30,1;2,g;g,20,0,120,20,470,NA,415,0.1,3,4,0,20,10,20,trial_start,NA
2026_01_04_acp05,acp,acp05,1/4/2026,4,2026_01_04_acp_r04,stim_characterization_02_cno,0,NA,dual,11,dls,opto_pulse,opto_trial,34,415; 470,1.8;4,10; 30,1;2,g;g,20,0,120,20,470,NA,415,0.1,3,4,0,20,10,20,trial_start,NA
2026_01_04_acp05,acp,acp05,1/4/2026,4,2026_01_04_acp_r04,stim_characterization_02_cno,0,NA,dual,12,ts,opto_pulse,opto_trial,34,415; 470,1.8;4,10; 30,1;2,g;g,20,0,120,20,470,NA,415,0.1,3,4,0,20,10,20,trial_start,NA
2026_01_04_acp06,acp,acp06,1/4/2026,5,2026_01_04_acp_r05,stim_characterization_02_cno,0,NA,dual,6,nac_shelllat,opto_pulse,opto_trial,34,415; 470,1.8;4,10; 30,1;2,g;g,20,0,120,20,470,NA,415,0.1,3,4,0,20,10,20,trial_start,NA
2026_01_04_acp06,acp,acp06,1/4/2026,5,2026_01_04_acp_r05,stim_characterization_02_cno,0,NA,dual,12,nac_corr,opto_pulse,opto_trial,34,415; 470,1.8;4,10; 30,1;2,g;g,20,0,120,20,470,NA,415,0.1,3,4,0,20,10,20,trial_start,NA
2026_01_04_acp06,acp,acp06,1/4/2026,5,2026_01_04_acp_r05,stim_characterization_02_cno,0,NA,dual,11,nac,opto_pulse,opto_trial,34,415; 470,1.8;4,10; 30,1;2,g;g,20,0,120,20,470,NA,415,0.1,3,4,0,20,10,20,trial_start,NA
2026_01_04_acp06,acp,acp06,1/4/2026,5,2026_01_04_acp_r05,stim_characterization_02_cno,0,NA,dual,4,dms,opto_pulse,opto_trial,34,415; 470,1.8;4,10; 30,1;2,g;g,20,0,120,20,470,NA,415,0.1,3,4,0,20,10,20,trial_start,NA
2026_01_04_acp06,acp,acp06,1/4/2026,5,2026_01_04_acp_r05,stim_characterization_02_cno,0,NA,dual,5,dls,opto_pulse,opto_trial,34,415; 470,1.8;4,10; 30,1;2,g;g,20,0,120,20,470,NA,415,0.1,3,4,0,20,10,20,trial_start,NA
2026_01_04_acp06,acp,acp06,1/4/2026,5,2026_01_04_acp_r05,stim_characterization_02_cno,0,NA,dual,10,ts,opto_pulse,opto_trial,34,415; 470,1.8;4,10; 30,1;2,g;g,20,0,120,20,470,NA,415,0.1,3,4,0,20,10,20,trial_start,NA
2026_01_04_acp07,acp,acp07,1/4/2026,6,2026_01_04_acp_r06,stim_characterization_02_cno,0,NA,dual,12,nac_shelllat,opto_pulse,opto_trial,34,415; 470,1.8;4,10; 30,1;2,g;g,20,0,120,20,470,NA,415,0.1,3,4,0,20,10,20,trial_start,NA
2026_01_04_acp07,acp,acp07,1/4/2026,6,2026_01_04_acp_r06,stim_characterization_02_cno,0,NA,dual,4,nac_corr,opto_pulse,opto_trial,34,415; 470,1.8;4,10; 30,1;2,g;g,20,0,120,20,470,NA,415,0.1,3,4,0,20,10,20,trial_start,NA
2026_01_04_acp07,acp,acp07,1/4/2026,6,2026_01_04_acp_r06,stim_characterization_02_cno,0,NA,dual,5,nac,opto_pulse,opto_trial,34,415; 470,1.8;4,10; 30,1;2,g;g,20,0,120,20,470,NA,415,0.1,3,4,0,20,10,20,trial_start,NA
2026_01_04_acp07,acp,acp07,1/4/2026,6,2026_01_04_acp_r06,stim_characterization_02_cno,0,NA,dual,11,dms,opto_pulse,opto_trial,34,415; 470,1.8;4,10; 30,1;2,g;g,20,0,120,20,470,NA,415,0.1,3,4,0,20,10,20,trial_start,NA
2026_01_04_acp07,acp,acp07,1/4/2026,6,2026_01_04_acp_r06,stim_characterization_02_cno,0,NA,dual,10,dls,opto_pulse,opto_trial,34,415; 470,1.8;4,10; 30,1;2,g;g,20,0,120,20,470,NA,415,0.1,3,4,0,20,10,20,trial_start,NA
2026_01_04_acp07,acp,acp07,1/4/2026,6,2026_01_04_acp_r06,stim_characterization_02_cno,0,NA,dual,6,ts,opto_pulse,opto_trial,34,415; 470,1.8;4,10; 30,1;2,g;g,20,0,120,20,470,NA,415,0.1,3,4,0,20,10,20,trial_start,NA
2026_01_04_acp08,acp,acp08,1/4/2026,7,2026_01_04_acp_r07,stim_characterization_02_cno,0,NA,dual,5,nac_shelllat,opto_pulse,opto_trial,34,415; 470,1.8;4,10; 30,1;2,g;g,20,0,120,20,470,NA,415,0.1,3,4,0,20,10,20,trial_start,NA
2026_01_04_acp08,acp,acp08,1/4/2026,7,2026_01_04_acp_r07,stim_characterization_02_cno,0,NA,dual,12,nac_corr,opto_pulse,opto_trial,34,415; 470,1.8;4,10; 30,1;2,g;g,20,0,120,20,470,NA,415,0.1,3,4,0,20,10,20,trial_start,NA
2026_01_04_acp08,acp,acp08,1/4/2026,7,2026_01_04_acp_r07,stim_characterization_02_cno,0,NA,dual,10,nac,opto_pulse,opto_trial,34,415; 470,1.8;4,10; 30,1;2,g;g,20,0,120,20,470,NA,415,0.1,3,4,0,20,10,20,trial_start,NA
2026_01_04_acp08,acp,acp08,1/4/2026,7,2026_01_04_acp_r07,stim_characterization_02_cno,0,NA,dual,11,dms,opto_pulse,opto_trial,34,415; 470,1.8;4,10; 30,1;2,g;g,20,0,120,20,470,NA,415,0.1,3,4,0,20,10,20,trial_start,NA
2026_01_04_acp08,acp,acp08,1/4/2026,7,2026_01_04_acp_r07,stim_characterization_02_cno,0,NA,dual,6,dls,opto_pulse,opto_trial,34,415; 470,1.8;4,10; 30,1;2,g;g,20,0,120,20,470,NA,415,0.1,3,4,0,20,10,20,trial_start,NA
2026_01_04_acp08,acp,acp08,1/4/2026,7,2026_01_04_acp_r07,stim_characterization_02_cno,0,NA,dual,4,ts,opto_pulse,opto_trial,34,415; 470,1.8;4,10; 30,1;2,g;g,20,0,120,20,470,NA,415,0.1,3,4,0,20,10,20,trial_start,NA
2026_01_04_acp09,acp,acp09,1/4/2026,8,2026_01_04_acp_r08,stim_characterization_02_cno,0,NA,dual,11,nac_shelllat,opto_pulse,opto_trial,34,415; 470,1.8;4,10; 30,1;2,g;g,20,0,120,20,470,NA,415,0.1,3,4,0,20,10,20,trial_start,NA
2026_01_04_acp09,acp,acp09,1/4/2026,8,2026_01_04_acp_r08,stim_characterization_02_cno,0,NA,dual,4,nac_corr,opto_pulse,opto_trial,34,415; 470,1.8;4,10; 30,1;2,g;g,20,0,120,20,470,NA,415,0.1,3,4,0,20,10,20,trial_start,NA
2026_01_04_acp09,acp,acp09,1/4/2026,8,2026_01_04_acp_r08,stim_characterization_02_cno,0,NA,dual,5,nac,opto_pulse,opto_trial,34,415; 470,1.8;4,10; 30,1;2,g;g,20,0,120,20,470,NA,415,0.1,3,4,0,20,10,20,trial_start,NA
2026_01_04_acp09,acp,acp09,1/4/2026,8,2026_01_04_acp_r08,stim_characterization_02_cno,0,NA,dual,6,dms,opto_pulse,opto_trial,34,415; 470,1.8;4,10; 30,1;2,g;g,20,0,120,20,470,NA,415,0.1,3,4,0,20,10,20,trial_start,NA
2026_01_04_acp09,acp,acp09,1/4/2026,8,2026_01_04_acp_r08,stim_characterization_02_cno,0,NA,dual,10,dls,opto_pulse,opto_trial,34,415; 470,1.8;4,10; 30,1;2,g;g,20,0,120,20,470,NA,415,0.1,3,4,0,20,10,20,trial_start,NA
2026_01_04_acp09,acp,acp09,1/4/2026,8,2026_01_04_acp_r08,stim_characterization_02_cno,0,NA,dual,12,ts,opto_pulse,opto_trial,34,415; 470,1.8;4,10; 30,1;2,g;g,20,0,120,20,470,NA,415,0.1,3,4,0,20,10,20,trial_start,NA
2026_01_04_acp11,acp,acp11,1/4/2026,9,2026_01_04_acp_r09,stim_characterization_02_cno,0,NA,dual,4,nac_shelllat,opto_pulse,opto_trial,34,415; 470,1.8;4,10; 30,1;2,g;g,20,0,120,20,470,NA,415,0.1,3,4,0,20,10,20,trial_start,NA
2026_01_04_acp11,acp,acp11,1/4/2026,9,2026_01_04_acp_r09,stim_characterization_02_cno,0,NA,dual,5,nac_corr,opto_pulse,opto_trial,34,415; 470,1.8;4,10; 30,1;2,g;g,20,0,120,20,470,NA,415,0.1,3,4,0,20,10,20,trial_start,NA
2026_01_04_acp11,acp,acp11,1/4/2026,9,2026_01_04_acp_r09,stim_characterization_02_cno,0,NA,dual,11,nac,opto_pulse,opto_trial,34,415; 470,1.8;4,10; 30,1;2,g;g,20,0,120,20,470,NA,415,0.1,3,4,0,20,10,20,trial_start,NA
2026_01_04_acp11,acp,acp11,1/4/2026,9,2026_01_04_acp_r09,stim_characterization_02_cno,0,NA,dual,12,dms,opto_pulse,opto_trial,34,415; 470,1.8;4,10; 30,1;2,g;g,20,0,120,20,470,NA,415,0.1,3,4,0,20,10,20,trial_start,NA
2026_01_04_acp11,acp,acp11,1/4/2026,9,2026_01_04_acp_r09,stim_characterization_02_cno,0,NA,dual,6,dls,opto_pulse,opto_trial,34,415; 470,1.8;4,10; 30,1;2,g;g,20,0,120,20,470,NA,415,0.1,3,4,0,20,10,20,trial_start,NA
2026_01_04_acp11,acp,acp11,1/4/2026,9,2026_01_04_acp_r09,stim_characterization_02_cno,0,NA,dual,10,ts,opto_pulse,opto_trial,34,415; 470,1.8;4,10; 30,1;2,g;g,20,0,120,20,470,NA,415,0.1,3,4,0,20,10,20,trial_start,NA
2026_01_04_acp13,acp,acp13,1/4/2026,10,2026_01_04_acp_r10,stim_characterization_02_cno,0,NA,dual,4,nac_shelllat,opto_pulse,opto_trial,34,415; 470,1.8;4,10; 30,1;2,g;g,20,0,120,20,470,NA,415,0.1,3,4,0,20,10,20,trial_start,NA
2026_01_04_acp13,acp,acp13,1/4/2026,10,2026_01_04_acp_r10,stim_characterization_02_cno,0,NA,dual,6,nac_corr,opto_pulse,opto_trial,34,415; 470,1.8;4,10; 30,1;2,g;g,20,0,120,20,470,NA,415,0.1,3,4,0,20,10,20,trial_start,NA
2026_01_04_acp13,acp,acp13,1/4/2026,10,2026_01_04_acp_r10,stim_characterization_02_cno,0,NA,dual,11,nac,opto_pulse,opto_trial,34,415; 470,1.8;4,10; 30,1;2,g;g,20,0,120,20,470,NA,415,0.1,3,4,0,20,10,20,trial_start,NA
2026_01_04_acp13,acp,acp13,1/4/2026,10,2026_01_04_acp_r10,stim_characterization_02_cno,0,NA,dual,10,dms,opto_pulse,opto_trial,34,415; 470,1.8;4,10; 30,1;2,g;g,20,0,120,20,470,NA,415,0.1,3,4,0,20,10,20,trial_start,NA
2026_01_04_acp13,acp,acp13,1/4/2026,10,2026_01_04_acp_r10,stim_characterization_02_cno,0,NA,dual,5,dls,opto_pulse,opto_trial,34,415; 470,1.8;4,10; 30,1;2,g;g,20,0,120,20,470,NA,415,0.1,3,4,0,20,10,20,trial_start,NA
2026_01_04_acp13,acp,acp13,1/4/2026,10,2026_01_04_acp_r10,stim_characterization_02_cno,0,NA,dual,12,ts,opto_pulse,opto_trial,34,415; 470,1.8;4,10; 30,1;2,g;g,20,0,120,20,470,NA,415,0.1,3,4,0,20,10,20,trial_start,NA
2026_01_04_acp14,acp,acp14,1/4/2026,11,2026_01_04_acp_r11,stim_characterization_02_cno,0,NA,dual,11,nac_shelllat,opto_pulse,opto_trial,34,415; 470,1.8;4,10; 30,1;2,g;g,20,0,120,20,470,NA,415,0.1,3,4,0,20,10,20,trial_start,NA
2026_01_04_acp14,acp,acp14,1/4/2026,11,2026_01_04_acp_r11,stim_characterization_02_cno,0,NA,dual,12,nac_corr,opto_pulse,opto_trial,34,415; 470,1.8;4,10; 30,1;2,g;g,20,0,120,20,470,NA,415,0.1,3,4,0,20,10,20,trial_start,NA
2026_01_04_acp14,acp,acp14,1/4/2026,11,2026_01_04_acp_r11,stim_characterization_02_cno,0,NA,dual,6,nac,opto_pulse,opto_trial,34,415; 470,1.8;4,10; 30,1;2,g;g,20,0,120,20,470,NA,415,0.1,3,4,0,20,10,20,trial_start,NA
2026_01_04_acp14,acp,acp14,1/4/2026,11,2026_01_04_acp_r11,stim_characterization_02_cno,0,NA,dual,5,dms,opto_pulse,opto_trial,34,415; 470,1.8;4,10; 30,1;2,g;g,20,0,120,20,470,NA,415,0.1,3,4,0,20,10,20,trial_start,NA
2026_01_04_acp14,acp,acp14,1/4/2026,11,2026_01_04_acp_r11,stim_characterization_02_cno,0,NA,dual,10,dls,opto_pulse,opto_trial,34,415; 470,1.8;4,10; 30,1;2,g;g,20,0,120,20,470,NA,415,0.1,3,4,0,20,10,20,trial_start,NA
2026_01_04_acp14,acp,acp14,1/4/2026,11,2026_01_04_acp_r11,stim_characterization_02_cno,0,NA,dual,4,ts,opto_pulse,opto_trial,34,415; 470,1.8;4,10; 30,1;2,g;g,20,0,120,20,470,NA,415,0.1,3,4,0,20,10,20,trial_start,NA
2026_01_04_acp15,acp,acp15,1/4/2026,12,2026_01_04_acp_r12,stim_characterization_02_cno,0,NA,dual,12,nac_shelllat,opto_pulse,opto_trial,34,415; 470,1.8;4,10; 30,1;2,g;g,20,0,120,20,470,NA,415,0.1,3,4,0,20,10,20,trial_start,NA
2026_01_04_acp15,acp,acp15,1/4/2026,12,2026_01_04_acp_r12,stim_characterization_02_cno,0,NA,dual,6,nac_corr,opto_pulse,opto_trial,34,415; 470,1.8;4,10; 30,1;2,g;g,20,0,120,20,470,NA,415,0.1,3,4,0,20,10,20,trial_start,NA
2026_01_04_acp15,acp,acp15,1/4/2026,12,2026_01_04_acp_r12,stim_characterization_02_cno,0,NA,dual,10,nac,opto_pulse,opto_trial,34,415; 470,1.8;4,10; 30,1;2,g;g,20,0,120,20,470,NA,415,0.1,3,4,0,20,10,20,trial_start,NA
2026_01_04_acp15,acp,acp15,1/4/2026,12,2026_01_04_acp_r12,stim_characterization_02_cno,0,NA,dual,11,dms,opto_pulse,opto_trial,34,415; 470,1.8;4,10; 30,1;2,g;g,20,0,120,20,470,NA,415,0.1,3,4,0,20,10,20,trial_start,NA
2026_01_04_acp15,acp,acp15,1/4/2026,12,2026_01_04_acp_r12,stim_characterization_02_cno,0,NA,dual,4,dls,opto_pulse,opto_trial,34,415; 470,1.8;4,10; 30,1;2,g;g,20,0,120,20,470,NA,415,0.1,3,4,0,20,10,20,trial_start,NA
2026_01_04_acp15,acp,acp15,1/4/2026,12,2026_01_04_acp_r12,stim_characterization_02_cno,0,NA,dual,5,ts,opto_pulse,opto_trial,34,415; 470,1.8;4,10; 30,1;2,g;g,20,0,120,20,470,NA,415,0.1,3,4,0,20,10,20,trial_start,NA
2026_01_05_acp01,acp,acp01,1/5/2026,1,2026_01_05_acp_r01,stim_characterization_03_veh,0,NA,dual,11,nac_shelllat,opto_pulse,opto_trial,34,415; 470,1.8;4,10; 30,1;2,g;g,20,0,120,20,470,NA,415,0.1,3,4,0,20,10,20,trial_start,NA
2026_01_05_acp01,acp,acp01,1/5/2026,1,2026_01_05_acp_r01,stim_characterization_03_veh,0,NA,dual,4,nac_corr,opto_pulse,opto_trial,34,415; 470,1.8;4,10; 30,1;2,g;g,20,0,120,20,470,NA,415,0.1,3,4,0,20,10,20,trial_start,NA
2026_01_05_acp01,acp,acp01,1/5/2026,1,2026_01_05_acp_r01,stim_characterization_03_veh,0,NA,dual,12,nac,opto_pulse,opto_trial,34,415; 470,1.8;4,10; 30,1;2,g;g,20,0,120,20,470,NA,415,0.1,3,4,0,20,10,20,trial_start,NA
2026_01_05_acp01,acp,acp01,1/5/2026,1,2026_01_05_acp_r01,stim_characterization_03_veh,0,NA,dual,10,dms,opto_pulse,opto_trial,34,415; 470,1.8;4,10; 30,1;2,g;g,20,0,120,20,470,NA,415,0.1,3,4,0,20,10,20,trial_start,NA
2026_01_05_acp01,acp,acp01,1/5/2026,1,2026_01_05_acp_r01,stim_characterization_03_veh,0,NA,dual,5,dls,opto_pulse,opto_trial,34,415; 470,1.8;4,10; 30,1;2,g;g,20,0,120,20,470,NA,415,0.1,3,4,0,20,10,20,trial_start,NA
2026_01_05_acp01,acp,acp01,1/5/2026,1,2026_01_05_acp_r01,stim_characterization_03_veh,0,NA,dual,6,ts,opto_pulse,opto_trial,34,415; 470,1.8;4,10; 30,1;2,g;g,20,0,120,20,470,NA,415,0.1,3,4,0,20,10,20,trial_start,NA
2026_01_05_acp02,acp,acp02,1/5/2026,2,2026_01_05_acp_r02,stim_characterization_03_veh,0,NA,dual,4,nac_shelllat,opto_pulse,opto_trial,34,415; 470,1.8;4,10; 30,1;2,g;g,20,0,120,20,470,NA,415,0.1,3,4,0,20,10,20,trial_start,NA
2026_01_05_acp02,acp,acp02,1/5/2026,2,2026_01_05_acp_r02,stim_characterization_03_veh,0,NA,dual,10,nac_corr,opto_pulse,opto_trial,34,415; 470,1.8;4,10; 30,1;2,g;g,20,0,120,20,470,NA,415,0.1,3,4,0,20,10,20,trial_start,NA
2026_01_05_acp02,acp,acp02,1/5/2026,2,2026_01_05_acp_r02,stim_characterization_03_veh,0,NA,dual,11,nac,opto_pulse,opto_trial,34,415; 470,1.8;4,10; 30,1;2,g;g,20,0,120,20,470,NA,415,0.1,3,4,0,20,10,20,trial_start,NA
2026_01_05_acp02,acp,acp02,1/5/2026,2,2026_01_05_acp_r02,stim_characterization_03_veh,0,NA,dual,6,dms,opto_pulse,opto_trial,34,415; 470,1.8;4,10; 30,1;2,g;g,20,0,120,20,470,NA,415,0.1,3,4,0,20,10,20,trial_start,NA
2026_01_05_acp02,acp,acp02,1/5/2026,2,2026_01_05_acp_r02,stim_characterization_03_veh,0,NA,dual,5,dls,opto_pulse,opto_trial,34,415; 470,1.8;4,10; 30,1;2,g;g,20,0,120,20,470,NA,415,0.1,3,4,0,20,10,20,trial_start,NA
2026_01_05_acp02,acp,acp02,1/5/2026,2,2026_01_05_acp_r02,stim_characterization_03_veh,0,NA,dual,12,ts,opto_pulse,opto_trial,34,415; 470,1.8;4,10; 30,1;2,g;g,20,0,120,20,470,NA,415,0.1,3,4,0,20,10,20,trial_start,NA
2026_01_05_acp04,acp,acp04,1/5/2026,3,2026_01_05_acp_r03,stim_characterization_03_veh,0,NA,dual,10,nac_shelllat,opto_pulse,opto_trial,34,415; 470,1.8;4,10; 30,1;2,g;g,20,0,120,20,470,NA,415,0.1,3,4,0,20,10,20,trial_start,NA
2026_01_05_acp04,acp,acp04,1/5/2026,3,2026_01_05_acp_r03,stim_characterization_03_veh,0,NA,dual,11,nac_corr,opto_pulse,opto_trial,34,415; 470,1.8;4,10; 30,1;2,g;g,20,0,120,20,470,NA,415,0.1,3,4,0,20,10,20,trial_start,NA
2026_01_05_acp04,acp,acp04,1/5/2026,3,2026_01_05_acp_r03,stim_characterization_03_veh,0,NA,dual,12,nac,opto_pulse,opto_trial,34,415; 470,1.8;4,10; 30,1;2,g;g,20,0,120,20,470,NA,415,0.1,3,4,0,20,10,20,trial_start,NA
2026_01_05_acp04,acp,acp04,1/5/2026,3,2026_01_05_acp_r03,stim_characterization_03_veh,0,NA,dual,5,dms,opto_pulse,opto_trial,34,415; 470,1.8;4,10; 30,1;2,g;g,20,0,120,20,470,NA,415,0.1,3,4,0,20,10,20,trial_start,NA
2026_01_05_acp04,acp,acp04,1/5/2026,3,2026_01_05_acp_r03,stim_characterization_03_veh,0,NA,dual,6,dls,opto_pulse,opto_trial,34,415; 470,1.8;4,10; 30,1;2,g;g,20,0,120,20,470,NA,415,0.1,3,4,0,20,10,20,trial_start,NA
2026_01_05_acp04,acp,acp04,1/5/2026,3,2026_01_05_acp_r03,stim_characterization_03_veh,0,NA,dual,4,ts,opto_pulse,opto_trial,34,415; 470,1.8;4,10; 30,1;2,g;g,20,0,120,20,470,NA,415,0.1,3,4,0,20,10,20,trial_start,NA
2026_01_05_acp05,acp,acp05,1/5/2026,4,2026_01_05_acp_r04,stim_characterization_03_veh,0,NA,dual,5,nac_shelllat,opto_pulse,opto_trial,34,415; 470,1.8;4,10; 30,1;2,g;g,20,0,120,20,470,NA,415,0.1,3,4,0,20,10,20,trial_start,NA
2026_01_05_acp05,acp,acp05,1/5/2026,4,2026_01_05_acp_r04,stim_characterization_03_veh,0,NA,dual,10,nac_corr,opto_pulse,opto_trial,34,415; 470,1.8;4,10; 30,1;2,g;g,20,0,120,20,470,NA,415,0.1,3,4,0,20,10,20,trial_start,NA
2026_01_05_acp05,acp,acp05,1/5/2026,4,2026_01_05_acp_r04,stim_characterization_03_veh,0,NA,dual,6,nac,opto_pulse,opto_trial,34,415; 470,1.8;4,10; 30,1;2,g;g,20,0,120,20,470,NA,415,0.1,3,4,0,20,10,20,trial_start,NA
2026_01_05_acp05,acp,acp05,1/5/2026,4,2026_01_05_acp_r04,stim_characterization_03_veh,0,NA,dual,4,dms,opto_pulse,opto_trial,34,415; 470,1.8;4,10; 30,1;2,g;g,20,0,120,20,470,NA,415,0.1,3,4,0,20,10,20,trial_start,NA
2026_01_05_acp05,acp,acp05,1/5/2026,4,2026_01_05_acp_r04,stim_characterization_03_veh,0,NA,dual,11,dls,opto_pulse,opto_trial,34,415; 470,1.8;4,10; 30,1;2,g;g,20,0,120,20,470,NA,415,0.1,3,4,0,20,10,20,trial_start,NA
2026_01_05_acp05,acp,acp05,1/5/2026,4,2026_01_05_acp_r04,stim_characterization_03_veh,0,NA,dual,12,ts,opto_pulse,opto_trial,34,415; 470,1.8;4,10; 30,1;2,g;g,20,0,120,20,470,NA,415,0.1,3,4,0,20,10,20,trial_start,NA
2026_01_05_acp06,acp,acp06,1/5/2026,5,2026_01_05_acp_r05,stim_characterization_03_veh,0,NA,dual,6,nac_shelllat,opto_pulse,opto_trial,34,415; 470,1.8;4,10; 30,1;2,g;g,20,0,120,20,470,NA,415,0.1,3,4,0,20,10,20,trial_start,NA
2026_01_05_acp06,acp,acp06,1/5/2026,5,2026_01_05_acp_r05,stim_characterization_03_veh,0,NA,dual,12,nac_corr,opto_pulse,opto_trial,34,415; 470,1.8;4,10; 30,1;2,g;g,20,0,120,20,470,NA,415,0.1,3,4,0,20,10,20,trial_start,NA
2026_01_05_acp06,acp,acp06,1/5/2026,5,2026_01_05_acp_r05,stim_characterization_03_veh,0,NA,dual,11,nac,opto_pulse,opto_trial,34,415; 470,1.8;4,10; 30,1;2,g;g,20,0,120,20,470,NA,415,0.1,3,4,0,20,10,20,trial_start,NA
2026_01_05_acp06,acp,acp06,1/5/2026,5,2026_01_05_acp_r05,stim_characterization_03_veh,0,NA,dual,4,dms,opto_pulse,opto_trial,34,415; 470,1.8;4,10; 30,1;2,g;g,20,0,120,20,470,NA,415,0.1,3,4,0,20,10,20,trial_start,NA
2026_01_05_acp06,acp,acp06,1/5/2026,5,2026_01_05_acp_r05,stim_characterization_03_veh,0,NA,dual,5,dls,opto_pulse,opto_trial,34,415; 470,1.8;4,10; 30,1;2,g;g,20,0,120,20,470,NA,415,0.1,3,4,0,20,10,20,trial_start,NA
2026_01_05_acp06,acp,acp06,1/5/2026,5,2026_01_05_acp_r05,stim_characterization_03_veh,0,NA,dual,10,ts,opto_pulse,opto_trial,34,415; 470,1.8;4,10; 30,1;2,g;g,20,0,120,20,470,NA,415,0.1,3,4,0,20,10,20,trial_start,NA
2026_01_05_acp07,acp,acp07,1/5/2026,6,2026_01_05_acp_r06,stim_characterization_03_veh,0,NA,dual,12,nac_shelllat,opto_pulse,opto_trial,34,415; 470,1.8;4,10; 30,1;2,g;g,20,0,120,20,470,NA,415,0.1,3,4,0,20,10,20,trial_start,NA
2026_01_05_acp07,acp,acp07,1/5/2026,6,2026_01_05_acp_r06,stim_characterization_03_veh,0,NA,dual,4,nac_corr,opto_pulse,opto_trial,34,415; 470,1.8;4,10; 30,1;2,g;g,20,0,120,20,470,NA,415,0.1,3,4,0,20,10,20,trial_start,NA
2026_01_05_acp07,acp,acp07,1/5/2026,6,2026_01_05_acp_r06,stim_characterization_03_veh,0,NA,dual,5,nac,opto_pulse,opto_trial,34,415; 470,1.8;4,10; 30,1;2,g;g,20,0,120,20,470,NA,415,0.1,3,4,0,20,10,20,trial_start,NA
2026_01_05_acp07,acp,acp07,1/5/2026,6,2026_01_05_acp_r06,stim_characterization_03_veh,0,NA,dual,11,dms,opto_pulse,opto_trial,34,415; 470,1.8;4,10; 30,1;2,g;g,20,0,120,20,470,NA,415,0.1,3,4,0,20,10,20,trial_start,NA
2026_01_05_acp07,acp,acp07,1/5/2026,6,2026_01_05_acp_r06,stim_characterization_03_veh,0,NA,dual,10,dls,opto_pulse,opto_trial,34,415; 470,1.8;4,10; 30,1;2,g;g,20,0,120,20,470,NA,415,0.1,3,4,0,20,10,20,trial_start,NA
2026_01_05_acp07,acp,acp07,1/5/2026,6,2026_01_05_acp_r06,stim_characterization_03_veh,0,NA,dual,6,ts,opto_pulse,opto_trial,34,415; 470,1.8;4,10; 30,1;2,g;g,20,0,120,20,470,NA,415,0.1,3,4,0,20,10,20,trial_start,NA
2026_01_05_acp08,acp,acp08,1/5/2026,7,2026_01_05_acp_r07,stim_characterization_03_veh,0,NA,dual,5,nac_shelllat,opto_pulse,opto_trial,34,415; 470,1.8;4,10; 30,1;2,g;g,20,0,120,20,470,NA,415,0.1,3,4,0,20,10,20,trial_start,NA
2026_01_05_acp08,acp,acp08,1/5/2026,7,2026_01_05_acp_r07,stim_characterization_03_veh,0,NA,dual,12,nac_corr,opto_pulse,opto_trial,34,415; 470,1.8;4,10; 30,1;2,g;g,20,0,120,20,470,NA,415,0.1,3,4,0,20,10,20,trial_start,NA
2026_01_05_acp08,acp,acp08,1/5/2026,7,2026_01_05_acp_r07,stim_characterization_03_veh,0,NA,dual,10,nac,opto_pulse,opto_trial,34,415; 470,1.8;4,10; 30,1;2,g;g,20,0,120,20,470,NA,415,0.1,3,4,0,20,10,20,trial_start,NA
2026_01_05_acp08,acp,acp08,1/5/2026,7,2026_01_05_acp_r07,stim_characterization_03_veh,0,NA,dual,11,dms,opto_pulse,opto_trial,34,415; 470,1.8;4,10; 30,1;2,g;g,20,0,120,20,470,NA,415,0.1,3,4,0,20,10,20,trial_start,NA
2026_01_05_acp08,acp,acp08,1/5/2026,7,2026_01_05_acp_r07,stim_characterization_03_veh,0,NA,dual,6,dls,opto_pulse,opto_trial,34,415; 470,1.8;4,10; 30,1;2,g;g,20,0,120,20,470,NA,415,0.1,3,4,0,20,10,20,trial_start,NA
2026_01_05_acp08,acp,acp08,1/5/2026,7,2026_01_05_acp_r07,stim_characterization_03_veh,0,NA,dual,4,ts,opto_pulse,opto_trial,34,415; 470,1.8;4,10; 30,1;2,g;g,20,0,120,20,470,NA,415,0.1,3,4,0,20,10,20,trial_start,NA
2026_01_05_acp09,acp,acp09,1/5/2026,8,2026_01_05_acp_r08,stim_characterization_03_veh,0,NA,dual,11,nac_shelllat,opto_pulse,opto_trial,34,415; 470,1.8;4,10; 30,1;2,g;g,20,0,120,20,470,NA,415,0.1,3,4,0,20,10,20,trial_start,NA
2026_01_05_acp09,acp,acp09,1/5/2026,8,2026_01_05_acp_r08,stim_characterization_03_veh,0,NA,dual,4,nac_corr,opto_pulse,opto_trial,34,415; 470,1.8;4,10; 30,1;2,g;g,20,0,120,20,470,NA,415,0.1,3,4,0,20,10,20,trial_start,NA
2026_01_05_acp09,acp,acp09,1/5/2026,8,2026_01_05_acp_r08,stim_characterization_03_veh,0,NA,dual,5,nac,opto_pulse,opto_trial,34,415; 470,1.8;4,10; 30,1;2,g;g,20,0,120,20,470,NA,415,0.1,3,4,0,20,10,20,trial_start,NA
2026_01_05_acp09,acp,acp09,1/5/2026,8,2026_01_05_acp_r08,stim_characterization_03_veh,0,NA,dual,6,dms,opto_pulse,opto_trial,34,415; 470,1.8;4,10; 30,1;2,g;g,20,0,120,20,470,NA,415,0.1,3,4,0,20,10,20,trial_start,NA
2026_01_05_acp09,acp,acp09,1/5/2026,8,2026_01_05_acp_r08,stim_characterization_03_veh,0,NA,dual,10,dls,opto_pulse,opto_trial,34,415; 470,1.8;4,10; 30,1;2,g;g,20,0,120,20,470,NA,415,0.1,3,4,0,20,10,20,trial_start,NA
2026_01_05_acp09,acp,acp09,1/5/2026,8,2026_01_05_acp_r08,stim_characterization_03_veh,0,NA,dual,12,ts,opto_pulse,opto_trial,34,415; 470,1.8;4,10; 30,1;2,g;g,20,0,120,20,470,NA,415,0.1,3,4,0,20,10,20,trial_start,NA
2026_01_05_acp11,acp,acp11,1/5/2026,9,2026_01_05_acp_r09,stim_characterization_03_veh,0,NA,dual,4,nac_shelllat,opto_pulse,opto_trial,34,415; 470,1.8;4,10; 30,1;2,g;g,20,0,120,20,470,NA,415,0.1,3,4,0,20,10,20,trial_start,NA
2026_01_05_acp11,acp,acp11,1/5/2026,9,2026_01_05_acp_r09,stim_characterization_03_veh,0,NA,dual,5,nac_corr,opto_pulse,opto_trial,34,415; 470,1.8;4,10; 30,1;2,g;g,20,0,120,20,470,NA,415,0.1,3,4,0,20,10,20,trial_start,NA
2026_01_05_acp11,acp,acp11,1/5/2026,9,2026_01_05_acp_r09,stim_characterization_03_veh,0,NA,dual,11,nac,opto_pulse,opto_trial,34,415; 470,1.8;4,10; 30,1;2,g;g,20,0,120,20,470,NA,415,0.1,3,4,0,20,10,20,trial_start,NA
2026_01_05_acp11,acp,acp11,1/5/2026,9,2026_01_05_acp_r09,stim_characterization_03_veh,0,NA,dual,12,dms,opto_pulse,opto_trial,34,415; 470,1.8;4,10; 30,1;2,g;g,20,0,120,20,470,NA,415,0.1,3,4,0,20,10,20,trial_start,NA
2026_01_05_acp11,acp,acp11,1/5/2026,9,2026_01_05_acp_r09,stim_characterization_03_veh,0,NA,dual,6,dls,opto_pulse,opto_trial,34,415; 470,1.8;4,10; 30,1;2,g;g,20,0,120,20,470,NA,415,0.1,3,4,0,20,10,20,trial_start,NA
2026_01_05_acp11,acp,acp11,1/5/2026,9,2026_01_05_acp_r09,stim_characterization_03_veh,0,NA,dual,10,ts,opto_pulse,opto_trial,34,415; 470,1.8;4,10; 30,1;2,g;g,20,0,120,20,470,NA,415,0.1,3,4,0,20,10,20,trial_start,NA
2026_01_05_acp13,acp,acp13,1/5/2026,10,2026_01_05_acp_r10,stim_characterization_03_veh,0,NA,dual,4,nac_shelllat,opto_pulse,opto_trial,34,415; 470,1.8;4,10; 30,1;2,g;g,20,0,120,20,470,NA,415,0.1,3,4,0,20,10,20,trial_start,NA
2026_01_05_acp13,acp,acp13,1/5/2026,10,2026_01_05_acp_r10,stim_characterization_03_veh,0,NA,dual,6,nac_corr,opto_pulse,opto_trial,34,415; 470,1.8;4,10; 30,1;2,g;g,20,0,120,20,470,NA,415,0.1,3,4,0,20,10,20,trial_start,NA
2026_01_05_acp13,acp,acp13,1/5/2026,10,2026_01_05_acp_r10,stim_characterization_03_veh,0,NA,dual,11,nac,opto_pulse,opto_trial,34,415; 470,1.8;4,10; 30,1;2,g;g,20,0,120,20,470,NA,415,0.1,3,4,0,20,10,20,trial_start,NA
2026_01_05_acp13,acp,acp13,1/5/2026,10,2026_01_05_acp_r10,stim_characterization_03_veh,0,NA,dual,10,dms,opto_pulse,opto_trial,34,415; 470,1.8;4,10; 30,1;2,g;g,20,0,120,20,470,NA,415,0.1,3,4,0,20,10,20,trial_start,NA
2026_01_05_acp13,acp,acp13,1/5/2026,10,2026_01_05_acp_r10,stim_characterization_03_veh,0,NA,dual,5,dls,opto_pulse,opto_trial,34,415; 470,1.8;4,10; 30,1;2,g;g,20,0,120,20,470,NA,415,0.1,3,4,0,20,10,20,trial_start,NA
2026_01_05_acp13,acp,acp13,1/5/2026,10,2026_01_05_acp_r10,stim_characterization_03_veh,0,NA,dual,12,ts,opto_pulse,opto_trial,34,415; 470,1.8;4,10; 30,1;2,g;g,20,0,120,20,470,NA,415,0.1,3,4,0,20,10,20,trial_start,NA
2026_01_05_acp14,acp,acp14,1/5/2026,11,2026_01_05_acp_r11,stim_characterization_03_veh,0,NA,dual,11,nac_shelllat,opto_pulse,opto_trial,34,415; 470,1.8;4,10; 30,1;2,g;g,20,0,120,20,470,NA,415,0.1,3,4,0,20,10,20,trial_start,NA
2026_01_05_acp14,acp,acp14,1/5/2026,11,2026_01_05_acp_r11,stim_characterization_03_veh,0,NA,dual,12,nac_corr,opto_pulse,opto_trial,34,415; 470,1.8;4,10; 30,1;2,g;g,20,0,120,20,470,NA,415,0.1,3,4,0,20,10,20,trial_start,NA
2026_01_05_acp14,acp,acp14,1/5/2026,11,2026_01_05_acp_r11,stim_characterization_03_veh,0,NA,dual,6,nac,opto_pulse,opto_trial,34,415; 470,1.8;4,10; 30,1;2,g;g,20,0,120,20,470,NA,415,0.1,3,4,0,20,10,20,trial_start,NA
2026_01_05_acp14,acp,acp14,1/5/2026,11,2026_01_05_acp_r11,stim_characterization_03_veh,0,NA,dual,5,dms,opto_pulse,opto_trial,34,415; 470,1.8;4,10; 30,1;2,g;g,20,0,120,20,470,NA,415,0.1,3,4,0,20,10,20,trial_start,NA
2026_01_05_acp14,acp,acp14,1/5/2026,11,2026_01_05_acp_r11,stim_characterization_03_veh,0,NA,dual,10,dls,opto_pulse,opto_trial,34,415; 470,1.8;4,10; 30,1;2,g;g,20,0,120,20,470,NA,415,0.1,3,4,0,20,10,20,trial_start,NA
2026_01_05_acp14,acp,acp14,1/5/2026,11,2026_01_05_acp_r11,stim_characterization_03_veh,0,NA,dual,4,ts,opto_pulse,opto_trial,34,415; 470,1.8;4,10; 30,1;2,g;g,20,0,120,20,470,NA,415,0.1,3,4,0,20,10,20,trial_start,NA
2026_01_05_acp15,acp,acp15,1/5/2026,12,2026_01_05_acp_r12,stim_characterization_03_veh,0,NA,dual,12,nac_shelllat,opto_pulse,opto_trial,34,415; 470,1.8;4,10; 30,1;2,g;g,20,0,120,20,470,NA,415,0.1,3,4,0,20,10,20,trial_start,NA
2026_01_05_acp15,acp,acp15,1/5/2026,12,2026_01_05_acp_r12,stim_characterization_03_veh,0,NA,dual,6,nac_corr,opto_pulse,opto_trial,34,415; 470,1.8;4,10; 30,1;2,g;g,20,0,120,20,470,NA,415,0.1,3,4,0,20,10,20,trial_start,NA
2026_01_05_acp15,acp,acp15,1/5/2026,12,2026_01_05_acp_r12,stim_characterization_03_veh,0,NA,dual,10,nac,opto_pulse,opto_trial,34,415; 470,1.8;4,10; 30,1;2,g;g,20,0,120,20,470,NA,415,0.1,3,4,0,20,10,20,trial_start,NA
2026_01_05_acp15,acp,acp15,1/5/2026,12,2026_01_05_acp_r12,stim_characterization_03_veh,0,NA,dual,11,dms,opto_pulse,opto_trial,34,415; 470,1.8;4,10; 30,1;2,g;g,20,0,120,20,470,NA,415,0.1,3,4,0,20,10,20,trial_start,NA
2026_01_05_acp15,acp,acp15,1/5/2026,12,2026_01_05_acp_r12,stim_characterization_03_veh,0,NA,dual,4,dls,opto_pulse,opto_trial,34,415; 470,1.8;4,10; 30,1;2,g;g,20,0,120,20,470,NA,415,0.1,3,4,0,20,10,20,trial_start,NA
2026_01_05_acp15,acp,acp15,1/5/2026,12,2026_01_05_acp_r12,stim_characterization_03_veh,0,NA,dual,5,ts,opto_pulse,opto_trial,34,415; 470,1.8;4,10; 30,1;2,g;g,20,0,120,20,470,NA,415,0.1,3,4,0,20,10,20,trial_start,NA
2026_01_14_acr09,acr,acr09,1/14/2026,1,2026_01_14_acr_r01,multi_s,0,NA,dual,12,lha,NA,NA,42,415; 470; 560,7.97;5.43;33.7,30;30;30,1;2;4,g;g;r,20,0,120,10,470,560,415,0.1,3,4,0,20,10,20,spout_extended,NA
2026_01_14_acr09,acr,acr09,1/14/2026,1,2026_01_14_acr_r01,multi_s,0,NA,dual,6,nac,NA,NA,42,415; 470; 560,7.97;5.43;33.7,30;30;30,1;2;4,g;g;r,20,0,120,10,470,560,415,0.1,3,4,0,20,10,20,spout_extended,NA
2026_01_14_acr09,acr,acr09,1/14/2026,1,2026_01_14_acr_r01,multi_s,0,NA,dual,10,dms,NA,NA,42,415; 470; 560,7.97;5.43;33.7,30;30;30,1;2;4,g;g;r,20,0,120,10,470,560,415,0.1,3,4,0,20,10,20,spout_extended,NA
2026_01_14_acr09,acr,acr09,1/14/2026,1,2026_01_14_acr_r01,multi_s,0,NA,dual,11,dls,NA,NA,42,415; 470; 560,7.97;5.43;33.7,30;30;30,1;2;4,g;g;r,20,0,120,10,470,560,415,0.1,3,4,0,20,10,20,spout_extended,NA
2026_01_14_acr09,acr,acr09,1/14/2026,1,2026_01_14_acr_r01,multi_s,0,NA,dual,4,ts,NA,NA,42,415; 470; 560,7.97;5.43;33.7,30;30;30,1;2;4,g;g;r,20,0,120,10,470,560,415,0.1,3,4,0,20,10,20,spout_extended,NA
2026_01_14_acr10,acr,acr10,1/14/2026,2,2026_01_14_acr_r02,multi_s,0,NA,dual,11,lha,NA,NA,42,415; 470; 560,7.97;5.43;33.7,30;30;30,1;2;4,g;g;r,20,0,120,10,470,560,415,0.1,3,4,0,20,10,20,spout_extended,NA
2026_01_14_acr10,acr,acr10,1/14/2026,2,2026_01_14_acr_r02,multi_s,0,NA,dual,12,nac,NA,NA,42,415; 470; 560,7.97;5.43;33.7,30;30;30,1;2;4,g;g;r,20,0,120,10,470,560,415,0.1,3,4,0,20,10,20,spout_extended,NA
2026_01_14_acr10,acr,acr10,1/14/2026,2,2026_01_14_acr_r02,multi_s,0,NA,dual,6,dms,NA,NA,42,415; 470; 560,7.97;5.43;33.7,30;30;30,1;2;4,g;g;r,20,0,120,10,470,560,415,0.1,3,4,0,20,10,20,spout_extended,NA
2026_01_14_acr10,acr,acr10,1/14/2026,2,2026_01_14_acr_r02,multi_s,0,NA,dual,5,dls,NA,NA,42,415; 470; 560,7.97;5.43;33.7,30;30;30,1;2;4,g;g;r,20,0,120,10,470,560,415,0.1,3,4,0,20,10,20,spout_extended,NA
2026_01_14_acr10,acr,acr10,1/14/2026,2,2026_01_14_acr_r02,multi_s,0,NA,dual,10,ts,NA,NA,42,415; 470; 560,7.97;5.43;33.7,30;30;30,1;2;4,g;g;r,20,0,120,10,470,560,415,0.1,3,4,0,20,10,20,spout_extended,NA
2026_01_15_acr09,acr,acr09,1/15/2026,1,2026_01_15_acr_r01,multi_s,0,NA,dual,5,lha,NA,NA,42,415; 470; 560,7.97;5.43;33.7,30;30;30,1;2;4,g;g;r,20,0,120,10,470,560,415,0.1,3,4,0,20,10,20,spout_extended,NA
2026_01_15_acr09,acr,acr09,1/15/2026,1,2026_01_15_acr_r01,multi_s,0,NA,dual,6,nac,NA,NA,42,415; 470; 560,7.97;5.43;33.7,30;30;30,1;2;4,g;g;r,20,0,120,10,470,560,415,0.1,3,4,0,20,10,20,spout_extended,NA
2026_01_15_acr09,acr,acr09,1/15/2026,1,2026_01_15_acr_r01,multi_s,0,NA,dual,12,dms,NA,NA,42,415; 470; 560,7.97;5.43;33.7,30;30;30,1;2;4,g;g;r,20,0,120,10,470,560,415,0.1,3,4,0,20,10,20,spout_extended,NA
2026_01_15_acr09,acr,acr09,1/15/2026,1,2026_01_15_acr_r01,multi_s,0,NA,dual,4,dls,NA,NA,42,415; 470; 560,7.97;5.43;33.7,30;30;30,1;2;4,g;g;r,20,0,120,10,470,560,415,0.1,3,4,0,20,10,20,spout_extended,NA
2026_01_15_acr09,acr,acr09,1/15/2026,1,2026_01_15_acr_r01,multi_s,0,NA,dual,11,ts,NA,NA,42,415; 470; 560,7.97;5.43;33.7,30;30;30,1;2;4,g;g;r,20,0,120,10,470,560,415,0.1,3,4,0,20,10,20,spout_extended,NA
2026_01_15_acr10,acr,acr10,1/15/2026,2,2026_01_15_acr_r02,multi_s,0,NA,dual,6,lha,NA,NA,42,415; 470; 560,7.97;5.43;33.7,30;30;30,1;2;4,g;g;r,20,0,120,10,470,560,415,0.1,3,4,0,20,10,20,spout_extended,NA
2026_01_15_acr10,acr,acr10,1/15/2026,2,2026_01_15_acr_r02,multi_s,0,NA,dual,11,nac,NA,NA,42,415; 470; 560,7.97;5.43;33.7,30;30;30,1;2;4,g;g;r,20,0,120,10,470,560,415,0.1,3,4,0,20,10,20,spout_extended,NA
2026_01_15_acr10,acr,acr10,1/15/2026,2,2026_01_15_acr_r02,multi_s,0,NA,dual,4,dms,NA,NA,42,415; 470; 560,7.97;5.43;33.7,30;30;30,1;2;4,g;g;r,20,0,120,10,470,560,415,0.1,3,4,0,20,10,20,spout_extended,NA
2026_01_15_acr10,acr,acr10,1/15/2026,2,2026_01_15_acr_r02,multi_s,0,NA,dual,10,dls,NA,NA,42,415; 470; 560,7.97;5.43;33.7,30;30;30,1;2;4,g;g;r,20,0,120,10,470,560,415,0.1,3,4,0,20,10,20,spout_extended,NA
2026_01_15_acr10,acr,acr10,1/15/2026,2,2026_01_15_acr_r02,multi_s,0,NA,dual,5,ts,NA,NA,42,415; 470; 560,7.97;5.43;33.7,30;30;30,1;2;4,g;g;r,20,0,120,10,470,560,415,0.1,3,4,0,20,10,20,spout_extended,NA
2026_01_16_acr09,acr,acr09,1/16/2026,1,2026_01_16_acr_r01,multi_s,0,NA,dual,12,lha,NA,NA,42,415; 470; 560,7.97;5.43;33.7,30;30;30,1;2;4,g;g;r,20,0,120,10,470,560,415,0.1,3,4,0,20,10,20,spout_extended,NA
2026_01_16_acr09,acr,acr09,1/16/2026,1,2026_01_16_acr_r01,multi_s,0,NA,dual,4,nac,NA,NA,42,415; 470; 560,7.97;5.43;33.7,30;30;30,1;2;4,g;g;r,20,0,120,10,470,560,415,0.1,3,4,0,20,10,20,spout_extended,NA
2026_01_16_acr09,acr,acr09,1/16/2026,1,2026_01_16_acr_r01,multi_s,0,NA,dual,11,dms,NA,NA,42,415; 470; 560,7.97;5.43;33.7,30;30;30,1;2;4,g;g;r,20,0,120,10,470,560,415,0.1,3,4,0,20,10,20,spout_extended,NA
2026_01_16_acr09,acr,acr09,1/16/2026,1,2026_01_16_acr_r01,multi_s,0,NA,dual,10,dls,NA,NA,42,415; 470; 560,7.97;5.43;33.7,30;30;30,1;2;4,g;g;r,20,0,120,10,470,560,415,0.1,3,4,0,20,10,20,spout_extended,NA
2026_01_16_acr09,acr,acr09,1/16/2026,1,2026_01_16_acr_r01,multi_s,0,NA,dual,6,ts,NA,NA,42,415; 470; 560,7.97;5.43;33.7,30;30;30,1;2;4,g;g;r,20,0,120,10,470,560,415,0.1,3,4,0,20,10,20,spout_extended,NA
2026_01_16_acr10,acr,acr10,1/16/2026,2,2026_01_16_acr_r02,multi_s,0,NA,dual,4,lha,NA,NA,42,415; 470; 560,7.97;5.43;33.7,30;30;30,1;2;4,g;g;r,20,0,120,10,470,560,415,0.1,3,4,0,20,10,20,spout_extended,NA
2026_01_16_acr10,acr,acr10,1/16/2026,2,2026_01_16_acr_r02,multi_s,0,NA,dual,6,nac,NA,NA,42,415; 470; 560,7.97;5.43;33.7,30;30;30,1;2;4,g;g;r,20,0,120,10,470,560,415,0.1,3,4,0,20,10,20,spout_extended,NA
2026_01_16_acr10,acr,acr10,1/16/2026,2,2026_01_16_acr_r02,multi_s,0,NA,dual,10,dms,NA,NA,42,415; 470; 560,7.97;5.43;33.7,30;30;30,1;2;4,g;g;r,20,0,120,10,470,560,415,0.1,3,4,0,20,10,20,spout_extended,NA
2026_01_16_acr10,acr,acr10,1/16/2026,2,2026_01_16_acr_r02,multi_s,0,NA,dual,12,dls,NA,NA,42,415; 470; 560,7.97;5.43;33.7,30;30;30,1;2;4,g;g;r,20,0,120,10,470,560,415,0.1,3,4,0,20,10,20,spout_extended,NA
2026_01_16_acr10,acr,acr10,1/16/2026,2,2026_01_16_acr_r02,multi_s,0,NA,dual,11,ts,NA,NA,42,415; 470; 560,7.97;5.43;33.7,30;30;30,1;2;4,g;g;r,20,0,120,10,470,560,415,0.1,3,4,0,20,10,20,spout_extended,NA
2026_01_21_acr09,acr,acr09,1/21/2026,1,2026_01_21_acr_r01,multi_nacl,0,NA,dual,11,lha,NA,NA,42,415; 470; 560,7.97;5.43;33.7,30;30;30,1;2;4,g;g;r,20,0,120,10,470,560,415,0.1,3,4,0,20,10,20,spout_extended,NA
2026_01_21_acr09,acr,acr09,1/21/2026,1,2026_01_21_acr_r01,multi_nacl,0,NA,dual,12,nac,NA,NA,42,415; 470; 560,7.97;5.43;33.7,30;30;30,1;2;4,g;g;r,20,0,120,10,470,560,415,0.1,3,4,0,20,10,20,spout_extended,NA
2026_01_21_acr09,acr,acr09,1/21/2026,1,2026_01_21_acr_r01,multi_nacl,0,NA,dual,10,dms,NA,NA,42,415; 470; 560,7.97;5.43;33.7,30;30;30,1;2;4,g;g;r,20,0,120,10,470,560,415,0.1,3,4,0,20,10,20,spout_extended,NA
2026_01_21_acr09,acr,acr09,1/21/2026,1,2026_01_21_acr_r01,multi_nacl,0,NA,dual,5,dls,NA,NA,42,415; 470; 560,7.97;5.43;33.7,30;30;30,1;2;4,g;g;r,20,0,120,10,470,560,415,0.1,3,4,0,20,10,20,spout_extended,NA
2026_01_21_acr09,acr,acr09,1/21/2026,1,2026_01_21_acr_r01,multi_nacl,0,NA,dual,6,ts,NA,NA,42,415; 470; 560,7.97;5.43;33.7,30;30;30,1;2;4,g;g;r,20,0,120,10,470,560,415,0.1,3,4,0,20,10,20,spout_extended,NA
2026_01_21_acr10,acr,acr10,1/21/2026,2,2026_01_21_acr_r02,multi_nacl,0,NA,dual,4,lha,NA,NA,42,415; 470; 560,7.97;5.43;33.7,30;30;30,1;2;4,g;g;r,20,0,120,10,470,560,415,0.1,3,4,0,20,10,20,spout_extended,NA
2026_01_21_acr10,acr,acr10,1/21/2026,2,2026_01_21_acr_r02,multi_nacl,0,NA,dual,11,nac,NA,NA,42,415; 470; 560,7.97;5.43;33.7,30;30;30,1;2;4,g;g;r,20,0,120,10,470,560,415,0.1,3,4,0,20,10,20,spout_extended,NA
2026_01_21_acr10,acr,acr10,1/21/2026,2,2026_01_21_acr_r02,multi_nacl,0,NA,dual,6,dms,NA,NA,42,415; 470; 560,7.97;5.43;33.7,30;30;30,1;2;4,g;g;r,20,0,120,10,470,560,415,0.1,3,4,0,20,10,20,spout_extended,NA
2026_01_21_acr10,acr,acr10,1/21/2026,2,2026_01_21_acr_r02,multi_nacl,0,NA,dual,5,dls,NA,NA,42,415; 470; 560,7.97;5.43;33.7,30;30;30,1;2;4,g;g;r,20,0,120,10,470,560,415,0.1,3,4,0,20,10,20,spout_extended,NA
2026_01_21_acr10,acr,acr10,1/21/2026,2,2026_01_21_acr_r02,multi_nacl,0,NA,dual,12,ts,NA,NA,42,415; 470; 560,7.97;5.43;33.7,30;30;30,1;2;4,g;g;r,20,0,120,10,470,560,415,0.1,3,4,0,20,10,20,spout_extended,NA
2026_01_21_acp01,acp,acp01,1/21/2026,1,2026_01_21_acp_r01,multi_s,0,NA,dual,4,nac_shelllat,opto_pulse,opto_trial,42,415; 470,1.8;4,10; 30,1;2,g;g,20,0,120,20,470,NA,415,0.1,3,4,0,20,10,20,spout_extended,NA
2026_01_21_acp01,acp,acp01,1/21/2026,1,2026_01_21_acp_r01,multi_s,0,NA,dual,5,nac_corr,opto_pulse,opto_trial,42,415; 470,1.8;4,10; 30,1;2,g;g,20,0,120,20,470,NA,415,0.1,3,4,0,20,10,20,spout_extended,NA
2026_01_21_acp01,acp,acp01,1/21/2026,1,2026_01_21_acp_r01,multi_s,0,NA,dual,6,nac,opto_pulse,opto_trial,42,415; 470,1.8;4,10; 30,1;2,g;g,20,0,120,20,470,NA,415,0.1,3,4,0,20,10,20,spout_extended,NA
2026_01_21_acp01,acp,acp01,1/21/2026,1,2026_01_21_acp_r01,multi_s,0,NA,dual,10,dms,opto_pulse,opto_trial,42,415; 470,1.8;4,10; 30,1;2,g;g,20,0,120,20,470,NA,415,0.1,3,4,0,20,10,20,spout_extended,NA
2026_01_21_acp01,acp,acp01,1/21/2026,1,2026_01_21_acp_r01,multi_s,0,NA,dual,11,dls,opto_pulse,opto_trial,42,415; 470,1.8;4,10; 30,1;2,g;g,20,0,120,20,470,NA,415,0.1,3,4,0,20,10,20,spout_extended,NA
2026_01_21_acp01,acp,acp01,1/21/2026,1,2026_01_21_acp_r01,multi_s,0,NA,dual,12,ts,opto_pulse,opto_trial,42,415; 470,1.8;4,10; 30,1;2,g;g,20,0,120,20,470,NA,415,0.1,3,4,0,20,10,20,spout_extended,NA
2026_01_21_acp02,acp,acp02,1/21/2026,2,2026_01_21_acp_r02,multi_s,0,NA,dual,5,nac_shelllat,opto_pulse,opto_trial,42,415; 470,1.8;4,10; 30,1;2,g;g,20,0,120,20,470,NA,415,0.1,3,4,0,20,10,20,spout_extended,NA
2026_01_21_acp02,acp,acp02,1/21/2026,2,2026_01_21_acp_r02,multi_s,0,NA,dual,6,nac_corr,opto_pulse,opto_trial,42,415; 470,1.8;4,10; 30,1;2,g;g,20,0,120,20,470,NA,415,0.1,3,4,0,20,10,20,spout_extended,NA
2026_01_21_acp02,acp,acp02,1/21/2026,2,2026_01_21_acp_r02,multi_s,0,NA,dual,10,nac,opto_pulse,opto_trial,42,415; 470,1.8;4,10; 30,1;2,g;g,20,0,120,20,470,NA,415,0.1,3,4,0,20,10,20,spout_extended,NA
2026_01_21_acp02,acp,acp02,1/21/2026,2,2026_01_21_acp_r02,multi_s,0,NA,dual,4,dms,opto_pulse,opto_trial,42,415; 470,1.8;4,10; 30,1;2,g;g,20,0,120,20,470,NA,415,0.1,3,4,0,20,10,20,spout_extended,NA
2026_01_21_acp02,acp,acp02,1/21/2026,2,2026_01_21_acp_r02,multi_s,0,NA,dual,12,dls,opto_pulse,opto_trial,42,415; 470,1.8;4,10; 30,1;2,g;g,20,0,120,20,470,NA,415,0.1,3,4,0,20,10,20,spout_extended,NA
2026_01_21_acp02,acp,acp02,1/21/2026,2,2026_01_21_acp_r02,multi_s,0,NA,dual,11,ts,opto_pulse,opto_trial,42,415; 470,1.8;4,10; 30,1;2,g;g,20,0,120,20,470,NA,415,0.1,3,4,0,20,10,20,spout_extended,NA
2026_01_21_acp04,acp,acp04,1/21/2026,3,2026_01_21_acp_r03,multi_s,0,NA,dual,11,nac_shelllat,opto_pulse,opto_trial,42,415; 470,1.8;4,10; 30,1;2,g;g,20,0,120,20,470,NA,415,0.1,3,4,0,20,10,20,spout_extended,NA
2026_01_21_acp04,acp,acp04,1/21/2026,3,2026_01_21_acp_r03,multi_s,0,NA,dual,10,nac_corr,opto_pulse,opto_trial,42,415; 470,1.8;4,10; 30,1;2,g;g,20,0,120,20,470,NA,415,0.1,3,4,0,20,10,20,spout_extended,NA
2026_01_21_acp04,acp,acp04,1/21/2026,3,2026_01_21_acp_r03,multi_s,0,NA,dual,5,nac,opto_pulse,opto_trial,42,415; 470,1.8;4,10; 30,1;2,g;g,20,0,120,20,470,NA,415,0.1,3,4,0,20,10,20,spout_extended,NA
2026_01_21_acp04,acp,acp04,1/21/2026,3,2026_01_21_acp_r03,multi_s,0,NA,dual,6,dms,opto_pulse,opto_trial,42,415; 470,1.8;4,10; 30,1;2,g;g,20,0,120,20,470,NA,415,0.1,3,4,0,20,10,20,spout_extended,NA
2026_01_21_acp04,acp,acp04,1/21/2026,3,2026_01_21_acp_r03,multi_s,0,NA,dual,4,dls,opto_pulse,opto_trial,42,415; 470,1.8;4,10; 30,1;2,g;g,20,0,120,20,470,NA,415,0.1,3,4,0,20,10,20,spout_extended,NA
2026_01_21_acp04,acp,acp04,1/21/2026,3,2026_01_21_acp_r03,multi_s,0,NA,dual,12,ts,opto_pulse,opto_trial,42,415; 470,1.8;4,10; 30,1;2,g;g,20,0,120,20,470,NA,415,0.1,3,4,0,20,10,20,spout_extended,NA
2026_01_21_acp05,acp,acp05,1/21/2026,4,2026_01_21_acp_r04,multi_s,0,NA,dual,12,nac_shelllat,opto_pulse,opto_trial,42,415; 470,1.8;4,10; 30,1;2,g;g,20,0,120,20,470,NA,415,0.1,3,4,0,20,10,20,spout_extended,NA
2026_01_21_acp05,acp,acp05,1/21/2026,4,2026_01_21_acp_r04,multi_s,0,NA,dual,4,nac_corr,opto_pulse,opto_trial,42,415; 470,1.8;4,10; 30,1;2,g;g,20,0,120,20,470,NA,415,0.1,3,4,0,20,10,20,spout_extended,NA
2026_01_21_acp05,acp,acp05,1/21/2026,4,2026_01_21_acp_r04,multi_s,0,NA,dual,11,nac,opto_pulse,opto_trial,42,415; 470,1.8;4,10; 30,1;2,g;g,20,0,120,20,470,NA,415,0.1,3,4,0,20,10,20,spout_extended,NA
2026_01_21_acp05,acp,acp05,1/21/2026,4,2026_01_21_acp_r04,multi_s,0,NA,dual,5,dms,opto_pulse,opto_trial,42,415; 470,1.8;4,10; 30,1;2,g;g,20,0,120,20,470,NA,415,0.1,3,4,0,20,10,20,spout_extended,NA
2026_01_21_acp05,acp,acp05,1/21/2026,4,2026_01_21_acp_r04,multi_s,0,NA,dual,10,dls,opto_pulse,opto_trial,42,415; 470,1.8;4,10; 30,1;2,g;g,20,0,120,20,470,NA,415,0.1,3,4,0,20,10,20,spout_extended,NA
2026_01_21_acp05,acp,acp05,1/21/2026,4,2026_01_21_acp_r04,multi_s,0,NA,dual,6,ts,opto_pulse,opto_trial,42,415; 470,1.8;4,10; 30,1;2,g;g,20,0,120,20,470,NA,415,0.1,3,4,0,20,10,20,spout_extended,NA
2026_01_21_acp06,acp,acp06,1/21/2026,5,2026_01_21_acp_r05,multi_s,0,NA,dual,10,nac_shelllat,opto_pulse,opto_trial,42,415; 470,1.8;4,10; 30,1;2,g;g,20,0,120,20,470,NA,415,0.1,3,4,0,20,10,20,spout_extended,NA
2026_01_21_acp06,acp,acp06,1/21/2026,5,2026_01_21_acp_r05,multi_s,0,NA,dual,11,nac_corr,opto_pulse,opto_trial,42,415; 470,1.8;4,10; 30,1;2,g;g,20,0,120,20,470,NA,415,0.1,3,4,0,20,10,20,spout_extended,NA
2026_01_21_acp06,acp,acp06,1/21/2026,5,2026_01_21_acp_r05,multi_s,0,NA,dual,4,nac,opto_pulse,opto_trial,42,415; 470,1.8;4,10; 30,1;2,g;g,20,0,120,20,470,NA,415,0.1,3,4,0,20,10,20,spout_extended,NA
2026_01_21_acp06,acp,acp06,1/21/2026,5,2026_01_21_acp_r05,multi_s,0,NA,dual,12,dms,opto_pulse,opto_trial,42,415; 470,1.8;4,10; 30,1;2,g;g,20,0,120,20,470,NA,415,0.1,3,4,0,20,10,20,spout_extended,NA
2026_01_21_acp06,acp,acp06,1/21/2026,5,2026_01_21_acp_r05,multi_s,0,NA,dual,6,dls,opto_pulse,opto_trial,42,415; 470,1.8;4,10; 30,1;2,g;g,20,0,120,20,470,NA,415,0.1,3,4,0,20,10,20,spout_extended,NA
2026_01_21_acp06,acp,acp06,1/21/2026,5,2026_01_21_acp_r05,multi_s,0,NA,dual,5,ts,opto_pulse,opto_trial,42,415; 470,1.8;4,10; 30,1;2,g;g,20,0,120,20,470,NA,415,0.1,3,4,0,20,10,20,spout_extended,NA
2026_01_21_acp08,acp,acp08,1/21/2026,7,2026_01_21_acp_r07,multi_s,0,NA,dual,6,nac_shelllat,opto_pulse,opto_trial,42,415; 470,1.8;4,10; 30,1;2,g;g,20,0,120,20,470,NA,415,0.1,3,4,0,20,10,20,spout_extended,NA
2026_01_21_acp08,acp,acp08,1/21/2026,7,2026_01_21_acp_r07,multi_s,0,NA,dual,4,nac_corr,opto_pulse,opto_trial,42,415; 470,1.8;4,10; 30,1;2,g;g,20,0,120,20,470,NA,415,0.1,3,4,0,20,10,20,spout_extended,NA
2026_01_21_acp08,acp,acp08,1/21/2026,7,2026_01_21_acp_r07,multi_s,0,NA,dual,12,nac,opto_pulse,opto_trial,42,415; 470,1.8;4,10; 30,1;2,g;g,20,0,120,20,470,NA,415,0.1,3,4,0,20,10,20,spout_extended,NA
2026_01_21_acp08,acp,acp08,1/21/2026,7,2026_01_21_acp_r07,multi_s,0,NA,dual,11,dms,opto_pulse,opto_trial,42,415; 470,1.8;4,10; 30,1;2,g;g,20,0,120,20,470,NA,415,0.1,3,4,0,20,10,20,spout_extended,NA
2026_01_21_acp08,acp,acp08,1/21/2026,7,2026_01_21_acp_r07,multi_s,0,NA,dual,5,dls,opto_pulse,opto_trial,42,415; 470,1.8;4,10; 30,1;2,g;g,20,0,120,20,470,NA,415,0.1,3,4,0,20,10,20,spout_extended,NA
2026_01_21_acp08,acp,acp08,1/21/2026,7,2026_01_21_acp_r07,multi_s,0,NA,dual,10,ts,opto_pulse,opto_trial,42,415; 470,1.8;4,10; 30,1;2,g;g,20,0,120,20,470,NA,415,0.1,3,4,0,20,10,20,spout_extended,NA
2026_01_21_acp11,acp,acp11,1/21/2026,9,2026_01_21_acp_r09,multi_s,0,NA,dual,11,nac_shelllat,opto_pulse,opto_trial,42,415; 470,1.8;4,10; 30,1;2,g;g,20,0,120,20,470,NA,415,0.1,3,4,0,20,10,20,spout_extended,NA
2026_01_21_acp11,acp,acp11,1/21/2026,9,2026_01_21_acp_r09,multi_s,0,NA,dual,10,nac_corr,opto_pulse,opto_trial,42,415; 470,1.8;4,10; 30,1;2,g;g,20,0,120,20,470,NA,415,0.1,3,4,0,20,10,20,spout_extended,NA
2026_01_21_acp11,acp,acp11,1/21/2026,9,2026_01_21_acp_r09,multi_s,0,NA,dual,5,nac,opto_pulse,opto_trial,42,415; 470,1.8;4,10; 30,1;2,g;g,20,0,120,20,470,NA,415,0.1,3,4,0,20,10,20,spout_extended,NA
2026_01_21_acp11,acp,acp11,1/21/2026,9,2026_01_21_acp_r09,multi_s,0,NA,dual,6,dms,opto_pulse,opto_trial,42,415; 470,1.8;4,10; 30,1;2,g;g,20,0,120,20,470,NA,415,0.1,3,4,0,20,10,20,spout_extended,NA
2026_01_21_acp11,acp,acp11,1/21/2026,9,2026_01_21_acp_r09,multi_s,0,NA,dual,12,dls,opto_pulse,opto_trial,42,415; 470,1.8;4,10; 30,1;2,g;g,20,0,120,20,470,NA,415,0.1,3,4,0,20,10,20,spout_extended,NA
2026_01_21_acp11,acp,acp11,1/21/2026,9,2026_01_21_acp_r09,multi_s,0,NA,dual,4,ts,opto_pulse,opto_trial,42,415; 470,1.8;4,10; 30,1;2,g;g,20,0,120,20,470,NA,415,0.1,3,4,0,20,10,20,spout_extended,NA
2026_01_21_acp13,acp,acp13,1/21/2026,10,2026_01_21_acp_r10,multi_s,0,NA,dual,5,nac_shelllat,opto_pulse,opto_trial,42,415; 470,1.8;4,10; 30,1;2,g;g,20,0,120,20,470,NA,415,0.1,3,4,0,20,10,20,spout_extended,NA
2026_01_21_acp13,acp,acp13,1/21/2026,10,2026_01_21_acp_r10,multi_s,0,NA,dual,4,nac_corr,opto_pulse,opto_trial,42,415; 470,1.8;4,10; 30,1;2,g;g,20,0,120,20,470,NA,415,0.1,3,4,0,20,10,20,spout_extended,NA
2026_01_21_acp13,acp,acp13,1/21/2026,10,2026_01_21_acp_r10,multi_s,0,NA,dual,6,nac,opto_pulse,opto_trial,42,415; 470,1.8;4,10; 30,1;2,g;g,20,0,120,20,470,NA,415,0.1,3,4,0,20,10,20,spout_extended,NA
2026_01_21_acp13,acp,acp13,1/21/2026,10,2026_01_21_acp_r10,multi_s,0,NA,dual,10,dms,opto_pulse,opto_trial,42,415; 470,1.8;4,10; 30,1;2,g;g,20,0,120,20,470,NA,415,0.1,3,4,0,20,10,20,spout_extended,NA
2026_01_21_acp13,acp,acp13,1/21/2026,10,2026_01_21_acp_r10,multi_s,0,NA,dual,12,dls,opto_pulse,opto_trial,42,415; 470,1.8;4,10; 30,1;2,g;g,20,0,120,20,470,NA,415,0.1,3,4,0,20,10,20,spout_extended,NA
2026_01_21_acp13,acp,acp13,1/21/2026,10,2026_01_21_acp_r10,multi_s,0,NA,dual,11,ts,opto_pulse,opto_trial,42,415; 470,1.8;4,10; 30,1;2,g;g,20,0,120,20,470,NA,415,0.1,3,4,0,20,10,20,spout_extended,NA
2026_01_21_acp14,acp,acp14,1/21/2026,11,2026_01_21_acp_r11,multi_s,0,NA,dual,10,nac_shelllat,opto_pulse,opto_trial,42,415; 470,1.8;4,10; 30,1;2,g;g,20,0,120,20,470,NA,415,0.1,3,4,0,20,10,20,spout_extended,NA
2026_01_21_acp14,acp,acp14,1/21/2026,11,2026_01_21_acp_r11,multi_s,0,NA,dual,11,nac_corr,opto_pulse,opto_trial,42,415; 470,1.8;4,10; 30,1;2,g;g,20,0,120,20,470,NA,415,0.1,3,4,0,20,10,20,spout_extended,NA
2026_01_21_acp14,acp,acp14,1/21/2026,11,2026_01_21_acp_r11,multi_s,0,NA,dual,4,nac,opto_pulse,opto_trial,42,415; 470,1.8;4,10; 30,1;2,g;g,20,0,120,20,470,NA,415,0.1,3,4,0,20,10,20,spout_extended,NA
2026_01_21_acp14,acp,acp14,1/21/2026,11,2026_01_21_acp_r11,multi_s,0,NA,dual,5,dms,opto_pulse,opto_trial,42,415; 470,1.8;4,10; 30,1;2,g;g,20,0,120,20,470,NA,415,0.1,3,4,0,20,10,20,spout_extended,NA
2026_01_21_acp14,acp,acp14,1/21/2026,11,2026_01_21_acp_r11,multi_s,0,NA,dual,6,dls,opto_pulse,opto_trial,42,415; 470,1.8;4,10; 30,1;2,g;g,20,0,120,20,470,NA,415,0.1,3,4,0,20,10,20,spout_extended,NA
2026_01_21_acp14,acp,acp14,1/21/2026,11,2026_01_21_acp_r11,multi_s,0,NA,dual,12,ts,opto_pulse,opto_trial,42,415; 470,1.8;4,10; 30,1;2,g;g,20,0,120,20,470,NA,415,0.1,3,4,0,20,10,20,spout_extended,NA
2026_01_21_acp15,acp,acp15,1/21/2026,12,2026_01_21_acp_r12,multi_s,0,NA,dual,12,nac_shelllat,opto_pulse,opto_trial,42,415; 470,1.8;4,10; 30,1;2,g;g,20,0,120,20,470,NA,415,0.1,3,4,0,20,10,20,spout_extended,NA
2026_01_21_acp15,acp,acp15,1/21/2026,12,2026_01_21_acp_r12,multi_s,0,NA,dual,10,nac_corr,opto_pulse,opto_trial,42,415; 470,1.8;4,10; 30,1;2,g;g,20,0,120,20,470,NA,415,0.1,3,4,0,20,10,20,spout_extended,NA
2026_01_21_acp15,acp,acp15,1/21/2026,12,2026_01_21_acp_r12,multi_s,0,NA,dual,6,nac,opto_pulse,opto_trial,42,415; 470,1.8;4,10; 30,1;2,g;g,20,0,120,20,470,NA,415,0.1,3,4,0,20,10,20,spout_extended,NA
2026_01_21_acp15,acp,acp15,1/21/2026,12,2026_01_21_acp_r12,multi_s,0,NA,dual,4,dms,opto_pulse,opto_trial,42,415; 470,1.8;4,10; 30,1;2,g;g,20,0,120,20,470,NA,415,0.1,3,4,0,20,10,20,spout_extended,NA
2026_01_21_acp15,acp,acp15,1/21/2026,12,2026_01_21_acp_r12,multi_s,0,NA,dual,5,dls,opto_pulse,opto_trial,42,415; 470,1.8;4,10; 30,1;2,g;g,20,0,120,20,470,NA,415,0.1,3,4,0,20,10,20,spout_extended,NA
2026_01_21_acp15,acp,acp15,1/21/2026,12,2026_01_21_acp_r12,multi_s,0,NA,dual,11,ts,opto_pulse,opto_trial,42,415; 470,1.8;4,10; 30,1;2,g;g,20,0,120,20,470,NA,415,0.1,3,4,0,20,10,20,spout_extended,NA
2026_01_22_acr09,acr,acr09,1/22/2026,1,2026_01_22_acr_r01,multi_nacl,0,NA,dual,10,lha,NA,NA,42,415; 470; 560,7.97;5.43;33.7,30;30;30,1;2;4,g;g;r,20,0,120,10,470,560,415,0.1,3,4,0,20,10,20,spout_extended,NA
2026_01_22_acr09,acr,acr09,1/22/2026,1,2026_01_22_acr_r01,multi_nacl,0,NA,dual,11,nac,NA,NA,42,415; 470; 560,7.97;5.43;33.7,30;30;30,1;2;4,g;g;r,20,0,120,10,470,560,415,0.1,3,4,0,20,10,20,spout_extended,NA
2026_01_22_acr09,acr,acr09,1/22/2026,1,2026_01_22_acr_r01,multi_nacl,0,NA,dual,5,dms,NA,NA,42,415; 470; 560,7.97;5.43;33.7,30;30;30,1;2;4,g;g;r,20,0,120,10,470,560,415,0.1,3,4,0,20,10,20,spout_extended,NA
2026_01_22_acr09,acr,acr09,1/22/2026,1,2026_01_22_acr_r01,multi_nacl,0,NA,dual,4,dls,NA,NA,42,415; 470; 560,7.97;5.43;33.7,30;30;30,1;2;4,g;g;r,20,0,120,10,470,560,415,0.1,3,4,0,20,10,20,spout_extended,NA
2026_01_22_acr09,acr,acr09,1/22/2026,1,2026_01_22_acr_r01,multi_nacl,0,NA,dual,6,ts,NA,NA,42,415; 470; 560,7.97;5.43;33.7,30;30;30,1;2;4,g;g;r,20,0,120,10,470,560,415,0.1,3,4,0,20,10,20,spout_extended,NA
2026_01_22_acr10,acr,acr10,1/22/2026,2,2026_01_22_acr_r02,multi_nacl,0,NA,dual,11,lha,NA,NA,42,415; 470; 560,7.97;5.43;33.7,30;30;30,1;2;4,g;g;r,20,0,120,10,470,560,415,0.1,3,4,0,20,10,20,spout_extended,NA
2026_01_22_acr10,acr,acr10,1/22/2026,2,2026_01_22_acr_r02,multi_nacl,0,NA,dual,10,nac,NA,NA,42,415; 470; 560,7.97;5.43;33.7,30;30;30,1;2;4,g;g;r,20,0,120,10,470,560,415,0.1,3,4,0,20,10,20,spout_extended,NA
2026_01_22_acr10,acr,acr10,1/22/2026,2,2026_01_22_acr_r02,multi_nacl,0,NA,dual,5,dms,NA,NA,42,415; 470; 560,7.97;5.43;33.7,30;30;30,1;2;4,g;g;r,20,0,120,10,470,560,415,0.1,3,4,0,20,10,20,spout_extended,NA
2026_01_22_acr10,acr,acr10,1/22/2026,2,2026_01_22_acr_r02,multi_nacl,0,NA,dual,12,dls,NA,NA,42,415; 470; 560,7.97;5.43;33.7,30;30;30,1;2;4,g;g;r,20,0,120,10,470,560,415,0.1,3,4,0,20,10,20,spout_extended,NA
2026_01_22_acr10,acr,acr10,1/22/2026,2,2026_01_22_acr_r02,multi_nacl,0,NA,dual,6,ts,NA,NA,42,415; 470; 560,7.97;5.43;33.7,30;30;30,1;2;4,g;g;r,20,0,120,10,470,560,415,0.1,3,4,0,20,10,20,spout_extended,NA
2026_01_22_acp01,acp,acp01,1/22/2026,1,2026_01_22_acp_r01,multi_s,0,NA,dual,5,nac_shelllat,opto_pulse,opto_trial,42,415; 470,1.8;4,10; 30,1;2,g;g,20,0,120,20,470,NA,415,0.1,3,4,0,20,10,20,spout_extended,NA
2026_01_22_acp01,acp,acp01,1/22/2026,1,2026_01_22_acp_r01,multi_s,0,NA,dual,6,nac_corr,opto_pulse,opto_trial,42,415; 470,1.8;4,10; 30,1;2,g;g,20,0,120,20,470,NA,415,0.1,3,4,0,20,10,20,spout_extended,NA
2026_01_22_acp01,acp,acp01,1/22/2026,1,2026_01_22_acp_r01,multi_s,0,NA,dual,10,nac,opto_pulse,opto_trial,42,415; 470,1.8;4,10; 30,1;2,g;g,20,0,120,20,470,NA,415,0.1,3,4,0,20,10,20,spout_extended,NA
2026_01_22_acp01,acp,acp01,1/22/2026,1,2026_01_22_acp_r01,multi_s,0,NA,dual,4,dms,opto_pulse,opto_trial,42,415; 470,1.8;4,10; 30,1;2,g;g,20,0,120,20,470,NA,415,0.1,3,4,0,20,10,20,spout_extended,NA
2026_01_22_acp01,acp,acp01,1/22/2026,1,2026_01_22_acp_r01,multi_s,0,NA,dual,12,dls,opto_pulse,opto_trial,42,415; 470,1.8;4,10; 30,1;2,g;g,20,0,120,20,470,NA,415,0.1,3,4,0,20,10,20,spout_extended,NA
2026_01_22_acp01,acp,acp01,1/22/2026,1,2026_01_22_acp_r01,multi_s,0,NA,dual,11,ts,opto_pulse,opto_trial,42,415; 470,1.8;4,10; 30,1;2,g;g,20,0,120,20,470,NA,415,0.1,3,4,0,20,10,20,spout_extended,NA
2026_01_22_acp02,acp,acp02,1/22/2026,2,2026_01_22_acp_r02,multi_s,0,NA,dual,4,nac_shelllat,opto_pulse,opto_trial,42,415; 470,1.8;4,10; 30,1;2,g;g,20,0,120,20,470,NA,415,0.1,3,4,0,20,10,20,spout_extended,NA
2026_01_22_acp02,acp,acp02,1/22/2026,2,2026_01_22_acp_r02,multi_s,0,NA,dual,10,nac_corr,opto_pulse,opto_trial,42,415; 470,1.8;4,10; 30,1;2,g;g,20,0,120,20,470,NA,415,0.1,3,4,0,20,10,20,spout_extended,NA
2026_01_22_acp02,acp,acp02,1/22/2026,2,2026_01_22_acp_r02,multi_s,0,NA,dual,6,nac,opto_pulse,opto_trial,42,415; 470,1.8;4,10; 30,1;2,g;g,20,0,120,20,470,NA,415,0.1,3,4,0,20,10,20,spout_extended,NA
2026_01_22_acp02,acp,acp02,1/22/2026,2,2026_01_22_acp_r02,multi_s,0,NA,dual,5,dms,opto_pulse,opto_trial,42,415; 470,1.8;4,10; 30,1;2,g;g,20,0,120,20,470,NA,415,0.1,3,4,0,20,10,20,spout_extended,NA
2026_01_22_acp02,acp,acp02,1/22/2026,2,2026_01_22_acp_r02,multi_s,0,NA,dual,11,dls,opto_pulse,opto_trial,42,415; 470,1.8;4,10; 30,1;2,g;g,20,0,120,20,470,NA,415,0.1,3,4,0,20,10,20,spout_extended,NA
2026_01_22_acp02,acp,acp02,1/22/2026,2,2026_01_22_acp_r02,multi_s,0,NA,dual,12,ts,opto_pulse,opto_trial,42,415; 470,1.8;4,10; 30,1;2,g;g,20,0,120,20,470,NA,415,0.1,3,4,0,20,10,20,spout_extended,NA
2026_01_22_acp04,acp,acp04,1/22/2026,3,2026_01_22_acp_r03,multi_s,0,NA,dual,12,nac_shelllat,opto_pulse,opto_trial,42,415; 470,1.8;4,10; 30,1;2,g;g,20,0,120,20,470,NA,415,0.1,3,4,0,20,10,20,spout_extended,NA
2026_01_22_acp04,acp,acp04,1/22/2026,3,2026_01_22_acp_r03,multi_s,0,NA,dual,11,nac_corr,opto_pulse,opto_trial,42,415; 470,1.8;4,10; 30,1;2,g;g,20,0,120,20,470,NA,415,0.1,3,4,0,20,10,20,spout_extended,NA
2026_01_22_acp04,acp,acp04,1/22/2026,3,2026_01_22_acp_r03,multi_s,0,NA,dual,6,nac,opto_pulse,opto_trial,42,415; 470,1.8;4,10; 30,1;2,g;g,20,0,120,20,470,NA,415,0.1,3,4,0,20,10,20,spout_extended,NA
2026_01_22_acp04,acp,acp04,1/22/2026,3,2026_01_22_acp_r03,multi_s,0,NA,dual,4,dms,opto_pulse,opto_trial,42,415; 470,1.8;4,10; 30,1;2,g;g,20,0,120,20,470,NA,415,0.1,3,4,0,20,10,20,spout_extended,NA
2026_01_22_acp04,acp,acp04,1/22/2026,3,2026_01_22_acp_r03,multi_s,0,NA,dual,5,dls,opto_pulse,opto_trial,42,415; 470,1.8;4,10; 30,1;2,g;g,20,0,120,20,470,NA,415,0.1,3,4,0,20,10,20,spout_extended,NA
2026_01_22_acp04,acp,acp04,1/22/2026,3,2026_01_22_acp_r03,multi_s,0,NA,dual,10,ts,opto_pulse,opto_trial,42,415; 470,1.8;4,10; 30,1;2,g;g,20,0,120,20,470,NA,415,0.1,3,4,0,20,10,20,spout_extended,NA
2026_01_22_acp05,acp,acp05,1/22/2026,4,2026_01_22_acp_r04,multi_s,0,NA,dual,10,nac_shelllat,opto_pulse,opto_trial,42,415; 470,1.8;4,10; 30,1;2,g;g,20,0,120,20,470,NA,415,0.1,3,4,0,20,10,20,spout_extended,NA
2026_01_22_acp05,acp,acp05,1/22/2026,4,2026_01_22_acp_r04,multi_s,0,NA,dual,4,nac_corr,opto_pulse,opto_trial,42,415; 470,1.8;4,10; 30,1;2,g;g,20,0,120,20,470,NA,415,0.1,3,4,0,20,10,20,spout_extended,NA
2026_01_22_acp05,acp,acp05,1/22/2026,4,2026_01_22_acp_r04,multi_s,0,NA,dual,5,nac,opto_pulse,opto_trial,42,415; 470,1.8;4,10; 30,1;2,g;g,20,0,120,20,470,NA,415,0.1,3,4,0,20,10,20,spout_extended,NA
2026_01_22_acp05,acp,acp05,1/22/2026,4,2026_01_22_acp_r04,multi_s,0,NA,dual,6,dms,opto_pulse,opto_trial,42,415; 470,1.8;4,10; 30,1;2,g;g,20,0,120,20,470,NA,415,0.1,3,4,0,20,10,20,spout_extended,NA
2026_01_22_acp05,acp,acp05,1/22/2026,4,2026_01_22_acp_r04,multi_s,0,NA,dual,12,dls,opto_pulse,opto_trial,42,415; 470,1.8;4,10; 30,1;2,g;g,20,0,120,20,470,NA,415,0.1,3,4,0,20,10,20,spout_extended,NA
2026_01_22_acp05,acp,acp05,1/22/2026,4,2026_01_22_acp_r04,multi_s,0,NA,dual,11,ts,opto_pulse,opto_trial,42,415; 470,1.8;4,10; 30,1;2,g;g,20,0,120,20,470,NA,415,0.1,3,4,0,20,10,20,spout_extended,NA
2026_01_22_acp06,acp,acp06,1/22/2026,5,2026_01_22_acp_r05,multi_s,0,NA,dual,6,nac_shelllat,opto_pulse,opto_trial,42,415; 470,1.8;4,10; 30,1;2,g;g,20,0,120,20,470,NA,415,0.1,3,4,0,20,10,20,spout_extended,NA
2026_01_22_acp06,acp,acp06,1/22/2026,5,2026_01_22_acp_r05,multi_s,0,NA,dual,10,nac_corr,opto_pulse,opto_trial,42,415; 470,1.8;4,10; 30,1;2,g;g,20,0,120,20,470,NA,415,0.1,3,4,0,20,10,20,spout_extended,NA
2026_01_22_acp06,acp,acp06,1/22/2026,5,2026_01_22_acp_r05,multi_s,0,NA,dual,12,nac,opto_pulse,opto_trial,42,415; 470,1.8;4,10; 30,1;2,g;g,20,0,120,20,470,NA,415,0.1,3,4,0,20,10,20,spout_extended,NA
2026_01_22_acp06,acp,acp06,1/22/2026,5,2026_01_22_acp_r05,multi_s,0,NA,dual,11,dms,opto_pulse,opto_trial,42,415; 470,1.8;4,10; 30,1;2,g;g,20,0,120,20,470,NA,415,0.1,3,4,0,20,10,20,spout_extended,NA
2026_01_22_acp06,acp,acp06,1/22/2026,5,2026_01_22_acp_r05,multi_s,0,NA,dual,5,dls,opto_pulse,opto_trial,42,415; 470,1.8;4,10; 30,1;2,g;g,20,0,120,20,470,NA,415,0.1,3,4,0,20,10,20,spout_extended,NA
2026_01_22_acp06,acp,acp06,1/22/2026,5,2026_01_22_acp_r05,multi_s,0,NA,dual,4,ts,opto_pulse,opto_trial,42,415; 470,1.8;4,10; 30,1;2,g;g,20,0,120,20,470,NA,415,0.1,3,4,0,20,10,20,spout_extended,NA
2026_01_22_acp08,acp,acp08,1/22/2026,7,2026_01_22_acp_r07,multi_s,0,NA,dual,4,nac_shelllat,opto_pulse,opto_trial,42,415; 470,1.8;4,10; 30,1;2,g;g,20,0,120,20,470,NA,415,0.1,3,4,0,20,10,20,spout_extended,NA
2026_01_22_acp08,acp,acp08,1/22/2026,7,2026_01_22_acp_r07,multi_s,0,NA,dual,6,nac_corr,opto_pulse,opto_trial,42,415; 470,1.8;4,10; 30,1;2,g;g,20,0,120,20,470,NA,415,0.1,3,4,0,20,10,20,spout_extended,NA
2026_01_22_acp08,acp,acp08,1/22/2026,7,2026_01_22_acp_r07,multi_s,0,NA,dual,10,nac,opto_pulse,opto_trial,42,415; 470,1.8;4,10; 30,1;2,g;g,20,0,120,20,470,NA,415,0.1,3,4,0,20,10,20,spout_extended,NA
2026_01_22_acp08,acp,acp08,1/22/2026,7,2026_01_22_acp_r07,multi_s,0,NA,dual,5,dms,opto_pulse,opto_trial,42,415; 470,1.8;4,10; 30,1;2,g;g,20,0,120,20,470,NA,415,0.1,3,4,0,20,10,20,spout_extended,NA
2026_01_22_acp08,acp,acp08,1/22/2026,7,2026_01_22_acp_r07,multi_s,0,NA,dual,11,dls,opto_pulse,opto_trial,42,415; 470,1.8;4,10; 30,1;2,g;g,20,0,120,20,470,NA,415,0.1,3,4,0,20,10,20,spout_extended,NA
2026_01_22_acp08,acp,acp08,1/22/2026,7,2026_01_22_acp_r07,multi_s,0,NA,dual,12,ts,opto_pulse,opto_trial,42,415; 470,1.8;4,10; 30,1;2,g;g,20,0,120,20,470,NA,415,0.1,3,4,0,20,10,20,spout_extended,NA
2026_01_22_acp11,acp,acp11,1/22/2026,9,2026_01_22_acp_r09,multi_s,0,NA,dual,12,nac_shelllat,opto_pulse,opto_trial,42,415; 470,1.8;4,10; 30,1;2,g;g,20,0,120,20,470,NA,415,0.1,3,4,0,20,10,20,spout_extended,NA
2026_01_22_acp11,acp,acp11,1/22/2026,9,2026_01_22_acp_r09,multi_s,0,NA,dual,6,nac_corr,opto_pulse,opto_trial,42,415; 470,1.8;4,10; 30,1;2,g;g,20,0,120,20,470,NA,415,0.1,3,4,0,20,10,20,spout_extended,NA
2026_01_22_acp11,acp,acp11,1/22/2026,9,2026_01_22_acp_r09,multi_s,0,NA,dual,10,nac,opto_pulse,opto_trial,42,415; 470,1.8;4,10; 30,1;2,g;g,20,0,120,20,470,NA,415,0.1,3,4,0,20,10,20,spout_extended,NA
2026_01_22_acp11,acp,acp11,1/22/2026,9,2026_01_22_acp_r09,multi_s,0,NA,dual,4,dms,opto_pulse,opto_trial,42,415; 470,1.8;4,10; 30,1;2,g;g,20,0,120,20,470,NA,415,0.1,3,4,0,20,10,20,spout_extended,NA
2026_01_22_acp11,acp,acp11,1/22/2026,9,2026_01_22_acp_r09,multi_s,0,NA,dual,5,dls,opto_pulse,opto_trial,42,415; 470,1.8;4,10; 30,1;2,g;g,20,0,120,20,470,NA,415,0.1,3,4,0,20,10,20,spout_extended,NA
2026_01_22_acp11,acp,acp11,1/22/2026,9,2026_01_22_acp_r09,multi_s,0,NA,dual,11,ts,opto_pulse,opto_trial,42,415; 470,1.8;4,10; 30,1;2,g;g,20,0,120,20,470,NA,415,0.1,3,4,0,20,10,20,spout_extended,NA
2026_01_22_acp13,acp,acp13,1/22/2026,10,2026_01_22_acp_r10,multi_s,0,NA,dual,6,nac_shelllat,opto_pulse,opto_trial,42,415; 470,1.8;4,10; 30,1;2,g;g,20,0,120,20,470,NA,415,0.1,3,4,0,20,10,20,spout_extended,NA
2026_01_22_acp13,acp,acp13,1/22/2026,10,2026_01_22_acp_r10,multi_s,0,NA,dual,12,nac_corr,opto_pulse,opto_trial,42,415; 470,1.8;4,10; 30,1;2,g;g,20,0,120,20,470,NA,415,0.1,3,4,0,20,10,20,spout_extended,NA
2026_01_22_acp13,acp,acp13,1/22/2026,10,2026_01_22_acp_r10,multi_s,0,NA,dual,4,nac,opto_pulse,opto_trial,42,415; 470,1.8;4,10; 30,1;2,g;g,20,0,120,20,470,NA,415,0.1,3,4,0,20,10,20,spout_extended,NA
2026_01_22_acp13,acp,acp13,1/22/2026,10,2026_01_22_acp_r10,multi_s,0,NA,dual,11,dms,opto_pulse,opto_trial,42,415; 470,1.8;4,10; 30,1;2,g;g,20,0,120,20,470,NA,415,0.1,3,4,0,20,10,20,spout_extended,NA
2026_01_22_acp13,acp,acp13,1/22/2026,10,2026_01_22_acp_r10,multi_s,0,NA,dual,10,dls,opto_pulse,opto_trial,42,415; 470,1.8;4,10; 30,1;2,g;g,20,0,120,20,470,NA,415,0.1,3,4,0,20,10,20,spout_extended,NA
2026_01_22_acp13,acp,acp13,1/22/2026,10,2026_01_22_acp_r10,multi_s,0,NA,dual,5,ts,opto_pulse,opto_trial,42,415; 470,1.8;4,10; 30,1;2,g;g,20,0,120,20,470,NA,415,0.1,3,4,0,20,10,20,spout_extended,NA
2026_01_22_acp14,acp,acp14,1/22/2026,11,2026_01_22_acp_r11,multi_s,0,NA,dual,11,nac_shelllat,opto_pulse,opto_trial,42,415; 470,1.8;4,10; 30,1;2,g;g,20,0,120,20,470,NA,415,0.1,3,4,0,20,10,20,spout_extended,NA
2026_01_22_acp14,acp,acp14,1/22/2026,11,2026_01_22_acp_r11,multi_s,0,NA,dual,10,nac_corr,opto_pulse,opto_trial,42,415; 470,1.8;4,10; 30,1;2,g;g,20,0,120,20,470,NA,415,0.1,3,4,0,20,10,20,spout_extended,NA
2026_01_22_acp14,acp,acp14,1/22/2026,11,2026_01_22_acp_r11,multi_s,0,NA,dual,6,nac,opto_pulse,opto_trial,42,415; 470,1.8;4,10; 30,1;2,g;g,20,0,120,20,470,NA,415,0.1,3,4,0,20,10,20,spout_extended,NA
2026_01_22_acp14,acp,acp14,1/22/2026,11,2026_01_22_acp_r11,multi_s,0,NA,dual,4,dms,opto_pulse,opto_trial,42,415; 470,1.8;4,10; 30,1;2,g;g,20,0,120,20,470,NA,415,0.1,3,4,0,20,10,20,spout_extended,NA
2026_01_22_acp14,acp,acp14,1/22/2026,11,2026_01_22_acp_r11,multi_s,0,NA,dual,12,dls,opto_pulse,opto_trial,42,415; 470,1.8;4,10; 30,1;2,g;g,20,0,120,20,470,NA,415,0.1,3,4,0,20,10,20,spout_extended,NA
2026_01_22_acp14,acp,acp14,1/22/2026,11,2026_01_22_acp_r11,multi_s,0,NA,dual,5,ts,opto_pulse,opto_trial,42,415; 470,1.8;4,10; 30,1;2,g;g,20,0,120,20,470,NA,415,0.1,3,4,0,20,10,20,spout_extended,NA
2026_01_22_acp15,acp,acp15,1/22/2026,12,2026_01_22_acp_r12,multi_s,0,NA,dual,11,nac_shelllat,opto_pulse,opto_trial,42,415; 470,1.8;4,10; 30,1;2,g;g,20,0,120,20,470,NA,415,0.1,3,4,0,20,10,20,spout_extended,NA
2026_01_22_acp15,acp,acp15,1/22/2026,12,2026_01_22_acp_r12,multi_s,0,NA,dual,12,nac_corr,opto_pulse,opto_trial,42,415; 470,1.8;4,10; 30,1;2,g;g,20,0,120,20,470,NA,415,0.1,3,4,0,20,10,20,spout_extended,NA
2026_01_22_acp15,acp,acp15,1/22/2026,12,2026_01_22_acp_r12,multi_s,0,NA,dual,10,nac,opto_pulse,opto_trial,42,415; 470,1.8;4,10; 30,1;2,g;g,20,0,120,20,470,NA,415,0.1,3,4,0,20,10,20,spout_extended,NA
2026_01_22_acp15,acp,acp15,1/22/2026,12,2026_01_22_acp_r12,multi_s,0,NA,dual,4,dms,opto_pulse,opto_trial,42,415; 470,1.8;4,10; 30,1;2,g;g,20,0,120,20,470,NA,415,0.1,3,4,0,20,10,20,spout_extended,NA
2026_01_22_acp15,acp,acp15,1/22/2026,12,2026_01_22_acp_r12,multi_s,0,NA,dual,6,dls,opto_pulse,opto_trial,42,415; 470,1.8;4,10; 30,1;2,g;g,20,0,120,20,470,NA,415,0.1,3,4,0,20,10,20,spout_extended,NA
2026_01_22_acp15,acp,acp15,1/22/2026,12,2026_01_22_acp_r12,multi_s,0,NA,dual,5,ts,opto_pulse,opto_trial,42,415; 470,1.8;4,10; 30,1;2,g;g,20,0,120,20,470,NA,415,0.1,3,4,0,20,10,20,spout_extended,NA
2026_01_23_acr09,acr,acr09,1/23/2026,1,2026_01_23_acr_r01,multi_nacl,0,NA,dual,12,lha,NA,NA,42,415; 470; 560,7.97;5.43;33.7,30;30;30,1;2;4,g;g;r,20,0,120,10,470,560,415,0.1,3,4,0,20,10,20,spout_extended,NA
2026_01_23_acr09,acr,acr09,1/23/2026,1,2026_01_23_acr_r01,multi_nacl,0,NA,dual,10,nac,NA,NA,42,415; 470; 560,7.97;5.43;33.7,30;30;30,1;2;4,g;g;r,20,0,120,10,470,560,415,0.1,3,4,0,20,10,20,spout_extended,NA
2026_01_23_acr09,acr,acr09,1/23/2026,1,2026_01_23_acr_r01,multi_nacl,0,NA,dual,4,dms,NA,NA,42,415; 470; 560,7.97;5.43;33.7,30;30;30,1;2;4,g;g;r,20,0,120,10,470,560,415,0.1,3,4,0,20,10,20,spout_extended,NA
2026_01_23_acr09,acr,acr09,1/23/2026,1,2026_01_23_acr_r01,multi_nacl,0,NA,dual,6,dls,NA,NA,42,415; 470; 560,7.97;5.43;33.7,30;30;30,1;2;4,g;g;r,20,0,120,10,470,560,415,0.1,3,4,0,20,10,20,spout_extended,NA
2026_01_23_acr09,acr,acr09,1/23/2026,1,2026_01_23_acr_r01,multi_nacl,0,NA,dual,5,ts,NA,NA,42,415; 470; 560,7.97;5.43;33.7,30;30;30,1;2;4,g;g;r,20,0,120,10,470,560,415,0.1,3,4,0,20,10,20,spout_extended,NA
2026_01_23_acr10,acr,acr10,1/23/2026,2,2026_01_23_acr_r02,multi_nacl,0,NA,dual,5,lha,NA,NA,42,415; 470; 560,7.97;5.43;33.7,30;30;30,1;2;4,g;g;r,20,0,120,10,470,560,415,0.1,3,4,0,20,10,20,spout_extended,NA
2026_01_23_acr10,acr,acr10,1/23/2026,2,2026_01_23_acr_r02,multi_nacl,0,NA,dual,12,nac,NA,NA,42,415; 470; 560,7.97;5.43;33.7,30;30;30,1;2;4,g;g;r,20,0,120,10,470,560,415,0.1,3,4,0,20,10,20,spout_extended,NA
2026_01_23_acr10,acr,acr10,1/23/2026,2,2026_01_23_acr_r02,multi_nacl,0,NA,dual,4,dms,NA,NA,42,415; 470; 560,7.97;5.43;33.7,30;30;30,1;2;4,g;g;r,20,0,120,10,470,560,415,0.1,3,4,0,20,10,20,spout_extended,NA
2026_01_23_acr10,acr,acr10,1/23/2026,2,2026_01_23_acr_r02,multi_nacl,0,NA,dual,10,dls,NA,NA,42,415; 470; 560,7.97;5.43;33.7,30;30;30,1;2;4,g;g;r,20,0,120,10,470,560,415,0.1,3,4,0,20,10,20,spout_extended,NA
2026_01_23_acr10,acr,acr10,1/23/2026,2,2026_01_23_acr_r02,multi_nacl,0,NA,dual,6,ts,NA,NA,42,415; 470; 560,7.97;5.43;33.7,30;30;30,1;2;4,g;g;r,20,0,120,10,470,560,415,0.1,3,4,0,20,10,20,spout_extended,NA
2026_01_23_acp01,acp,acp01,1/23/2026,1,2026_01_23_acp_r01,multi_s,0,NA,dual,11,nac_shelllat,opto_pulse,opto_trial,42,415; 470,1.8;4,10; 30,1;2,g;g,20,0,120,20,470,NA,415,0.1,3,4,0,20,10,20,spout_extended,NA
2026_01_23_acp01,acp,acp01,1/23/2026,1,2026_01_23_acp_r01,multi_s,0,NA,dual,10,nac_corr,opto_pulse,opto_trial,42,415; 470,1.8;4,10; 30,1;2,g;g,20,0,120,20,470,NA,415,0.1,3,4,0,20,10,20,spout_extended,NA
2026_01_23_acp01,acp,acp01,1/23/2026,1,2026_01_23_acp_r01,multi_s,0,NA,dual,5,nac,opto_pulse,opto_trial,42,415; 470,1.8;4,10; 30,1;2,g;g,20,0,120,20,470,NA,415,0.1,3,4,0,20,10,20,spout_extended,NA
2026_01_23_acp01,acp,acp01,1/23/2026,1,2026_01_23_acp_r01,multi_s,0,NA,dual,6,dms,opto_pulse,opto_trial,42,415; 470,1.8;4,10; 30,1;2,g;g,20,0,120,20,470,NA,415,0.1,3,4,0,20,10,20,spout_extended,NA
2026_01_23_acp01,acp,acp01,1/23/2026,1,2026_01_23_acp_r01,multi_s,0,NA,dual,4,dls,opto_pulse,opto_trial,42,415; 470,1.8;4,10; 30,1;2,g;g,20,0,120,20,470,NA,415,0.1,3,4,0,20,10,20,spout_extended,NA
2026_01_23_acp01,acp,acp01,1/23/2026,1,2026_01_23_acp_r01,multi_s,0,NA,dual,12,ts,opto_pulse,opto_trial,42,415; 470,1.8;4,10; 30,1;2,g;g,20,0,120,20,470,NA,415,0.1,3,4,0,20,10,20,spout_extended,NA
2026_01_23_acp02,acp,acp02,1/23/2026,2,2026_01_23_acp_r02,multi_s,0,NA,dual,6,nac_shelllat,opto_pulse,opto_trial,42,415; 470,1.8;4,10; 30,1;2,g;g,20,0,120,20,470,NA,415,0.1,3,4,0,20,10,20,spout_extended,NA
2026_01_23_acp02,acp,acp02,1/23/2026,2,2026_01_23_acp_r02,multi_s,0,NA,dual,11,nac_corr,opto_pulse,opto_trial,42,415; 470,1.8;4,10; 30,1;2,g;g,20,0,120,20,470,NA,415,0.1,3,4,0,20,10,20,spout_extended,NA
2026_01_23_acp02,acp,acp02,1/23/2026,2,2026_01_23_acp_r02,multi_s,0,NA,dual,5,nac,opto_pulse,opto_trial,42,415; 470,1.8;4,10; 30,1;2,g;g,20,0,120,20,470,NA,415,0.1,3,4,0,20,10,20,spout_extended,NA
2026_01_23_acp02,acp,acp02,1/23/2026,2,2026_01_23_acp_r02,multi_s,0,NA,dual,12,dms,opto_pulse,opto_trial,42,415; 470,1.8;4,10; 30,1;2,g;g,20,0,120,20,470,NA,415,0.1,3,4,0,20,10,20,spout_extended,NA
2026_01_23_acp02,acp,acp02,1/23/2026,2,2026_01_23_acp_r02,multi_s,0,NA,dual,4,dls,opto_pulse,opto_trial,42,415; 470,1.8;4,10; 30,1;2,g;g,20,0,120,20,470,NA,415,0.1,3,4,0,20,10,20,spout_extended,NA
2026_01_23_acp02,acp,acp02,1/23/2026,2,2026_01_23_acp_r02,multi_s,0,NA,dual,10,ts,opto_pulse,opto_trial,42,415; 470,1.8;4,10; 30,1;2,g;g,20,0,120,20,470,NA,415,0.1,3,4,0,20,10,20,spout_extended,NA
2026_01_23_acp04,acp,acp04,1/23/2026,3,2026_01_23_acp_r03,multi_s,0,NA,dual,11,nac_shelllat,opto_pulse,opto_trial,42,415; 470,1.8;4,10; 30,1;2,g;g,20,0,120,20,470,NA,415,0.1,3,4,0,20,10,20,spout_extended,NA
2026_01_23_acp04,acp,acp04,1/23/2026,3,2026_01_23_acp_r03,multi_s,0,NA,dual,6,nac_corr,opto_pulse,opto_trial,42,415; 470,1.8;4,10; 30,1;2,g;g,20,0,120,20,470,NA,415,0.1,3,4,0,20,10,20,spout_extended,NA
2026_01_23_acp04,acp,acp04,1/23/2026,3,2026_01_23_acp_r03,multi_s,0,NA,dual,4,nac,opto_pulse,opto_trial,42,415; 470,1.8;4,10; 30,1;2,g;g,20,0,120,20,470,NA,415,0.1,3,4,0,20,10,20,spout_extended,NA
2026_01_23_acp04,acp,acp04,1/23/2026,3,2026_01_23_acp_r03,multi_s,0,NA,dual,12,dms,opto_pulse,opto_trial,42,415; 470,1.8;4,10; 30,1;2,g;g,20,0,120,20,470,NA,415,0.1,3,4,0,20,10,20,spout_extended,NA
2026_01_23_acp04,acp,acp04,1/23/2026,3,2026_01_23_acp_r03,multi_s,0,NA,dual,10,dls,opto_pulse,opto_trial,42,415; 470,1.8;4,10; 30,1;2,g;g,20,0,120,20,470,NA,415,0.1,3,4,0,20,10,20,spout_extended,NA
2026_01_23_acp04,acp,acp04,1/23/2026,3,2026_01_23_acp_r03,multi_s,0,NA,dual,5,ts,opto_pulse,opto_trial,42,415; 470,1.8;4,10; 30,1;2,g;g,20,0,120,20,470,NA,415,0.1,3,4,0,20,10,20,spout_extended,NA
2026_01_23_acp05,acp,acp05,1/23/2026,4,2026_01_23_acp_r04,multi_s,0,NA,dual,11,nac_shelllat,opto_pulse,opto_trial,42,415; 470,1.8;4,10; 30,1;2,g;g,20,0,120,20,470,NA,415,0.1,3,4,0,20,10,20,spout_extended,NA
2026_01_23_acp05,acp,acp05,1/23/2026,4,2026_01_23_acp_r04,multi_s,0,NA,dual,10,nac_corr,opto_pulse,opto_trial,42,415; 470,1.8;4,10; 30,1;2,g;g,20,0,120,20,470,NA,415,0.1,3,4,0,20,10,20,spout_extended,NA
2026_01_23_acp05,acp,acp05,1/23/2026,4,2026_01_23_acp_r04,multi_s,0,NA,dual,12,nac,opto_pulse,opto_trial,42,415; 470,1.8;4,10; 30,1;2,g;g,20,0,120,20,470,NA,415,0.1,3,4,0,20,10,20,spout_extended,NA
2026_01_23_acp05,acp,acp05,1/23/2026,4,2026_01_23_acp_r04,multi_s,0,NA,dual,4,dms,opto_pulse,opto_trial,42,415; 470,1.8;4,10; 30,1;2,g;g,20,0,120,20,470,NA,415,0.1,3,4,0,20,10,20,spout_extended,NA
2026_01_23_acp05,acp,acp05,1/23/2026,4,2026_01_23_acp_r04,multi_s,0,NA,dual,6,dls,opto_pulse,opto_trial,42,415; 470,1.8;4,10; 30,1;2,g;g,20,0,120,20,470,NA,415,0.1,3,4,0,20,10,20,spout_extended,NA
2026_01_23_acp05,acp,acp05,1/23/2026,4,2026_01_23_acp_r04,multi_s,0,NA,dual,5,ts,opto_pulse,opto_trial,42,415; 470,1.8;4,10; 30,1;2,g;g,20,0,120,20,470,NA,415,0.1,3,4,0,20,10,20,spout_extended,NA
2026_01_23_acp06,acp,acp06,1/23/2026,5,2026_01_23_acp_r05,multi_s,0,NA,dual,4,nac_shelllat,opto_pulse,opto_trial,42,415; 470,1.8;4,10; 30,1;2,g;g,20,0,120,20,470,NA,415,0.1,3,4,0,20,10,20,spout_extended,NA
2026_01_23_acp06,acp,acp06,1/23/2026,5,2026_01_23_acp_r05,multi_s,0,NA,dual,11,nac_corr,opto_pulse,opto_trial,42,415; 470,1.8;4,10; 30,1;2,g;g,20,0,120,20,470,NA,415,0.1,3,4,0,20,10,20,spout_extended,NA
2026_01_23_acp06,acp,acp06,1/23/2026,5,2026_01_23_acp_r05,multi_s,0,NA,dual,10,nac,opto_pulse,opto_trial,42,415; 470,1.8;4,10; 30,1;2,g;g,20,0,120,20,470,NA,415,0.1,3,4,0,20,10,20,spout_extended,NA
2026_01_23_acp06,acp,acp06,1/23/2026,5,2026_01_23_acp_r05,multi_s,0,NA,dual,5,dms,opto_pulse,opto_trial,42,415; 470,1.8;4,10; 30,1;2,g;g,20,0,120,20,470,NA,415,0.1,3,4,0,20,10,20,spout_extended,NA
2026_01_23_acp06,acp,acp06,1/23/2026,5,2026_01_23_acp_r05,multi_s,0,NA,dual,12,dls,opto_pulse,opto_trial,42,415; 470,1.8;4,10; 30,1;2,g;g,20,0,120,20,470,NA,415,0.1,3,4,0,20,10,20,spout_extended,NA
2026_01_23_acp06,acp,acp06,1/23/2026,5,2026_01_23_acp_r05,multi_s,0,NA,dual,6,ts,opto_pulse,opto_trial,42,415; 470,1.8;4,10; 30,1;2,g;g,20,0,120,20,470,NA,415,0.1,3,4,0,20,10,20,spout_extended,NA
2026_01_23_acp08,acp,acp08,1/23/2026,7,2026_01_23_acp_r07,multi_s,0,NA,dual,11,nac_shelllat,opto_pulse,opto_trial,42,415; 470,1.8;4,10; 30,1;2,g;g,20,0,120,20,470,NA,415,0.1,3,4,0,20,10,20,spout_extended,NA
2026_01_23_acp08,acp,acp08,1/23/2026,7,2026_01_23_acp_r07,multi_s,0,NA,dual,5,nac_corr,opto_pulse,opto_trial,42,415; 470,1.8;4,10; 30,1;2,g;g,20,0,120,20,470,NA,415,0.1,3,4,0,20,10,20,spout_extended,NA
2026_01_23_acp08,acp,acp08,1/23/2026,7,2026_01_23_acp_r07,multi_s,0,NA,dual,6,nac,opto_pulse,opto_trial,42,415; 470,1.8;4,10; 30,1;2,g;g,20,0,120,20,470,NA,415,0.1,3,4,0,20,10,20,spout_extended,NA
2026_01_23_acp08,acp,acp08,1/23/2026,7,2026_01_23_acp_r07,multi_s,0,NA,dual,10,dms,opto_pulse,opto_trial,42,415; 470,1.8;4,10; 30,1;2,g;g,20,0,120,20,470,NA,415,0.1,3,4,0,20,10,20,spout_extended,NA
2026_01_23_acp08,acp,acp08,1/23/2026,7,2026_01_23_acp_r07,multi_s,0,NA,dual,12,dls,opto_pulse,opto_trial,42,415; 470,1.8;4,10; 30,1;2,g;g,20,0,120,20,470,NA,415,0.1,3,4,0,20,10,20,spout_extended,NA
2026_01_23_acp08,acp,acp08,1/23/2026,7,2026_01_23_acp_r07,multi_s,0,NA,dual,4,ts,opto_pulse,opto_trial,42,415; 470,1.8;4,10; 30,1;2,g;g,20,0,120,20,470,NA,415,0.1,3,4,0,20,10,20,spout_extended,NA
2026_01_23_acp11,acp,acp11,1/23/2026,9,2026_01_23_acp_r09,multi_s,0,NA,dual,11,nac_shelllat,opto_pulse,opto_trial,42,415; 470,1.8;4,10; 30,1;2,g;g,20,0,120,20,470,NA,415,0.1,3,4,0,20,10,20,spout_extended,NA
2026_01_23_acp11,acp,acp11,1/23/2026,9,2026_01_23_acp_r09,multi_s,0,NA,dual,4,nac_corr,opto_pulse,opto_trial,42,415; 470,1.8;4,10; 30,1;2,g;g,20,0,120,20,470,NA,415,0.1,3,4,0,20,10,20,spout_extended,NA
2026_01_23_acp11,acp,acp11,1/23/2026,9,2026_01_23_acp_r09,multi_s,0,NA,dual,5,nac,opto_pulse,opto_trial,42,415; 470,1.8;4,10; 30,1;2,g;g,20,0,120,20,470,NA,415,0.1,3,4,0,20,10,20,spout_extended,NA
2026_01_23_acp11,acp,acp11,1/23/2026,9,2026_01_23_acp_r09,multi_s,0,NA,dual,10,dms,opto_pulse,opto_trial,42,415; 470,1.8;4,10; 30,1;2,g;g,20,0,120,20,470,NA,415,0.1,3,4,0,20,10,20,spout_extended,NA
2026_01_23_acp11,acp,acp11,1/23/2026,9,2026_01_23_acp_r09,multi_s,0,NA,dual,6,dls,opto_pulse,opto_trial,42,415; 470,1.8;4,10; 30,1;2,g;g,20,0,120,20,470,NA,415,0.1,3,4,0,20,10,20,spout_extended,NA
2026_01_23_acp11,acp,acp11,1/23/2026,9,2026_01_23_acp_r09,multi_s,0,NA,dual,12,ts,opto_pulse,opto_trial,42,415; 470,1.8;4,10; 30,1;2,g;g,20,0,120,20,470,NA,415,0.1,3,4,0,20,10,20,spout_extended,NA
2026_01_23_acp13,acp,acp13,1/23/2026,10,2026_01_23_acp_r10,multi_s,0,NA,dual,10,nac_shelllat,opto_pulse,opto_trial,42,415; 470,1.8;4,10; 30,1;2,g;g,20,0,120,20,470,NA,415,0.1,3,4,0,20,10,20,spout_extended,NA
2026_01_23_acp13,acp,acp13,1/23/2026,10,2026_01_23_acp_r10,multi_s,0,NA,dual,11,nac_corr,opto_pulse,opto_trial,42,415; 470,1.8;4,10; 30,1;2,g;g,20,0,120,20,470,NA,415,0.1,3,4,0,20,10,20,spout_extended,NA
2026_01_23_acp13,acp,acp13,1/23/2026,10,2026_01_23_acp_r10,multi_s,0,NA,dual,5,nac,opto_pulse,opto_trial,42,415; 470,1.8;4,10; 30,1;2,g;g,20,0,120,20,470,NA,415,0.1,3,4,0,20,10,20,spout_extended,NA
2026_01_23_acp13,acp,acp13,1/23/2026,10,2026_01_23_acp_r10,multi_s,0,NA,dual,4,dms,opto_pulse,opto_trial,42,415; 470,1.8;4,10; 30,1;2,g;g,20,0,120,20,470,NA,415,0.1,3,4,0,20,10,20,spout_extended,NA
2026_01_23_acp13,acp,acp13,1/23/2026,10,2026_01_23_acp_r10,multi_s,0,NA,dual,12,dls,opto_pulse,opto_trial,42,415; 470,1.8;4,10; 30,1;2,g;g,20,0,120,20,470,NA,415,0.1,3,4,0,20,10,20,spout_extended,NA
2026_01_23_acp13,acp,acp13,1/23/2026,10,2026_01_23_acp_r10,multi_s,0,NA,dual,6,ts,opto_pulse,opto_trial,42,415; 470,1.8;4,10; 30,1;2,g;g,20,0,120,20,470,NA,415,0.1,3,4,0,20,10,20,spout_extended,NA
2026_01_23_acp14,acp,acp14,1/23/2026,11,2026_01_23_acp_r11,multi_s,0,NA,dual,6,nac_shelllat,opto_pulse,opto_trial,42,415; 470,1.8;4,10; 30,1;2,g;g,20,0,120,20,470,NA,415,0.1,3,4,0,20,10,20,spout_extended,NA
2026_01_23_acp14,acp,acp14,1/23/2026,11,2026_01_23_acp_r11,multi_s,0,NA,dual,4,nac_corr,opto_pulse,opto_trial,42,415; 470,1.8;4,10; 30,1;2,g;g,20,0,120,20,470,NA,415,0.1,3,4,0,20,10,20,spout_extended,NA
2026_01_23_acp14,acp,acp14,1/23/2026,11,2026_01_23_acp_r11,multi_s,0,NA,dual,10,nac,opto_pulse,opto_trial,42,415; 470,1.8;4,10; 30,1;2,g;g,20,0,120,20,470,NA,415,0.1,3,4,0,20,10,20,spout_extended,NA
2026_01_23_acp14,acp,acp14,1/23/2026,11,2026_01_23_acp_r11,multi_s,0,NA,dual,12,dms,opto_pulse,opto_trial,42,415; 470,1.8;4,10; 30,1;2,g;g,20,0,120,20,470,NA,415,0.1,3,4,0,20,10,20,spout_extended,NA
2026_01_23_acp14,acp,acp14,1/23/2026,11,2026_01_23_acp_r11,multi_s,0,NA,dual,5,dls,opto_pulse,opto_trial,42,415; 470,1.8;4,10; 30,1;2,g;g,20,0,120,20,470,NA,415,0.1,3,4,0,20,10,20,spout_extended,NA
2026_01_23_acp14,acp,acp14,1/23/2026,11,2026_01_23_acp_r11,multi_s,0,NA,dual,11,ts,opto_pulse,opto_trial,42,415; 470,1.8;4,10; 30,1;2,g;g,20,0,120,20,470,NA,415,0.1,3,4,0,20,10,20,spout_extended,NA
2026_01_23_acp15,acp,acp15,1/23/2026,12,2026_01_23_acp_r12,multi_s,0,NA,dual,12,nac_shelllat,opto_pulse,opto_trial,42,415; 470,1.8;4,10; 30,1;2,g;g,20,0,120,20,470,NA,415,0.1,3,4,0,20,10,20,spout_extended,NA
2026_01_23_acp15,acp,acp15,1/23/2026,12,2026_01_23_acp_r12,multi_s,0,NA,dual,11,nac_corr,opto_pulse,opto_trial,42,415; 470,1.8;4,10; 30,1;2,g;g,20,0,120,20,470,NA,415,0.1,3,4,0,20,10,20,spout_extended,NA
2026_01_23_acp15,acp,acp15,1/23/2026,12,2026_01_23_acp_r12,multi_s,0,NA,dual,5,nac,opto_pulse,opto_trial,42,415; 470,1.8;4,10; 30,1;2,g;g,20,0,120,20,470,NA,415,0.1,3,4,0,20,10,20,spout_extended,NA
2026_01_23_acp15,acp,acp15,1/23/2026,12,2026_01_23_acp_r12,multi_s,0,NA,dual,10,dms,opto_pulse,opto_trial,42,415; 470,1.8;4,10; 30,1;2,g;g,20,0,120,20,470,NA,415,0.1,3,4,0,20,10,20,spout_extended,NA
2026_01_23_acp15,acp,acp15,1/23/2026,12,2026_01_23_acp_r12,multi_s,0,NA,dual,4,dls,opto_pulse,opto_trial,42,415; 470,1.8;4,10; 30,1;2,g;g,20,0,120,20,470,NA,415,0.1,3,4,0,20,10,20,spout_extended,NA
2026_01_23_acp15,acp,acp15,1/23/2026,12,2026_01_23_acp_r12,multi_s,0,NA,dual,6,ts,opto_pulse,opto_trial,42,415; 470,1.8;4,10; 30,1;2,g;g,20,0,120,20,470,NA,415,0.1,3,4,0,20,10,20,spout_extended,NA
2026_01_28_acr09,acr,acr09,1/28/2026,1,2026_01_28_acr_r01,multi_s,0,NA,dual,10,lha,NA,NA,42,415; 470; 560,7.97;5.43;33.7,30;30;30,1;2;4,g;g;r,20,0,120,10,470,560,415,0.1,3,4,0,20,10,20,spout_extended,NA
2026_01_28_acr09,acr,acr09,1/28/2026,1,2026_01_28_acr_r01,multi_s,0,NA,dual,4,nac,NA,NA,42,415; 470; 560,7.97;5.43;33.7,30;30;30,1;2;4,g;g;r,20,0,120,10,470,560,415,0.1,3,4,0,20,10,20,spout_extended,NA
2026_01_28_acr09,acr,acr09,1/28/2026,1,2026_01_28_acr_r01,multi_s,0,NA,dual,11,dms,NA,NA,42,415; 470; 560,7.97;5.43;33.7,30;30;30,1;2;4,g;g;r,20,0,120,10,470,560,415,0.1,3,4,0,20,10,20,spout_extended,NA
2026_01_28_acr09,acr,acr09,1/28/2026,1,2026_01_28_acr_r01,multi_s,0,NA,dual,12,dls,NA,NA,42,415; 470; 560,7.97;5.43;33.7,30;30;30,1;2;4,g;g;r,20,0,120,10,470,560,415,0.1,3,4,0,20,10,20,spout_extended,NA
2026_01_28_acr09,acr,acr09,1/28/2026,1,2026_01_28_acr_r01,multi_s,0,NA,dual,6,ts,NA,NA,42,415; 470; 560,7.97;5.43;33.7,30;30;30,1;2;4,g;g;r,20,0,120,10,470,560,415,0.1,3,4,0,20,10,20,spout_extended,NA
2026_01_28_acr10,acr,acr10,1/28/2026,2,2026_01_28_acr_r02,multi_s,0,NA,dual,12,lha,NA,NA,42,415; 470; 560,7.97;5.43;33.7,30;30;30,1;2;4,g;g;r,20,0,120,10,470,560,415,0.1,3,4,0,20,10,20,spout_extended,NA
2026_01_28_acr10,acr,acr10,1/28/2026,2,2026_01_28_acr_r02,multi_s,0,NA,dual,10,nac,NA,NA,42,415; 470; 560,7.97;5.43;33.7,30;30;30,1;2;4,g;g;r,20,0,120,10,470,560,415,0.1,3,4,0,20,10,20,spout_extended,NA
2026_01_28_acr10,acr,acr10,1/28/2026,2,2026_01_28_acr_r02,multi_s,0,NA,dual,5,dms,NA,NA,42,415; 470; 560,7.97;5.43;33.7,30;30;30,1;2;4,g;g;r,20,0,120,10,470,560,415,0.1,3,4,0,20,10,20,spout_extended,NA
2026_01_28_acr10,acr,acr10,1/28/2026,2,2026_01_28_acr_r02,multi_s,0,NA,dual,11,dls,NA,NA,42,415; 470; 560,7.97;5.43;33.7,30;30;30,1;2;4,g;g;r,20,0,120,10,470,560,415,0.1,3,4,0,20,10,20,spout_extended,NA
2026_01_28_acr10,acr,acr10,1/28/2026,2,2026_01_28_acr_r02,multi_s,0,NA,dual,4,ts,NA,NA,42,415; 470; 560,7.97;5.43;33.7,30;30;30,1;2;4,g;g;r,20,0,120,10,470,560,415,0.1,3,4,0,20,10,20,spout_extended,NA
2026_01_28_acp01,acp,acp01,1/28/2026,1,2026_01_28_acp_r01,multi_s,0,NA,dual,12,nac_shelllat,opto_pulse,opto_trial,42,415; 470,1.8;4,10; 30,1;2,g;g,20,0,120,20,470,NA,415,0.1,3,4,0,20,10,20,spout_extended,NA
2026_01_28_acp01,acp,acp01,1/28/2026,1,2026_01_28_acp_r01,multi_s,0,NA,dual,4,nac_corr,opto_pulse,opto_trial,42,415; 470,1.8;4,10; 30,1;2,g;g,20,0,120,20,470,NA,415,0.1,3,4,0,20,10,20,spout_extended,NA
2026_01_28_acp01,acp,acp01,1/28/2026,1,2026_01_28_acp_r01,multi_s,0,NA,dual,11,nac,opto_pulse,opto_trial,42,415; 470,1.8;4,10; 30,1;2,g;g,20,0,120,20,470,NA,415,0.1,3,4,0,20,10,20,spout_extended,NA
2026_01_28_acp01,acp,acp01,1/28/2026,1,2026_01_28_acp_r01,multi_s,0,NA,dual,5,dms,opto_pulse,opto_trial,42,415; 470,1.8;4,10; 30,1;2,g;g,20,0,120,20,470,NA,415,0.1,3,4,0,20,10,20,spout_extended,NA
2026_01_28_acp01,acp,acp01,1/28/2026,1,2026_01_28_acp_r01,multi_s,0,NA,dual,10,dls,opto_pulse,opto_trial,42,415; 470,1.8;4,10; 30,1;2,g;g,20,0,120,20,470,NA,415,0.1,3,4,0,20,10,20,spout_extended,NA
2026_01_28_acp01,acp,acp01,1/28/2026,1,2026_01_28_acp_r01,multi_s,0,NA,dual,6,ts,opto_pulse,opto_trial,42,415; 470,1.8;4,10; 30,1;2,g;g,20,0,120,20,470,NA,415,0.1,3,4,0,20,10,20,spout_extended,NA
2026_01_28_acp02,acp,acp02,1/28/2026,2,2026_01_28_acp_r02,multi_s,0,NA,dual,5,nac_shelllat,opto_pulse,opto_trial,42,415; 470,1.8;4,10; 30,1;2,g;g,20,0,120,20,470,NA,415,0.1,3,4,0,20,10,20,spout_extended,NA
2026_01_28_acp02,acp,acp02,1/28/2026,2,2026_01_28_acp_r02,multi_s,0,NA,dual,4,nac_corr,opto_pulse,opto_trial,42,415; 470,1.8;4,10; 30,1;2,g;g,20,0,120,20,470,NA,415,0.1,3,4,0,20,10,20,spout_extended,NA
2026_01_28_acp02,acp,acp02,1/28/2026,2,2026_01_28_acp_r02,multi_s,0,NA,dual,12,nac,opto_pulse,opto_trial,42,415; 470,1.8;4,10; 30,1;2,g;g,20,0,120,20,470,NA,415,0.1,3,4,0,20,10,20,spout_extended,NA
2026_01_28_acp02,acp,acp02,1/28/2026,2,2026_01_28_acp_r02,multi_s,0,NA,dual,6,dms,opto_pulse,opto_trial,42,415; 470,1.8;4,10; 30,1;2,g;g,20,0,120,20,470,NA,415,0.1,3,4,0,20,10,20,spout_extended,NA
2026_01_28_acp02,acp,acp02,1/28/2026,2,2026_01_28_acp_r02,multi_s,0,NA,dual,10,dls,opto_pulse,opto_trial,42,415; 470,1.8;4,10; 30,1;2,g;g,20,0,120,20,470,NA,415,0.1,3,4,0,20,10,20,spout_extended,NA
2026_01_28_acp02,acp,acp02,1/28/2026,2,2026_01_28_acp_r02,multi_s,0,NA,dual,11,ts,opto_pulse,opto_trial,42,415; 470,1.8;4,10; 30,1;2,g;g,20,0,120,20,470,NA,415,0.1,3,4,0,20,10,20,spout_extended,NA
2026_01_28_acp04,acp,acp04,1/28/2026,3,2026_01_28_acp_r03,multi_s,0,NA,dual,5,nac_shelllat,opto_pulse,opto_trial,42,415; 470,1.8;4,10; 30,1;2,g;g,20,0,120,20,470,NA,415,0.1,3,4,0,20,10,20,spout_extended,NA
2026_01_28_acp04,acp,acp04,1/28/2026,3,2026_01_28_acp_r03,multi_s,0,NA,dual,4,nac_corr,opto_pulse,opto_trial,42,415; 470,1.8;4,10; 30,1;2,g;g,20,0,120,20,470,NA,415,0.1,3,4,0,20,10,20,spout_extended,NA
2026_01_28_acp04,acp,acp04,1/28/2026,3,2026_01_28_acp_r03,multi_s,0,NA,dual,10,nac,opto_pulse,opto_trial,42,415; 470,1.8;4,10; 30,1;2,g;g,20,0,120,20,470,NA,415,0.1,3,4,0,20,10,20,spout_extended,NA
2026_01_28_acp04,acp,acp04,1/28/2026,3,2026_01_28_acp_r03,multi_s,0,NA,dual,11,dms,opto_pulse,opto_trial,42,415; 470,1.8;4,10; 30,1;2,g;g,20,0,120,20,470,NA,415,0.1,3,4,0,20,10,20,spout_extended,NA
2026_01_28_acp04,acp,acp04,1/28/2026,3,2026_01_28_acp_r03,multi_s,0,NA,dual,12,dls,opto_pulse,opto_trial,42,415; 470,1.8;4,10; 30,1;2,g;g,20,0,120,20,470,NA,415,0.1,3,4,0,20,10,20,spout_extended,NA
2026_01_28_acp04,acp,acp04,1/28/2026,3,2026_01_28_acp_r03,multi_s,0,NA,dual,6,ts,opto_pulse,opto_trial,42,415; 470,1.8;4,10; 30,1;2,g;g,20,0,120,20,470,NA,415,0.1,3,4,0,20,10,20,spout_extended,NA
2026_01_28_acp05,acp,acp05,1/28/2026,4,2026_01_28_acp_r04,multi_s,0,NA,dual,6,nac_shelllat,opto_pulse,opto_trial,42,415; 470,1.8;4,10; 30,1;2,g;g,20,0,120,20,470,NA,415,0.1,3,4,0,20,10,20,spout_extended,NA
2026_01_28_acp05,acp,acp05,1/28/2026,4,2026_01_28_acp_r04,multi_s,0,NA,dual,5,nac_corr,opto_pulse,opto_trial,42,415; 470,1.8;4,10; 30,1;2,g;g,20,0,120,20,470,NA,415,0.1,3,4,0,20,10,20,spout_extended,NA
2026_01_28_acp05,acp,acp05,1/28/2026,4,2026_01_28_acp_r04,multi_s,0,NA,dual,11,nac,opto_pulse,opto_trial,42,415; 470,1.8;4,10; 30,1;2,g;g,20,0,120,20,470,NA,415,0.1,3,4,0,20,10,20,spout_extended,NA
2026_01_28_acp05,acp,acp05,1/28/2026,4,2026_01_28_acp_r04,multi_s,0,NA,dual,4,dms,opto_pulse,opto_trial,42,415; 470,1.8;4,10; 30,1;2,g;g,20,0,120,20,470,NA,415,0.1,3,4,0,20,10,20,spout_extended,NA
2026_01_28_acp05,acp,acp05,1/28/2026,4,2026_01_28_acp_r04,multi_s,0,NA,dual,10,dls,opto_pulse,opto_trial,42,415; 470,1.8;4,10; 30,1;2,g;g,20,0,120,20,470,NA,415,0.1,3,4,0,20,10,20,spout_extended,NA
2026_01_28_acp05,acp,acp05,1/28/2026,4,2026_01_28_acp_r04,multi_s,0,NA,dual,12,ts,opto_pulse,opto_trial,42,415; 470,1.8;4,10; 30,1;2,g;g,20,0,120,20,470,NA,415,0.1,3,4,0,20,10,20,spout_extended,NA
2026_01_28_acp06,acp,acp06,1/28/2026,5,2026_01_28_acp_r05,multi_s,0,NA,dual,12,nac_shelllat,opto_pulse,opto_trial,42,415; 470,1.8;4,10; 30,1;2,g;g,20,0,120,20,470,NA,415,0.1,3,4,0,20,10,20,spout_extended,NA
2026_01_28_acp06,acp,acp06,1/28/2026,5,2026_01_28_acp_r05,multi_s,0,NA,dual,4,nac_corr,opto_pulse,opto_trial,42,415; 470,1.8;4,10; 30,1;2,g;g,20,0,120,20,470,NA,415,0.1,3,4,0,20,10,20,spout_extended,NA
2026_01_28_acp06,acp,acp06,1/28/2026,5,2026_01_28_acp_r05,multi_s,0,NA,dual,5,nac,opto_pulse,opto_trial,42,415; 470,1.8;4,10; 30,1;2,g;g,20,0,120,20,470,NA,415,0.1,3,4,0,20,10,20,spout_extended,NA
2026_01_28_acp06,acp,acp06,1/28/2026,5,2026_01_28_acp_r05,multi_s,0,NA,dual,6,dms,opto_pulse,opto_trial,42,415; 470,1.8;4,10; 30,1;2,g;g,20,0,120,20,470,NA,415,0.1,3,4,0,20,10,20,spout_extended,NA
2026_01_28_acp06,acp,acp06,1/28/2026,5,2026_01_28_acp_r05,multi_s,0,NA,dual,10,dls,opto_pulse,opto_trial,42,415; 470,1.8;4,10; 30,1;2,g;g,20,0,120,20,470,NA,415,0.1,3,4,0,20,10,20,spout_extended,NA
2026_01_28_acp06,acp,acp06,1/28/2026,5,2026_01_28_acp_r05,multi_s,0,NA,dual,11,ts,opto_pulse,opto_trial,42,415; 470,1.8;4,10; 30,1;2,g;g,20,0,120,20,470,NA,415,0.1,3,4,0,20,10,20,spout_extended,NA
2026_01_28_acp08,acp,acp08,1/28/2026,7,2026_01_28_acp_r07,multi_s,0,NA,dual,5,nac_shelllat,opto_pulse,opto_trial,42,415; 470,1.8;4,10; 30,1;2,g;g,20,0,120,20,470,NA,415,0.1,3,4,0,20,10,20,spout_extended,NA
2026_01_28_acp08,acp,acp08,1/28/2026,7,2026_01_28_acp_r07,multi_s,0,NA,dual,12,nac_corr,opto_pulse,opto_trial,42,415; 470,1.8;4,10; 30,1;2,g;g,20,0,120,20,470,NA,415,0.1,3,4,0,20,10,20,spout_extended,NA
2026_01_28_acp08,acp,acp08,1/28/2026,7,2026_01_28_acp_r07,multi_s,0,NA,dual,4,nac,opto_pulse,opto_trial,42,415; 470,1.8;4,10; 30,1;2,g;g,20,0,120,20,470,NA,415,0.1,3,4,0,20,10,20,spout_extended,NA
2026_01_28_acp08,acp,acp08,1/28/2026,7,2026_01_28_acp_r07,multi_s,0,NA,dual,6,dms,opto_pulse,opto_trial,42,415; 470,1.8;4,10; 30,1;2,g;g,20,0,120,20,470,NA,415,0.1,3,4,0,20,10,20,spout_extended,NA
2026_01_28_acp08,acp,acp08,1/28/2026,7,2026_01_28_acp_r07,multi_s,0,NA,dual,11,dls,opto_pulse,opto_trial,42,415; 470,1.8;4,10; 30,1;2,g;g,20,0,120,20,470,NA,415,0.1,3,4,0,20,10,20,spout_extended,NA
2026_01_28_acp08,acp,acp08,1/28/2026,7,2026_01_28_acp_r07,multi_s,0,NA,dual,10,ts,opto_pulse,opto_trial,42,415; 470,1.8;4,10; 30,1;2,g;g,20,0,120,20,470,NA,415,0.1,3,4,0,20,10,20,spout_extended,NA
2026_01_28_acp11,acp,acp11,1/28/2026,9,2026_01_28_acp_r09,multi_s,0,NA,dual,4,nac_shelllat,opto_pulse,opto_trial,42,415; 470,1.8;4,10; 30,1;2,g;g,20,0,120,20,470,NA,415,0.1,3,4,0,20,10,20,spout_extended,NA
2026_01_28_acp11,acp,acp11,1/28/2026,9,2026_01_28_acp_r09,multi_s,0,NA,dual,5,nac_corr,opto_pulse,opto_trial,42,415; 470,1.8;4,10; 30,1;2,g;g,20,0,120,20,470,NA,415,0.1,3,4,0,20,10,20,spout_extended,NA
2026_01_28_acp11,acp,acp11,1/28/2026,9,2026_01_28_acp_r09,multi_s,0,NA,dual,12,nac,opto_pulse,opto_trial,42,415; 470,1.8;4,10; 30,1;2,g;g,20,0,120,20,470,NA,415,0.1,3,4,0,20,10,20,spout_extended,NA
2026_01_28_acp11,acp,acp11,1/28/2026,9,2026_01_28_acp_r09,multi_s,0,NA,dual,11,dms,opto_pulse,opto_trial,42,415; 470,1.8;4,10; 30,1;2,g;g,20,0,120,20,470,NA,415,0.1,3,4,0,20,10,20,spout_extended,NA
2026_01_28_acp11,acp,acp11,1/28/2026,9,2026_01_28_acp_r09,multi_s,0,NA,dual,10,dls,opto_pulse,opto_trial,42,415; 470,1.8;4,10; 30,1;2,g;g,20,0,120,20,470,NA,415,0.1,3,4,0,20,10,20,spout_extended,NA
2026_01_28_acp11,acp,acp11,1/28/2026,9,2026_01_28_acp_r09,multi_s,0,NA,dual,6,ts,opto_pulse,opto_trial,42,415; 470,1.8;4,10; 30,1;2,g;g,20,0,120,20,470,NA,415,0.1,3,4,0,20,10,20,spout_extended,NA
2026_01_28_acp13,acp,acp13,1/28/2026,10,2026_01_28_acp_r10,multi_s,0,NA,dual,12,nac_shelllat,opto_pulse,opto_trial,42,415; 470,1.8;4,10; 30,1;2,g;g,20,0,120,20,470,NA,415,0.1,3,4,0,20,10,20,spout_extended,NA
2026_01_28_acp13,acp,acp13,1/28/2026,10,2026_01_28_acp_r10,multi_s,0,NA,dual,6,nac_corr,opto_pulse,opto_trial,42,415; 470,1.8;4,10; 30,1;2,g;g,20,0,120,20,470,NA,415,0.1,3,4,0,20,10,20,spout_extended,NA
2026_01_28_acp13,acp,acp13,1/28/2026,10,2026_01_28_acp_r10,multi_s,0,NA,dual,11,nac,opto_pulse,opto_trial,42,415; 470,1.8;4,10; 30,1;2,g;g,20,0,120,20,470,NA,415,0.1,3,4,0,20,10,20,spout_extended,NA
2026_01_28_acp13,acp,acp13,1/28/2026,10,2026_01_28_acp_r10,multi_s,0,NA,dual,5,dms,opto_pulse,opto_trial,42,415; 470,1.8;4,10; 30,1;2,g;g,20,0,120,20,470,NA,415,0.1,3,4,0,20,10,20,spout_extended,NA
2026_01_28_acp13,acp,acp13,1/28/2026,10,2026_01_28_acp_r10,multi_s,0,NA,dual,4,dls,opto_pulse,opto_trial,42,415; 470,1.8;4,10; 30,1;2,g;g,20,0,120,20,470,NA,415,0.1,3,4,0,20,10,20,spout_extended,NA
2026_01_28_acp13,acp,acp13,1/28/2026,10,2026_01_28_acp_r10,multi_s,0,NA,dual,10,ts,opto_pulse,opto_trial,42,415; 470,1.8;4,10; 30,1;2,g;g,20,0,120,20,470,NA,415,0.1,3,4,0,20,10,20,spout_extended,NA
2026_01_28_acp14,acp,acp14,1/28/2026,11,2026_01_28_acp_r11,multi_s,0,NA,dual,6,nac_shelllat,opto_pulse,opto_trial,42,415; 470,1.8;4,10; 30,1;2,g;g,20,0,120,20,470,NA,415,0.1,3,4,0,20,10,20,spout_extended,NA
2026_01_28_acp14,acp,acp14,1/28/2026,11,2026_01_28_acp_r11,multi_s,0,NA,dual,11,nac_corr,opto_pulse,opto_trial,42,415; 470,1.8;4,10; 30,1;2,g;g,20,0,120,20,470,NA,415,0.1,3,4,0,20,10,20,spout_extended,NA
2026_01_28_acp14,acp,acp14,1/28/2026,11,2026_01_28_acp_r11,multi_s,0,NA,dual,12,nac,opto_pulse,opto_trial,42,415; 470,1.8;4,10; 30,1;2,g;g,20,0,120,20,470,NA,415,0.1,3,4,0,20,10,20,spout_extended,NA
2026_01_28_acp14,acp,acp14,1/28/2026,11,2026_01_28_acp_r11,multi_s,0,NA,dual,10,dms,opto_pulse,opto_trial,42,415; 470,1.8;4,10; 30,1;2,g;g,20,0,120,20,470,NA,415,0.1,3,4,0,20,10,20,spout_extended,NA
2026_01_28_acp14,acp,acp14,1/28/2026,11,2026_01_28_acp_r11,multi_s,0,NA,dual,5,dls,opto_pulse,opto_trial,42,415; 470,1.8;4,10; 30,1;2,g;g,20,0,120,20,470,NA,415,0.1,3,4,0,20,10,20,spout_extended,NA
2026_01_28_acp14,acp,acp14,1/28/2026,11,2026_01_28_acp_r11,multi_s,0,NA,dual,4,ts,opto_pulse,opto_trial,42,415; 470,1.8;4,10; 30,1;2,g;g,20,0,120,20,470,NA,415,0.1,3,4,0,20,10,20,spout_extended,NA
2026_01_28_acp15,acp,acp15,1/28/2026,12,2026_01_28_acp_r12,multi_s,0,NA,dual,4,nac_shelllat,opto_pulse,opto_trial,42,415; 470,1.8;4,10; 30,1;2,g;g,20,0,120,20,470,NA,415,0.1,3,4,0,20,10,20,spout_extended,NA
2026_01_28_acp15,acp,acp15,1/28/2026,12,2026_01_28_acp_r12,multi_s,0,NA,dual,6,nac_corr,opto_pulse,opto_trial,42,415; 470,1.8;4,10; 30,1;2,g;g,20,0,120,20,470,NA,415,0.1,3,4,0,20,10,20,spout_extended,NA
2026_01_28_acp15,acp,acp15,1/28/2026,12,2026_01_28_acp_r12,multi_s,0,NA,dual,12,nac,opto_pulse,opto_trial,42,415; 470,1.8;4,10; 30,1;2,g;g,20,0,120,20,470,NA,415,0.1,3,4,0,20,10,20,spout_extended,NA
2026_01_28_acp15,acp,acp15,1/28/2026,12,2026_01_28_acp_r12,multi_s,0,NA,dual,5,dms,opto_pulse,opto_trial,42,415; 470,1.8;4,10; 30,1;2,g;g,20,0,120,20,470,NA,415,0.1,3,4,0,20,10,20,spout_extended,NA
2026_01_28_acp15,acp,acp15,1/28/2026,12,2026_01_28_acp_r12,multi_s,0,NA,dual,11,dls,opto_pulse,opto_trial,42,415; 470,1.8;4,10; 30,1;2,g;g,20,0,120,20,470,NA,415,0.1,3,4,0,20,10,20,spout_extended,NA
2026_01_28_acp15,acp,acp15,1/28/2026,12,2026_01_28_acp_r12,multi_s,0,NA,dual,10,ts,opto_pulse,opto_trial,42,415; 470,1.8;4,10; 30,1;2,g;g,20,0,120,20,470,NA,415,0.1,3,4,0,20,10,20,spout_extended,NA
2026_01_29_acr09,acr,acr09,1/29/2026,1,2026_01_29_acr_r01,multi_s,0,NA,dual,5,lha,NA,NA,42,415; 470; 560,7.97;5.43;33.7,30;30;30,1;2;4,g;g;r,20,0,120,10,470,560,415,0.1,3,4,0,20,10,20,spout_extended,NA
2026_01_29_acr09,acr,acr09,1/29/2026,1,2026_01_29_acr_r01,multi_s,0,NA,dual,10,nac,NA,NA,42,415; 470; 560,7.97;5.43;33.7,30;30;30,1;2;4,g;g;r,20,0,120,10,470,560,415,0.1,3,4,0,20,10,20,spout_extended,NA
2026_01_29_acr09,acr,acr09,1/29/2026,1,2026_01_29_acr_r01,multi_s,0,NA,dual,6,dms,NA,NA,42,415; 470; 560,7.97;5.43;33.7,30;30;30,1;2;4,g;g;r,20,0,120,10,470,560,415,0.1,3,4,0,20,10,20,spout_extended,NA
2026_01_29_acr09,acr,acr09,1/29/2026,1,2026_01_29_acr_r01,multi_s,0,NA,dual,4,dls,NA,NA,42,415; 470; 560,7.97;5.43;33.7,30;30;30,1;2;4,g;g;r,20,0,120,10,470,560,415,0.1,3,4,0,20,10,20,spout_extended,NA
2026_01_29_acr09,acr,acr09,1/29/2026,1,2026_01_29_acr_r01,multi_s,0,NA,dual,12,ts,NA,NA,42,415; 470; 560,7.97;5.43;33.7,30;30;30,1;2;4,g;g;r,20,0,120,10,470,560,415,0.1,3,4,0,20,10,20,spout_extended,NA
2026_01_29_acr10,acr,acr10,1/29/2026,2,2026_01_29_acr_r02,multi_s,0,NA,dual,4,lha,NA,NA,42,415; 470; 560,7.97;5.43;33.7,30;30;30,1;2;4,g;g;r,20,0,120,10,470,560,415,0.1,3,4,0,20,10,20,spout_extended,NA
2026_01_29_acr10,acr,acr10,1/29/2026,2,2026_01_29_acr_r02,multi_s,0,NA,dual,6,nac,NA,NA,42,415; 470; 560,7.97;5.43;33.7,30;30;30,1;2;4,g;g;r,20,0,120,10,470,560,415,0.1,3,4,0,20,10,20,spout_extended,NA
2026_01_29_acr10,acr,acr10,1/29/2026,2,2026_01_29_acr_r02,multi_s,0,NA,dual,5,dms,NA,NA,42,415; 470; 560,7.97;5.43;33.7,30;30;30,1;2;4,g;g;r,20,0,120,10,470,560,415,0.1,3,4,0,20,10,20,spout_extended,NA
2026_01_29_acr10,acr,acr10,1/29/2026,2,2026_01_29_acr_r02,multi_s,0,NA,dual,12,dls,NA,NA,42,415; 470; 560,7.97;5.43;33.7,30;30;30,1;2;4,g;g;r,20,0,120,10,470,560,415,0.1,3,4,0,20,10,20,spout_extended,NA
2026_01_29_acr10,acr,acr10,1/29/2026,2,2026_01_29_acr_r02,multi_s,0,NA,dual,11,ts,NA,NA,42,415; 470; 560,7.97;5.43;33.7,30;30;30,1;2;4,g;g;r,20,0,120,10,470,560,415,0.1,3,4,0,20,10,20,spout_extended,NA
2026_01_29_acp01,acp,acp01,1/29/2026,1,2026_01_29_acp_r01,multi_s,0,NA,dual,10,nac_shelllat,opto_pulse,opto_trial,42,415; 470,1.8;4,10; 30,1;2,g;g,20,0,120,20,470,NA,415,0.1,3,4,0,20,10,20,spout_extended,NA
2026_01_29_acp01,acp,acp01,1/29/2026,1,2026_01_29_acp_r01,multi_s,0,NA,dual,11,nac_corr,opto_pulse,opto_trial,42,415; 470,1.8;4,10; 30,1;2,g;g,20,0,120,20,470,NA,415,0.1,3,4,0,20,10,20,spout_extended,NA
2026_01_29_acp01,acp,acp01,1/29/2026,1,2026_01_29_acp_r01,multi_s,0,NA,dual,4,nac,opto_pulse,opto_trial,42,415; 470,1.8;4,10; 30,1;2,g;g,20,0,120,20,470,NA,415,0.1,3,4,0,20,10,20,spout_extended,NA
2026_01_29_acp01,acp,acp01,1/29/2026,1,2026_01_29_acp_r01,multi_s,0,NA,dual,12,dms,opto_pulse,opto_trial,42,415; 470,1.8;4,10; 30,1;2,g;g,20,0,120,20,470,NA,415,0.1,3,4,0,20,10,20,spout_extended,NA
2026_01_29_acp01,acp,acp01,1/29/2026,1,2026_01_29_acp_r01,multi_s,0,NA,dual,6,dls,opto_pulse,opto_trial,42,415; 470,1.8;4,10; 30,1;2,g;g,20,0,120,20,470,NA,415,0.1,3,4,0,20,10,20,spout_extended,NA
2026_01_29_acp01,acp,acp01,1/29/2026,1,2026_01_29_acp_r01,multi_s,0,NA,dual,5,ts,opto_pulse,opto_trial,42,415; 470,1.8;4,10; 30,1;2,g;g,20,0,120,20,470,NA,415,0.1,3,4,0,20,10,20,spout_extended,NA
2026_01_29_acp02,acp,acp02,1/29/2026,2,2026_01_29_acp_r02,multi_s,0,NA,dual,11,nac_shelllat,opto_pulse,opto_trial,42,415; 470,1.8;4,10; 30,1;2,g;g,20,0,120,20,470,NA,415,0.1,3,4,0,20,10,20,spout_extended,NA
2026_01_29_acp02,acp,acp02,1/29/2026,2,2026_01_29_acp_r02,multi_s,0,NA,dual,12,nac_corr,opto_pulse,opto_trial,42,415; 470,1.8;4,10; 30,1;2,g;g,20,0,120,20,470,NA,415,0.1,3,4,0,20,10,20,spout_extended,NA
2026_01_29_acp02,acp,acp02,1/29/2026,2,2026_01_29_acp_r02,multi_s,0,NA,dual,4,nac,opto_pulse,opto_trial,42,415; 470,1.8;4,10; 30,1;2,g;g,20,0,120,20,470,NA,415,0.1,3,4,0,20,10,20,spout_extended,NA
2026_01_29_acp02,acp,acp02,1/29/2026,2,2026_01_29_acp_r02,multi_s,0,NA,dual,5,dms,opto_pulse,opto_trial,42,415; 470,1.8;4,10; 30,1;2,g;g,20,0,120,20,470,NA,415,0.1,3,4,0,20,10,20,spout_extended,NA
2026_01_29_acp02,acp,acp02,1/29/2026,2,2026_01_29_acp_r02,multi_s,0,NA,dual,10,dls,opto_pulse,opto_trial,42,415; 470,1.8;4,10; 30,1;2,g;g,20,0,120,20,470,NA,415,0.1,3,4,0,20,10,20,spout_extended,NA
2026_01_29_acp02,acp,acp02,1/29/2026,2,2026_01_29_acp_r02,multi_s,0,NA,dual,6,ts,opto_pulse,opto_trial,42,415; 470,1.8;4,10; 30,1;2,g;g,20,0,120,20,470,NA,415,0.1,3,4,0,20,10,20,spout_extended,NA
2026_01_29_acp04,acp,acp04,1/29/2026,3,2026_01_29_acp_r03,multi_s,0,NA,dual,4,nac_shelllat,opto_pulse,opto_trial,42,415; 470,1.8;4,10; 30,1;2,g;g,20,0,120,20,470,NA,415,0.1,3,4,0,20,10,20,spout_extended,NA
2026_01_29_acp04,acp,acp04,1/29/2026,3,2026_01_29_acp_r03,multi_s,0,NA,dual,12,nac_corr,opto_pulse,opto_trial,42,415; 470,1.8;4,10; 30,1;2,g;g,20,0,120,20,470,NA,415,0.1,3,4,0,20,10,20,spout_extended,NA
2026_01_29_acp04,acp,acp04,1/29/2026,3,2026_01_29_acp_r03,multi_s,0,NA,dual,5,nac,opto_pulse,opto_trial,42,415; 470,1.8;4,10; 30,1;2,g;g,20,0,120,20,470,NA,415,0.1,3,4,0,20,10,20,spout_extended,NA
2026_01_29_acp04,acp,acp04,1/29/2026,3,2026_01_29_acp_r03,multi_s,0,NA,dual,6,dms,opto_pulse,opto_trial,42,415; 470,1.8;4,10; 30,1;2,g;g,20,0,120,20,470,NA,415,0.1,3,4,0,20,10,20,spout_extended,NA
2026_01_29_acp04,acp,acp04,1/29/2026,3,2026_01_29_acp_r03,multi_s,0,NA,dual,10,dls,opto_pulse,opto_trial,42,415; 470,1.8;4,10; 30,1;2,g;g,20,0,120,20,470,NA,415,0.1,3,4,0,20,10,20,spout_extended,NA
2026_01_29_acp04,acp,acp04,1/29/2026,3,2026_01_29_acp_r03,multi_s,0,NA,dual,11,ts,opto_pulse,opto_trial,42,415; 470,1.8;4,10; 30,1;2,g;g,20,0,120,20,470,NA,415,0.1,3,4,0,20,10,20,spout_extended,NA
2026_01_29_acp05,acp,acp05,1/29/2026,4,2026_01_29_acp_r04,multi_s,0,NA,dual,5,nac_shelllat,opto_pulse,opto_trial,42,415; 470,1.8;4,10; 30,1;2,g;g,20,0,120,20,470,NA,415,0.1,3,4,0,20,10,20,spout_extended,NA
2026_01_29_acp05,acp,acp05,1/29/2026,4,2026_01_29_acp_r04,multi_s,0,NA,dual,12,nac_corr,opto_pulse,opto_trial,42,415; 470,1.8;4,10; 30,1;2,g;g,20,0,120,20,470,NA,415,0.1,3,4,0,20,10,20,spout_extended,NA
2026_01_29_acp05,acp,acp05,1/29/2026,4,2026_01_29_acp_r04,multi_s,0,NA,dual,4,nac,opto_pulse,opto_trial,42,415; 470,1.8;4,10; 30,1;2,g;g,20,0,120,20,470,NA,415,0.1,3,4,0,20,10,20,spout_extended,NA
2026_01_29_acp05,acp,acp05,1/29/2026,4,2026_01_29_acp_r04,multi_s,0,NA,dual,10,dms,opto_pulse,opto_trial,42,415; 470,1.8;4,10; 30,1;2,g;g,20,0,120,20,470,NA,415,0.1,3,4,0,20,10,20,spout_extended,NA
2026_01_29_acp05,acp,acp05,1/29/2026,4,2026_01_29_acp_r04,multi_s,0,NA,dual,11,dls,opto_pulse,opto_trial,42,415; 470,1.8;4,10; 30,1;2,g;g,20,0,120,20,470,NA,415,0.1,3,4,0,20,10,20,spout_extended,NA
2026_01_29_acp05,acp,acp05,1/29/2026,4,2026_01_29_acp_r04,multi_s,0,NA,dual,6,ts,opto_pulse,opto_trial,42,415; 470,1.8;4,10; 30,1;2,g;g,20,0,120,20,470,NA,415,0.1,3,4,0,20,10,20,spout_extended,NA
2026_01_29_acp06,acp,acp06,1/29/2026,5,2026_01_29_acp_r05,multi_s,0,NA,dual,6,nac_shelllat,opto_pulse,opto_trial,42,415; 470,1.8;4,10; 30,1;2,g;g,20,0,120,20,470,NA,415,0.1,3,4,0,20,10,20,spout_extended,NA
2026_01_29_acp06,acp,acp06,1/29/2026,5,2026_01_29_acp_r05,multi_s,0,NA,dual,5,nac_corr,opto_pulse,opto_trial,42,415; 470,1.8;4,10; 30,1;2,g;g,20,0,120,20,470,NA,415,0.1,3,4,0,20,10,20,spout_extended,NA
2026_01_29_acp06,acp,acp06,1/29/2026,5,2026_01_29_acp_r05,multi_s,0,NA,dual,11,nac,opto_pulse,opto_trial,42,415; 470,1.8;4,10; 30,1;2,g;g,20,0,120,20,470,NA,415,0.1,3,4,0,20,10,20,spout_extended,NA
2026_01_29_acp06,acp,acp06,1/29/2026,5,2026_01_29_acp_r05,multi_s,0,NA,dual,12,dms,opto_pulse,opto_trial,42,415; 470,1.8;4,10; 30,1;2,g;g,20,0,120,20,470,NA,415,0.1,3,4,0,20,10,20,spout_extended,NA
2026_01_29_acp06,acp,acp06,1/29/2026,5,2026_01_29_acp_r05,multi_s,0,NA,dual,4,dls,opto_pulse,opto_trial,42,415; 470,1.8;4,10; 30,1;2,g;g,20,0,120,20,470,NA,415,0.1,3,4,0,20,10,20,spout_extended,NA
2026_01_29_acp06,acp,acp06,1/29/2026,5,2026_01_29_acp_r05,multi_s,0,NA,dual,10,ts,opto_pulse,opto_trial,42,415; 470,1.8;4,10; 30,1;2,g;g,20,0,120,20,470,NA,415,0.1,3,4,0,20,10,20,spout_extended,NA
2026_01_29_acp08,acp,acp08,1/29/2026,7,2026_01_29_acp_r07,multi_s,0,NA,dual,12,nac_shelllat,opto_pulse,opto_trial,42,415; 470,1.8;4,10; 30,1;2,g;g,20,0,120,20,470,NA,415,0.1,3,4,0,20,10,20,spout_extended,NA
2026_01_29_acp08,acp,acp08,1/29/2026,7,2026_01_29_acp_r07,multi_s,0,NA,dual,5,nac_corr,opto_pulse,opto_trial,42,415; 470,1.8;4,10; 30,1;2,g;g,20,0,120,20,470,NA,415,0.1,3,4,0,20,10,20,spout_extended,NA
2026_01_29_acp08,acp,acp08,1/29/2026,7,2026_01_29_acp_r07,multi_s,0,NA,dual,11,nac,opto_pulse,opto_trial,42,415; 470,1.8;4,10; 30,1;2,g;g,20,0,120,20,470,NA,415,0.1,3,4,0,20,10,20,spout_extended,NA
2026_01_29_acp08,acp,acp08,1/29/2026,7,2026_01_29_acp_r07,multi_s,0,NA,dual,4,dms,opto_pulse,opto_trial,42,415; 470,1.8;4,10; 30,1;2,g;g,20,0,120,20,470,NA,415,0.1,3,4,0,20,10,20,spout_extended,NA
2026_01_29_acp08,acp,acp08,1/29/2026,7,2026_01_29_acp_r07,multi_s,0,NA,dual,6,dls,opto_pulse,opto_trial,42,415; 470,1.8;4,10; 30,1;2,g;g,20,0,120,20,470,NA,415,0.1,3,4,0,20,10,20,spout_extended,NA
2026_01_29_acp08,acp,acp08,1/29/2026,7,2026_01_29_acp_r07,multi_s,0,NA,dual,10,ts,opto_pulse,opto_trial,42,415; 470,1.8;4,10; 30,1;2,g;g,20,0,120,20,470,NA,415,0.1,3,4,0,20,10,20,spout_extended,NA
2026_01_29_acp11,acp,acp11,1/29/2026,9,2026_01_29_acp_r09,multi_s,0,NA,dual,6,nac_shelllat,opto_pulse,opto_trial,42,415; 470,1.8;4,10; 30,1;2,g;g,20,0,120,20,470,NA,415,0.1,3,4,0,20,10,20,spout_extended,NA
2026_01_29_acp11,acp,acp11,1/29/2026,9,2026_01_29_acp_r09,multi_s,0,NA,dual,12,nac_corr,opto_pulse,opto_trial,42,415; 470,1.8;4,10; 30,1;2,g;g,20,0,120,20,470,NA,415,0.1,3,4,0,20,10,20,spout_extended,NA
2026_01_29_acp11,acp,acp11,1/29/2026,9,2026_01_29_acp_r09,multi_s,0,NA,dual,11,nac,opto_pulse,opto_trial,42,415; 470,1.8;4,10; 30,1;2,g;g,20,0,120,20,470,NA,415,0.1,3,4,0,20,10,20,spout_extended,NA
2026_01_29_acp11,acp,acp11,1/29/2026,9,2026_01_29_acp_r09,multi_s,0,NA,dual,5,dms,opto_pulse,opto_trial,42,415; 470,1.8;4,10; 30,1;2,g;g,20,0,120,20,470,NA,415,0.1,3,4,0,20,10,20,spout_extended,NA
2026_01_29_acp11,acp,acp11,1/29/2026,9,2026_01_29_acp_r09,multi_s,0,NA,dual,4,dls,opto_pulse,opto_trial,42,415; 470,1.8;4,10; 30,1;2,g;g,20,0,120,20,470,NA,415,0.1,3,4,0,20,10,20,spout_extended,NA
2026_01_29_acp11,acp,acp11,1/29/2026,9,2026_01_29_acp_r09,multi_s,0,NA,dual,10,ts,opto_pulse,opto_trial,42,415; 470,1.8;4,10; 30,1;2,g;g,20,0,120,20,470,NA,415,0.1,3,4,0,20,10,20,spout_extended,NA
2026_01_29_acp13,acp,acp13,1/29/2026,10,2026_01_29_acp_r10,multi_s,0,NA,dual,5,nac_shelllat,opto_pulse,opto_trial,42,415; 470,1.8;4,10; 30,1;2,g;g,20,0,120,20,470,NA,415,0.1,3,4,0,20,10,20,spout_extended,NA
2026_01_29_acp13,acp,acp13,1/29/2026,10,2026_01_29_acp_r10,multi_s,0,NA,dual,10,nac_corr,opto_pulse,opto_trial,42,415; 470,1.8;4,10; 30,1;2,g;g,20,0,120,20,470,NA,415,0.1,3,4,0,20,10,20,spout_extended,NA
2026_01_29_acp13,acp,acp13,1/29/2026,10,2026_01_29_acp_r10,multi_s,0,NA,dual,6,nac,opto_pulse,opto_trial,42,415; 470,1.8;4,10; 30,1;2,g;g,20,0,120,20,470,NA,415,0.1,3,4,0,20,10,20,spout_extended,NA
2026_01_29_acp13,acp,acp13,1/29/2026,10,2026_01_29_acp_r10,multi_s,0,NA,dual,12,dms,opto_pulse,opto_trial,42,415; 470,1.8;4,10; 30,1;2,g;g,20,0,120,20,470,NA,415,0.1,3,4,0,20,10,20,spout_extended,NA
2026_01_29_acp13,acp,acp13,1/29/2026,10,2026_01_29_acp_r10,multi_s,0,NA,dual,11,dls,opto_pulse,opto_trial,42,415; 470,1.8;4,10; 30,1;2,g;g,20,0,120,20,470,NA,415,0.1,3,4,0,20,10,20,spout_extended,NA
2026_01_29_acp13,acp,acp13,1/29/2026,10,2026_01_29_acp_r10,multi_s,0,NA,dual,4,ts,opto_pulse,opto_trial,42,415; 470,1.8;4,10; 30,1;2,g;g,20,0,120,20,470,NA,415,0.1,3,4,0,20,10,20,spout_extended,NA
2026_01_29_acp14,acp,acp14,1/29/2026,11,2026_01_29_acp_r11,multi_s,0,NA,dual,11,nac_shelllat,opto_pulse,opto_trial,42,415; 470,1.8;4,10; 30,1;2,g;g,20,0,120,20,470,NA,415,0.1,3,4,0,20,10,20,spout_extended,NA
2026_01_29_acp14,acp,acp14,1/29/2026,11,2026_01_29_acp_r11,multi_s,0,NA,dual,5,nac_corr,opto_pulse,opto_trial,42,415; 470,1.8;4,10; 30,1;2,g;g,20,0,120,20,470,NA,415,0.1,3,4,0,20,10,20,spout_extended,NA
2026_01_29_acp14,acp,acp14,1/29/2026,11,2026_01_29_acp_r11,multi_s,0,NA,dual,12,nac,opto_pulse,opto_trial,42,415; 470,1.8;4,10; 30,1;2,g;g,20,0,120,20,470,NA,415,0.1,3,4,0,20,10,20,spout_extended,NA
2026_01_29_acp14,acp,acp14,1/29/2026,11,2026_01_29_acp_r11,multi_s,0,NA,dual,4,dms,opto_pulse,opto_trial,42,415; 470,1.8;4,10; 30,1;2,g;g,20,0,120,20,470,NA,415,0.1,3,4,0,20,10,20,spout_extended,NA
2026_01_29_acp14,acp,acp14,1/29/2026,11,2026_01_29_acp_r11,multi_s,0,NA,dual,10,dls,opto_pulse,opto_trial,42,415; 470,1.8;4,10; 30,1;2,g;g,20,0,120,20,470,NA,415,0.1,3,4,0,20,10,20,spout_extended,NA
2026_01_29_acp14,acp,acp14,1/29/2026,11,2026_01_29_acp_r11,multi_s,0,NA,dual,6,ts,opto_pulse,opto_trial,42,415; 470,1.8;4,10; 30,1;2,g;g,20,0,120,20,470,NA,415,0.1,3,4,0,20,10,20,spout_extended,NA
2026_01_29_acp15,acp,acp15,1/29/2026,12,2026_01_29_acp_r12,multi_s,0,NA,dual,6,nac_shelllat,opto_pulse,opto_trial,42,415; 470,1.8;4,10; 30,1;2,g;g,20,0,120,20,470,NA,415,0.1,3,4,0,20,10,20,spout_extended,NA
2026_01_29_acp15,acp,acp15,1/29/2026,12,2026_01_29_acp_r12,multi_s,0,NA,dual,5,nac_corr,opto_pulse,opto_trial,42,415; 470,1.8;4,10; 30,1;2,g;g,20,0,120,20,470,NA,415,0.1,3,4,0,20,10,20,spout_extended,NA
2026_01_29_acp15,acp,acp15,1/29/2026,12,2026_01_29_acp_r12,multi_s,0,NA,dual,4,nac,opto_pulse,opto_trial,42,415; 470,1.8;4,10; 30,1;2,g;g,20,0,120,20,470,NA,415,0.1,3,4,0,20,10,20,spout_extended,NA
2026_01_29_acp15,acp,acp15,1/29/2026,12,2026_01_29_acp_r12,multi_s,0,NA,dual,11,dms,opto_pulse,opto_trial,42,415; 470,1.8;4,10; 30,1;2,g;g,20,0,120,20,470,NA,415,0.1,3,4,0,20,10,20,spout_extended,NA
2026_01_29_acp15,acp,acp15,1/29/2026,12,2026_01_29_acp_r12,multi_s,0,NA,dual,10,dls,opto_pulse,opto_trial,42,415; 470,1.8;4,10; 30,1;2,g;g,20,0,120,20,470,NA,415,0.1,3,4,0,20,10,20,spout_extended,NA
2026_01_29_acp15,acp,acp15,1/29/2026,12,2026_01_29_acp_r12,multi_s,0,NA,dual,12,ts,opto_pulse,opto_trial,42,415; 470,1.8;4,10; 30,1;2,g;g,20,0,120,20,470,NA,415,0.1,3,4,0,20,10,20,spout_extended,NA
2026_01_30_acr09,acr,acr09,1/30/2026,1,2026_01_30_acr_r01,multi_s,0,NA,dual,5,lha,NA,NA,42,415; 470; 560,7.97;5.43;33.7,30;30;30,1;2;4,g;g;r,20,0,120,10,470,560,415,0.1,3,4,0,20,10,20,spout_extended,NA
2026_01_30_acr09,acr,acr09,1/30/2026,1,2026_01_30_acr_r01,multi_s,0,NA,dual,4,nac,NA,NA,42,415; 470; 560,7.97;5.43;33.7,30;30;30,1;2;4,g;g;r,20,0,120,10,470,560,415,0.1,3,4,0,20,10,20,spout_extended,NA
2026_01_30_acr09,acr,acr09,1/30/2026,1,2026_01_30_acr_r01,multi_s,0,NA,dual,6,dms,NA,NA,42,415; 470; 560,7.97;5.43;33.7,30;30;30,1;2;4,g;g;r,20,0,120,10,470,560,415,0.1,3,4,0,20,10,20,spout_extended,NA
2026_01_30_acr09,acr,acr09,1/30/2026,1,2026_01_30_acr_r01,multi_s,0,NA,dual,10,dls,NA,NA,42,415; 470; 560,7.97;5.43;33.7,30;30;30,1;2;4,g;g;r,20,0,120,10,470,560,415,0.1,3,4,0,20,10,20,spout_extended,NA
2026_01_30_acr09,acr,acr09,1/30/2026,1,2026_01_30_acr_r01,multi_s,0,NA,dual,11,ts,NA,NA,42,415; 470; 560,7.97;5.43;33.7,30;30;30,1;2;4,g;g;r,20,0,120,10,470,560,415,0.1,3,4,0,20,10,20,spout_extended,NA
2026_01_30_acr10,acr,acr10,1/30/2026,2,2026_01_30_acr_r02,multi_s,0,NA,dual,10,lha,NA,NA,42,415; 470; 560,7.97;5.43;33.7,30;30;30,1;2;4,g;g;r,20,0,120,10,470,560,415,0.1,3,4,0,20,10,20,spout_extended,NA
2026_01_30_acr10,acr,acr10,1/30/2026,2,2026_01_30_acr_r02,multi_s,0,NA,dual,6,nac,NA,NA,42,415; 470; 560,7.97;5.43;33.7,30;30;30,1;2;4,g;g;r,20,0,120,10,470,560,415,0.1,3,4,0,20,10,20,spout_extended,NA
2026_01_30_acr10,acr,acr10,1/30/2026,2,2026_01_30_acr_r02,multi_s,0,NA,dual,12,dms,NA,NA,42,415; 470; 560,7.97;5.43;33.7,30;30;30,1;2;4,g;g;r,20,0,120,10,470,560,415,0.1,3,4,0,20,10,20,spout_extended,NA
2026_01_30_acr10,acr,acr10,1/30/2026,2,2026_01_30_acr_r02,multi_s,0,NA,dual,5,dls,NA,NA,42,415; 470; 560,7.97;5.43;33.7,30;30;30,1;2;4,g;g;r,20,0,120,10,470,560,415,0.1,3,4,0,20,10,20,spout_extended,NA
2026_01_30_acr10,acr,acr10,1/30/2026,2,2026_01_30_acr_r02,multi_s,0,NA,dual,4,ts,NA,NA,42,415; 470; 560,7.97;5.43;33.7,30;30;30,1;2;4,g;g;r,20,0,120,10,470,560,415,0.1,3,4,0,20,10,20,spout_extended,NA
2026_01_30_acp01,acp,acp01,1/30/2026,1,2026_01_30_acp_r01,multi_s,0,NA,dual,6,nac_shelllat,opto_pulse,opto_trial,42,415; 470,1.8;4,10; 30,1;2,g;g,20,0,120,20,470,NA,415,0.1,3,4,0,20,10,20,spout_extended,NA
2026_01_30_acp01,acp,acp01,1/30/2026,1,2026_01_30_acp_r01,multi_s,0,NA,dual,4,nac_corr,opto_pulse,opto_trial,42,415; 470,1.8;4,10; 30,1;2,g;g,20,0,120,20,470,NA,415,0.1,3,4,0,20,10,20,spout_extended,NA
2026_01_30_acp01,acp,acp01,1/30/2026,1,2026_01_30_acp_r01,multi_s,0,NA,dual,12,nac,opto_pulse,opto_trial,42,415; 470,1.8;4,10; 30,1;2,g;g,20,0,120,20,470,NA,415,0.1,3,4,0,20,10,20,spout_extended,NA
2026_01_30_acp01,acp,acp01,1/30/2026,1,2026_01_30_acp_r01,multi_s,0,NA,dual,11,dms,opto_pulse,opto_trial,42,415; 470,1.8;4,10; 30,1;2,g;g,20,0,120,20,470,NA,415,0.1,3,4,0,20,10,20,spout_extended,NA
2026_01_30_acp01,acp,acp01,1/30/2026,1,2026_01_30_acp_r01,multi_s,0,NA,dual,5,dls,opto_pulse,opto_trial,42,415; 470,1.8;4,10; 30,1;2,g;g,20,0,120,20,470,NA,415,0.1,3,4,0,20,10,20,spout_extended,NA
2026_01_30_acp01,acp,acp01,1/30/2026,1,2026_01_30_acp_r01,multi_s,0,NA,dual,10,ts,opto_pulse,opto_trial,42,415; 470,1.8;4,10; 30,1;2,g;g,20,0,120,20,470,NA,415,0.1,3,4,0,20,10,20,spout_extended,NA
2026_01_30_acp02,acp,acp02,1/30/2026,2,2026_01_30_acp_r02,multi_s,0,NA,dual,12,nac_shelllat,opto_pulse,opto_trial,42,415; 470,1.8;4,10; 30,1;2,g;g,20,0,120,20,470,NA,415,0.1,3,4,0,20,10,20,spout_extended,NA
2026_01_30_acp02,acp,acp02,1/30/2026,2,2026_01_30_acp_r02,multi_s,0,NA,dual,10,nac_corr,opto_pulse,opto_trial,42,415; 470,1.8;4,10; 30,1;2,g;g,20,0,120,20,470,NA,415,0.1,3,4,0,20,10,20,spout_extended,NA
2026_01_30_acp02,acp,acp02,1/30/2026,2,2026_01_30_acp_r02,multi_s,0,NA,dual,11,nac,opto_pulse,opto_trial,42,415; 470,1.8;4,10; 30,1;2,g;g,20,0,120,20,470,NA,415,0.1,3,4,0,20,10,20,spout_extended,NA
2026_01_30_acp02,acp,acp02,1/30/2026,2,2026_01_30_acp_r02,multi_s,0,NA,dual,4,dms,opto_pulse,opto_trial,42,415; 470,1.8;4,10; 30,1;2,g;g,20,0,120,20,470,NA,415,0.1,3,4,0,20,10,20,spout_extended,NA
2026_01_30_acp02,acp,acp02,1/30/2026,2,2026_01_30_acp_r02,multi_s,0,NA,dual,6,dls,opto_pulse,opto_trial,42,415; 470,1.8;4,10; 30,1;2,g;g,20,0,120,20,470,NA,415,0.1,3,4,0,20,10,20,spout_extended,NA
2026_01_30_acp02,acp,acp02,1/30/2026,2,2026_01_30_acp_r02,multi_s,0,NA,dual,5,ts,opto_pulse,opto_trial,42,415; 470,1.8;4,10; 30,1;2,g;g,20,0,120,20,470,NA,415,0.1,3,4,0,20,10,20,spout_extended,NA
2026_01_30_acp04,acp,acp04,1/30/2026,3,2026_01_30_acp_r03,multi_s,0,NA,dual,6,nac_shelllat,opto_pulse,opto_trial,42,415; 470,1.8;4,10; 30,1;2,g;g,20,0,120,20,470,NA,415,0.1,3,4,0,20,10,20,spout_extended,NA
2026_01_30_acp04,acp,acp04,1/30/2026,3,2026_01_30_acp_r03,multi_s,0,NA,dual,4,nac_corr,opto_pulse,opto_trial,42,415; 470,1.8;4,10; 30,1;2,g;g,20,0,120,20,470,NA,415,0.1,3,4,0,20,10,20,spout_extended,NA
2026_01_30_acp04,acp,acp04,1/30/2026,3,2026_01_30_acp_r03,multi_s,0,NA,dual,11,nac,opto_pulse,opto_trial,42,415; 470,1.8;4,10; 30,1;2,g;g,20,0,120,20,470,NA,415,0.1,3,4,0,20,10,20,spout_extended,NA
2026_01_30_acp04,acp,acp04,1/30/2026,3,2026_01_30_acp_r03,multi_s,0,NA,dual,10,dms,opto_pulse,opto_trial,42,415; 470,1.8;4,10; 30,1;2,g;g,20,0,120,20,470,NA,415,0.1,3,4,0,20,10,20,spout_extended,NA
2026_01_30_acp04,acp,acp04,1/30/2026,3,2026_01_30_acp_r03,multi_s,0,NA,dual,5,dls,opto_pulse,opto_trial,42,415; 470,1.8;4,10; 30,1;2,g;g,20,0,120,20,470,NA,415,0.1,3,4,0,20,10,20,spout_extended,NA
2026_01_30_acp04,acp,acp04,1/30/2026,3,2026_01_30_acp_r03,multi_s,0,NA,dual,12,ts,opto_pulse,opto_trial,42,415; 470,1.8;4,10; 30,1;2,g;g,20,0,120,20,470,NA,415,0.1,3,4,0,20,10,20,spout_extended,NA
2026_01_30_acp05,acp,acp05,1/30/2026,4,2026_01_30_acp_r04,multi_s,0,NA,dual,11,nac_shelllat,opto_pulse,opto_trial,42,415; 470,1.8;4,10; 30,1;2,g;g,20,0,120,20,470,NA,415,0.1,3,4,0,20,10,20,spout_extended,NA
2026_01_30_acp05,acp,acp05,1/30/2026,4,2026_01_30_acp_r04,multi_s,0,NA,dual,10,nac_corr,opto_pulse,opto_trial,42,415; 470,1.8;4,10; 30,1;2,g;g,20,0,120,20,470,NA,415,0.1,3,4,0,20,10,20,spout_extended,NA
2026_01_30_acp05,acp,acp05,1/30/2026,4,2026_01_30_acp_r04,multi_s,0,NA,dual,12,nac,opto_pulse,opto_trial,42,415; 470,1.8;4,10; 30,1;2,g;g,20,0,120,20,470,NA,415,0.1,3,4,0,20,10,20,spout_extended,NA
2026_01_30_acp05,acp,acp05,1/30/2026,4,2026_01_30_acp_r04,multi_s,0,NA,dual,5,dms,opto_pulse,opto_trial,42,415; 470,1.8;4,10; 30,1;2,g;g,20,0,120,20,470,NA,415,0.1,3,4,0,20,10,20,spout_extended,NA
2026_01_30_acp05,acp,acp05,1/30/2026,4,2026_01_30_acp_r04,multi_s,0,NA,dual,6,dls,opto_pulse,opto_trial,42,415; 470,1.8;4,10; 30,1;2,g;g,20,0,120,20,470,NA,415,0.1,3,4,0,20,10,20,spout_extended,NA
2026_01_30_acp05,acp,acp05,1/30/2026,4,2026_01_30_acp_r04,multi_s,0,NA,dual,4,ts,opto_pulse,opto_trial,42,415; 470,1.8;4,10; 30,1;2,g;g,20,0,120,20,470,NA,415,0.1,3,4,0,20,10,20,spout_extended,NA
2026_01_30_acp06,acp,acp06,1/30/2026,5,2026_01_30_acp_r05,multi_s,0,NA,dual,5,nac_shelllat,opto_pulse,opto_trial,42,415; 470,1.8;4,10; 30,1;2,g;g,20,0,120,20,470,NA,415,0.1,3,4,0,20,10,20,spout_extended,NA
2026_01_30_acp06,acp,acp06,1/30/2026,5,2026_01_30_acp_r05,multi_s,0,NA,dual,6,nac_corr,opto_pulse,opto_trial,42,415; 470,1.8;4,10; 30,1;2,g;g,20,0,120,20,470,NA,415,0.1,3,4,0,20,10,20,spout_extended,NA
2026_01_30_acp06,acp,acp06,1/30/2026,5,2026_01_30_acp_r05,multi_s,0,NA,dual,10,nac,opto_pulse,opto_trial,42,415; 470,1.8;4,10; 30,1;2,g;g,20,0,120,20,470,NA,415,0.1,3,4,0,20,10,20,spout_extended,NA
2026_01_30_acp06,acp,acp06,1/30/2026,5,2026_01_30_acp_r05,multi_s,0,NA,dual,4,dms,opto_pulse,opto_trial,42,415; 470,1.8;4,10; 30,1;2,g;g,20,0,120,20,470,NA,415,0.1,3,4,0,20,10,20,spout_extended,NA
2026_01_30_acp06,acp,acp06,1/30/2026,5,2026_01_30_acp_r05,multi_s,0,NA,dual,11,dls,opto_pulse,opto_trial,42,415; 470,1.8;4,10; 30,1;2,g;g,20,0,120,20,470,NA,415,0.1,3,4,0,20,10,20,spout_extended,NA
2026_01_30_acp06,acp,acp06,1/30/2026,5,2026_01_30_acp_r05,multi_s,0,NA,dual,12,ts,opto_pulse,opto_trial,42,415; 470,1.8;4,10; 30,1;2,g;g,20,0,120,20,470,NA,415,0.1,3,4,0,20,10,20,spout_extended,NA
2026_01_30_acp08,acp,acp08,1/30/2026,7,2026_01_30_acp_r07,multi_s,0,NA,dual,4,nac_shelllat,opto_pulse,opto_trial,42,415; 470,1.8;4,10; 30,1;2,g;g,20,0,120,20,470,NA,415,0.1,3,4,0,20,10,20,spout_extended,NA
2026_01_30_acp08,acp,acp08,1/30/2026,7,2026_01_30_acp_r07,multi_s,0,NA,dual,11,nac_corr,opto_pulse,opto_trial,42,415; 470,1.8;4,10; 30,1;2,g;g,20,0,120,20,470,NA,415,0.1,3,4,0,20,10,20,spout_extended,NA
2026_01_30_acp08,acp,acp08,1/30/2026,7,2026_01_30_acp_r07,multi_s,0,NA,dual,12,nac,opto_pulse,opto_trial,42,415; 470,1.8;4,10; 30,1;2,g;g,20,0,120,20,470,NA,415,0.1,3,4,0,20,10,20,spout_extended,NA
2026_01_30_acp08,acp,acp08,1/30/2026,7,2026_01_30_acp_r07,multi_s,0,NA,dual,10,dms,opto_pulse,opto_trial,42,415; 470,1.8;4,10; 30,1;2,g;g,20,0,120,20,470,NA,415,0.1,3,4,0,20,10,20,spout_extended,NA
2026_01_30_acp08,acp,acp08,1/30/2026,7,2026_01_30_acp_r07,multi_s,0,NA,dual,5,dls,opto_pulse,opto_trial,42,415; 470,1.8;4,10; 30,1;2,g;g,20,0,120,20,470,NA,415,0.1,3,4,0,20,10,20,spout_extended,NA
2026_01_30_acp08,acp,acp08,1/30/2026,7,2026_01_30_acp_r07,multi_s,0,NA,dual,6,ts,opto_pulse,opto_trial,42,415; 470,1.8;4,10; 30,1;2,g;g,20,0,120,20,470,NA,415,0.1,3,4,0,20,10,20,spout_extended,NA
2026_01_30_acp11,acp,acp11,1/30/2026,9,2026_01_30_acp_r09,multi_s,0,NA,dual,11,nac_shelllat,opto_pulse,opto_trial,42,415; 470,1.8;4,10; 30,1;2,g;g,20,0,120,20,470,NA,415,0.1,3,4,0,20,10,20,spout_extended,NA
2026_01_30_acp11,acp,acp11,1/30/2026,9,2026_01_30_acp_r09,multi_s,0,NA,dual,5,nac_corr,opto_pulse,opto_trial,42,415; 470,1.8;4,10; 30,1;2,g;g,20,0,120,20,470,NA,415,0.1,3,4,0,20,10,20,spout_extended,NA
2026_01_30_acp11,acp,acp11,1/30/2026,9,2026_01_30_acp_r09,multi_s,0,NA,dual,4,nac,opto_pulse,opto_trial,42,415; 470,1.8;4,10; 30,1;2,g;g,20,0,120,20,470,NA,415,0.1,3,4,0,20,10,20,spout_extended,NA
2026_01_30_acp11,acp,acp11,1/30/2026,9,2026_01_30_acp_r09,multi_s,0,NA,dual,6,dms,opto_pulse,opto_trial,42,415; 470,1.8;4,10; 30,1;2,g;g,20,0,120,20,470,NA,415,0.1,3,4,0,20,10,20,spout_extended,NA
2026_01_30_acp11,acp,acp11,1/30/2026,9,2026_01_30_acp_r09,multi_s,0,NA,dual,10,dls,opto_pulse,opto_trial,42,415; 470,1.8;4,10; 30,1;2,g;g,20,0,120,20,470,NA,415,0.1,3,4,0,20,10,20,spout_extended,NA
2026_01_30_acp11,acp,acp11,1/30/2026,9,2026_01_30_acp_r09,multi_s,0,NA,dual,12,ts,opto_pulse,opto_trial,42,415; 470,1.8;4,10; 30,1;2,g;g,20,0,120,20,470,NA,415,0.1,3,4,0,20,10,20,spout_extended,NA
2026_01_30_acp13,acp,acp13,1/30/2026,10,2026_01_30_acp_r10,multi_s,0,NA,dual,4,nac_shelllat,opto_pulse,opto_trial,42,415; 470,1.8;4,10; 30,1;2,g;g,20,0,120,20,470,NA,415,0.1,3,4,0,20,10,20,spout_extended,NA
2026_01_30_acp13,acp,acp13,1/30/2026,10,2026_01_30_acp_r10,multi_s,0,NA,dual,11,nac_corr,opto_pulse,opto_trial,42,415; 470,1.8;4,10; 30,1;2,g;g,20,0,120,20,470,NA,415,0.1,3,4,0,20,10,20,spout_extended,NA
2026_01_30_acp13,acp,acp13,1/30/2026,10,2026_01_30_acp_r10,multi_s,0,NA,dual,12,nac,opto_pulse,opto_trial,42,415; 470,1.8;4,10; 30,1;2,g;g,20,0,120,20,470,NA,415,0.1,3,4,0,20,10,20,spout_extended,NA
2026_01_30_acp13,acp,acp13,1/30/2026,10,2026_01_30_acp_r10,multi_s,0,NA,dual,6,dms,opto_pulse,opto_trial,42,415; 470,1.8;4,10; 30,1;2,g;g,20,0,120,20,470,NA,415,0.1,3,4,0,20,10,20,spout_extended,NA
2026_01_30_acp13,acp,acp13,1/30/2026,10,2026_01_30_acp_r10,multi_s,0,NA,dual,10,dls,opto_pulse,opto_trial,42,415; 470,1.8;4,10; 30,1;2,g;g,20,0,120,20,470,NA,415,0.1,3,4,0,20,10,20,spout_extended,NA
2026_01_30_acp13,acp,acp13,1/30/2026,10,2026_01_30_acp_r10,multi_s,0,NA,dual,5,ts,opto_pulse,opto_trial,42,415; 470,1.8;4,10; 30,1;2,g;g,20,0,120,20,470,NA,415,0.1,3,4,0,20,10,20,spout_extended,NA
2026_01_30_acp14,acp,acp14,1/30/2026,11,2026_01_30_acp_r11,multi_s,0,NA,dual,12,nac_shelllat,opto_pulse,opto_trial,42,415; 470,1.8;4,10; 30,1;2,g;g,20,0,120,20,470,NA,415,0.1,3,4,0,20,10,20,spout_extended,NA
2026_01_30_acp14,acp,acp14,1/30/2026,11,2026_01_30_acp_r11,multi_s,0,NA,dual,4,nac_corr,opto_pulse,opto_trial,42,415; 470,1.8;4,10; 30,1;2,g;g,20,0,120,20,470,NA,415,0.1,3,4,0,20,10,20,spout_extended,NA
2026_01_30_acp14,acp,acp14,1/30/2026,11,2026_01_30_acp_r11,multi_s,0,NA,dual,6,nac,opto_pulse,opto_trial,42,415; 470,1.8;4,10; 30,1;2,g;g,20,0,120,20,470,NA,415,0.1,3,4,0,20,10,20,spout_extended,NA
2026_01_30_acp14,acp,acp14,1/30/2026,11,2026_01_30_acp_r11,multi_s,0,NA,dual,11,dms,opto_pulse,opto_trial,42,415; 470,1.8;4,10; 30,1;2,g;g,20,0,120,20,470,NA,415,0.1,3,4,0,20,10,20,spout_extended,NA
2026_01_30_acp14,acp,acp14,1/30/2026,11,2026_01_30_acp_r11,multi_s,0,NA,dual,5,dls,opto_pulse,opto_trial,42,415; 470,1.8;4,10; 30,1;2,g;g,20,0,120,20,470,NA,415,0.1,3,4,0,20,10,20,spout_extended,NA
2026_01_30_acp14,acp,acp14,1/30/2026,11,2026_01_30_acp_r11,multi_s,0,NA,dual,10,ts,opto_pulse,opto_trial,42,415; 470,1.8;4,10; 30,1;2,g;g,20,0,120,20,470,NA,415,0.1,3,4,0,20,10,20,spout_extended,NA
2026_01_30_acp15,acp,acp15,1/30/2026,12,2026_01_30_acp_r12,multi_s,0,NA,dual,5,nac_shelllat,opto_pulse,opto_trial,42,415; 470,1.8;4,10; 30,1;2,g;g,20,0,120,20,470,NA,415,0.1,3,4,0,20,10,20,spout_extended,NA
2026_01_30_acp15,acp,acp15,1/30/2026,12,2026_01_30_acp_r12,multi_s,0,NA,dual,10,nac_corr,opto_pulse,opto_trial,42,415; 470,1.8;4,10; 30,1;2,g;g,20,0,120,20,470,NA,415,0.1,3,4,0,20,10,20,spout_extended,NA
2026_01_30_acp15,acp,acp15,1/30/2026,12,2026_01_30_acp_r12,multi_s,0,NA,dual,6,nac,opto_pulse,opto_trial,42,415; 470,1.8;4,10; 30,1;2,g;g,20,0,120,20,470,NA,415,0.1,3,4,0,20,10,20,spout_extended,NA
2026_01_30_acp15,acp,acp15,1/30/2026,12,2026_01_30_acp_r12,multi_s,0,NA,dual,4,dms,opto_pulse,opto_trial,42,415; 470,1.8;4,10; 30,1;2,g;g,20,0,120,20,470,NA,415,0.1,3,4,0,20,10,20,spout_extended,NA
2026_01_30_acp15,acp,acp15,1/30/2026,12,2026_01_30_acp_r12,multi_s,0,NA,dual,12,dls,opto_pulse,opto_trial,42,415; 470,1.8;4,10; 30,1;2,g;g,20,0,120,20,470,NA,415,0.1,3,4,0,20,10,20,spout_extended,NA
2026_01_30_acp15,acp,acp15,1/30/2026,12,2026_01_30_acp_r12,multi_s,0,NA,dual,11,ts,opto_pulse,opto_trial,42,415; 470,1.8;4,10; 30,1;2,g;g,20,0,120,20,470,NA,415,0.1,3,4,0,20,10,20,spout_extended,NA
2026_02_02_acr09,acr,acr09,2/2/2026,1,2026_02_02_acr_r01,multi_water,0,NA,dual,12,lha,NA,NA,42,415; 470; 560,7.97;5.43;33.7,30;30;30,1;2;4,g;g;r,20,0,120,10,470,560,415,0.1,3,4,0,20,10,20,spout_extended,NA
2026_02_02_acr09,acr,acr09,2/2/2026,1,2026_02_02_acr_r01,multi_water,0,NA,dual,5,nac,NA,NA,42,415; 470; 560,7.97;5.43;33.7,30;30;30,1;2;4,g;g;r,20,0,120,10,470,560,415,0.1,3,4,0,20,10,20,spout_extended,NA
2026_02_02_acr09,acr,acr09,2/2/2026,1,2026_02_02_acr_r01,multi_water,0,NA,dual,10,dms,NA,NA,42,415; 470; 560,7.97;5.43;33.7,30;30;30,1;2;4,g;g;r,20,0,120,10,470,560,415,0.1,3,4,0,20,10,20,spout_extended,NA
2026_02_02_acr09,acr,acr09,2/2/2026,1,2026_02_02_acr_r01,multi_water,0,NA,dual,6,dls,NA,NA,42,415; 470; 560,7.97;5.43;33.7,30;30;30,1;2;4,g;g;r,20,0,120,10,470,560,415,0.1,3,4,0,20,10,20,spout_extended,NA
2026_02_02_acr09,acr,acr09,2/2/2026,1,2026_02_02_acr_r01,multi_water,0,NA,dual,11,ts,NA,NA,42,415; 470; 560,7.97;5.43;33.7,30;30;30,1;2;4,g;g;r,20,0,120,10,470,560,415,0.1,3,4,0,20,10,20,spout_extended,NA
2026_02_02_acr10,acr,acr10,2/2/2026,2,2026_02_02_acr_r02,multi_water,0,NA,dual,10,lha,NA,NA,42,415; 470; 560,7.97;5.43;33.7,30;30;30,1;2;4,g;g;r,20,0,120,10,470,560,415,0.1,3,4,0,20,10,20,spout_extended,NA
2026_02_02_acr10,acr,acr10,2/2/2026,2,2026_02_02_acr_r02,multi_water,0,NA,dual,6,nac,NA,NA,42,415; 470; 560,7.97;5.43;33.7,30;30;30,1;2;4,g;g;r,20,0,120,10,470,560,415,0.1,3,4,0,20,10,20,spout_extended,NA
2026_02_02_acr10,acr,acr10,2/2/2026,2,2026_02_02_acr_r02,multi_water,0,NA,dual,4,dms,NA,NA,42,415; 470; 560,7.97;5.43;33.7,30;30;30,1;2;4,g;g;r,20,0,120,10,470,560,415,0.1,3,4,0,20,10,20,spout_extended,NA
2026_02_02_acr10,acr,acr10,2/2/2026,2,2026_02_02_acr_r02,multi_water,0,NA,dual,12,dls,NA,NA,42,415; 470; 560,7.97;5.43;33.7,30;30;30,1;2;4,g;g;r,20,0,120,10,470,560,415,0.1,3,4,0,20,10,20,spout_extended,NA
2026_02_02_acr10,acr,acr10,2/2/2026,2,2026_02_02_acr_r02,multi_water,0,NA,dual,5,ts,NA,NA,42,415; 470; 560,7.97;5.43;33.7,30;30;30,1;2;4,g;g;r,20,0,120,10,470,560,415,0.1,3,4,0,20,10,20,spout_extended,NA
2026_02_03_acr09,acr,acr09,2/3/2026,1,2026_02_03_acr_r01,multi_water,0,NA,dual,11,lha,NA,NA,42,415; 470; 560,7.97;5.43;33.7,30;30;30,1;2;4,g;g;r,20,0,120,10,470,560,415,0.1,3,4,0,20,10,20,spout_extended,NA
2026_02_03_acr09,acr,acr09,2/3/2026,1,2026_02_03_acr_r01,multi_water,0,NA,dual,4,nac,NA,NA,42,415; 470; 560,7.97;5.43;33.7,30;30;30,1;2;4,g;g;r,20,0,120,10,470,560,415,0.1,3,4,0,20,10,20,spout_extended,NA
2026_02_03_acr09,acr,acr09,2/3/2026,1,2026_02_03_acr_r01,multi_water,0,NA,dual,5,dms,NA,NA,42,415; 470; 560,7.97;5.43;33.7,30;30;30,1;2;4,g;g;r,20,0,120,10,470,560,415,0.1,3,4,0,20,10,20,spout_extended,NA
2026_02_03_acr09,acr,acr09,2/3/2026,1,2026_02_03_acr_r01,multi_water,0,NA,dual,6,dls,NA,NA,42,415; 470; 560,7.97;5.43;33.7,30;30;30,1;2;4,g;g;r,20,0,120,10,470,560,415,0.1,3,4,0,20,10,20,spout_extended,NA
2026_02_03_acr09,acr,acr09,2/3/2026,1,2026_02_03_acr_r01,multi_water,0,NA,dual,12,ts,NA,NA,42,415; 470; 560,7.97;5.43;33.7,30;30;30,1;2;4,g;g;r,20,0,120,10,470,560,415,0.1,3,4,0,20,10,20,spout_extended,NA
2026_02_03_acr10,acr,acr10,2/3/2026,2,2026_02_03_acr_r02,multi_water,0,NA,dual,6,lha,NA,NA,42,415; 470; 560,7.97;5.43;33.7,30;30;30,1;2;4,g;g;r,20,0,120,10,470,560,415,0.1,3,4,0,20,10,20,spout_extended,NA
2026_02_03_acr10,acr,acr10,2/3/2026,2,2026_02_03_acr_r02,multi_water,0,NA,dual,5,nac,NA,NA,42,415; 470; 560,7.97;5.43;33.7,30;30;30,1;2;4,g;g;r,20,0,120,10,470,560,415,0.1,3,4,0,20,10,20,spout_extended,NA
2026_02_03_acr10,acr,acr10,2/3/2026,2,2026_02_03_acr_r02,multi_water,0,NA,dual,10,dms,NA,NA,42,415; 470; 560,7.97;5.43;33.7,30;30;30,1;2;4,g;g;r,20,0,120,10,470,560,415,0.1,3,4,0,20,10,20,spout_extended,NA
2026_02_03_acr10,acr,acr10,2/3/2026,2,2026_02_03_acr_r02,multi_water,0,NA,dual,4,dls,NA,NA,42,415; 470; 560,7.97;5.43;33.7,30;30;30,1;2;4,g;g;r,20,0,120,10,470,560,415,0.1,3,4,0,20,10,20,spout_extended,NA
2026_02_03_acr10,acr,acr10,2/3/2026,2,2026_02_03_acr_r02,multi_water,0,NA,dual,11,ts,NA,NA,42,415; 470; 560,7.97;5.43;33.7,30;30;30,1;2;4,g;g;r,20,0,120,10,470,560,415,0.1,3,4,0,20,10,20,spout_extended,NA
2026_02_04_acp01,acp,acp01,2/4/2026,1,2026_02_04_acp_r01,multi_nacl,0,NA,dual,11,nac_shelllat,opto_pulse,opto_trial,42,415; 470,1.8;4,10; 30,1;2,g;g,20,0,120,20,470,NA,415,0.1,3,4,0,20,10,20,spout_extended,NA
2026_02_04_acp01,acp,acp01,2/4/2026,1,2026_02_04_acp_r01,multi_nacl,0,NA,dual,10,nac_corr,opto_pulse,opto_trial,42,415; 470,1.8;4,10; 30,1;2,g;g,20,0,120,20,470,NA,415,0.1,3,4,0,20,10,20,spout_extended,NA
2026_02_04_acp01,acp,acp01,2/4/2026,1,2026_02_04_acp_r01,multi_nacl,0,NA,dual,5,nac,opto_pulse,opto_trial,42,415; 470,1.8;4,10; 30,1;2,g;g,20,0,120,20,470,NA,415,0.1,3,4,0,20,10,20,spout_extended,NA
2026_02_04_acp01,acp,acp01,2/4/2026,1,2026_02_04_acp_r01,multi_nacl,0,NA,dual,6,dms,opto_pulse,opto_trial,42,415; 470,1.8;4,10; 30,1;2,g;g,20,0,120,20,470,NA,415,0.1,3,4,0,20,10,20,spout_extended,NA
2026_02_04_acp01,acp,acp01,2/4/2026,1,2026_02_04_acp_r01,multi_nacl,0,NA,dual,12,dls,opto_pulse,opto_trial,42,415; 470,1.8;4,10; 30,1;2,g;g,20,0,120,20,470,NA,415,0.1,3,4,0,20,10,20,spout_extended,NA
2026_02_04_acp01,acp,acp01,2/4/2026,1,2026_02_04_acp_r01,multi_nacl,0,NA,dual,4,ts,opto_pulse,opto_trial,42,415; 470,1.8;4,10; 30,1;2,g;g,20,0,120,20,470,NA,415,0.1,3,4,0,20,10,20,spout_extended,NA
2026_02_04_acp02,acp,acp02,2/4/2026,2,2026_02_04_acp_r02,multi_nacl,0,NA,dual,5,nac_shelllat,opto_pulse,opto_trial,42,415; 470,1.8;4,10; 30,1;2,g;g,20,0,120,20,470,NA,415,0.1,3,4,0,20,10,20,spout_extended,NA
2026_02_04_acp02,acp,acp02,2/4/2026,2,2026_02_04_acp_r02,multi_nacl,0,NA,dual,6,nac_corr,opto_pulse,opto_trial,42,415; 470,1.8;4,10; 30,1;2,g;g,20,0,120,20,470,NA,415,0.1,3,4,0,20,10,20,spout_extended,NA
2026_02_04_acp02,acp,acp02,2/4/2026,2,2026_02_04_acp_r02,multi_nacl,0,NA,dual,4,nac,opto_pulse,opto_trial,42,415; 470,1.8;4,10; 30,1;2,g;g,20,0,120,20,470,NA,415,0.1,3,4,0,20,10,20,spout_extended,NA
2026_02_04_acp02,acp,acp02,2/4/2026,2,2026_02_04_acp_r02,multi_nacl,0,NA,dual,11,dms,opto_pulse,opto_trial,42,415; 470,1.8;4,10; 30,1;2,g;g,20,0,120,20,470,NA,415,0.1,3,4,0,20,10,20,spout_extended,NA
2026_02_04_acp02,acp,acp02,2/4/2026,2,2026_02_04_acp_r02,multi_nacl,0,NA,dual,10,dls,opto_pulse,opto_trial,42,415; 470,1.8;4,10; 30,1;2,g;g,20,0,120,20,470,NA,415,0.1,3,4,0,20,10,20,spout_extended,NA
2026_02_04_acp02,acp,acp02,2/4/2026,2,2026_02_04_acp_r02,multi_nacl,0,NA,dual,12,ts,opto_pulse,opto_trial,42,415; 470,1.8;4,10; 30,1;2,g;g,20,0,120,20,470,NA,415,0.1,3,4,0,20,10,20,spout_extended,NA
2026_02_04_acp04,acp,acp04,2/4/2026,3,2026_02_04_acp_r03,multi_nacl,0,NA,dual,12,nac_shelllat,opto_pulse,opto_trial,42,415; 470,1.8;4,10; 30,1;2,g;g,20,0,120,20,470,NA,415,0.1,3,4,0,20,10,20,spout_extended,NA
2026_02_04_acp04,acp,acp04,2/4/2026,3,2026_02_04_acp_r03,multi_nacl,0,NA,dual,11,nac_corr,opto_pulse,opto_trial,42,415; 470,1.8;4,10; 30,1;2,g;g,20,0,120,20,470,NA,415,0.1,3,4,0,20,10,20,spout_extended,NA
2026_02_04_acp04,acp,acp04,2/4/2026,3,2026_02_04_acp_r03,multi_nacl,0,NA,dual,4,nac,opto_pulse,opto_trial,42,415; 470,1.8;4,10; 30,1;2,g;g,20,0,120,20,470,NA,415,0.1,3,4,0,20,10,20,spout_extended,NA
2026_02_04_acp04,acp,acp04,2/4/2026,3,2026_02_04_acp_r03,multi_nacl,0,NA,dual,6,dms,opto_pulse,opto_trial,42,415; 470,1.8;4,10; 30,1;2,g;g,20,0,120,20,470,NA,415,0.1,3,4,0,20,10,20,spout_extended,NA
2026_02_04_acp04,acp,acp04,2/4/2026,3,2026_02_04_acp_r03,multi_nacl,0,NA,dual,10,dls,opto_pulse,opto_trial,42,415; 470,1.8;4,10; 30,1;2,g;g,20,0,120,20,470,NA,415,0.1,3,4,0,20,10,20,spout_extended,NA
2026_02_04_acp04,acp,acp04,2/4/2026,3,2026_02_04_acp_r03,multi_nacl,0,NA,dual,5,ts,opto_pulse,opto_trial,42,415; 470,1.8;4,10; 30,1;2,g;g,20,0,120,20,470,NA,415,0.1,3,4,0,20,10,20,spout_extended,NA
2026_02_04_acp05,acp,acp05,2/4/2026,4,2026_02_04_acp_r04,multi_nacl,0,NA,dual,12,nac_shelllat,opto_pulse,opto_trial,42,415; 470,1.8;4,10; 30,1;2,g;g,20,0,120,20,470,NA,415,0.1,3,4,0,20,10,20,spout_extended,NA
2026_02_04_acp05,acp,acp05,2/4/2026,4,2026_02_04_acp_r04,multi_nacl,0,NA,dual,6,nac_corr,opto_pulse,opto_trial,42,415; 470,1.8;4,10; 30,1;2,g;g,20,0,120,20,470,NA,415,0.1,3,4,0,20,10,20,spout_extended,NA
2026_02_04_acp05,acp,acp05,2/4/2026,4,2026_02_04_acp_r04,multi_nacl,0,NA,dual,10,nac,opto_pulse,opto_trial,42,415; 470,1.8;4,10; 30,1;2,g;g,20,0,120,20,470,NA,415,0.1,3,4,0,20,10,20,spout_extended,NA
2026_02_04_acp05,acp,acp05,2/4/2026,4,2026_02_04_acp_r04,multi_nacl,0,NA,dual,11,dms,opto_pulse,opto_trial,42,415; 470,1.8;4,10; 30,1;2,g;g,20,0,120,20,470,NA,415,0.1,3,4,0,20,10,20,spout_extended,NA
2026_02_04_acp05,acp,acp05,2/4/2026,4,2026_02_04_acp_r04,multi_nacl,0,NA,dual,5,dls,opto_pulse,opto_trial,42,415; 470,1.8;4,10; 30,1;2,g;g,20,0,120,20,470,NA,415,0.1,3,4,0,20,10,20,spout_extended,NA
2026_02_04_acp05,acp,acp05,2/4/2026,4,2026_02_04_acp_r04,multi_nacl,0,NA,dual,4,ts,opto_pulse,opto_trial,42,415; 470,1.8;4,10; 30,1;2,g;g,20,0,120,20,470,NA,415,0.1,3,4,0,20,10,20,spout_extended,NA
2026_02_04_acp06,acp,acp06,2/4/2026,5,2026_02_04_acp_r05,multi_nacl,0,NA,dual,4,nac_shelllat,opto_pulse,opto_trial,42,415; 470,1.8;4,10; 30,1;2,g;g,20,0,120,20,470,NA,415,0.1,3,4,0,20,10,20,spout_extended,NA
2026_02_04_acp06,acp,acp06,2/4/2026,5,2026_02_04_acp_r05,multi_nacl,0,NA,dual,11,nac_corr,opto_pulse,opto_trial,42,415; 470,1.8;4,10; 30,1;2,g;g,20,0,120,20,470,NA,415,0.1,3,4,0,20,10,20,spout_extended,NA
2026_02_04_acp06,acp,acp06,2/4/2026,5,2026_02_04_acp_r05,multi_nacl,0,NA,dual,6,nac,opto_pulse,opto_trial,42,415; 470,1.8;4,10; 30,1;2,g;g,20,0,120,20,470,NA,415,0.1,3,4,0,20,10,20,spout_extended,NA
2026_02_04_acp06,acp,acp06,2/4/2026,5,2026_02_04_acp_r05,multi_nacl,0,NA,dual,12,dms,opto_pulse,opto_trial,42,415; 470,1.8;4,10; 30,1;2,g;g,20,0,120,20,470,NA,415,0.1,3,4,0,20,10,20,spout_extended,NA
2026_02_04_acp06,acp,acp06,2/4/2026,5,2026_02_04_acp_r05,multi_nacl,0,NA,dual,10,dls,opto_pulse,opto_trial,42,415; 470,1.8;4,10; 30,1;2,g;g,20,0,120,20,470,NA,415,0.1,3,4,0,20,10,20,spout_extended,NA
2026_02_04_acp06,acp,acp06,2/4/2026,5,2026_02_04_acp_r05,multi_nacl,0,NA,dual,5,ts,opto_pulse,opto_trial,42,415; 470,1.8;4,10; 30,1;2,g;g,20,0,120,20,470,NA,415,0.1,3,4,0,20,10,20,spout_extended,NA
2026_02_04_acp08,acp,acp08,2/4/2026,7,2026_02_04_acp_r07,multi_nacl,0,NA,dual,6,nac_shelllat,opto_pulse,opto_trial,42,415; 470,1.8;4,10; 30,1;2,g;g,20,0,120,20,470,NA,415,0.1,3,4,0,20,10,20,spout_extended,NA
2026_02_04_acp08,acp,acp08,2/4/2026,7,2026_02_04_acp_r07,multi_nacl,0,NA,dual,12,nac_corr,opto_pulse,opto_trial,42,415; 470,1.8;4,10; 30,1;2,g;g,20,0,120,20,470,NA,415,0.1,3,4,0,20,10,20,spout_extended,NA
2026_02_04_acp08,acp,acp08,2/4/2026,7,2026_02_04_acp_r07,multi_nacl,0,NA,dual,10,nac,opto_pulse,opto_trial,42,415; 470,1.8;4,10; 30,1;2,g;g,20,0,120,20,470,NA,415,0.1,3,4,0,20,10,20,spout_extended,NA
2026_02_04_acp08,acp,acp08,2/4/2026,7,2026_02_04_acp_r07,multi_nacl,0,NA,dual,5,dms,opto_pulse,opto_trial,42,415; 470,1.8;4,10; 30,1;2,g;g,20,0,120,20,470,NA,415,0.1,3,4,0,20,10,20,spout_extended,NA
2026_02_04_acp08,acp,acp08,2/4/2026,7,2026_02_04_acp_r07,multi_nacl,0,NA,dual,11,dls,opto_pulse,opto_trial,42,415; 470,1.8;4,10; 30,1;2,g;g,20,0,120,20,470,NA,415,0.1,3,4,0,20,10,20,spout_extended,NA
2026_02_04_acp08,acp,acp08,2/4/2026,7,2026_02_04_acp_r07,multi_nacl,0,NA,dual,4,ts,opto_pulse,opto_trial,42,415; 470,1.8;4,10; 30,1;2,g;g,20,0,120,20,470,NA,415,0.1,3,4,0,20,10,20,spout_extended,NA
2026_02_04_acp11,acp,acp11,2/4/2026,9,2026_02_04_acp_r09,multi_nacl,0,NA,dual,4,nac_shelllat,opto_pulse,opto_trial,42,415; 470,1.8;4,10; 30,1;2,g;g,20,0,120,20,470,NA,415,0.1,3,4,0,20,10,20,spout_extended,NA
2026_02_04_acp11,acp,acp11,2/4/2026,9,2026_02_04_acp_r09,multi_nacl,0,NA,dual,5,nac_corr,opto_pulse,opto_trial,42,415; 470,1.8;4,10; 30,1;2,g;g,20,0,120,20,470,NA,415,0.1,3,4,0,20,10,20,spout_extended,NA
2026_02_04_acp11,acp,acp11,2/4/2026,9,2026_02_04_acp_r09,multi_nacl,0,NA,dual,6,nac,opto_pulse,opto_trial,42,415; 470,1.8;4,10; 30,1;2,g;g,20,0,120,20,470,NA,415,0.1,3,4,0,20,10,20,spout_extended,NA
2026_02_04_acp11,acp,acp11,2/4/2026,9,2026_02_04_acp_r09,multi_nacl,0,NA,dual,10,dms,opto_pulse,opto_trial,42,415; 470,1.8;4,10; 30,1;2,g;g,20,0,120,20,470,NA,415,0.1,3,4,0,20,10,20,spout_extended,NA
2026_02_04_acp11,acp,acp11,2/4/2026,9,2026_02_04_acp_r09,multi_nacl,0,NA,dual,12,dls,opto_pulse,opto_trial,42,415; 470,1.8;4,10; 30,1;2,g;g,20,0,120,20,470,NA,415,0.1,3,4,0,20,10,20,spout_extended,NA
2026_02_04_acp11,acp,acp11,2/4/2026,9,2026_02_04_acp_r09,multi_nacl,0,NA,dual,11,ts,opto_pulse,opto_trial,42,415; 470,1.8;4,10; 30,1;2,g;g,20,0,120,20,470,NA,415,0.1,3,4,0,20,10,20,spout_extended,NA
2026_02_04_acp13,acp,acp13,2/4/2026,10,2026_02_04_acp_r10,multi_nacl,0,NA,dual,11,nac_shelllat,opto_pulse,opto_trial,42,415; 470,1.8;4,10; 30,1;2,g;g,20,0,120,20,470,NA,415,0.1,3,4,0,20,10,20,spout_extended,NA
2026_02_04_acp13,acp,acp13,2/4/2026,10,2026_02_04_acp_r10,multi_nacl,0,NA,dual,4,nac_corr,opto_pulse,opto_trial,42,415; 470,1.8;4,10; 30,1;2,g;g,20,0,120,20,470,NA,415,0.1,3,4,0,20,10,20,spout_extended,NA
2026_02_04_acp13,acp,acp13,2/4/2026,10,2026_02_04_acp_r10,multi_nacl,0,NA,dual,10,nac,opto_pulse,opto_trial,42,415; 470,1.8;4,10; 30,1;2,g;g,20,0,120,20,470,NA,415,0.1,3,4,0,20,10,20,spout_extended,NA
2026_02_04_acp13,acp,acp13,2/4/2026,10,2026_02_04_acp_r10,multi_nacl,0,NA,dual,5,dms,opto_pulse,opto_trial,42,415; 470,1.8;4,10; 30,1;2,g;g,20,0,120,20,470,NA,415,0.1,3,4,0,20,10,20,spout_extended,NA
2026_02_04_acp13,acp,acp13,2/4/2026,10,2026_02_04_acp_r10,multi_nacl,0,NA,dual,6,dls,opto_pulse,opto_trial,42,415; 470,1.8;4,10; 30,1;2,g;g,20,0,120,20,470,NA,415,0.1,3,4,0,20,10,20,spout_extended,NA
2026_02_04_acp13,acp,acp13,2/4/2026,10,2026_02_04_acp_r10,multi_nacl,0,NA,dual,12,ts,opto_pulse,opto_trial,42,415; 470,1.8;4,10; 30,1;2,g;g,20,0,120,20,470,NA,415,0.1,3,4,0,20,10,20,spout_extended,NA
2026_02_04_acp14,acp,acp14,2/4/2026,11,2026_02_04_acp_r11,multi_nacl,0,NA,dual,5,nac_shelllat,opto_pulse,opto_trial,42,415; 470,1.8;4,10; 30,1;2,g;g,20,0,120,20,470,NA,415,0.1,3,4,0,20,10,20,spout_extended,NA
2026_02_04_acp14,acp,acp14,2/4/2026,11,2026_02_04_acp_r11,multi_nacl,0,NA,dual,12,nac_corr,opto_pulse,opto_trial,42,415; 470,1.8;4,10; 30,1;2,g;g,20,0,120,20,470,NA,415,0.1,3,4,0,20,10,20,spout_extended,NA
2026_02_04_acp14,acp,acp14,2/4/2026,11,2026_02_04_acp_r11,multi_nacl,0,NA,dual,11,nac,opto_pulse,opto_trial,42,415; 470,1.8;4,10; 30,1;2,g;g,20,0,120,20,470,NA,415,0.1,3,4,0,20,10,20,spout_extended,NA
2026_02_04_acp14,acp,acp14,2/4/2026,11,2026_02_04_acp_r11,multi_nacl,0,NA,dual,6,dms,opto_pulse,opto_trial,42,415; 470,1.8;4,10; 30,1;2,g;g,20,0,120,20,470,NA,415,0.1,3,4,0,20,10,20,spout_extended,NA
2026_02_04_acp14,acp,acp14,2/4/2026,11,2026_02_04_acp_r11,multi_nacl,0,NA,dual,10,dls,opto_pulse,opto_trial,42,415; 470,1.8;4,10; 30,1;2,g;g,20,0,120,20,470,NA,415,0.1,3,4,0,20,10,20,spout_extended,NA
2026_02_04_acp14,acp,acp14,2/4/2026,11,2026_02_04_acp_r11,multi_nacl,0,NA,dual,4,ts,opto_pulse,opto_trial,42,415; 470,1.8;4,10; 30,1;2,g;g,20,0,120,20,470,NA,415,0.1,3,4,0,20,10,20,spout_extended,NA
2026_02_04_acp15,acp,acp15,2/4/2026,12,2026_02_04_acp_r12,multi_nacl,0,NA,dual,10,nac_shelllat,opto_pulse,opto_trial,42,415; 470,1.8;4,10; 30,1;2,g;g,20,0,120,20,470,NA,415,0.1,3,4,0,20,10,20,spout_extended,NA
2026_02_04_acp15,acp,acp15,2/4/2026,12,2026_02_04_acp_r12,multi_nacl,0,NA,dual,6,nac_corr,opto_pulse,opto_trial,42,415; 470,1.8;4,10; 30,1;2,g;g,20,0,120,20,470,NA,415,0.1,3,4,0,20,10,20,spout_extended,NA
2026_02_04_acp15,acp,acp15,2/4/2026,12,2026_02_04_acp_r12,multi_nacl,0,NA,dual,5,nac,opto_pulse,opto_trial,42,415; 470,1.8;4,10; 30,1;2,g;g,20,0,120,20,470,NA,415,0.1,3,4,0,20,10,20,spout_extended,NA
2026_02_04_acp15,acp,acp15,2/4/2026,12,2026_02_04_acp_r12,multi_nacl,0,NA,dual,12,dms,opto_pulse,opto_trial,42,415; 470,1.8;4,10; 30,1;2,g;g,20,0,120,20,470,NA,415,0.1,3,4,0,20,10,20,spout_extended,NA
2026_02_04_acp15,acp,acp15,2/4/2026,12,2026_02_04_acp_r12,multi_nacl,0,NA,dual,11,dls,opto_pulse,opto_trial,42,415; 470,1.8;4,10; 30,1;2,g;g,20,0,120,20,470,NA,415,0.1,3,4,0,20,10,20,spout_extended,NA
2026_02_04_acp15,acp,acp15,2/4/2026,12,2026_02_04_acp_r12,multi_nacl,0,NA,dual,4,ts,opto_pulse,opto_trial,42,415; 470,1.8;4,10; 30,1;2,g;g,20,0,120,20,470,NA,415,0.1,3,4,0,20,10,20,spout_extended,NA
2026_02_05_acp01,acp,acp01,2/5/2026,1,2026_02_05_acp_r01,multi_nacl,0,NA,dual,5,nac_shelllat,opto_pulse,opto_trial,42,415; 470,1.8;4,10; 30,1;2,g;g,20,0,120,20,470,NA,415,0.1,3,4,0,20,10,20,spout_extended,NA
2026_02_05_acp01,acp,acp01,2/5/2026,1,2026_02_05_acp_r01,multi_nacl,0,NA,dual,4,nac_corr,opto_pulse,opto_trial,42,415; 470,1.8;4,10; 30,1;2,g;g,20,0,120,20,470,NA,415,0.1,3,4,0,20,10,20,spout_extended,NA
2026_02_05_acp01,acp,acp01,2/5/2026,1,2026_02_05_acp_r01,multi_nacl,0,NA,dual,6,nac,opto_pulse,opto_trial,42,415; 470,1.8;4,10; 30,1;2,g;g,20,0,120,20,470,NA,415,0.1,3,4,0,20,10,20,spout_extended,NA
2026_02_05_acp01,acp,acp01,2/5/2026,1,2026_02_05_acp_r01,multi_nacl,0,NA,dual,10,dms,opto_pulse,opto_trial,42,415; 470,1.8;4,10; 30,1;2,g;g,20,0,120,20,470,NA,415,0.1,3,4,0,20,10,20,spout_extended,NA
2026_02_05_acp01,acp,acp01,2/5/2026,1,2026_02_05_acp_r01,multi_nacl,0,NA,dual,12,dls,opto_pulse,opto_trial,42,415; 470,1.8;4,10; 30,1;2,g;g,20,0,120,20,470,NA,415,0.1,3,4,0,20,10,20,spout_extended,NA
2026_02_05_acp01,acp,acp01,2/5/2026,1,2026_02_05_acp_r01,multi_nacl,0,NA,dual,11,ts,opto_pulse,opto_trial,42,415; 470,1.8;4,10; 30,1;2,g;g,20,0,120,20,470,NA,415,0.1,3,4,0,20,10,20,spout_extended,NA
2026_02_05_acp02,acp,acp02,2/5/2026,2,2026_02_05_acp_r02,multi_nacl,0,NA,dual,11,nac_shelllat,opto_pulse,opto_trial,42,415; 470,1.8;4,10; 30,1;2,g;g,20,0,120,20,470,NA,415,0.1,3,4,0,20,10,20,spout_extended,NA
2026_02_05_acp02,acp,acp02,2/5/2026,2,2026_02_05_acp_r02,multi_nacl,0,NA,dual,12,nac_corr,opto_pulse,opto_trial,42,415; 470,1.8;4,10; 30,1;2,g;g,20,0,120,20,470,NA,415,0.1,3,4,0,20,10,20,spout_extended,NA
2026_02_05_acp02,acp,acp02,2/5/2026,2,2026_02_05_acp_r02,multi_nacl,0,NA,dual,5,nac,opto_pulse,opto_trial,42,415; 470,1.8;4,10; 30,1;2,g;g,20,0,120,20,470,NA,415,0.1,3,4,0,20,10,20,spout_extended,NA
2026_02_05_acp02,acp,acp02,2/5/2026,2,2026_02_05_acp_r02,multi_nacl,0,NA,dual,4,dms,opto_pulse,opto_trial,42,415; 470,1.8;4,10; 30,1;2,g;g,20,0,120,20,470,NA,415,0.1,3,4,0,20,10,20,spout_extended,NA
2026_02_05_acp02,acp,acp02,2/5/2026,2,2026_02_05_acp_r02,multi_nacl,0,NA,dual,6,dls,opto_pulse,opto_trial,42,415; 470,1.8;4,10; 30,1;2,g;g,20,0,120,20,470,NA,415,0.1,3,4,0,20,10,20,spout_extended,NA
2026_02_05_acp02,acp,acp02,2/5/2026,2,2026_02_05_acp_r02,multi_nacl,0,NA,dual,10,ts,opto_pulse,opto_trial,42,415; 470,1.8;4,10; 30,1;2,g;g,20,0,120,20,470,NA,415,0.1,3,4,0,20,10,20,spout_extended,NA
2026_02_05_acp04,acp,acp04,2/5/2026,3,2026_02_05_acp_r03,multi_nacl,0,NA,dual,6,nac_shelllat,opto_pulse,opto_trial,42,415; 470,1.8;4,10; 30,1;2,g;g,20,0,120,20,470,NA,415,0.1,3,4,0,20,10,20,spout_extended,NA
2026_02_05_acp04,acp,acp04,2/5/2026,3,2026_02_05_acp_r03,multi_nacl,0,NA,dual,5,nac_corr,opto_pulse,opto_trial,42,415; 470,1.8;4,10; 30,1;2,g;g,20,0,120,20,470,NA,415,0.1,3,4,0,20,10,20,spout_extended,NA
2026_02_05_acp04,acp,acp04,2/5/2026,3,2026_02_05_acp_r03,multi_nacl,0,NA,dual,10,nac,opto_pulse,opto_trial,42,415; 470,1.8;4,10; 30,1;2,g;g,20,0,120,20,470,NA,415,0.1,3,4,0,20,10,20,spout_extended,NA
2026_02_05_acp04,acp,acp04,2/5/2026,3,2026_02_05_acp_r03,multi_nacl,0,NA,dual,4,dms,opto_pulse,opto_trial,42,415; 470,1.8;4,10; 30,1;2,g;g,20,0,120,20,470,NA,415,0.1,3,4,0,20,10,20,spout_extended,NA
2026_02_05_acp04,acp,acp04,2/5/2026,3,2026_02_05_acp_r03,multi_nacl,0,NA,dual,12,dls,opto_pulse,opto_trial,42,415; 470,1.8;4,10; 30,1;2,g;g,20,0,120,20,470,NA,415,0.1,3,4,0,20,10,20,spout_extended,NA
2026_02_05_acp04,acp,acp04,2/5/2026,3,2026_02_05_acp_r03,multi_nacl,0,NA,dual,11,ts,opto_pulse,opto_trial,42,415; 470,1.8;4,10; 30,1;2,g;g,20,0,120,20,470,NA,415,0.1,3,4,0,20,10,20,spout_extended,NA
2026_02_05_acp05,acp,acp05,2/5/2026,4,2026_02_05_acp_r04,multi_nacl,0,NA,dual,5,nac_shelllat,opto_pulse,opto_trial,42,415; 470,1.8;4,10; 30,1;2,g;g,20,0,120,20,470,NA,415,0.1,3,4,0,20,10,20,spout_extended,NA
2026_02_05_acp05,acp,acp05,2/5/2026,4,2026_02_05_acp_r04,multi_nacl,0,NA,dual,11,nac_corr,opto_pulse,opto_trial,42,415; 470,1.8;4,10; 30,1;2,g;g,20,0,120,20,470,NA,415,0.1,3,4,0,20,10,20,spout_extended,NA
2026_02_05_acp05,acp,acp05,2/5/2026,4,2026_02_05_acp_r04,multi_nacl,0,NA,dual,6,nac,opto_pulse,opto_trial,42,415; 470,1.8;4,10; 30,1;2,g;g,20,0,120,20,470,NA,415,0.1,3,4,0,20,10,20,spout_extended,NA
2026_02_05_acp05,acp,acp05,2/5/2026,4,2026_02_05_acp_r04,multi_nacl,0,NA,dual,10,dms,opto_pulse,opto_trial,42,415; 470,1.8;4,10; 30,1;2,g;g,20,0,120,20,470,NA,415,0.1,3,4,0,20,10,20,spout_extended,NA
2026_02_05_acp05,acp,acp05,2/5/2026,4,2026_02_05_acp_r04,multi_nacl,0,NA,dual,4,dls,opto_pulse,opto_trial,42,415; 470,1.8;4,10; 30,1;2,g;g,20,0,120,20,470,NA,415,0.1,3,4,0,20,10,20,spout_extended,NA
2026_02_05_acp05,acp,acp05,2/5/2026,4,2026_02_05_acp_r04,multi_nacl,0,NA,dual,12,ts,opto_pulse,opto_trial,42,415; 470,1.8;4,10; 30,1;2,g;g,20,0,120,20,470,NA,415,0.1,3,4,0,20,10,20,spout_extended,NA
2026_02_05_acp06,acp,acp06,2/5/2026,5,2026_02_05_acp_r05,multi_nacl,0,NA,dual,10,nac_shelllat,opto_pulse,opto_trial,42,415; 470,1.8;4,10; 30,1;2,g;g,20,0,120,20,470,NA,415,0.1,3,4,0,20,10,20,spout_extended,NA
2026_02_05_acp06,acp,acp06,2/5/2026,5,2026_02_05_acp_r05,multi_nacl,0,NA,dual,12,nac_corr,opto_pulse,opto_trial,42,415; 470,1.8;4,10; 30,1;2,g;g,20,0,120,20,470,NA,415,0.1,3,4,0,20,10,20,spout_extended,NA
2026_02_05_acp06,acp,acp06,2/5/2026,5,2026_02_05_acp_r05,multi_nacl,0,NA,dual,11,nac,opto_pulse,opto_trial,42,415; 470,1.8;4,10; 30,1;2,g;g,20,0,120,20,470,NA,415,0.1,3,4,0,20,10,20,spout_extended,NA
2026_02_05_acp06,acp,acp06,2/5/2026,5,2026_02_05_acp_r05,multi_nacl,0,NA,dual,6,dms,opto_pulse,opto_trial,42,415; 470,1.8;4,10; 30,1;2,g;g,20,0,120,20,470,NA,415,0.1,3,4,0,20,10,20,spout_extended,NA
2026_02_05_acp06,acp,acp06,2/5/2026,5,2026_02_05_acp_r05,multi_nacl,0,NA,dual,5,dls,opto_pulse,opto_trial,42,415; 470,1.8;4,10; 30,1;2,g;g,20,0,120,20,470,NA,415,0.1,3,4,0,20,10,20,spout_extended,NA
2026_02_05_acp06,acp,acp06,2/5/2026,5,2026_02_05_acp_r05,multi_nacl,0,NA,dual,4,ts,opto_pulse,opto_trial,42,415; 470,1.8;4,10; 30,1;2,g;g,20,0,120,20,470,NA,415,0.1,3,4,0,20,10,20,spout_extended,NA
2026_02_05_acp08,acp,acp08,2/5/2026,7,2026_02_05_acp_r07,multi_nacl,0,NA,dual,10,nac_shelllat,opto_pulse,opto_trial,42,415; 470,1.8;4,10; 30,1;2,g;g,20,0,120,20,470,NA,415,0.1,3,4,0,20,10,20,spout_extended,NA
2026_02_05_acp08,acp,acp08,2/5/2026,7,2026_02_05_acp_r07,multi_nacl,0,NA,dual,6,nac_corr,opto_pulse,opto_trial,42,415; 470,1.8;4,10; 30,1;2,g;g,20,0,120,20,470,NA,415,0.1,3,4,0,20,10,20,spout_extended,NA
2026_02_05_acp08,acp,acp08,2/5/2026,7,2026_02_05_acp_r07,multi_nacl,0,NA,dual,4,nac,opto_pulse,opto_trial,42,415; 470,1.8;4,10; 30,1;2,g;g,20,0,120,20,470,NA,415,0.1,3,4,0,20,10,20,spout_extended,NA
2026_02_05_acp08,acp,acp08,2/5/2026,7,2026_02_05_acp_r07,multi_nacl,0,NA,dual,11,dms,opto_pulse,opto_trial,42,415; 470,1.8;4,10; 30,1;2,g;g,20,0,120,20,470,NA,415,0.1,3,4,0,20,10,20,spout_extended,NA
2026_02_05_acp08,acp,acp08,2/5/2026,7,2026_02_05_acp_r07,multi_nacl,0,NA,dual,12,dls,opto_pulse,opto_trial,42,415; 470,1.8;4,10; 30,1;2,g;g,20,0,120,20,470,NA,415,0.1,3,4,0,20,10,20,spout_extended,NA
2026_02_05_acp08,acp,acp08,2/5/2026,7,2026_02_05_acp_r07,multi_nacl,0,NA,dual,5,ts,opto_pulse,opto_trial,42,415; 470,1.8;4,10; 30,1;2,g;g,20,0,120,20,470,NA,415,0.1,3,4,0,20,10,20,spout_extended,NA
2026_02_05_acp11,acp,acp11,2/5/2026,9,2026_02_05_acp_r09,multi_nacl,0,NA,dual,5,nac_shelllat,opto_pulse,opto_trial,42,415; 470,1.8;4,10; 30,1;2,g;g,20,0,120,20,470,NA,415,0.1,3,4,0,20,10,20,spout_extended,NA
2026_02_05_acp11,acp,acp11,2/5/2026,9,2026_02_05_acp_r09,multi_nacl,0,NA,dual,12,nac_corr,opto_pulse,opto_trial,42,415; 470,1.8;4,10; 30,1;2,g;g,20,0,120,20,470,NA,415,0.1,3,4,0,20,10,20,spout_extended,NA
2026_02_05_acp11,acp,acp11,2/5/2026,9,2026_02_05_acp_r09,multi_nacl,0,NA,dual,10,nac,opto_pulse,opto_trial,42,415; 470,1.8;4,10; 30,1;2,g;g,20,0,120,20,470,NA,415,0.1,3,4,0,20,10,20,spout_extended,NA
2026_02_05_acp11,acp,acp11,2/5/2026,9,2026_02_05_acp_r09,multi_nacl,0,NA,dual,11,dms,opto_pulse,opto_trial,42,415; 470,1.8;4,10; 30,1;2,g;g,20,0,120,20,470,NA,415,0.1,3,4,0,20,10,20,spout_extended,NA
2026_02_05_acp11,acp,acp11,2/5/2026,9,2026_02_05_acp_r09,multi_nacl,0,NA,dual,6,dls,opto_pulse,opto_trial,42,415; 470,1.8;4,10; 30,1;2,g;g,20,0,120,20,470,NA,415,0.1,3,4,0,20,10,20,spout_extended,NA
2026_02_05_acp11,acp,acp11,2/5/2026,9,2026_02_05_acp_r09,multi_nacl,0,NA,dual,4,ts,opto_pulse,opto_trial,42,415; 470,1.8;4,10; 30,1;2,g;g,20,0,120,20,470,NA,415,0.1,3,4,0,20,10,20,spout_extended,NA
2026_02_05_acp13,acp,acp13,2/5/2026,10,2026_02_05_acp_r10,multi_nacl,0,NA,dual,6,nac_shelllat,opto_pulse,opto_trial,42,415; 470,1.8;4,10; 30,1;2,g;g,20,0,120,20,470,NA,415,0.1,3,4,0,20,10,20,spout_extended,NA
2026_02_05_acp13,acp,acp13,2/5/2026,10,2026_02_05_acp_r10,multi_nacl,0,NA,dual,11,nac_corr,opto_pulse,opto_trial,42,415; 470,1.8;4,10; 30,1;2,g;g,20,0,120,20,470,NA,415,0.1,3,4,0,20,10,20,spout_extended,NA
2026_02_05_acp13,acp,acp13,2/5/2026,10,2026_02_05_acp_r10,multi_nacl,0,NA,dual,4,nac,opto_pulse,opto_trial,42,415; 470,1.8;4,10; 30,1;2,g;g,20,0,120,20,470,NA,415,0.1,3,4,0,20,10,20,spout_extended,NA
2026_02_05_acp13,acp,acp13,2/5/2026,10,2026_02_05_acp_r10,multi_nacl,0,NA,dual,10,dms,opto_pulse,opto_trial,42,415; 470,1.8;4,10; 30,1;2,g;g,20,0,120,20,470,NA,415,0.1,3,4,0,20,10,20,spout_extended,NA
2026_02_05_acp13,acp,acp13,2/5/2026,10,2026_02_05_acp_r10,multi_nacl,0,NA,dual,5,dls,opto_pulse,opto_trial,42,415; 470,1.8;4,10; 30,1;2,g;g,20,0,120,20,470,NA,415,0.1,3,4,0,20,10,20,spout_extended,NA
2026_02_05_acp13,acp,acp13,2/5/2026,10,2026_02_05_acp_r10,multi_nacl,0,NA,dual,12,ts,opto_pulse,opto_trial,42,415; 470,1.8;4,10; 30,1;2,g;g,20,0,120,20,470,NA,415,0.1,3,4,0,20,10,20,spout_extended,NA
2026_02_05_acp14,acp,acp14,2/5/2026,11,2026_02_05_acp_r11,multi_nacl,0,NA,dual,6,nac_shelllat,opto_pulse,opto_trial,42,415; 470,1.8;4,10; 30,1;2,g;g,20,0,120,20,470,NA,415,0.1,3,4,0,20,10,20,spout_extended,NA
2026_02_05_acp14,acp,acp14,2/5/2026,11,2026_02_05_acp_r11,multi_nacl,0,NA,dual,4,nac_corr,opto_pulse,opto_trial,42,415; 470,1.8;4,10; 30,1;2,g;g,20,0,120,20,470,NA,415,0.1,3,4,0,20,10,20,spout_extended,NA
2026_02_05_acp14,acp,acp14,2/5/2026,11,2026_02_05_acp_r11,multi_nacl,0,NA,dual,12,nac,opto_pulse,opto_trial,42,415; 470,1.8;4,10; 30,1;2,g;g,20,0,120,20,470,NA,415,0.1,3,4,0,20,10,20,spout_extended,NA
2026_02_05_acp14,acp,acp14,2/5/2026,11,2026_02_05_acp_r11,multi_nacl,0,NA,dual,5,dms,opto_pulse,opto_trial,42,415; 470,1.8;4,10; 30,1;2,g;g,20,0,120,20,470,NA,415,0.1,3,4,0,20,10,20,spout_extended,NA
2026_02_05_acp14,acp,acp14,2/5/2026,11,2026_02_05_acp_r11,multi_nacl,0,NA,dual,10,dls,opto_pulse,opto_trial,42,415; 470,1.8;4,10; 30,1;2,g;g,20,0,120,20,470,NA,415,0.1,3,4,0,20,10,20,spout_extended,NA
2026_02_05_acp14,acp,acp14,2/5/2026,11,2026_02_05_acp_r11,multi_nacl,0,NA,dual,11,ts,opto_pulse,opto_trial,42,415; 470,1.8;4,10; 30,1;2,g;g,20,0,120,20,470,NA,415,0.1,3,4,0,20,10,20,spout_extended,NA
2026_02_05_acp15,acp,acp15,2/5/2026,12,2026_02_05_acp_r12,multi_nacl,0,NA,dual,4,nac_shelllat,opto_pulse,opto_trial,42,415; 470,1.8;4,10; 30,1;2,g;g,20,0,120,20,470,NA,415,0.1,3,4,0,20,10,20,spout_extended,NA
2026_02_05_acp15,acp,acp15,2/5/2026,12,2026_02_05_acp_r12,multi_nacl,0,NA,dual,12,nac_corr,opto_pulse,opto_trial,42,415; 470,1.8;4,10; 30,1;2,g;g,20,0,120,20,470,NA,415,0.1,3,4,0,20,10,20,spout_extended,NA
2026_02_05_acp15,acp,acp15,2/5/2026,12,2026_02_05_acp_r12,multi_nacl,0,NA,dual,11,nac,opto_pulse,opto_trial,42,415; 470,1.8;4,10; 30,1;2,g;g,20,0,120,20,470,NA,415,0.1,3,4,0,20,10,20,spout_extended,NA
2026_02_05_acp15,acp,acp15,2/5/2026,12,2026_02_05_acp_r12,multi_nacl,0,NA,dual,6,dms,opto_pulse,opto_trial,42,415; 470,1.8;4,10; 30,1;2,g;g,20,0,120,20,470,NA,415,0.1,3,4,0,20,10,20,spout_extended,NA
2026_02_05_acp15,acp,acp15,2/5/2026,12,2026_02_05_acp_r12,multi_nacl,0,NA,dual,5,dls,opto_pulse,opto_trial,42,415; 470,1.8;4,10; 30,1;2,g;g,20,0,120,20,470,NA,415,0.1,3,4,0,20,10,20,spout_extended,NA
2026_02_05_acp15,acp,acp15,2/5/2026,12,2026_02_05_acp_r12,multi_nacl,0,NA,dual,10,ts,opto_pulse,opto_trial,42,415; 470,1.8;4,10; 30,1;2,g;g,20,0,120,20,470,NA,415,0.1,3,4,0,20,10,20,spout_extended,NA
2026_02_06_acp01,acp,acp01,2/6/2026,1,2026_02_06_acp_r01,multi_nacl,0,NA,dual,10,nac_shelllat,opto_pulse,opto_trial,42,415; 470,1.8;4,10; 30,1;2,g;g,20,0,120,20,470,NA,415,0.1,3,4,0,20,10,20,spout_extended,NA
2026_02_06_acp01,acp,acp01,2/6/2026,1,2026_02_06_acp_r01,multi_nacl,0,NA,dual,11,nac_corr,opto_pulse,opto_trial,42,415; 470,1.8;4,10; 30,1;2,g;g,20,0,120,20,470,NA,415,0.1,3,4,0,20,10,20,spout_extended,NA
2026_02_06_acp01,acp,acp01,2/6/2026,1,2026_02_06_acp_r01,multi_nacl,0,NA,dual,4,nac,opto_pulse,opto_trial,42,415; 470,1.8;4,10; 30,1;2,g;g,20,0,120,20,470,NA,415,0.1,3,4,0,20,10,20,spout_extended,NA
2026_02_06_acp01,acp,acp01,2/6/2026,1,2026_02_06_acp_r01,multi_nacl,0,NA,dual,5,dms,opto_pulse,opto_trial,42,415; 470,1.8;4,10; 30,1;2,g;g,20,0,120,20,470,NA,415,0.1,3,4,0,20,10,20,spout_extended,NA
2026_02_06_acp01,acp,acp01,2/6/2026,1,2026_02_06_acp_r01,multi_nacl,0,NA,dual,6,dls,opto_pulse,opto_trial,42,415; 470,1.8;4,10; 30,1;2,g;g,20,0,120,20,470,NA,415,0.1,3,4,0,20,10,20,spout_extended,NA
2026_02_06_acp01,acp,acp01,2/6/2026,1,2026_02_06_acp_r01,multi_nacl,0,NA,dual,12,ts,opto_pulse,opto_trial,42,415; 470,1.8;4,10; 30,1;2,g;g,20,0,120,20,470,NA,415,0.1,3,4,0,20,10,20,spout_extended,NA
2026_02_06_acp02,acp,acp02,2/6/2026,2,2026_02_06_acp_r02,multi_nacl,0,NA,dual,5,nac_shelllat,opto_pulse,opto_trial,42,415; 470,1.8;4,10; 30,1;2,g;g,20,0,120,20,470,NA,415,0.1,3,4,0,20,10,20,spout_extended,NA
2026_02_06_acp02,acp,acp02,2/6/2026,2,2026_02_06_acp_r02,multi_nacl,0,NA,dual,10,nac_corr,opto_pulse,opto_trial,42,415; 470,1.8;4,10; 30,1;2,g;g,20,0,120,20,470,NA,415,0.1,3,4,0,20,10,20,spout_extended,NA
2026_02_06_acp02,acp,acp02,2/6/2026,2,2026_02_06_acp_r02,multi_nacl,0,NA,dual,6,nac,opto_pulse,opto_trial,42,415; 470,1.8;4,10; 30,1;2,g;g,20,0,120,20,470,NA,415,0.1,3,4,0,20,10,20,spout_extended,NA
2026_02_06_acp02,acp,acp02,2/6/2026,2,2026_02_06_acp_r02,multi_nacl,0,NA,dual,11,dms,opto_pulse,opto_trial,42,415; 470,1.8;4,10; 30,1;2,g;g,20,0,120,20,470,NA,415,0.1,3,4,0,20,10,20,spout_extended,NA
2026_02_06_acp02,acp,acp02,2/6/2026,2,2026_02_06_acp_r02,multi_nacl,0,NA,dual,12,dls,opto_pulse,opto_trial,42,415; 470,1.8;4,10; 30,1;2,g;g,20,0,120,20,470,NA,415,0.1,3,4,0,20,10,20,spout_extended,NA
2026_02_06_acp02,acp,acp02,2/6/2026,2,2026_02_06_acp_r02,multi_nacl,0,NA,dual,4,ts,opto_pulse,opto_trial,42,415; 470,1.8;4,10; 30,1;2,g;g,20,0,120,20,470,NA,415,0.1,3,4,0,20,10,20,spout_extended,NA
2026_02_06_acp04,acp,acp04,2/6/2026,3,2026_02_06_acp_r03,multi_nacl,0,NA,dual,11,nac_shelllat,opto_pulse,opto_trial,42,415; 470,1.8;4,10; 30,1;2,g;g,20,0,120,20,470,NA,415,0.1,3,4,0,20,10,20,spout_extended,NA
2026_02_06_acp04,acp,acp04,2/6/2026,3,2026_02_06_acp_r03,multi_nacl,0,NA,dual,5,nac_corr,opto_pulse,opto_trial,42,415; 470,1.8;4,10; 30,1;2,g;g,20,0,120,20,470,NA,415,0.1,3,4,0,20,10,20,spout_extended,NA
2026_02_06_acp04,acp,acp04,2/6/2026,3,2026_02_06_acp_r03,multi_nacl,0,NA,dual,12,nac,opto_pulse,opto_trial,42,415; 470,1.8;4,10; 30,1;2,g;g,20,0,120,20,470,NA,415,0.1,3,4,0,20,10,20,spout_extended,NA
2026_02_06_acp04,acp,acp04,2/6/2026,3,2026_02_06_acp_r03,multi_nacl,0,NA,dual,10,dms,opto_pulse,opto_trial,42,415; 470,1.8;4,10; 30,1;2,g;g,20,0,120,20,470,NA,415,0.1,3,4,0,20,10,20,spout_extended,NA
2026_02_06_acp04,acp,acp04,2/6/2026,3,2026_02_06_acp_r03,multi_nacl,0,NA,dual,6,dls,opto_pulse,opto_trial,42,415; 470,1.8;4,10; 30,1;2,g;g,20,0,120,20,470,NA,415,0.1,3,4,0,20,10,20,spout_extended,NA
2026_02_06_acp04,acp,acp04,2/6/2026,3,2026_02_06_acp_r03,multi_nacl,0,NA,dual,4,ts,opto_pulse,opto_trial,42,415; 470,1.8;4,10; 30,1;2,g;g,20,0,120,20,470,NA,415,0.1,3,4,0,20,10,20,spout_extended,NA
2026_02_06_acp05,acp,acp05,2/6/2026,4,2026_02_06_acp_r04,multi_nacl,0,NA,dual,4,nac_shelllat,opto_pulse,opto_trial,42,415; 470,1.8;4,10; 30,1;2,g;g,20,0,120,20,470,NA,415,0.1,3,4,0,20,10,20,spout_extended,NA
2026_02_06_acp05,acp,acp05,2/6/2026,4,2026_02_06_acp_r04,multi_nacl,0,NA,dual,10,nac_corr,opto_pulse,opto_trial,42,415; 470,1.8;4,10; 30,1;2,g;g,20,0,120,20,470,NA,415,0.1,3,4,0,20,10,20,spout_extended,NA
2026_02_06_acp05,acp,acp05,2/6/2026,4,2026_02_06_acp_r04,multi_nacl,0,NA,dual,12,nac,opto_pulse,opto_trial,42,415; 470,1.8;4,10; 30,1;2,g;g,20,0,120,20,470,NA,415,0.1,3,4,0,20,10,20,spout_extended,NA
2026_02_06_acp05,acp,acp05,2/6/2026,4,2026_02_06_acp_r04,multi_nacl,0,NA,dual,11,dms,opto_pulse,opto_trial,42,415; 470,1.8;4,10; 30,1;2,g;g,20,0,120,20,470,NA,415,0.1,3,4,0,20,10,20,spout_extended,NA
2026_02_06_acp05,acp,acp05,2/6/2026,4,2026_02_06_acp_r04,multi_nacl,0,NA,dual,6,dls,opto_pulse,opto_trial,42,415; 470,1.8;4,10; 30,1;2,g;g,20,0,120,20,470,NA,415,0.1,3,4,0,20,10,20,spout_extended,NA
2026_02_06_acp05,acp,acp05,2/6/2026,4,2026_02_06_acp_r04,multi_nacl,0,NA,dual,5,ts,opto_pulse,opto_trial,42,415; 470,1.8;4,10; 30,1;2,g;g,20,0,120,20,470,NA,415,0.1,3,4,0,20,10,20,spout_extended,NA
2026_02_06_acp06,acp,acp06,2/6/2026,5,2026_02_06_acp_r05,multi_nacl,0,NA,dual,11,nac_shelllat,opto_pulse,opto_trial,42,415; 470,1.8;4,10; 30,1;2,g;g,20,0,120,20,470,NA,415,0.1,3,4,0,20,10,20,spout_extended,NA
2026_02_06_acp06,acp,acp06,2/6/2026,5,2026_02_06_acp_r05,multi_nacl,0,NA,dual,4,nac_corr,opto_pulse,opto_trial,42,415; 470,1.8;4,10; 30,1;2,g;g,20,0,120,20,470,NA,415,0.1,3,4,0,20,10,20,spout_extended,NA
2026_02_06_acp06,acp,acp06,2/6/2026,5,2026_02_06_acp_r05,multi_nacl,0,NA,dual,10,nac,opto_pulse,opto_trial,42,415; 470,1.8;4,10; 30,1;2,g;g,20,0,120,20,470,NA,415,0.1,3,4,0,20,10,20,spout_extended,NA
2026_02_06_acp06,acp,acp06,2/6/2026,5,2026_02_06_acp_r05,multi_nacl,0,NA,dual,6,dms,opto_pulse,opto_trial,42,415; 470,1.8;4,10; 30,1;2,g;g,20,0,120,20,470,NA,415,0.1,3,4,0,20,10,20,spout_extended,NA
2026_02_06_acp06,acp,acp06,2/6/2026,5,2026_02_06_acp_r05,multi_nacl,0,NA,dual,5,dls,opto_pulse,opto_trial,42,415; 470,1.8;4,10; 30,1;2,g;g,20,0,120,20,470,NA,415,0.1,3,4,0,20,10,20,spout_extended,NA
2026_02_06_acp06,acp,acp06,2/6/2026,5,2026_02_06_acp_r05,multi_nacl,0,NA,dual,12,ts,opto_pulse,opto_trial,42,415; 470,1.8;4,10; 30,1;2,g;g,20,0,120,20,470,NA,415,0.1,3,4,0,20,10,20,spout_extended,NA
2026_02_06_acp08,acp,acp08,2/6/2026,7,2026_02_06_acp_r07,multi_nacl,0,NA,dual,12,nac_shelllat,opto_pulse,opto_trial,42,415; 470,1.8;4,10; 30,1;2,g;g,20,0,120,20,470,NA,415,0.1,3,4,0,20,10,20,spout_extended,NA
2026_02_06_acp08,acp,acp08,2/6/2026,7,2026_02_06_acp_r07,multi_nacl,0,NA,dual,10,nac_corr,opto_pulse,opto_trial,42,415; 470,1.8;4,10; 30,1;2,g;g,20,0,120,20,470,NA,415,0.1,3,4,0,20,10,20,spout_extended,NA
2026_02_06_acp08,acp,acp08,2/6/2026,7,2026_02_06_acp_r07,multi_nacl,0,NA,dual,6,nac,opto_pulse,opto_trial,42,415; 470,1.8;4,10; 30,1;2,g;g,20,0,120,20,470,NA,415,0.1,3,4,0,20,10,20,spout_extended,NA
2026_02_06_acp08,acp,acp08,2/6/2026,7,2026_02_06_acp_r07,multi_nacl,0,NA,dual,11,dms,opto_pulse,opto_trial,42,415; 470,1.8;4,10; 30,1;2,g;g,20,0,120,20,470,NA,415,0.1,3,4,0,20,10,20,spout_extended,NA
2026_02_06_acp08,acp,acp08,2/6/2026,7,2026_02_06_acp_r07,multi_nacl,0,NA,dual,4,dls,opto_pulse,opto_trial,42,415; 470,1.8;4,10; 30,1;2,g;g,20,0,120,20,470,NA,415,0.1,3,4,0,20,10,20,spout_extended,NA
2026_02_06_acp08,acp,acp08,2/6/2026,7,2026_02_06_acp_r07,multi_nacl,0,NA,dual,5,ts,opto_pulse,opto_trial,42,415; 470,1.8;4,10; 30,1;2,g;g,20,0,120,20,470,NA,415,0.1,3,4,0,20,10,20,spout_extended,NA
2026_02_06_acp11,acp,acp11,2/6/2026,9,2026_02_06_acp_r09,multi_nacl,0,NA,dual,11,nac_shelllat,opto_pulse,opto_trial,42,415; 470,1.8;4,10; 30,1;2,g;g,20,0,120,20,470,NA,415,0.1,3,4,0,20,10,20,spout_extended,NA
2026_02_06_acp11,acp,acp11,2/6/2026,9,2026_02_06_acp_r09,multi_nacl,0,NA,dual,10,nac_corr,opto_pulse,opto_trial,42,415; 470,1.8;4,10; 30,1;2,g;g,20,0,120,20,470,NA,415,0.1,3,4,0,20,10,20,spout_extended,NA
2026_02_06_acp11,acp,acp11,2/6/2026,9,2026_02_06_acp_r09,multi_nacl,0,NA,dual,4,nac,opto_pulse,opto_trial,42,415; 470,1.8;4,10; 30,1;2,g;g,20,0,120,20,470,NA,415,0.1,3,4,0,20,10,20,spout_extended,NA
2026_02_06_acp11,acp,acp11,2/6/2026,9,2026_02_06_acp_r09,multi_nacl,0,NA,dual,12,dms,opto_pulse,opto_trial,42,415; 470,1.8;4,10; 30,1;2,g;g,20,0,120,20,470,NA,415,0.1,3,4,0,20,10,20,spout_extended,NA
2026_02_06_acp11,acp,acp11,2/6/2026,9,2026_02_06_acp_r09,multi_nacl,0,NA,dual,5,dls,opto_pulse,opto_trial,42,415; 470,1.8;4,10; 30,1;2,g;g,20,0,120,20,470,NA,415,0.1,3,4,0,20,10,20,spout_extended,NA
2026_02_06_acp11,acp,acp11,2/6/2026,9,2026_02_06_acp_r09,multi_nacl,0,NA,dual,6,ts,opto_pulse,opto_trial,42,415; 470,1.8;4,10; 30,1;2,g;g,20,0,120,20,470,NA,415,0.1,3,4,0,20,10,20,spout_extended,NA
2026_02_06_acp13,acp,acp13,2/6/2026,10,2026_02_06_acp_r10,multi_nacl,0,NA,dual,10,nac_shelllat,opto_pulse,opto_trial,42,415; 470,1.8;4,10; 30,1;2,g;g,20,0,120,20,470,NA,415,0.1,3,4,0,20,10,20,spout_extended,NA
2026_02_06_acp13,acp,acp13,2/6/2026,10,2026_02_06_acp_r10,multi_nacl,0,NA,dual,12,nac_corr,opto_pulse,opto_trial,42,415; 470,1.8;4,10; 30,1;2,g;g,20,0,120,20,470,NA,415,0.1,3,4,0,20,10,20,spout_extended,NA
2026_02_06_acp13,acp,acp13,2/6/2026,10,2026_02_06_acp_r10,multi_nacl,0,NA,dual,5,nac,opto_pulse,opto_trial,42,415; 470,1.8;4,10; 30,1;2,g;g,20,0,120,20,470,NA,415,0.1,3,4,0,20,10,20,spout_extended,NA
2026_02_06_acp13,acp,acp13,2/6/2026,10,2026_02_06_acp_r10,multi_nacl,0,NA,dual,4,dms,opto_pulse,opto_trial,42,415; 470,1.8;4,10; 30,1;2,g;g,20,0,120,20,470,NA,415,0.1,3,4,0,20,10,20,spout_extended,NA
2026_02_06_acp13,acp,acp13,2/6/2026,10,2026_02_06_acp_r10,multi_nacl,0,NA,dual,11,dls,opto_pulse,opto_trial,42,415; 470,1.8;4,10; 30,1;2,g;g,20,0,120,20,470,NA,415,0.1,3,4,0,20,10,20,spout_extended,NA
2026_02_06_acp13,acp,acp13,2/6/2026,10,2026_02_06_acp_r10,multi_nacl,0,NA,dual,6,ts,opto_pulse,opto_trial,42,415; 470,1.8;4,10; 30,1;2,g;g,20,0,120,20,470,NA,415,0.1,3,4,0,20,10,20,spout_extended,NA
2026_02_06_acp14,acp,acp14,2/6/2026,11,2026_02_06_acp_r11,multi_nacl,0,NA,dual,4,nac_shelllat,opto_pulse,opto_trial,42,415; 470,1.8;4,10; 30,1;2,g;g,20,0,120,20,470,NA,415,0.1,3,4,0,20,10,20,spout_extended,NA
2026_02_06_acp14,acp,acp14,2/6/2026,11,2026_02_06_acp_r11,multi_nacl,0,NA,dual,11,nac_corr,opto_pulse,opto_trial,42,415; 470,1.8;4,10; 30,1;2,g;g,20,0,120,20,470,NA,415,0.1,3,4,0,20,10,20,spout_extended,NA
2026_02_06_acp14,acp,acp14,2/6/2026,11,2026_02_06_acp_r11,multi_nacl,0,NA,dual,10,nac,opto_pulse,opto_trial,42,415; 470,1.8;4,10; 30,1;2,g;g,20,0,120,20,470,NA,415,0.1,3,4,0,20,10,20,spout_extended,NA
2026_02_06_acp14,acp,acp14,2/6/2026,11,2026_02_06_acp_r11,multi_nacl,0,NA,dual,5,dms,opto_pulse,opto_trial,42,415; 470,1.8;4,10; 30,1;2,g;g,20,0,120,20,470,NA,415,0.1,3,4,0,20,10,20,spout_extended,NA
2026_02_06_acp14,acp,acp14,2/6/2026,11,2026_02_06_acp_r11,multi_nacl,0,NA,dual,6,dls,opto_pulse,opto_trial,42,415; 470,1.8;4,10; 30,1;2,g;g,20,0,120,20,470,NA,415,0.1,3,4,0,20,10,20,spout_extended,NA
2026_02_06_acp14,acp,acp14,2/6/2026,11,2026_02_06_acp_r11,multi_nacl,0,NA,dual,12,ts,opto_pulse,opto_trial,42,415; 470,1.8;4,10; 30,1;2,g;g,20,0,120,20,470,NA,415,0.1,3,4,0,20,10,20,spout_extended,NA
2026_02_06_acp15,acp,acp15,2/6/2026,12,2026_02_06_acp_r12,multi_nacl,0,NA,dual,6,nac_shelllat,opto_pulse,opto_trial,42,415; 470,1.8;4,10; 30,1;2,g;g,20,0,120,20,470,NA,415,0.1,3,4,0,20,10,20,spout_extended,NA
2026_02_06_acp15,acp,acp15,2/6/2026,12,2026_02_06_acp_r12,multi_nacl,0,NA,dual,5,nac_corr,opto_pulse,opto_trial,42,415; 470,1.8;4,10; 30,1;2,g;g,20,0,120,20,470,NA,415,0.1,3,4,0,20,10,20,spout_extended,NA
2026_02_06_acp15,acp,acp15,2/6/2026,12,2026_02_06_acp_r12,multi_nacl,0,NA,dual,12,nac,opto_pulse,opto_trial,42,415; 470,1.8;4,10; 30,1;2,g;g,20,0,120,20,470,NA,415,0.1,3,4,0,20,10,20,spout_extended,NA
2026_02_06_acp15,acp,acp15,2/6/2026,12,2026_02_06_acp_r12,multi_nacl,0,NA,dual,11,dms,opto_pulse,opto_trial,42,415; 470,1.8;4,10; 30,1;2,g;g,20,0,120,20,470,NA,415,0.1,3,4,0,20,10,20,spout_extended,NA
2026_02_06_acp15,acp,acp15,2/6/2026,12,2026_02_06_acp_r12,multi_nacl,0,NA,dual,10,dls,opto_pulse,opto_trial,42,415; 470,1.8;4,10; 30,1;2,g;g,20,0,120,20,470,NA,415,0.1,3,4,0,20,10,20,spout_extended,NA
2026_02_06_acp15,acp,acp15,2/6/2026,12,2026_02_06_acp_r12,multi_nacl,0,NA,dual,4,ts,opto_pulse,opto_trial,42,415; 470,1.8;4,10; 30,1;2,g;g,20,0,120,20,470,NA,415,0.1,3,4,0,20,10,20,spout_extended,NA
2026_02_09_acp01,acp,acp01,2/9/2026,1,2026_02_09_acp_r01,multi_water,0,NA,dual,11,nac_shelllat,opto_pulse,opto_trial,42,415; 470,1.8;4,10; 30,1;2,g;g,20,0,120,20,470,NA,415,0.1,3,4,0,20,10,20,spout_extended,NA
2026_02_09_acp01,acp,acp01,2/9/2026,1,2026_02_09_acp_r01,multi_water,0,NA,dual,6,nac_corr,opto_pulse,opto_trial,42,415; 470,1.8;4,10; 30,1;2,g;g,20,0,120,20,470,NA,415,0.1,3,4,0,20,10,20,spout_extended,NA
2026_02_09_acp01,acp,acp01,2/9/2026,1,2026_02_09_acp_r01,multi_water,0,NA,dual,4,nac,opto_pulse,opto_trial,42,415; 470,1.8;4,10; 30,1;2,g;g,20,0,120,20,470,NA,415,0.1,3,4,0,20,10,20,spout_extended,NA
2026_02_09_acp01,acp,acp01,2/9/2026,1,2026_02_09_acp_r01,multi_water,0,NA,dual,12,dms,opto_pulse,opto_trial,42,415; 470,1.8;4,10; 30,1;2,g;g,20,0,120,20,470,NA,415,0.1,3,4,0,20,10,20,spout_extended,NA
2026_02_09_acp01,acp,acp01,2/9/2026,1,2026_02_09_acp_r01,multi_water,0,NA,dual,10,dls,opto_pulse,opto_trial,42,415; 470,1.8;4,10; 30,1;2,g;g,20,0,120,20,470,NA,415,0.1,3,4,0,20,10,20,spout_extended,NA
2026_02_09_acp01,acp,acp01,2/9/2026,1,2026_02_09_acp_r01,multi_water,0,NA,dual,5,ts,opto_pulse,opto_trial,42,415; 470,1.8;4,10; 30,1;2,g;g,20,0,120,20,470,NA,415,0.1,3,4,0,20,10,20,spout_extended,NA
2026_02_09_acp02,acp,acp02,2/9/2026,2,2026_02_09_acp_r02,multi_water,0,NA,dual,5,nac_shelllat,opto_pulse,opto_trial,42,415; 470,1.8;4,10; 30,1;2,g;g,20,0,120,20,470,NA,415,0.1,3,4,0,20,10,20,spout_extended,NA
2026_02_09_acp02,acp,acp02,2/9/2026,2,2026_02_09_acp_r02,multi_water,0,NA,dual,10,nac_corr,opto_pulse,opto_trial,42,415; 470,1.8;4,10; 30,1;2,g;g,20,0,120,20,470,NA,415,0.1,3,4,0,20,10,20,spout_extended,NA
2026_02_09_acp02,acp,acp02,2/9/2026,2,2026_02_09_acp_r02,multi_water,0,NA,dual,6,nac,opto_pulse,opto_trial,42,415; 470,1.8;4,10; 30,1;2,g;g,20,0,120,20,470,NA,415,0.1,3,4,0,20,10,20,spout_extended,NA
2026_02_09_acp02,acp,acp02,2/9/2026,2,2026_02_09_acp_r02,multi_water,0,NA,dual,12,dms,opto_pulse,opto_trial,42,415; 470,1.8;4,10; 30,1;2,g;g,20,0,120,20,470,NA,415,0.1,3,4,0,20,10,20,spout_extended,NA
2026_02_09_acp02,acp,acp02,2/9/2026,2,2026_02_09_acp_r02,multi_water,0,NA,dual,4,dls,opto_pulse,opto_trial,42,415; 470,1.8;4,10; 30,1;2,g;g,20,0,120,20,470,NA,415,0.1,3,4,0,20,10,20,spout_extended,NA
2026_02_09_acp02,acp,acp02,2/9/2026,2,2026_02_09_acp_r02,multi_water,0,NA,dual,11,ts,opto_pulse,opto_trial,42,415; 470,1.8;4,10; 30,1;2,g;g,20,0,120,20,470,NA,415,0.1,3,4,0,20,10,20,spout_extended,NA
2026_02_09_acp04,acp,acp04,2/9/2026,3,2026_02_09_acp_r03,multi_water,0,NA,dual,12,nac_shelllat,opto_pulse,opto_trial,42,415; 470,1.8;4,10; 30,1;2,g;g,20,0,120,20,470,NA,415,0.1,3,4,0,20,10,20,spout_extended,NA
2026_02_09_acp04,acp,acp04,2/9/2026,3,2026_02_09_acp_r03,multi_water,0,NA,dual,4,nac_corr,opto_pulse,opto_trial,42,415; 470,1.8;4,10; 30,1;2,g;g,20,0,120,20,470,NA,415,0.1,3,4,0,20,10,20,spout_extended,NA
2026_02_09_acp04,acp,acp04,2/9/2026,3,2026_02_09_acp_r03,multi_water,0,NA,dual,11,nac,opto_pulse,opto_trial,42,415; 470,1.8;4,10; 30,1;2,g;g,20,0,120,20,470,NA,415,0.1,3,4,0,20,10,20,spout_extended,NA
2026_02_09_acp04,acp,acp04,2/9/2026,3,2026_02_09_acp_r03,multi_water,0,NA,dual,6,dms,opto_pulse,opto_trial,42,415; 470,1.8;4,10; 30,1;2,g;g,20,0,120,20,470,NA,415,0.1,3,4,0,20,10,20,spout_extended,NA
2026_02_09_acp04,acp,acp04,2/9/2026,3,2026_02_09_acp_r03,multi_water,0,NA,dual,5,dls,opto_pulse,opto_trial,42,415; 470,1.8;4,10; 30,1;2,g;g,20,0,120,20,470,NA,415,0.1,3,4,0,20,10,20,spout_extended,NA
2026_02_09_acp04,acp,acp04,2/9/2026,3,2026_02_09_acp_r03,multi_water,0,NA,dual,10,ts,opto_pulse,opto_trial,42,415; 470,1.8;4,10; 30,1;2,g;g,20,0,120,20,470,NA,415,0.1,3,4,0,20,10,20,spout_extended,NA
2026_02_09_acp05,acp,acp05,2/9/2026,4,2026_02_09_acp_r04,multi_water,0,NA,dual,6,nac_shelllat,opto_pulse,opto_trial,42,415; 470,1.8;4,10; 30,1;2,g;g,20,0,120,20,470,NA,415,0.1,3,4,0,20,10,20,spout_extended,NA
2026_02_09_acp05,acp,acp05,2/9/2026,4,2026_02_09_acp_r04,multi_water,0,NA,dual,12,nac_corr,opto_pulse,opto_trial,42,415; 470,1.8;4,10; 30,1;2,g;g,20,0,120,20,470,NA,415,0.1,3,4,0,20,10,20,spout_extended,NA
2026_02_09_acp05,acp,acp05,2/9/2026,4,2026_02_09_acp_r04,multi_water,0,NA,dual,5,nac,opto_pulse,opto_trial,42,415; 470,1.8;4,10; 30,1;2,g;g,20,0,120,20,470,NA,415,0.1,3,4,0,20,10,20,spout_extended,NA
2026_02_09_acp05,acp,acp05,2/9/2026,4,2026_02_09_acp_r04,multi_water,0,NA,dual,11,dms,opto_pulse,opto_trial,42,415; 470,1.8;4,10; 30,1;2,g;g,20,0,120,20,470,NA,415,0.1,3,4,0,20,10,20,spout_extended,NA
2026_02_09_acp05,acp,acp05,2/9/2026,4,2026_02_09_acp_r04,multi_water,0,NA,dual,10,dls,opto_pulse,opto_trial,42,415; 470,1.8;4,10; 30,1;2,g;g,20,0,120,20,470,NA,415,0.1,3,4,0,20,10,20,spout_extended,NA
2026_02_09_acp05,acp,acp05,2/9/2026,4,2026_02_09_acp_r04,multi_water,0,NA,dual,4,ts,opto_pulse,opto_trial,42,415; 470,1.8;4,10; 30,1;2,g;g,20,0,120,20,470,NA,415,0.1,3,4,0,20,10,20,spout_extended,NA
2026_02_09_acp06,acp,acp06,2/9/2026,5,2026_02_09_acp_r05,multi_water,0,NA,dual,10,nac_shelllat,opto_pulse,opto_trial,42,415; 470,1.8;4,10; 30,1;2,g;g,20,0,120,20,470,NA,415,0.1,3,4,0,20,10,20,spout_extended,NA
2026_02_09_acp06,acp,acp06,2/9/2026,5,2026_02_09_acp_r05,multi_water,0,NA,dual,11,nac_corr,opto_pulse,opto_trial,42,415; 470,1.8;4,10; 30,1;2,g;g,20,0,120,20,470,NA,415,0.1,3,4,0,20,10,20,spout_extended,NA
2026_02_09_acp06,acp,acp06,2/9/2026,5,2026_02_09_acp_r05,multi_water,0,NA,dual,6,nac,opto_pulse,opto_trial,42,415; 470,1.8;4,10; 30,1;2,g;g,20,0,120,20,470,NA,415,0.1,3,4,0,20,10,20,spout_extended,NA
2026_02_09_acp06,acp,acp06,2/9/2026,5,2026_02_09_acp_r05,multi_water,0,NA,dual,4,dms,opto_pulse,opto_trial,42,415; 470,1.8;4,10; 30,1;2,g;g,20,0,120,20,470,NA,415,0.1,3,4,0,20,10,20,spout_extended,NA
2026_02_09_acp06,acp,acp06,2/9/2026,5,2026_02_09_acp_r05,multi_water,0,NA,dual,12,dls,opto_pulse,opto_trial,42,415; 470,1.8;4,10; 30,1;2,g;g,20,0,120,20,470,NA,415,0.1,3,4,0,20,10,20,spout_extended,NA
2026_02_09_acp06,acp,acp06,2/9/2026,5,2026_02_09_acp_r05,multi_water,0,NA,dual,5,ts,opto_pulse,opto_trial,42,415; 470,1.8;4,10; 30,1;2,g;g,20,0,120,20,470,NA,415,0.1,3,4,0,20,10,20,spout_extended,NA
2026_02_09_acp08,acp,acp08,2/9/2026,7,2026_02_09_acp_r07,multi_water,0,NA,dual,4,nac_shelllat,opto_pulse,opto_trial,42,415; 470,1.8;4,10; 30,1;2,g;g,20,0,120,20,470,NA,415,0.1,3,4,0,20,10,20,spout_extended,NA
2026_02_09_acp08,acp,acp08,2/9/2026,7,2026_02_09_acp_r07,multi_water,0,NA,dual,5,nac_corr,opto_pulse,opto_trial,42,415; 470,1.8;4,10; 30,1;2,g;g,20,0,120,20,470,NA,415,0.1,3,4,0,20,10,20,spout_extended,NA
2026_02_09_acp08,acp,acp08,2/9/2026,7,2026_02_09_acp_r07,multi_water,0,NA,dual,10,nac,opto_pulse,opto_trial,42,415; 470,1.8;4,10; 30,1;2,g;g,20,0,120,20,470,NA,415,0.1,3,4,0,20,10,20,spout_extended,NA
2026_02_09_acp08,acp,acp08,2/9/2026,7,2026_02_09_acp_r07,multi_water,0,NA,dual,6,dms,opto_pulse,opto_trial,42,415; 470,1.8;4,10; 30,1;2,g;g,20,0,120,20,470,NA,415,0.1,3,4,0,20,10,20,spout_extended,NA
2026_02_09_acp08,acp,acp08,2/9/2026,7,2026_02_09_acp_r07,multi_water,0,NA,dual,11,dls,opto_pulse,opto_trial,42,415; 470,1.8;4,10; 30,1;2,g;g,20,0,120,20,470,NA,415,0.1,3,4,0,20,10,20,spout_extended,NA
2026_02_09_acp08,acp,acp08,2/9/2026,7,2026_02_09_acp_r07,multi_water,0,NA,dual,12,ts,opto_pulse,opto_trial,42,415; 470,1.8;4,10; 30,1;2,g;g,20,0,120,20,470,NA,415,0.1,3,4,0,20,10,20,spout_extended,NA
2026_02_09_acp11,acp,acp11,2/9/2026,9,2026_02_09_acp_r09,multi_water,0,NA,dual,6,nac_shelllat,opto_pulse,opto_trial,42,415; 470,1.8;4,10; 30,1;2,g;g,20,0,120,20,470,NA,415,0.1,3,4,0,20,10,20,spout_extended,NA
2026_02_09_acp11,acp,acp11,2/9/2026,9,2026_02_09_acp_r09,multi_water,0,NA,dual,11,nac_corr,opto_pulse,opto_trial,42,415; 470,1.8;4,10; 30,1;2,g;g,20,0,120,20,470,NA,415,0.1,3,4,0,20,10,20,spout_extended,NA
2026_02_09_acp11,acp,acp11,2/9/2026,9,2026_02_09_acp_r09,multi_water,0,NA,dual,5,nac,opto_pulse,opto_trial,42,415; 470,1.8;4,10; 30,1;2,g;g,20,0,120,20,470,NA,415,0.1,3,4,0,20,10,20,spout_extended,NA
2026_02_09_acp11,acp,acp11,2/9/2026,9,2026_02_09_acp_r09,multi_water,0,NA,dual,12,dms,opto_pulse,opto_trial,42,415; 470,1.8;4,10; 30,1;2,g;g,20,0,120,20,470,NA,415,0.1,3,4,0,20,10,20,spout_extended,NA
2026_02_09_acp11,acp,acp11,2/9/2026,9,2026_02_09_acp_r09,multi_water,0,NA,dual,4,dls,opto_pulse,opto_trial,42,415; 470,1.8;4,10; 30,1;2,g;g,20,0,120,20,470,NA,415,0.1,3,4,0,20,10,20,spout_extended,NA
2026_02_09_acp11,acp,acp11,2/9/2026,9,2026_02_09_acp_r09,multi_water,0,NA,dual,10,ts,opto_pulse,opto_trial,42,415; 470,1.8;4,10; 30,1;2,g;g,20,0,120,20,470,NA,415,0.1,3,4,0,20,10,20,spout_extended,NA
2026_02_09_acp13,acp,acp13,2/9/2026,10,2026_02_09_acp_r10,multi_water,0,NA,dual,12,nac_shelllat,opto_pulse,opto_trial,42,415; 470,1.8;4,10; 30,1;2,g;g,20,0,120,20,470,NA,415,0.1,3,4,0,20,10,20,spout_extended,NA
2026_02_09_acp13,acp,acp13,2/9/2026,10,2026_02_09_acp_r10,multi_water,0,NA,dual,10,nac_corr,opto_pulse,opto_trial,42,415; 470,1.8;4,10; 30,1;2,g;g,20,0,120,20,470,NA,415,0.1,3,4,0,20,10,20,spout_extended,NA
2026_02_09_acp13,acp,acp13,2/9/2026,10,2026_02_09_acp_r10,multi_water,0,NA,dual,4,nac,opto_pulse,opto_trial,42,415; 470,1.8;4,10; 30,1;2,g;g,20,0,120,20,470,NA,415,0.1,3,4,0,20,10,20,spout_extended,NA
2026_02_09_acp13,acp,acp13,2/9/2026,10,2026_02_09_acp_r10,multi_water,0,NA,dual,6,dms,opto_pulse,opto_trial,42,415; 470,1.8;4,10; 30,1;2,g;g,20,0,120,20,470,NA,415,0.1,3,4,0,20,10,20,spout_extended,NA
2026_02_09_acp13,acp,acp13,2/9/2026,10,2026_02_09_acp_r10,multi_water,0,NA,dual,5,dls,opto_pulse,opto_trial,42,415; 470,1.8;4,10; 30,1;2,g;g,20,0,120,20,470,NA,415,0.1,3,4,0,20,10,20,spout_extended,NA
2026_02_09_acp13,acp,acp13,2/9/2026,10,2026_02_09_acp_r10,multi_water,0,NA,dual,11,ts,opto_pulse,opto_trial,42,415; 470,1.8;4,10; 30,1;2,g;g,20,0,120,20,470,NA,415,0.1,3,4,0,20,10,20,spout_extended,NA
2026_02_09_acp14,acp,acp14,2/9/2026,11,2026_02_09_acp_r11,multi_water,0,NA,dual,5,nac_shelllat,opto_pulse,opto_trial,42,415; 470,1.8;4,10; 30,1;2,g;g,20,0,120,20,470,NA,415,0.1,3,4,0,20,10,20,spout_extended,NA
2026_02_09_acp14,acp,acp14,2/9/2026,11,2026_02_09_acp_r11,multi_water,0,NA,dual,6,nac_corr,opto_pulse,opto_trial,42,415; 470,1.8;4,10; 30,1;2,g;g,20,0,120,20,470,NA,415,0.1,3,4,0,20,10,20,spout_extended,NA
2026_02_09_acp14,acp,acp14,2/9/2026,11,2026_02_09_acp_r11,multi_water,0,NA,dual,11,nac,opto_pulse,opto_trial,42,415; 470,1.8;4,10; 30,1;2,g;g,20,0,120,20,470,NA,415,0.1,3,4,0,20,10,20,spout_extended,NA
2026_02_09_acp14,acp,acp14,2/9/2026,11,2026_02_09_acp_r11,multi_water,0,NA,dual,4,dms,opto_pulse,opto_trial,42,415; 470,1.8;4,10; 30,1;2,g;g,20,0,120,20,470,NA,415,0.1,3,4,0,20,10,20,spout_extended,NA
2026_02_09_acp14,acp,acp14,2/9/2026,11,2026_02_09_acp_r11,multi_water,0,NA,dual,10,dls,opto_pulse,opto_trial,42,415; 470,1.8;4,10; 30,1;2,g;g,20,0,120,20,470,NA,415,0.1,3,4,0,20,10,20,spout_extended,NA
2026_02_09_acp14,acp,acp14,2/9/2026,11,2026_02_09_acp_r11,multi_water,0,NA,dual,12,ts,opto_pulse,opto_trial,42,415; 470,1.8;4,10; 30,1;2,g;g,20,0,120,20,470,NA,415,0.1,3,4,0,20,10,20,spout_extended,NA
2026_02_09_acp15,acp,acp15,2/9/2026,12,2026_02_09_acp_r12,multi_water,0,NA,dual,10,nac_shelllat,opto_pulse,opto_trial,42,415; 470,1.8;4,10; 30,1;2,g;g,20,0,120,20,470,NA,415,0.1,3,4,0,20,10,20,spout_extended,NA
2026_02_09_acp15,acp,acp15,2/9/2026,12,2026_02_09_acp_r12,multi_water,0,NA,dual,4,nac_corr,opto_pulse,opto_trial,42,415; 470,1.8;4,10; 30,1;2,g;g,20,0,120,20,470,NA,415,0.1,3,4,0,20,10,20,spout_extended,NA
2026_02_09_acp15,acp,acp15,2/9/2026,12,2026_02_09_acp_r12,multi_water,0,NA,dual,12,nac,opto_pulse,opto_trial,42,415; 470,1.8;4,10; 30,1;2,g;g,20,0,120,20,470,NA,415,0.1,3,4,0,20,10,20,spout_extended,NA
2026_02_09_acp15,acp,acp15,2/9/2026,12,2026_02_09_acp_r12,multi_water,0,NA,dual,5,dms,opto_pulse,opto_trial,42,415; 470,1.8;4,10; 30,1;2,g;g,20,0,120,20,470,NA,415,0.1,3,4,0,20,10,20,spout_extended,NA
2026_02_09_acp15,acp,acp15,2/9/2026,12,2026_02_09_acp_r12,multi_water,0,NA,dual,11,dls,opto_pulse,opto_trial,42,415; 470,1.8;4,10; 30,1;2,g;g,20,0,120,20,470,NA,415,0.1,3,4,0,20,10,20,spout_extended,NA
2026_02_09_acp15,acp,acp15,2/9/2026,12,2026_02_09_acp_r12,multi_water,0,NA,dual,6,ts,opto_pulse,opto_trial,42,415; 470,1.8;4,10; 30,1;2,g;g,20,0,120,20,470,NA,415,0.1,3,4,0,20,10,20,spout_extended,NA
2026_02_10_acp01,acp,acp01,2/10/2026,1,2026_02_10_acp_r01,multi_water,0,NA,dual,11,nac_shelllat,opto_pulse,opto_trial,42,415; 470,1.8;4,10; 30,1;2,g;g,20,0,120,20,470,NA,415,0.1,3,4,0,20,10,20,spout_extended,NA
2026_02_10_acp01,acp,acp01,2/10/2026,1,2026_02_10_acp_r01,multi_water,0,NA,dual,12,nac_corr,opto_pulse,opto_trial,42,415; 470,1.8;4,10; 30,1;2,g;g,20,0,120,20,470,NA,415,0.1,3,4,0,20,10,20,spout_extended,NA
2026_02_10_acp01,acp,acp01,2/10/2026,1,2026_02_10_acp_r01,multi_water,0,NA,dual,6,nac,opto_pulse,opto_trial,42,415; 470,1.8;4,10; 30,1;2,g;g,20,0,120,20,470,NA,415,0.1,3,4,0,20,10,20,spout_extended,NA
2026_02_10_acp01,acp,acp01,2/10/2026,1,2026_02_10_acp_r01,multi_water,0,NA,dual,10,dms,opto_pulse,opto_trial,42,415; 470,1.8;4,10; 30,1;2,g;g,20,0,120,20,470,NA,415,0.1,3,4,0,20,10,20,spout_extended,NA
2026_02_10_acp01,acp,acp01,2/10/2026,1,2026_02_10_acp_r01,multi_water,0,NA,dual,5,dls,opto_pulse,opto_trial,42,415; 470,1.8;4,10; 30,1;2,g;g,20,0,120,20,470,NA,415,0.1,3,4,0,20,10,20,spout_extended,NA
2026_02_10_acp01,acp,acp01,2/10/2026,1,2026_02_10_acp_r01,multi_water,0,NA,dual,4,ts,opto_pulse,opto_trial,42,415; 470,1.8;4,10; 30,1;2,g;g,20,0,120,20,470,NA,415,0.1,3,4,0,20,10,20,spout_extended,NA
2026_02_10_acp02,acp,acp02,2/10/2026,2,2026_02_10_acp_r02,multi_water,0,NA,dual,4,nac_shelllat,opto_pulse,opto_trial,42,415; 470,1.8;4,10; 30,1;2,g;g,20,0,120,20,470,NA,415,0.1,3,4,0,20,10,20,spout_extended,NA
2026_02_10_acp02,acp,acp02,2/10/2026,2,2026_02_10_acp_r02,multi_water,0,NA,dual,10,nac_corr,opto_pulse,opto_trial,42,415; 470,1.8;4,10; 30,1;2,g;g,20,0,120,20,470,NA,415,0.1,3,4,0,20,10,20,spout_extended,NA
2026_02_10_acp02,acp,acp02,2/10/2026,2,2026_02_10_acp_r02,multi_water,0,NA,dual,5,nac,opto_pulse,opto_trial,42,415; 470,1.8;4,10; 30,1;2,g;g,20,0,120,20,470,NA,415,0.1,3,4,0,20,10,20,spout_extended,NA
2026_02_10_acp02,acp,acp02,2/10/2026,2,2026_02_10_acp_r02,multi_water,0,NA,dual,11,dms,opto_pulse,opto_trial,42,415; 470,1.8;4,10; 30,1;2,g;g,20,0,120,20,470,NA,415,0.1,3,4,0,20,10,20,spout_extended,NA
2026_02_10_acp02,acp,acp02,2/10/2026,2,2026_02_10_acp_r02,multi_water,0,NA,dual,12,dls,opto_pulse,opto_trial,42,415; 470,1.8;4,10; 30,1;2,g;g,20,0,120,20,470,NA,415,0.1,3,4,0,20,10,20,spout_extended,NA
2026_02_10_acp02,acp,acp02,2/10/2026,2,2026_02_10_acp_r02,multi_water,0,NA,dual,6,ts,opto_pulse,opto_trial,42,415; 470,1.8;4,10; 30,1;2,g;g,20,0,120,20,470,NA,415,0.1,3,4,0,20,10,20,spout_extended,NA
2026_02_10_acp04,acp,acp04,2/10/2026,3,2026_02_10_acp_r03,multi_water,0,NA,dual,6,nac_shelllat,opto_pulse,opto_trial,42,415; 470,1.8;4,10; 30,1;2,g;g,20,0,120,20,470,NA,415,0.1,3,4,0,20,10,20,spout_extended,NA
2026_02_10_acp04,acp,acp04,2/10/2026,3,2026_02_10_acp_r03,multi_water,0,NA,dual,5,nac_corr,opto_pulse,opto_trial,42,415; 470,1.8;4,10; 30,1;2,g;g,20,0,120,20,470,NA,415,0.1,3,4,0,20,10,20,spout_extended,NA
2026_02_10_acp04,acp,acp04,2/10/2026,3,2026_02_10_acp_r03,multi_water,0,NA,dual,4,nac,opto_pulse,opto_trial,42,415; 470,1.8;4,10; 30,1;2,g;g,20,0,120,20,470,NA,415,0.1,3,4,0,20,10,20,spout_extended,NA
2026_02_10_acp04,acp,acp04,2/10/2026,3,2026_02_10_acp_r03,multi_water,0,NA,dual,12,dms,opto_pulse,opto_trial,42,415; 470,1.8;4,10; 30,1;2,g;g,20,0,120,20,470,NA,415,0.1,3,4,0,20,10,20,spout_extended,NA
2026_02_10_acp04,acp,acp04,2/10/2026,3,2026_02_10_acp_r03,multi_water,0,NA,dual,11,dls,opto_pulse,opto_trial,42,415; 470,1.8;4,10; 30,1;2,g;g,20,0,120,20,470,NA,415,0.1,3,4,0,20,10,20,spout_extended,NA
2026_02_10_acp04,acp,acp04,2/10/2026,3,2026_02_10_acp_r03,multi_water,0,NA,dual,10,ts,opto_pulse,opto_trial,42,415; 470,1.8;4,10; 30,1;2,g;g,20,0,120,20,470,NA,415,0.1,3,4,0,20,10,20,spout_extended,NA
2026_02_10_acp05,acp,acp05,2/10/2026,4,2026_02_10_acp_r04,multi_water,0,NA,dual,12,nac_shelllat,opto_pulse,opto_trial,42,415; 470,1.8;4,10; 30,1;2,g;g,20,0,120,20,470,NA,415,0.1,3,4,0,20,10,20,spout_extended,NA
2026_02_10_acp05,acp,acp05,2/10/2026,4,2026_02_10_acp_r04,multi_water,0,NA,dual,11,nac_corr,opto_pulse,opto_trial,42,415; 470,1.8;4,10; 30,1;2,g;g,20,0,120,20,470,NA,415,0.1,3,4,0,20,10,20,spout_extended,NA
2026_02_10_acp05,acp,acp05,2/10/2026,4,2026_02_10_acp_r04,multi_water,0,NA,dual,10,nac,opto_pulse,opto_trial,42,415; 470,1.8;4,10; 30,1;2,g;g,20,0,120,20,470,NA,415,0.1,3,4,0,20,10,20,spout_extended,NA
2026_02_10_acp05,acp,acp05,2/10/2026,4,2026_02_10_acp_r04,multi_water,0,NA,dual,6,dms,opto_pulse,opto_trial,42,415; 470,1.8;4,10; 30,1;2,g;g,20,0,120,20,470,NA,415,0.1,3,4,0,20,10,20,spout_extended,NA
2026_02_10_acp05,acp,acp05,2/10/2026,4,2026_02_10_acp_r04,multi_water,0,NA,dual,4,dls,opto_pulse,opto_trial,42,415; 470,1.8;4,10; 30,1;2,g;g,20,0,120,20,470,NA,415,0.1,3,4,0,20,10,20,spout_extended,NA
2026_02_10_acp05,acp,acp05,2/10/2026,4,2026_02_10_acp_r04,multi_water,0,NA,dual,5,ts,opto_pulse,opto_trial,42,415; 470,1.8;4,10; 30,1;2,g;g,20,0,120,20,470,NA,415,0.1,3,4,0,20,10,20,spout_extended,NA
2026_02_10_acp06,acp,acp06,2/10/2026,5,2026_02_10_acp_r05,multi_water,0,NA,dual,5,nac_shelllat,opto_pulse,opto_trial,42,415; 470,1.8;4,10; 30,1;2,g;g,20,0,120,20,470,NA,415,0.1,3,4,0,20,10,20,spout_extended,NA
2026_02_10_acp06,acp,acp06,2/10/2026,5,2026_02_10_acp_r05,multi_water,0,NA,dual,4,nac_corr,opto_pulse,opto_trial,42,415; 470,1.8;4,10; 30,1;2,g;g,20,0,120,20,470,NA,415,0.1,3,4,0,20,10,20,spout_extended,NA
2026_02_10_acp06,acp,acp06,2/10/2026,5,2026_02_10_acp_r05,multi_water,0,NA,dual,6,nac,opto_pulse,opto_trial,42,415; 470,1.8;4,10; 30,1;2,g;g,20,0,120,20,470,NA,415,0.1,3,4,0,20,10,20,spout_extended,NA
2026_02_10_acp06,acp,acp06,2/10/2026,5,2026_02_10_acp_r05,multi_water,0,NA,dual,10,dms,opto_pulse,opto_trial,42,415; 470,1.8;4,10; 30,1;2,g;g,20,0,120,20,470,NA,415,0.1,3,4,0,20,10,20,spout_extended,NA
2026_02_10_acp06,acp,acp06,2/10/2026,5,2026_02_10_acp_r05,multi_water,0,NA,dual,12,dls,opto_pulse,opto_trial,42,415; 470,1.8;4,10; 30,1;2,g;g,20,0,120,20,470,NA,415,0.1,3,4,0,20,10,20,spout_extended,NA
2026_02_10_acp06,acp,acp06,2/10/2026,5,2026_02_10_acp_r05,multi_water,0,NA,dual,11,ts,opto_pulse,opto_trial,42,415; 470,1.8;4,10; 30,1;2,g;g,20,0,120,20,470,NA,415,0.1,3,4,0,20,10,20,spout_extended,NA
2026_02_10_acp08,acp,acp08,2/10/2026,7,2026_02_10_acp_r07,multi_water,0,NA,dual,10,nac_shelllat,opto_pulse,opto_trial,42,415; 470,1.8;4,10; 30,1;2,g;g,20,0,120,20,470,NA,415,0.1,3,4,0,20,10,20,spout_extended,NA
2026_02_10_acp08,acp,acp08,2/10/2026,7,2026_02_10_acp_r07,multi_water,0,NA,dual,6,nac_corr,opto_pulse,opto_trial,42,415; 470,1.8;4,10; 30,1;2,g;g,20,0,120,20,470,NA,415,0.1,3,4,0,20,10,20,spout_extended,NA
2026_02_10_acp08,acp,acp08,2/10/2026,7,2026_02_10_acp_r07,multi_water,0,NA,dual,12,nac,opto_pulse,opto_trial,42,415; 470,1.8;4,10; 30,1;2,g;g,20,0,120,20,470,NA,415,0.1,3,4,0,20,10,20,spout_extended,NA
2026_02_10_acp08,acp,acp08,2/10/2026,7,2026_02_10_acp_r07,multi_water,0,NA,dual,5,dms,opto_pulse,opto_trial,42,415; 470,1.8;4,10; 30,1;2,g;g,20,0,120,20,470,NA,415,0.1,3,4,0,20,10,20,spout_extended,NA
2026_02_10_acp08,acp,acp08,2/10/2026,7,2026_02_10_acp_r07,multi_water,0,NA,dual,11,dls,opto_pulse,opto_trial,42,415; 470,1.8;4,10; 30,1;2,g;g,20,0,120,20,470,NA,415,0.1,3,4,0,20,10,20,spout_extended,NA
2026_02_10_acp08,acp,acp08,2/10/2026,7,2026_02_10_acp_r07,multi_water,0,NA,dual,4,ts,opto_pulse,opto_trial,42,415; 470,1.8;4,10; 30,1;2,g;g,20,0,120,20,470,NA,415,0.1,3,4,0,20,10,20,spout_extended,NA
2026_02_10_acp11,acp,acp11,2/10/2026,9,2026_02_10_acp_r09,multi_water,0,NA,dual,11,nac_shelllat,opto_pulse,opto_trial,42,415; 470,1.8;4,10; 30,1;2,g;g,20,0,120,20,470,NA,415,0.1,3,4,0,20,10,20,spout_extended,NA
2026_02_10_acp11,acp,acp11,2/10/2026,9,2026_02_10_acp_r09,multi_water,0,NA,dual,5,nac_corr,opto_pulse,opto_trial,42,415; 470,1.8;4,10; 30,1;2,g;g,20,0,120,20,470,NA,415,0.1,3,4,0,20,10,20,spout_extended,NA
2026_02_10_acp11,acp,acp11,2/10/2026,9,2026_02_10_acp_r09,multi_water,0,NA,dual,10,nac,opto_pulse,opto_trial,42,415; 470,1.8;4,10; 30,1;2,g;g,20,0,120,20,470,NA,415,0.1,3,4,0,20,10,20,spout_extended,NA
2026_02_10_acp11,acp,acp11,2/10/2026,9,2026_02_10_acp_r09,multi_water,0,NA,dual,12,dms,opto_pulse,opto_trial,42,415; 470,1.8;4,10; 30,1;2,g;g,20,0,120,20,470,NA,415,0.1,3,4,0,20,10,20,spout_extended,NA
2026_02_10_acp11,acp,acp11,2/10/2026,9,2026_02_10_acp_r09,multi_water,0,NA,dual,6,dls,opto_pulse,opto_trial,42,415; 470,1.8;4,10; 30,1;2,g;g,20,0,120,20,470,NA,415,0.1,3,4,0,20,10,20,spout_extended,NA
2026_02_10_acp11,acp,acp11,2/10/2026,9,2026_02_10_acp_r09,multi_water,0,NA,dual,4,ts,opto_pulse,opto_trial,42,415; 470,1.8;4,10; 30,1;2,g;g,20,0,120,20,470,NA,415,0.1,3,4,0,20,10,20,spout_extended,NA
2026_02_10_acp13,acp,acp13,2/10/2026,10,2026_02_10_acp_r10,multi_water,0,NA,dual,4,nac_shelllat,opto_pulse,opto_trial,42,415; 470,1.8;4,10; 30,1;2,g;g,20,0,120,20,470,NA,415,0.1,3,4,0,20,10,20,spout_extended,NA
2026_02_10_acp13,acp,acp13,2/10/2026,10,2026_02_10_acp_r10,multi_water,0,NA,dual,12,nac_corr,opto_pulse,opto_trial,42,415; 470,1.8;4,10; 30,1;2,g;g,20,0,120,20,470,NA,415,0.1,3,4,0,20,10,20,spout_extended,NA
2026_02_10_acp13,acp,acp13,2/10/2026,10,2026_02_10_acp_r10,multi_water,0,NA,dual,6,nac,opto_pulse,opto_trial,42,415; 470,1.8;4,10; 30,1;2,g;g,20,0,120,20,470,NA,415,0.1,3,4,0,20,10,20,spout_extended,NA
2026_02_10_acp13,acp,acp13,2/10/2026,10,2026_02_10_acp_r10,multi_water,0,NA,dual,11,dms,opto_pulse,opto_trial,42,415; 470,1.8;4,10; 30,1;2,g;g,20,0,120,20,470,NA,415,0.1,3,4,0,20,10,20,spout_extended,NA
2026_02_10_acp13,acp,acp13,2/10/2026,10,2026_02_10_acp_r10,multi_water,0,NA,dual,5,dls,opto_pulse,opto_trial,42,415; 470,1.8;4,10; 30,1;2,g;g,20,0,120,20,470,NA,415,0.1,3,4,0,20,10,20,spout_extended,NA
2026_02_10_acp13,acp,acp13,2/10/2026,10,2026_02_10_acp_r10,multi_water,0,NA,dual,10,ts,opto_pulse,opto_trial,42,415; 470,1.8;4,10; 30,1;2,g;g,20,0,120,20,470,NA,415,0.1,3,4,0,20,10,20,spout_extended,NA
2026_02_10_acp14,acp,acp14,2/10/2026,11,2026_02_10_acp_r11,multi_water,0,NA,dual,6,nac_shelllat,opto_pulse,opto_trial,42,415; 470,1.8;4,10; 30,1;2,g;g,20,0,120,20,470,NA,415,0.1,3,4,0,20,10,20,spout_extended,NA
2026_02_10_acp14,acp,acp14,2/10/2026,11,2026_02_10_acp_r11,multi_water,0,NA,dual,10,nac_corr,opto_pulse,opto_trial,42,415; 470,1.8;4,10; 30,1;2,g;g,20,0,120,20,470,NA,415,0.1,3,4,0,20,10,20,spout_extended,NA
2026_02_10_acp14,acp,acp14,2/10/2026,11,2026_02_10_acp_r11,multi_water,0,NA,dual,11,nac,opto_pulse,opto_trial,42,415; 470,1.8;4,10; 30,1;2,g;g,20,0,120,20,470,NA,415,0.1,3,4,0,20,10,20,spout_extended,NA
2026_02_10_acp14,acp,acp14,2/10/2026,11,2026_02_10_acp_r11,multi_water,0,NA,dual,4,dms,opto_pulse,opto_trial,42,415; 470,1.8;4,10; 30,1;2,g;g,20,0,120,20,470,NA,415,0.1,3,4,0,20,10,20,spout_extended,NA
2026_02_10_acp14,acp,acp14,2/10/2026,11,2026_02_10_acp_r11,multi_water,0,NA,dual,5,dls,opto_pulse,opto_trial,42,415; 470,1.8;4,10; 30,1;2,g;g,20,0,120,20,470,NA,415,0.1,3,4,0,20,10,20,spout_extended,NA
2026_02_10_acp14,acp,acp14,2/10/2026,11,2026_02_10_acp_r11,multi_water,0,NA,dual,12,ts,opto_pulse,opto_trial,42,415; 470,1.8;4,10; 30,1;2,g;g,20,0,120,20,470,NA,415,0.1,3,4,0,20,10,20,spout_extended,NA
2026_02_10_acp15,acp,acp15,2/10/2026,12,2026_02_10_acp_r12,multi_water,0,NA,dual,12,nac_shelllat,opto_pulse,opto_trial,42,415; 470,1.8;4,10; 30,1;2,g;g,20,0,120,20,470,NA,415,0.1,3,4,0,20,10,20,spout_extended,NA
2026_02_10_acp15,acp,acp15,2/10/2026,12,2026_02_10_acp_r12,multi_water,0,NA,dual,5,nac_corr,opto_pulse,opto_trial,42,415; 470,1.8;4,10; 30,1;2,g;g,20,0,120,20,470,NA,415,0.1,3,4,0,20,10,20,spout_extended,NA
2026_02_10_acp15,acp,acp15,2/10/2026,12,2026_02_10_acp_r12,multi_water,0,NA,dual,4,nac,opto_pulse,opto_trial,42,415; 470,1.8;4,10; 30,1;2,g;g,20,0,120,20,470,NA,415,0.1,3,4,0,20,10,20,spout_extended,NA
2026_02_10_acp15,acp,acp15,2/10/2026,12,2026_02_10_acp_r12,multi_water,0,NA,dual,10,dms,opto_pulse,opto_trial,42,415; 470,1.8;4,10; 30,1;2,g;g,20,0,120,20,470,NA,415,0.1,3,4,0,20,10,20,spout_extended,NA
2026_02_10_acp15,acp,acp15,2/10/2026,12,2026_02_10_acp_r12,multi_water,0,NA,dual,11,dls,opto_pulse,opto_trial,42,415; 470,1.8;4,10; 30,1;2,g;g,20,0,120,20,470,NA,415,0.1,3,4,0,20,10,20,spout_extended,NA
2026_02_10_acp15,acp,acp15,2/10/2026,12,2026_02_10_acp_r12,multi_water,0,NA,dual,6,ts,opto_pulse,opto_trial,42,415; 470,1.8;4,10; 30,1;2,g;g,20,0,120,20,470,NA,415,0.1,3,4,0,20,10,20,spout_extended,NA
2026_02_11_acr09,acr,acr09,2/11/2026,1,2026_02_11_acr_r01,multi_sacc,0,NA,dual,12,lha,NA,NA,42,415; 470; 560,7.97;5.43;33.7,30;30;30,1;2;4,g;g;r,20,0,120,10,470,560,415,0.1,3,4,0,20,10,20,spout_extended,NA
2026_02_11_acr09,acr,acr09,2/11/2026,1,2026_02_11_acr_r01,multi_sacc,0,NA,dual,4,nac,NA,NA,42,415; 470; 560,7.97;5.43;33.7,30;30;30,1;2;4,g;g;r,20,0,120,10,470,560,415,0.1,3,4,0,20,10,20,spout_extended,NA
2026_02_11_acr09,acr,acr09,2/11/2026,1,2026_02_11_acr_r01,multi_sacc,0,NA,dual,10,dms,NA,NA,42,415; 470; 560,7.97;5.43;33.7,30;30;30,1;2;4,g;g;r,20,0,120,10,470,560,415,0.1,3,4,0,20,10,20,spout_extended,NA
2026_02_11_acr09,acr,acr09,2/11/2026,1,2026_02_11_acr_r01,multi_sacc,0,NA,dual,5,dls,NA,NA,42,415; 470; 560,7.97;5.43;33.7,30;30;30,1;2;4,g;g;r,20,0,120,10,470,560,415,0.1,3,4,0,20,10,20,spout_extended,NA
2026_02_11_acr09,acr,acr09,2/11/2026,1,2026_02_11_acr_r01,multi_sacc,0,NA,dual,6,ts,NA,NA,42,415; 470; 560,7.97;5.43;33.7,30;30;30,1;2;4,g;g;r,20,0,120,10,470,560,415,0.1,3,4,0,20,10,20,spout_extended,NA
2026_02_11_acr10,acr,acr10,2/11/2026,2,2026_02_11_acr_r02,multi_sacc,0,NA,dual,11,lha,NA,NA,42,415; 470; 560,7.97;5.43;33.7,30;30;30,1;2;4,g;g;r,20,0,120,10,470,560,415,0.1,3,4,0,20,10,20,spout_extended,NA
2026_02_11_acr10,acr,acr10,2/11/2026,2,2026_02_11_acr_r02,multi_sacc,0,NA,dual,6,nac,NA,NA,42,415; 470; 560,7.97;5.43;33.7,30;30;30,1;2;4,g;g;r,20,0,120,10,470,560,415,0.1,3,4,0,20,10,20,spout_extended,NA
2026_02_11_acr10,acr,acr10,2/11/2026,2,2026_02_11_acr_r02,multi_sacc,0,NA,dual,5,dms,NA,NA,42,415; 470; 560,7.97;5.43;33.7,30;30;30,1;2;4,g;g;r,20,0,120,10,470,560,415,0.1,3,4,0,20,10,20,spout_extended,NA
2026_02_11_acr10,acr,acr10,2/11/2026,2,2026_02_11_acr_r02,multi_sacc,0,NA,dual,10,dls,NA,NA,42,415; 470; 560,7.97;5.43;33.7,30;30;30,1;2;4,g;g;r,20,0,120,10,470,560,415,0.1,3,4,0,20,10,20,spout_extended,NA
2026_02_11_acr10,acr,acr10,2/11/2026,2,2026_02_11_acr_r02,multi_sacc,0,NA,dual,4,ts,NA,NA,42,415; 470; 560,7.97;5.43;33.7,30;30;30,1;2;4,g;g;r,20,0,120,10,470,560,415,0.1,3,4,0,20,10,20,spout_extended,NA
2026_02_12_acr09,acr,acr09,2/12/2026,1,2026_02_12_acr_r01,multi_sacc,0,NA,dual,4,lha,NA,NA,42,415; 470; 560,7.97;5.43;33.7,30;30;30,1;2;4,g;g;r,20,0,120,10,470,560,415,0.1,3,4,0,20,10,20,spout_extended,NA
2026_02_12_acr09,acr,acr09,2/12/2026,1,2026_02_12_acr_r01,multi_sacc,0,NA,dual,11,nac,NA,NA,42,415; 470; 560,7.97;5.43;33.7,30;30;30,1;2;4,g;g;r,20,0,120,10,470,560,415,0.1,3,4,0,20,10,20,spout_extended,NA
2026_02_12_acr09,acr,acr09,2/12/2026,1,2026_02_12_acr_r01,multi_sacc,0,NA,dual,6,dms,NA,NA,42,415; 470; 560,7.97;5.43;33.7,30;30;30,1;2;4,g;g;r,20,0,120,10,470,560,415,0.1,3,4,0,20,10,20,spout_extended,NA
2026_02_12_acr09,acr,acr09,2/12/2026,1,2026_02_12_acr_r01,multi_sacc,0,NA,dual,5,dls,NA,NA,42,415; 470; 560,7.97;5.43;33.7,30;30;30,1;2;4,g;g;r,20,0,120,10,470,560,415,0.1,3,4,0,20,10,20,spout_extended,NA
2026_02_12_acr09,acr,acr09,2/12/2026,1,2026_02_12_acr_r01,multi_sacc,0,NA,dual,10,ts,NA,NA,42,415; 470; 560,7.97;5.43;33.7,30;30;30,1;2;4,g;g;r,20,0,120,10,470,560,415,0.1,3,4,0,20,10,20,spout_extended,NA
2026_02_12_acr10,acr,acr10,2/12/2026,2,2026_02_12_acr_r02,multi_sacc,0,NA,dual,10,lha,NA,NA,42,415; 470; 560,7.97;5.43;33.7,30;30;30,1;2;4,g;g;r,20,0,120,10,470,560,415,0.1,3,4,0,20,10,20,spout_extended,NA
2026_02_12_acr10,acr,acr10,2/12/2026,2,2026_02_12_acr_r02,multi_sacc,0,NA,dual,12,nac,NA,NA,42,415; 470; 560,7.97;5.43;33.7,30;30;30,1;2;4,g;g;r,20,0,120,10,470,560,415,0.1,3,4,0,20,10,20,spout_extended,NA
2026_02_12_acr10,acr,acr10,2/12/2026,2,2026_02_12_acr_r02,multi_sacc,0,NA,dual,5,dms,NA,NA,42,415; 470; 560,7.97;5.43;33.7,30;30;30,1;2;4,g;g;r,20,0,120,10,470,560,415,0.1,3,4,0,20,10,20,spout_extended,NA
2026_02_12_acr10,acr,acr10,2/12/2026,2,2026_02_12_acr_r02,multi_sacc,0,NA,dual,4,dls,NA,NA,42,415; 470; 560,7.97;5.43;33.7,30;30;30,1;2;4,g;g;r,20,0,120,10,470,560,415,0.1,3,4,0,20,10,20,spout_extended,NA
2026_02_12_acr10,acr,acr10,2/12/2026,2,2026_02_12_acr_r02,multi_sacc,0,NA,dual,6,ts,NA,NA,42,415; 470; 560,7.97;5.43;33.7,30;30;30,1;2;4,g;g;r,20,0,120,10,470,560,415,0.1,3,4,0,20,10,20,spout_extended,NA
2026_02_13_acr09,acr,acr09,2/13/2026,1,2026_02_13_acr_r01,multi_sacc,0,NA,dual,5,lha,NA,NA,42,415; 470; 560,7.97;5.43;33.7,30;30;30,1;2;4,g;g;r,20,0,120,10,470,560,415,0.1,3,4,0,20,10,20,spout_extended,NA
2026_02_13_acr09,acr,acr09,2/13/2026,1,2026_02_13_acr_r01,multi_sacc,0,NA,dual,10,nac,NA,NA,42,415; 470; 560,7.97;5.43;33.7,30;30;30,1;2;4,g;g;r,20,0,120,10,470,560,415,0.1,3,4,0,20,10,20,spout_extended,NA
2026_02_13_acr09,acr,acr09,2/13/2026,1,2026_02_13_acr_r01,multi_sacc,0,NA,dual,11,dms,NA,NA,42,415; 470; 560,7.97;5.43;33.7,30;30;30,1;2;4,g;g;r,20,0,120,10,470,560,415,0.1,3,4,0,20,10,20,spout_extended,NA
2026_02_13_acr09,acr,acr09,2/13/2026,1,2026_02_13_acr_r01,multi_sacc,0,NA,dual,6,dls,NA,NA,42,415; 470; 560,7.97;5.43;33.7,30;30;30,1;2;4,g;g;r,20,0,120,10,470,560,415,0.1,3,4,0,20,10,20,spout_extended,NA
2026_02_13_acr09,acr,acr09,2/13/2026,1,2026_02_13_acr_r01,multi_sacc,0,NA,dual,12,ts,NA,NA,42,415; 470; 560,7.97;5.43;33.7,30;30;30,1;2;4,g;g;r,20,0,120,10,470,560,415,0.1,3,4,0,20,10,20,spout_extended,NA
2026_02_13_acr10,acr,acr10,2/13/2026,2,2026_02_13_acr_r02,multi_sacc,0,NA,dual,10,lha,NA,NA,42,415; 470; 560,7.97;5.43;33.7,30;30;30,1;2;4,g;g;r,20,0,120,10,470,560,415,0.1,3,4,0,20,10,20,spout_extended,NA
2026_02_13_acr10,acr,acr10,2/13/2026,2,2026_02_13_acr_r02,multi_sacc,0,NA,dual,6,nac,NA,NA,42,415; 470; 560,7.97;5.43;33.7,30;30;30,1;2;4,g;g;r,20,0,120,10,470,560,415,0.1,3,4,0,20,10,20,spout_extended,NA
2026_02_13_acr10,acr,acr10,2/13/2026,2,2026_02_13_acr_r02,multi_sacc,0,NA,dual,12,dms,NA,NA,42,415; 470; 560,7.97;5.43;33.7,30;30;30,1;2;4,g;g;r,20,0,120,10,470,560,415,0.1,3,4,0,20,10,20,spout_extended,NA
2026_02_13_acr10,acr,acr10,2/13/2026,2,2026_02_13_acr_r02,multi_sacc,0,NA,dual,4,dls,NA,NA,42,415; 470; 560,7.97;5.43;33.7,30;30;30,1;2;4,g;g;r,20,0,120,10,470,560,415,0.1,3,4,0,20,10,20,spout_extended,NA
2026_02_13_acr10,acr,acr10,2/13/2026,2,2026_02_13_acr_r02,multi_sacc,0,NA,dual,11,ts,NA,NA,42,415; 470; 560,7.97;5.43;33.7,30;30;30,1;2;4,g;g;r,20,0,120,10,470,560,415,0.1,3,4,0,20,10,20,spout_extended,NA
2026_02_17_acr09,acr,acr09,2/17/2026,1,2026_02_17_acr_r01,electric_tailshock_pwr02,0,NA,dual,10,lha,NA,NA,34,415; 470; 560,7.97;5.43;33.7,30;30;30,1;2;4,g;g;r,20,0,120,10,470,560,415,0.1,3,4,0,20,10,20,trial_start,NA
2026_02_17_acr09,acr,acr09,2/17/2026,1,2026_02_17_acr_r01,electric_tailshock_pwr02,0,NA,dual,6,nac,NA,NA,34,415; 470; 560,7.97;5.43;33.7,30;30;30,1;2;4,g;g;r,20,0,120,10,470,560,415,0.1,3,4,0,20,10,20,trial_start,NA
2026_02_17_acr09,acr,acr09,2/17/2026,1,2026_02_17_acr_r01,electric_tailshock_pwr02,0,NA,dual,12,dms,NA,NA,34,415; 470; 560,7.97;5.43;33.7,30;30;30,1;2;4,g;g;r,20,0,120,10,470,560,415,0.1,3,4,0,20,10,20,trial_start,NA
2026_02_17_acr09,acr,acr09,2/17/2026,1,2026_02_17_acr_r01,electric_tailshock_pwr02,0,NA,dual,4,dls,NA,NA,34,415; 470; 560,7.97;5.43;33.7,30;30;30,1;2;4,g;g;r,20,0,120,10,470,560,415,0.1,3,4,0,20,10,20,trial_start,NA
2026_02_17_acr09,acr,acr09,2/17/2026,1,2026_02_17_acr_r01,electric_tailshock_pwr02,0,NA,dual,11,ts,NA,NA,34,415; 470; 560,7.97;5.43;33.7,30;30;30,1;2;4,g;g;r,20,0,120,10,470,560,415,0.1,3,4,0,20,10,20,trial_start,NA
2026_02_17_acr10,acr,acr10,2/17/2026,2,2026_02_17_acr_r02,electric_tailshock_pwr02,0,NA,dual,5,lha,NA,NA,34,415; 470; 560,7.97;5.43;33.7,30;30;30,1;2;4,g;g;r,20,0,120,10,470,560,415,0.1,3,4,0,20,10,20,trial_start,NA
2026_02_17_acr10,acr,acr10,2/17/2026,2,2026_02_17_acr_r02,electric_tailshock_pwr02,0,NA,dual,10,nac,NA,NA,34,415; 470; 560,7.97;5.43;33.7,30;30;30,1;2;4,g;g;r,20,0,120,10,470,560,415,0.1,3,4,0,20,10,20,trial_start,NA
2026_02_17_acr10,acr,acr10,2/17/2026,2,2026_02_17_acr_r02,electric_tailshock_pwr02,0,NA,dual,11,dms,NA,NA,34,415; 470; 560,7.97;5.43;33.7,30;30;30,1;2;4,g;g;r,20,0,120,10,470,560,415,0.1,3,4,0,20,10,20,trial_start,NA
2026_02_17_acr10,acr,acr10,2/17/2026,2,2026_02_17_acr_r02,electric_tailshock_pwr02,0,NA,dual,6,dls,NA,NA,34,415; 470; 560,7.97;5.43;33.7,30;30;30,1;2;4,g;g;r,20,0,120,10,470,560,415,0.1,3,4,0,20,10,20,trial_start,NA
2026_02_17_acr10,acr,acr10,2/17/2026,2,2026_02_17_acr_r02,electric_tailshock_pwr02,0,NA,dual,12,ts,NA,NA,34,415; 470; 560,7.97;5.43;33.7,30;30;30,1;2;4,g;g;r,20,0,120,10,470,560,415,0.1,3,4,0,20,10,20,trial_start,NA
2026_02_18_acr09,acr,acr09,2/18/2026,1,2026_02_18_acr_r01,electric_tailshock_pwr02,0,NA,dual,6,lha,NA,NA,34,415; 470; 560,7.97;5.43;33.7,30;30;30,1;2;4,g;g;r,20,0,120,10,470,560,415,0.1,3,4,0,20,10,20,trial_start,NA
2026_02_18_acr09,acr,acr09,2/18/2026,1,2026_02_18_acr_r01,electric_tailshock_pwr02,0,NA,dual,4,nac,NA,NA,34,415; 470; 560,7.97;5.43;33.7,30;30;30,1;2;4,g;g;r,20,0,120,10,470,560,415,0.1,3,4,0,20,10,20,trial_start,NA
2026_02_18_acr09,acr,acr09,2/18/2026,1,2026_02_18_acr_r01,electric_tailshock_pwr02,0,NA,dual,11,dms,NA,NA,34,415; 470; 560,7.97;5.43;33.7,30;30;30,1;2;4,g;g;r,20,0,120,10,470,560,415,0.1,3,4,0,20,10,20,trial_start,NA
2026_02_18_acr09,acr,acr09,2/18/2026,1,2026_02_18_acr_r01,electric_tailshock_pwr02,0,NA,dual,10,dls,NA,NA,34,415; 470; 560,7.97;5.43;33.7,30;30;30,1;2;4,g;g;r,20,0,120,10,470,560,415,0.1,3,4,0,20,10,20,trial_start,NA
2026_02_18_acr09,acr,acr09,2/18/2026,1,2026_02_18_acr_r01,electric_tailshock_pwr02,0,NA,dual,12,ts,NA,NA,34,415; 470; 560,7.97;5.43;33.7,30;30;30,1;2;4,g;g;r,20,0,120,10,470,560,415,0.1,3,4,0,20,10,20,trial_start,NA
2026_02_18_acr10,acr,acr10,2/18/2026,2,2026_02_18_acr_r02,electric_tailshock_pwr02,0,NA,dual,11,lha,NA,NA,34,415; 470; 560,7.97;5.43;33.7,30;30;30,1;2;4,g;g;r,20,0,120,10,470,560,415,0.1,3,4,0,20,10,20,trial_start,NA
2026_02_18_acr10,acr,acr10,2/18/2026,2,2026_02_18_acr_r02,electric_tailshock_pwr02,0,NA,dual,4,nac,NA,NA,34,415; 470; 560,7.97;5.43;33.7,30;30;30,1;2;4,g;g;r,20,0,120,10,470,560,415,0.1,3,4,0,20,10,20,trial_start,NA
2026_02_18_acr10,acr,acr10,2/18/2026,2,2026_02_18_acr_r02,electric_tailshock_pwr02,0,NA,dual,6,dms,NA,NA,34,415; 470; 560,7.97;5.43;33.7,30;30;30,1;2;4,g;g;r,20,0,120,10,470,560,415,0.1,3,4,0,20,10,20,trial_start,NA
2026_02_18_acr10,acr,acr10,2/18/2026,2,2026_02_18_acr_r02,electric_tailshock_pwr02,0,NA,dual,12,dls,NA,NA,34,415; 470; 560,7.97;5.43;33.7,30;30;30,1;2;4,g;g;r,20,0,120,10,470,560,415,0.1,3,4,0,20,10,20,trial_start,NA
2026_02_18_acr10,acr,acr10,2/18/2026,2,2026_02_18_acr_r02,electric_tailshock_pwr02,0,NA,dual,5,ts,NA,NA,34,415; 470; 560,7.97;5.43;33.7,30;30;30,1;2;4,g;g;r,20,0,120,10,470,560,415,0.1,3,4,0,20,10,20,trial_start,NA
2026_02_18_acp01,acp,acp01,2/18/2026,1,2026_02_18_acp_r01,multi_sacc,0,NA,dual,5,nac_shelllat,opto_pulse,opto_trial,42,415; 470,1.8;4,10; 30,1;2,g;g,20,0,120,20,470,NA,415,0.1,3,4,0,20,10,20,spout_extended,NA
2026_02_18_acp01,acp,acp01,2/18/2026,1,2026_02_18_acp_r01,multi_sacc,0,NA,dual,10,nac_corr,opto_pulse,opto_trial,42,415; 470,1.8;4,10; 30,1;2,g;g,20,0,120,20,470,NA,415,0.1,3,4,0,20,10,20,spout_extended,NA
2026_02_18_acp01,acp,acp01,2/18/2026,1,2026_02_18_acp_r01,multi_sacc,0,NA,dual,12,nac,opto_pulse,opto_trial,42,415; 470,1.8;4,10; 30,1;2,g;g,20,0,120,20,470,NA,415,0.1,3,4,0,20,10,20,spout_extended,NA
2026_02_18_acp01,acp,acp01,2/18/2026,1,2026_02_18_acp_r01,multi_sacc,0,NA,dual,11,dms,opto_pulse,opto_trial,42,415; 470,1.8;4,10; 30,1;2,g;g,20,0,120,20,470,NA,415,0.1,3,4,0,20,10,20,spout_extended,NA
2026_02_18_acp01,acp,acp01,2/18/2026,1,2026_02_18_acp_r01,multi_sacc,0,NA,dual,4,dls,opto_pulse,opto_trial,42,415; 470,1.8;4,10; 30,1;2,g;g,20,0,120,20,470,NA,415,0.1,3,4,0,20,10,20,spout_extended,NA
2026_02_18_acp01,acp,acp01,2/18/2026,1,2026_02_18_acp_r01,multi_sacc,0,NA,dual,6,ts,opto_pulse,opto_trial,42,415; 470,1.8;4,10; 30,1;2,g;g,20,0,120,20,470,NA,415,0.1,3,4,0,20,10,20,spout_extended,NA
2026_02_18_acp02,acp,acp02,2/18/2026,2,2026_02_18_acp_r02,multi_sacc,0,NA,dual,10,nac_shelllat,opto_pulse,opto_trial,42,415; 470,1.8;4,10; 30,1;2,g;g,20,0,120,20,470,NA,415,0.1,3,4,0,20,10,20,spout_extended,NA
2026_02_18_acp02,acp,acp02,2/18/2026,2,2026_02_18_acp_r02,multi_sacc,0,NA,dual,11,nac_corr,opto_pulse,opto_trial,42,415; 470,1.8;4,10; 30,1;2,g;g,20,0,120,20,470,NA,415,0.1,3,4,0,20,10,20,spout_extended,NA
2026_02_18_acp02,acp,acp02,2/18/2026,2,2026_02_18_acp_r02,multi_sacc,0,NA,dual,4,nac,opto_pulse,opto_trial,42,415; 470,1.8;4,10; 30,1;2,g;g,20,0,120,20,470,NA,415,0.1,3,4,0,20,10,20,spout_extended,NA
2026_02_18_acp02,acp,acp02,2/18/2026,2,2026_02_18_acp_r02,multi_sacc,0,NA,dual,6,dms,opto_pulse,opto_trial,42,415; 470,1.8;4,10; 30,1;2,g;g,20,0,120,20,470,NA,415,0.1,3,4,0,20,10,20,spout_extended,NA
2026_02_18_acp02,acp,acp02,2/18/2026,2,2026_02_18_acp_r02,multi_sacc,0,NA,dual,12,dls,opto_pulse,opto_trial,42,415; 470,1.8;4,10; 30,1;2,g;g,20,0,120,20,470,NA,415,0.1,3,4,0,20,10,20,spout_extended,NA
2026_02_18_acp02,acp,acp02,2/18/2026,2,2026_02_18_acp_r02,multi_sacc,0,NA,dual,5,ts,opto_pulse,opto_trial,42,415; 470,1.8;4,10; 30,1;2,g;g,20,0,120,20,470,NA,415,0.1,3,4,0,20,10,20,spout_extended,NA
2026_02_18_acp04,acp,acp04,2/18/2026,3,2026_02_18_acp_r03,multi_sacc,0,NA,dual,4,nac_shelllat,opto_pulse,opto_trial,42,415; 470,1.8;4,10; 30,1;2,g;g,20,0,120,20,470,NA,415,0.1,3,4,0,20,10,20,spout_extended,NA
2026_02_18_acp04,acp,acp04,2/18/2026,3,2026_02_18_acp_r03,multi_sacc,0,NA,dual,6,nac_corr,opto_pulse,opto_trial,42,415; 470,1.8;4,10; 30,1;2,g;g,20,0,120,20,470,NA,415,0.1,3,4,0,20,10,20,spout_extended,NA
2026_02_18_acp04,acp,acp04,2/18/2026,3,2026_02_18_acp_r03,multi_sacc,0,NA,dual,11,nac,opto_pulse,opto_trial,42,415; 470,1.8;4,10; 30,1;2,g;g,20,0,120,20,470,NA,415,0.1,3,4,0,20,10,20,spout_extended,NA
2026_02_18_acp04,acp,acp04,2/18/2026,3,2026_02_18_acp_r03,multi_sacc,0,NA,dual,10,dms,opto_pulse,opto_trial,42,415; 470,1.8;4,10; 30,1;2,g;g,20,0,120,20,470,NA,415,0.1,3,4,0,20,10,20,spout_extended,NA
2026_02_18_acp04,acp,acp04,2/18/2026,3,2026_02_18_acp_r03,multi_sacc,0,NA,dual,5,dls,opto_pulse,opto_trial,42,415; 470,1.8;4,10; 30,1;2,g;g,20,0,120,20,470,NA,415,0.1,3,4,0,20,10,20,spout_extended,NA
2026_02_18_acp04,acp,acp04,2/18/2026,3,2026_02_18_acp_r03,multi_sacc,0,NA,dual,12,ts,opto_pulse,opto_trial,42,415; 470,1.8;4,10; 30,1;2,g;g,20,0,120,20,470,NA,415,0.1,3,4,0,20,10,20,spout_extended,NA
2026_02_18_acp05,acp,acp05,2/18/2026,4,2026_02_18_acp_r04,multi_sacc,0,NA,dual,11,nac_shelllat,opto_pulse,opto_trial,42,415; 470,1.8;4,10; 30,1;2,g;g,20,0,120,20,470,NA,415,0.1,3,4,0,20,10,20,spout_extended,NA
2026_02_18_acp05,acp,acp05,2/18/2026,4,2026_02_18_acp_r04,multi_sacc,0,NA,dual,5,nac_corr,opto_pulse,opto_trial,42,415; 470,1.8;4,10; 30,1;2,g;g,20,0,120,20,470,NA,415,0.1,3,4,0,20,10,20,spout_extended,NA
2026_02_18_acp05,acp,acp05,2/18/2026,4,2026_02_18_acp_r04,multi_sacc,0,NA,dual,6,nac,opto_pulse,opto_trial,42,415; 470,1.8;4,10; 30,1;2,g;g,20,0,120,20,470,NA,415,0.1,3,4,0,20,10,20,spout_extended,NA
2026_02_18_acp05,acp,acp05,2/18/2026,4,2026_02_18_acp_r04,multi_sacc,0,NA,dual,12,dms,opto_pulse,opto_trial,42,415; 470,1.8;4,10; 30,1;2,g;g,20,0,120,20,470,NA,415,0.1,3,4,0,20,10,20,spout_extended,NA
2026_02_18_acp05,acp,acp05,2/18/2026,4,2026_02_18_acp_r04,multi_sacc,0,NA,dual,10,dls,opto_pulse,opto_trial,42,415; 470,1.8;4,10; 30,1;2,g;g,20,0,120,20,470,NA,415,0.1,3,4,0,20,10,20,spout_extended,NA
2026_02_18_acp05,acp,acp05,2/18/2026,4,2026_02_18_acp_r04,multi_sacc,0,NA,dual,4,ts,opto_pulse,opto_trial,42,415; 470,1.8;4,10; 30,1;2,g;g,20,0,120,20,470,NA,415,0.1,3,4,0,20,10,20,spout_extended,NA
2026_02_18_acp06,acp,acp06,2/18/2026,5,2026_02_18_acp_r05,multi_sacc,0,NA,dual,12,nac_shelllat,opto_pulse,opto_trial,42,415; 470,1.8;4,10; 30,1;2,g;g,20,0,120,20,470,NA,415,0.1,3,4,0,20,10,20,spout_extended,NA
2026_02_18_acp06,acp,acp06,2/18/2026,5,2026_02_18_acp_r05,multi_sacc,0,NA,dual,10,nac_corr,opto_pulse,opto_trial,42,415; 470,1.8;4,10; 30,1;2,g;g,20,0,120,20,470,NA,415,0.1,3,4,0,20,10,20,spout_extended,NA
2026_02_18_acp06,acp,acp06,2/18/2026,5,2026_02_18_acp_r05,multi_sacc,0,NA,dual,6,nac,opto_pulse,opto_trial,42,415; 470,1.8;4,10; 30,1;2,g;g,20,0,120,20,470,NA,415,0.1,3,4,0,20,10,20,spout_extended,NA
2026_02_18_acp06,acp,acp06,2/18/2026,5,2026_02_18_acp_r05,multi_sacc,0,NA,dual,4,dms,opto_pulse,opto_trial,42,415; 470,1.8;4,10; 30,1;2,g;g,20,0,120,20,470,NA,415,0.1,3,4,0,20,10,20,spout_extended,NA
2026_02_18_acp06,acp,acp06,2/18/2026,5,2026_02_18_acp_r05,multi_sacc,0,NA,dual,5,dls,opto_pulse,opto_trial,42,415; 470,1.8;4,10; 30,1;2,g;g,20,0,120,20,470,NA,415,0.1,3,4,0,20,10,20,spout_extended,NA
2026_02_18_acp06,acp,acp06,2/18/2026,5,2026_02_18_acp_r05,multi_sacc,0,NA,dual,11,ts,opto_pulse,opto_trial,42,415; 470,1.8;4,10; 30,1;2,g;g,20,0,120,20,470,NA,415,0.1,3,4,0,20,10,20,spout_extended,NA
2026_02_18_acp08,acp,acp08,2/18/2026,7,2026_02_18_acp_r07,multi_sacc,0,NA,dual,6,nac_shelllat,opto_pulse,opto_trial,42,415; 470,1.8;4,10; 30,1;2,g;g,20,0,120,20,470,NA,415,0.1,3,4,0,20,10,20,spout_extended,NA
2026_02_18_acp08,acp,acp08,2/18/2026,7,2026_02_18_acp_r07,multi_sacc,0,NA,dual,12,nac_corr,opto_pulse,opto_trial,42,415; 470,1.8;4,10; 30,1;2,g;g,20,0,120,20,470,NA,415,0.1,3,4,0,20,10,20,spout_extended,NA
2026_02_18_acp08,acp,acp08,2/18/2026,7,2026_02_18_acp_r07,multi_sacc,0,NA,dual,11,nac,opto_pulse,opto_trial,42,415; 470,1.8;4,10; 30,1;2,g;g,20,0,120,20,470,NA,415,0.1,3,4,0,20,10,20,spout_extended,NA
2026_02_18_acp08,acp,acp08,2/18/2026,7,2026_02_18_acp_r07,multi_sacc,0,NA,dual,5,dms,opto_pulse,opto_trial,42,415; 470,1.8;4,10; 30,1;2,g;g,20,0,120,20,470,NA,415,0.1,3,4,0,20,10,20,spout_extended,NA
2026_02_18_acp08,acp,acp08,2/18/2026,7,2026_02_18_acp_r07,multi_sacc,0,NA,dual,10,dls,opto_pulse,opto_trial,42,415; 470,1.8;4,10; 30,1;2,g;g,20,0,120,20,470,NA,415,0.1,3,4,0,20,10,20,spout_extended,NA
2026_02_18_acp08,acp,acp08,2/18/2026,7,2026_02_18_acp_r07,multi_sacc,0,NA,dual,4,ts,opto_pulse,opto_trial,42,415; 470,1.8;4,10; 30,1;2,g;g,20,0,120,20,470,NA,415,0.1,3,4,0,20,10,20,spout_extended,NA
2026_02_18_acp11,acp,acp11,2/18/2026,9,2026_02_18_acp_r09,multi_sacc,0,NA,dual,5,nac_shelllat,opto_pulse,opto_trial,42,415; 470,1.8;4,10; 30,1;2,g;g,20,0,120,20,470,NA,415,0.1,3,4,0,20,10,20,spout_extended,NA
2026_02_18_acp11,acp,acp11,2/18/2026,9,2026_02_18_acp_r09,multi_sacc,0,NA,dual,4,nac_corr,opto_pulse,opto_trial,42,415; 470,1.8;4,10; 30,1;2,g;g,20,0,120,20,470,NA,415,0.1,3,4,0,20,10,20,spout_extended,NA
2026_02_18_acp11,acp,acp11,2/18/2026,9,2026_02_18_acp_r09,multi_sacc,0,NA,dual,10,nac,opto_pulse,opto_trial,42,415; 470,1.8;4,10; 30,1;2,g;g,20,0,120,20,470,NA,415,0.1,3,4,0,20,10,20,spout_extended,NA
2026_02_18_acp11,acp,acp11,2/18/2026,9,2026_02_18_acp_r09,multi_sacc,0,NA,dual,12,dms,opto_pulse,opto_trial,42,415; 470,1.8;4,10; 30,1;2,g;g,20,0,120,20,470,NA,415,0.1,3,4,0,20,10,20,spout_extended,NA
2026_02_18_acp11,acp,acp11,2/18/2026,9,2026_02_18_acp_r09,multi_sacc,0,NA,dual,6,dls,opto_pulse,opto_trial,42,415; 470,1.8;4,10; 30,1;2,g;g,20,0,120,20,470,NA,415,0.1,3,4,0,20,10,20,spout_extended,NA
2026_02_18_acp11,acp,acp11,2/18/2026,9,2026_02_18_acp_r09,multi_sacc,0,NA,dual,11,ts,opto_pulse,opto_trial,42,415; 470,1.8;4,10; 30,1;2,g;g,20,0,120,20,470,NA,415,0.1,3,4,0,20,10,20,spout_extended,NA
2026_02_18_acp13,acp,acp13,2/18/2026,10,2026_02_18_acp_r10,multi_sacc,0,NA,dual,10,nac_shelllat,opto_pulse,opto_trial,42,415; 470,1.8;4,10; 30,1;2,g;g,20,0,120,20,470,NA,415,0.1,3,4,0,20,10,20,spout_extended,NA
2026_02_18_acp13,acp,acp13,2/18/2026,10,2026_02_18_acp_r10,multi_sacc,0,NA,dual,6,nac_corr,opto_pulse,opto_trial,42,415; 470,1.8;4,10; 30,1;2,g;g,20,0,120,20,470,NA,415,0.1,3,4,0,20,10,20,spout_extended,NA
2026_02_18_acp13,acp,acp13,2/18/2026,10,2026_02_18_acp_r10,multi_sacc,0,NA,dual,5,nac,opto_pulse,opto_trial,42,415; 470,1.8;4,10; 30,1;2,g;g,20,0,120,20,470,NA,415,0.1,3,4,0,20,10,20,spout_extended,NA
2026_02_18_acp13,acp,acp13,2/18/2026,10,2026_02_18_acp_r10,multi_sacc,0,NA,dual,11,dms,opto_pulse,opto_trial,42,415; 470,1.8;4,10; 30,1;2,g;g,20,0,120,20,470,NA,415,0.1,3,4,0,20,10,20,spout_extended,NA
2026_02_18_acp13,acp,acp13,2/18/2026,10,2026_02_18_acp_r10,multi_sacc,0,NA,dual,4,dls,opto_pulse,opto_trial,42,415; 470,1.8;4,10; 30,1;2,g;g,20,0,120,20,470,NA,415,0.1,3,4,0,20,10,20,spout_extended,NA
2026_02_18_acp13,acp,acp13,2/18/2026,10,2026_02_18_acp_r10,multi_sacc,0,NA,dual,12,ts,opto_pulse,opto_trial,42,415; 470,1.8;4,10; 30,1;2,g;g,20,0,120,20,470,NA,415,0.1,3,4,0,20,10,20,spout_extended,NA
2026_02_18_acp14,acp,acp14,2/18/2026,11,2026_02_18_acp_r11,multi_sacc,0,NA,dual,4,nac_shelllat,opto_pulse,opto_trial,42,415; 470,1.8;4,10; 30,1;2,g;g,20,0,120,20,470,NA,415,0.1,3,4,0,20,10,20,spout_extended,NA
2026_02_18_acp14,acp,acp14,2/18/2026,11,2026_02_18_acp_r11,multi_sacc,0,NA,dual,11,nac_corr,opto_pulse,opto_trial,42,415; 470,1.8;4,10; 30,1;2,g;g,20,0,120,20,470,NA,415,0.1,3,4,0,20,10,20,spout_extended,NA
2026_02_18_acp14,acp,acp14,2/18/2026,11,2026_02_18_acp_r11,multi_sacc,0,NA,dual,12,nac,opto_pulse,opto_trial,42,415; 470,1.8;4,10; 30,1;2,g;g,20,0,120,20,470,NA,415,0.1,3,4,0,20,10,20,spout_extended,NA
2026_02_18_acp14,acp,acp14,2/18/2026,11,2026_02_18_acp_r11,multi_sacc,0,NA,dual,6,dms,opto_pulse,opto_trial,42,415; 470,1.8;4,10; 30,1;2,g;g,20,0,120,20,470,NA,415,0.1,3,4,0,20,10,20,spout_extended,NA
2026_02_18_acp14,acp,acp14,2/18/2026,11,2026_02_18_acp_r11,multi_sacc,0,NA,dual,10,dls,opto_pulse,opto_trial,42,415; 470,1.8;4,10; 30,1;2,g;g,20,0,120,20,470,NA,415,0.1,3,4,0,20,10,20,spout_extended,NA
2026_02_18_acp14,acp,acp14,2/18/2026,11,2026_02_18_acp_r11,multi_sacc,0,NA,dual,5,ts,opto_pulse,opto_trial,42,415; 470,1.8;4,10; 30,1;2,g;g,20,0,120,20,470,NA,415,0.1,3,4,0,20,10,20,spout_extended,NA
2026_02_18_acp15,acp,acp15,2/18/2026,12,2026_02_18_acp_r12,multi_sacc,0,NA,dual,11,nac_shelllat,opto_pulse,opto_trial,42,415; 470,1.8;4,10; 30,1;2,g;g,20,0,120,20,470,NA,415,0.1,3,4,0,20,10,20,spout_extended,NA
2026_02_18_acp15,acp,acp15,2/18/2026,12,2026_02_18_acp_r12,multi_sacc,0,NA,dual,10,nac_corr,opto_pulse,opto_trial,42,415; 470,1.8;4,10; 30,1;2,g;g,20,0,120,20,470,NA,415,0.1,3,4,0,20,10,20,spout_extended,NA
2026_02_18_acp15,acp,acp15,2/18/2026,12,2026_02_18_acp_r12,multi_sacc,0,NA,dual,4,nac,opto_pulse,opto_trial,42,415; 470,1.8;4,10; 30,1;2,g;g,20,0,120,20,470,NA,415,0.1,3,4,0,20,10,20,spout_extended,NA
2026_02_18_acp15,acp,acp15,2/18/2026,12,2026_02_18_acp_r12,multi_sacc,0,NA,dual,12,dms,opto_pulse,opto_trial,42,415; 470,1.8;4,10; 30,1;2,g;g,20,0,120,20,470,NA,415,0.1,3,4,0,20,10,20,spout_extended,NA
2026_02_18_acp15,acp,acp15,2/18/2026,12,2026_02_18_acp_r12,multi_sacc,0,NA,dual,5,dls,opto_pulse,opto_trial,42,415; 470,1.8;4,10; 30,1;2,g;g,20,0,120,20,470,NA,415,0.1,3,4,0,20,10,20,spout_extended,NA
2026_02_18_acp15,acp,acp15,2/18/2026,12,2026_02_18_acp_r12,multi_sacc,0,NA,dual,6,ts,opto_pulse,opto_trial,42,415; 470,1.8;4,10; 30,1;2,g;g,20,0,120,20,470,NA,415,0.1,3,4,0,20,10,20,spout_extended,NA
2026_02_19_acp01,acp,acp01,2/19/2026,1,2026_02_19_acp_r01,multi_sacc,0,NA,dual,12,nac_shelllat,opto_pulse,opto_trial,42,415; 470,1.8;4,10; 30,1;2,g;g,20,0,120,20,470,NA,415,0.1,3,4,0,20,10,20,spout_extended,NA
2026_02_19_acp01,acp,acp01,2/19/2026,1,2026_02_19_acp_r01,multi_sacc,0,NA,dual,5,nac_corr,opto_pulse,opto_trial,42,415; 470,1.8;4,10; 30,1;2,g;g,20,0,120,20,470,NA,415,0.1,3,4,0,20,10,20,spout_extended,NA
2026_02_19_acp01,acp,acp01,2/19/2026,1,2026_02_19_acp_r01,multi_sacc,0,NA,dual,6,nac,opto_pulse,opto_trial,42,415; 470,1.8;4,10; 30,1;2,g;g,20,0,120,20,470,NA,415,0.1,3,4,0,20,10,20,spout_extended,NA
2026_02_19_acp01,acp,acp01,2/19/2026,1,2026_02_19_acp_r01,multi_sacc,0,NA,dual,10,dms,opto_pulse,opto_trial,42,415; 470,1.8;4,10; 30,1;2,g;g,20,0,120,20,470,NA,415,0.1,3,4,0,20,10,20,spout_extended,NA
2026_02_19_acp01,acp,acp01,2/19/2026,1,2026_02_19_acp_r01,multi_sacc,0,NA,dual,11,dls,opto_pulse,opto_trial,42,415; 470,1.8;4,10; 30,1;2,g;g,20,0,120,20,470,NA,415,0.1,3,4,0,20,10,20,spout_extended,NA
2026_02_19_acp01,acp,acp01,2/19/2026,1,2026_02_19_acp_r01,multi_sacc,0,NA,dual,4,ts,opto_pulse,opto_trial,42,415; 470,1.8;4,10; 30,1;2,g;g,20,0,120,20,470,NA,415,0.1,3,4,0,20,10,20,spout_extended,NA
2026_02_19_acp02,acp,acp02,2/19/2026,2,2026_02_19_acp_r02,multi_sacc,0,NA,dual,6,nac_shelllat,opto_pulse,opto_trial,42,415; 470,1.8;4,10; 30,1;2,g;g,20,0,120,20,470,NA,415,0.1,3,4,0,20,10,20,spout_extended,NA
2026_02_19_acp02,acp,acp02,2/19/2026,2,2026_02_19_acp_r02,multi_sacc,0,NA,dual,4,nac_corr,opto_pulse,opto_trial,42,415; 470,1.8;4,10; 30,1;2,g;g,20,0,120,20,470,NA,415,0.1,3,4,0,20,10,20,spout_extended,NA
2026_02_19_acp02,acp,acp02,2/19/2026,2,2026_02_19_acp_r02,multi_sacc,0,NA,dual,12,nac,opto_pulse,opto_trial,42,415; 470,1.8;4,10; 30,1;2,g;g,20,0,120,20,470,NA,415,0.1,3,4,0,20,10,20,spout_extended,NA
2026_02_19_acp02,acp,acp02,2/19/2026,2,2026_02_19_acp_r02,multi_sacc,0,NA,dual,5,dms,opto_pulse,opto_trial,42,415; 470,1.8;4,10; 30,1;2,g;g,20,0,120,20,470,NA,415,0.1,3,4,0,20,10,20,spout_extended,NA
2026_02_19_acp02,acp,acp02,2/19/2026,2,2026_02_19_acp_r02,multi_sacc,0,NA,dual,11,dls,opto_pulse,opto_trial,42,415; 470,1.8;4,10; 30,1;2,g;g,20,0,120,20,470,NA,415,0.1,3,4,0,20,10,20,spout_extended,NA
2026_02_19_acp02,acp,acp02,2/19/2026,2,2026_02_19_acp_r02,multi_sacc,0,NA,dual,10,ts,opto_pulse,opto_trial,42,415; 470,1.8;4,10; 30,1;2,g;g,20,0,120,20,470,NA,415,0.1,3,4,0,20,10,20,spout_extended,NA
2026_02_19_acp04,acp,acp04,2/19/2026,3,2026_02_19_acp_r03,multi_sacc,0,NA,dual,5,nac_shelllat,opto_pulse,opto_trial,42,415; 470,1.8;4,10; 30,1;2,g;g,20,0,120,20,470,NA,415,0.1,3,4,0,20,10,20,spout_extended,NA
2026_02_19_acp04,acp,acp04,2/19/2026,3,2026_02_19_acp_r03,multi_sacc,0,NA,dual,11,nac_corr,opto_pulse,opto_trial,42,415; 470,1.8;4,10; 30,1;2,g;g,20,0,120,20,470,NA,415,0.1,3,4,0,20,10,20,spout_extended,NA
2026_02_19_acp04,acp,acp04,2/19/2026,3,2026_02_19_acp_r03,multi_sacc,0,NA,dual,10,nac,opto_pulse,opto_trial,42,415; 470,1.8;4,10; 30,1;2,g;g,20,0,120,20,470,NA,415,0.1,3,4,0,20,10,20,spout_extended,NA
2026_02_19_acp04,acp,acp04,2/19/2026,3,2026_02_19_acp_r03,multi_sacc,0,NA,dual,4,dms,opto_pulse,opto_trial,42,415; 470,1.8;4,10; 30,1;2,g;g,20,0,120,20,470,NA,415,0.1,3,4,0,20,10,20,spout_extended,NA
2026_02_19_acp04,acp,acp04,2/19/2026,3,2026_02_19_acp_r03,multi_sacc,0,NA,dual,6,dls,opto_pulse,opto_trial,42,415; 470,1.8;4,10; 30,1;2,g;g,20,0,120,20,470,NA,415,0.1,3,4,0,20,10,20,spout_extended,NA
2026_02_19_acp04,acp,acp04,2/19/2026,3,2026_02_19_acp_r03,multi_sacc,0,NA,dual,12,ts,opto_pulse,opto_trial,42,415; 470,1.8;4,10; 30,1;2,g;g,20,0,120,20,470,NA,415,0.1,3,4,0,20,10,20,spout_extended,NA
2026_02_19_acp05,acp,acp05,2/19/2026,4,2026_02_19_acp_r04,multi_sacc,0,NA,dual,10,nac_shelllat,opto_pulse,opto_trial,42,415; 470,1.8;4,10; 30,1;2,g;g,20,0,120,20,470,NA,415,0.1,3,4,0,20,10,20,spout_extended,NA
2026_02_19_acp05,acp,acp05,2/19/2026,4,2026_02_19_acp_r04,multi_sacc,0,NA,dual,12,nac_corr,opto_pulse,opto_trial,42,415; 470,1.8;4,10; 30,1;2,g;g,20,0,120,20,470,NA,415,0.1,3,4,0,20,10,20,spout_extended,NA
2026_02_19_acp05,acp,acp05,2/19/2026,4,2026_02_19_acp_r04,multi_sacc,0,NA,dual,4,nac,opto_pulse,opto_trial,42,415; 470,1.8;4,10; 30,1;2,g;g,20,0,120,20,470,NA,415,0.1,3,4,0,20,10,20,spout_extended,NA
2026_02_19_acp05,acp,acp05,2/19/2026,4,2026_02_19_acp_r04,multi_sacc,0,NA,dual,11,dms,opto_pulse,opto_trial,42,415; 470,1.8;4,10; 30,1;2,g;g,20,0,120,20,470,NA,415,0.1,3,4,0,20,10,20,spout_extended,NA
2026_02_19_acp05,acp,acp05,2/19/2026,4,2026_02_19_acp_r04,multi_sacc,0,NA,dual,6,dls,opto_pulse,opto_trial,42,415; 470,1.8;4,10; 30,1;2,g;g,20,0,120,20,470,NA,415,0.1,3,4,0,20,10,20,spout_extended,NA
2026_02_19_acp05,acp,acp05,2/19/2026,4,2026_02_19_acp_r04,multi_sacc,0,NA,dual,5,ts,opto_pulse,opto_trial,42,415; 470,1.8;4,10; 30,1;2,g;g,20,0,120,20,470,NA,415,0.1,3,4,0,20,10,20,spout_extended,NA
2026_02_19_acp06,acp,acp06,2/19/2026,5,2026_02_19_acp_r05,multi_sacc,0,NA,dual,4,nac_shelllat,opto_pulse,opto_trial,42,415; 470,1.8;4,10; 30,1;2,g;g,20,0,120,20,470,NA,415,0.1,3,4,0,20,10,20,spout_extended,NA
2026_02_19_acp06,acp,acp06,2/19/2026,5,2026_02_19_acp_r05,multi_sacc,0,NA,dual,5,nac_corr,opto_pulse,opto_trial,42,415; 470,1.8;4,10; 30,1;2,g;g,20,0,120,20,470,NA,415,0.1,3,4,0,20,10,20,spout_extended,NA
2026_02_19_acp06,acp,acp06,2/19/2026,5,2026_02_19_acp_r05,multi_sacc,0,NA,dual,12,nac,opto_pulse,opto_trial,42,415; 470,1.8;4,10; 30,1;2,g;g,20,0,120,20,470,NA,415,0.1,3,4,0,20,10,20,spout_extended,NA
2026_02_19_acp06,acp,acp06,2/19/2026,5,2026_02_19_acp_r05,multi_sacc,0,NA,dual,6,dms,opto_pulse,opto_trial,42,415; 470,1.8;4,10; 30,1;2,g;g,20,0,120,20,470,NA,415,0.1,3,4,0,20,10,20,spout_extended,NA
2026_02_19_acp06,acp,acp06,2/19/2026,5,2026_02_19_acp_r05,multi_sacc,0,NA,dual,10,dls,opto_pulse,opto_trial,42,415; 470,1.8;4,10; 30,1;2,g;g,20,0,120,20,470,NA,415,0.1,3,4,0,20,10,20,spout_extended,NA
2026_02_19_acp06,acp,acp06,2/19/2026,5,2026_02_19_acp_r05,multi_sacc,0,NA,dual,11,ts,opto_pulse,opto_trial,42,415; 470,1.8;4,10; 30,1;2,g;g,20,0,120,20,470,NA,415,0.1,3,4,0,20,10,20,spout_extended,NA
2026_02_19_acp08,acp,acp08,2/19/2026,7,2026_02_19_acp_r07,multi_sacc,0,NA,dual,11,nac_shelllat,opto_pulse,opto_trial,42,415; 470,1.8;4,10; 30,1;2,g;g,20,0,120,20,470,NA,415,0.1,3,4,0,20,10,20,spout_extended,NA
2026_02_19_acp08,acp,acp08,2/19/2026,7,2026_02_19_acp_r07,multi_sacc,0,NA,dual,6,nac_corr,opto_pulse,opto_trial,42,415; 470,1.8;4,10; 30,1;2,g;g,20,0,120,20,470,NA,415,0.1,3,4,0,20,10,20,spout_extended,NA
2026_02_19_acp08,acp,acp08,2/19/2026,7,2026_02_19_acp_r07,multi_sacc,0,NA,dual,10,nac,opto_pulse,opto_trial,42,415; 470,1.8;4,10; 30,1;2,g;g,20,0,120,20,470,NA,415,0.1,3,4,0,20,10,20,spout_extended,NA
2026_02_19_acp08,acp,acp08,2/19/2026,7,2026_02_19_acp_r07,multi_sacc,0,NA,dual,5,dms,opto_pulse,opto_trial,42,415; 470,1.8;4,10; 30,1;2,g;g,20,0,120,20,470,NA,415,0.1,3,4,0,20,10,20,spout_extended,NA
2026_02_19_acp08,acp,acp08,2/19/2026,7,2026_02_19_acp_r07,multi_sacc,0,NA,dual,12,dls,opto_pulse,opto_trial,42,415; 470,1.8;4,10; 30,1;2,g;g,20,0,120,20,470,NA,415,0.1,3,4,0,20,10,20,spout_extended,NA
2026_02_19_acp08,acp,acp08,2/19/2026,7,2026_02_19_acp_r07,multi_sacc,0,NA,dual,4,ts,opto_pulse,opto_trial,42,415; 470,1.8;4,10; 30,1;2,g;g,20,0,120,20,470,NA,415,0.1,3,4,0,20,10,20,spout_extended,NA
2026_02_19_acp11,acp,acp11,2/19/2026,9,2026_02_19_acp_r09,multi_sacc,0,NA,dual,12,nac_shelllat,opto_pulse,opto_trial,42,415; 470,1.8;4,10; 30,1;2,g;g,20,0,120,20,470,NA,415,0.1,3,4,0,20,10,20,spout_extended,NA
2026_02_19_acp11,acp,acp11,2/19/2026,9,2026_02_19_acp_r09,multi_sacc,0,NA,dual,11,nac_corr,opto_pulse,opto_trial,42,415; 470,1.8;4,10; 30,1;2,g;g,20,0,120,20,470,NA,415,0.1,3,4,0,20,10,20,spout_extended,NA
2026_02_19_acp11,acp,acp11,2/19/2026,9,2026_02_19_acp_r09,multi_sacc,0,NA,dual,4,nac,opto_pulse,opto_trial,42,415; 470,1.8;4,10; 30,1;2,g;g,20,0,120,20,470,NA,415,0.1,3,4,0,20,10,20,spout_extended,NA
2026_02_19_acp11,acp,acp11,2/19/2026,9,2026_02_19_acp_r09,multi_sacc,0,NA,dual,6,dms,opto_pulse,opto_trial,42,415; 470,1.8;4,10; 30,1;2,g;g,20,0,120,20,470,NA,415,0.1,3,4,0,20,10,20,spout_extended,NA
2026_02_19_acp11,acp,acp11,2/19/2026,9,2026_02_19_acp_r09,multi_sacc,0,NA,dual,5,dls,opto_pulse,opto_trial,42,415; 470,1.8;4,10; 30,1;2,g;g,20,0,120,20,470,NA,415,0.1,3,4,0,20,10,20,spout_extended,NA
2026_02_19_acp11,acp,acp11,2/19/2026,9,2026_02_19_acp_r09,multi_sacc,0,NA,dual,10,ts,opto_pulse,opto_trial,42,415; 470,1.8;4,10; 30,1;2,g;g,20,0,120,20,470,NA,415,0.1,3,4,0,20,10,20,spout_extended,NA
2026_02_19_acp13,acp,acp13,2/19/2026,10,2026_02_19_acp_r10,multi_sacc,0,NA,dual,6,nac_shelllat,opto_pulse,opto_trial,42,415; 470,1.8;4,10; 30,1;2,g;g,20,0,120,20,470,NA,415,0.1,3,4,0,20,10,20,spout_extended,NA
2026_02_19_acp13,acp,acp13,2/19/2026,10,2026_02_19_acp_r10,multi_sacc,0,NA,dual,10,nac_corr,opto_pulse,opto_trial,42,415; 470,1.8;4,10; 30,1;2,g;g,20,0,120,20,470,NA,415,0.1,3,4,0,20,10,20,spout_extended,NA
2026_02_19_acp13,acp,acp13,2/19/2026,10,2026_02_19_acp_r10,multi_sacc,0,NA,dual,5,nac,opto_pulse,opto_trial,42,415; 470,1.8;4,10; 30,1;2,g;g,20,0,120,20,470,NA,415,0.1,3,4,0,20,10,20,spout_extended,NA
2026_02_19_acp13,acp,acp13,2/19/2026,10,2026_02_19_acp_r10,multi_sacc,0,NA,dual,12,dms,opto_pulse,opto_trial,42,415; 470,1.8;4,10; 30,1;2,g;g,20,0,120,20,470,NA,415,0.1,3,4,0,20,10,20,spout_extended,NA
2026_02_19_acp13,acp,acp13,2/19/2026,10,2026_02_19_acp_r10,multi_sacc,0,NA,dual,4,dls,opto_pulse,opto_trial,42,415; 470,1.8;4,10; 30,1;2,g;g,20,0,120,20,470,NA,415,0.1,3,4,0,20,10,20,spout_extended,NA
2026_02_19_acp13,acp,acp13,2/19/2026,10,2026_02_19_acp_r10,multi_sacc,0,NA,dual,11,ts,opto_pulse,opto_trial,42,415; 470,1.8;4,10; 30,1;2,g;g,20,0,120,20,470,NA,415,0.1,3,4,0,20,10,20,spout_extended,NA
2026_02_19_acp14,acp,acp14,2/19/2026,11,2026_02_19_acp_r11,multi_sacc,0,NA,dual,5,nac_shelllat,opto_pulse,opto_trial,42,415; 470,1.8;4,10; 30,1;2,g;g,20,0,120,20,470,NA,415,0.1,3,4,0,20,10,20,spout_extended,NA
2026_02_19_acp14,acp,acp14,2/19/2026,11,2026_02_19_acp_r11,multi_sacc,0,NA,dual,12,nac_corr,opto_pulse,opto_trial,42,415; 470,1.8;4,10; 30,1;2,g;g,20,0,120,20,470,NA,415,0.1,3,4,0,20,10,20,spout_extended,NA
2026_02_19_acp14,acp,acp14,2/19/2026,11,2026_02_19_acp_r11,multi_sacc,0,NA,dual,11,nac,opto_pulse,opto_trial,42,415; 470,1.8;4,10; 30,1;2,g;g,20,0,120,20,470,NA,415,0.1,3,4,0,20,10,20,spout_extended,NA
2026_02_19_acp14,acp,acp14,2/19/2026,11,2026_02_19_acp_r11,multi_sacc,0,NA,dual,10,dms,opto_pulse,opto_trial,42,415; 470,1.8;4,10; 30,1;2,g;g,20,0,120,20,470,NA,415,0.1,3,4,0,20,10,20,spout_extended,NA
2026_02_19_acp14,acp,acp14,2/19/2026,11,2026_02_19_acp_r11,multi_sacc,0,NA,dual,6,dls,opto_pulse,opto_trial,42,415; 470,1.8;4,10; 30,1;2,g;g,20,0,120,20,470,NA,415,0.1,3,4,0,20,10,20,spout_extended,NA
2026_02_19_acp14,acp,acp14,2/19/2026,11,2026_02_19_acp_r11,multi_sacc,0,NA,dual,4,ts,opto_pulse,opto_trial,42,415; 470,1.8;4,10; 30,1;2,g;g,20,0,120,20,470,NA,415,0.1,3,4,0,20,10,20,spout_extended,NA
2026_02_19_acp15,acp,acp15,2/19/2026,12,2026_02_19_acp_r12,multi_sacc,0,NA,dual,10,nac_shelllat,opto_pulse,opto_trial,42,415; 470,1.8;4,10; 30,1;2,g;g,20,0,120,20,470,NA,415,0.1,3,4,0,20,10,20,spout_extended,NA
2026_02_19_acp15,acp,acp15,2/19/2026,12,2026_02_19_acp_r12,multi_sacc,0,NA,dual,4,nac_corr,opto_pulse,opto_trial,42,415; 470,1.8;4,10; 30,1;2,g;g,20,0,120,20,470,NA,415,0.1,3,4,0,20,10,20,spout_extended,NA
2026_02_19_acp15,acp,acp15,2/19/2026,12,2026_02_19_acp_r12,multi_sacc,0,NA,dual,6,nac,opto_pulse,opto_trial,42,415; 470,1.8;4,10; 30,1;2,g;g,20,0,120,20,470,NA,415,0.1,3,4,0,20,10,20,spout_extended,NA
2026_02_19_acp15,acp,acp15,2/19/2026,12,2026_02_19_acp_r12,multi_sacc,0,NA,dual,11,dms,opto_pulse,opto_trial,42,415; 470,1.8;4,10; 30,1;2,g;g,20,0,120,20,470,NA,415,0.1,3,4,0,20,10,20,spout_extended,NA
2026_02_19_acp15,acp,acp15,2/19/2026,12,2026_02_19_acp_r12,multi_sacc,0,NA,dual,12,dls,opto_pulse,opto_trial,42,415; 470,1.8;4,10; 30,1;2,g;g,20,0,120,20,470,NA,415,0.1,3,4,0,20,10,20,spout_extended,NA
2026_02_19_acp15,acp,acp15,2/19/2026,12,2026_02_19_acp_r12,multi_sacc,0,NA,dual,5,ts,opto_pulse,opto_trial,42,415; 470,1.8;4,10; 30,1;2,g;g,20,0,120,20,470,NA,415,0.1,3,4,0,20,10,20,spout_extended,NA
2026_02_20_acp01,acp,acp01,2/20/2026,1,2026_02_20_acp_r01,multi_sacc,0,NA,dual,4,nac_shelllat,opto_pulse,opto_trial,42,415; 470,1.8;4,10; 30,1;2,g;g,20,0,120,20,470,NA,415,0.1,3,4,0,20,10,20,spout_extended,NA
2026_02_20_acp01,acp,acp01,2/20/2026,1,2026_02_20_acp_r01,multi_sacc,0,NA,dual,6,nac_corr,opto_pulse,opto_trial,42,415; 470,1.8;4,10; 30,1;2,g;g,20,0,120,20,470,NA,415,0.1,3,4,0,20,10,20,spout_extended,NA
2026_02_20_acp01,acp,acp01,2/20/2026,1,2026_02_20_acp_r01,multi_sacc,0,NA,dual,12,nac,opto_pulse,opto_trial,42,415; 470,1.8;4,10; 30,1;2,g;g,20,0,120,20,470,NA,415,0.1,3,4,0,20,10,20,spout_extended,NA
2026_02_20_acp01,acp,acp01,2/20/2026,1,2026_02_20_acp_r01,multi_sacc,0,NA,dual,11,dms,opto_pulse,opto_trial,42,415; 470,1.8;4,10; 30,1;2,g;g,20,0,120,20,470,NA,415,0.1,3,4,0,20,10,20,spout_extended,NA
2026_02_20_acp01,acp,acp01,2/20/2026,1,2026_02_20_acp_r01,multi_sacc,0,NA,dual,10,dls,opto_pulse,opto_trial,42,415; 470,1.8;4,10; 30,1;2,g;g,20,0,120,20,470,NA,415,0.1,3,4,0,20,10,20,spout_extended,NA
2026_02_20_acp01,acp,acp01,2/20/2026,1,2026_02_20_acp_r01,multi_sacc,0,NA,dual,5,ts,opto_pulse,opto_trial,42,415; 470,1.8;4,10; 30,1;2,g;g,20,0,120,20,470,NA,415,0.1,3,4,0,20,10,20,spout_extended,NA
2026_02_20_acp02,acp,acp02,2/20/2026,2,2026_02_20_acp_r02,multi_sacc,0,NA,dual,11,nac_shelllat,opto_pulse,opto_trial,42,415; 470,1.8;4,10; 30,1;2,g;g,20,0,120,20,470,NA,415,0.1,3,4,0,20,10,20,spout_extended,NA
2026_02_20_acp02,acp,acp02,2/20/2026,2,2026_02_20_acp_r02,multi_sacc,0,NA,dual,5,nac_corr,opto_pulse,opto_trial,42,415; 470,1.8;4,10; 30,1;2,g;g,20,0,120,20,470,NA,415,0.1,3,4,0,20,10,20,spout_extended,NA
2026_02_20_acp02,acp,acp02,2/20/2026,2,2026_02_20_acp_r02,multi_sacc,0,NA,dual,4,nac,opto_pulse,opto_trial,42,415; 470,1.8;4,10; 30,1;2,g;g,20,0,120,20,470,NA,415,0.1,3,4,0,20,10,20,spout_extended,NA
2026_02_20_acp02,acp,acp02,2/20/2026,2,2026_02_20_acp_r02,multi_sacc,0,NA,dual,10,dms,opto_pulse,opto_trial,42,415; 470,1.8;4,10; 30,1;2,g;g,20,0,120,20,470,NA,415,0.1,3,4,0,20,10,20,spout_extended,NA
2026_02_20_acp02,acp,acp02,2/20/2026,2,2026_02_20_acp_r02,multi_sacc,0,NA,dual,6,dls,opto_pulse,opto_trial,42,415; 470,1.8;4,10; 30,1;2,g;g,20,0,120,20,470,NA,415,0.1,3,4,0,20,10,20,spout_extended,NA
2026_02_20_acp02,acp,acp02,2/20/2026,2,2026_02_20_acp_r02,multi_sacc,0,NA,dual,12,ts,opto_pulse,opto_trial,42,415; 470,1.8;4,10; 30,1;2,g;g,20,0,120,20,470,NA,415,0.1,3,4,0,20,10,20,spout_extended,NA
2026_02_20_acp04,acp,acp04,2/20/2026,3,2026_02_20_acp_r03,multi_sacc,0,NA,dual,12,nac_shelllat,opto_pulse,opto_trial,42,415; 470,1.8;4,10; 30,1;2,g;g,20,0,120,20,470,NA,415,0.1,3,4,0,20,10,20,spout_extended,NA
2026_02_20_acp04,acp,acp04,2/20/2026,3,2026_02_20_acp_r03,multi_sacc,0,NA,dual,10,nac_corr,opto_pulse,opto_trial,42,415; 470,1.8;4,10; 30,1;2,g;g,20,0,120,20,470,NA,415,0.1,3,4,0,20,10,20,spout_extended,NA
2026_02_20_acp04,acp,acp04,2/20/2026,3,2026_02_20_acp_r03,multi_sacc,0,NA,dual,11,nac,opto_pulse,opto_trial,42,415; 470,1.8;4,10; 30,1;2,g;g,20,0,120,20,470,NA,415,0.1,3,4,0,20,10,20,spout_extended,NA
2026_02_20_acp04,acp,acp04,2/20/2026,3,2026_02_20_acp_r03,multi_sacc,0,NA,dual,5,dms,opto_pulse,opto_trial,42,415; 470,1.8;4,10; 30,1;2,g;g,20,0,120,20,470,NA,415,0.1,3,4,0,20,10,20,spout_extended,NA
2026_02_20_acp04,acp,acp04,2/20/2026,3,2026_02_20_acp_r03,multi_sacc,0,NA,dual,4,dls,opto_pulse,opto_trial,42,415; 470,1.8;4,10; 30,1;2,g;g,20,0,120,20,470,NA,415,0.1,3,4,0,20,10,20,spout_extended,NA
2026_02_20_acp04,acp,acp04,2/20/2026,3,2026_02_20_acp_r03,multi_sacc,0,NA,dual,6,ts,opto_pulse,opto_trial,42,415; 470,1.8;4,10; 30,1;2,g;g,20,0,120,20,470,NA,415,0.1,3,4,0,20,10,20,spout_extended,NA
2026_02_20_acp05,acp,acp05,2/20/2026,4,2026_02_20_acp_r04,multi_sacc,0,NA,dual,6,nac_shelllat,opto_pulse,opto_trial,42,415; 470,1.8;4,10; 30,1;2,g;g,20,0,120,20,470,NA,415,0.1,3,4,0,20,10,20,spout_extended,NA
2026_02_20_acp05,acp,acp05,2/20/2026,4,2026_02_20_acp_r04,multi_sacc,0,NA,dual,12,nac_corr,opto_pulse,opto_trial,42,415; 470,1.8;4,10; 30,1;2,g;g,20,0,120,20,470,NA,415,0.1,3,4,0,20,10,20,spout_extended,NA
2026_02_20_acp05,acp,acp05,2/20/2026,4,2026_02_20_acp_r04,multi_sacc,0,NA,dual,4,nac,opto_pulse,opto_trial,42,415; 470,1.8;4,10; 30,1;2,g;g,20,0,120,20,470,NA,415,0.1,3,4,0,20,10,20,spout_extended,NA
2026_02_20_acp05,acp,acp05,2/20/2026,4,2026_02_20_acp_r04,multi_sacc,0,NA,dual,10,dms,opto_pulse,opto_trial,42,415; 470,1.8;4,10; 30,1;2,g;g,20,0,120,20,470,NA,415,0.1,3,4,0,20,10,20,spout_extended,NA
2026_02_20_acp05,acp,acp05,2/20/2026,4,2026_02_20_acp_r04,multi_sacc,0,NA,dual,5,dls,opto_pulse,opto_trial,42,415; 470,1.8;4,10; 30,1;2,g;g,20,0,120,20,470,NA,415,0.1,3,4,0,20,10,20,spout_extended,NA
2026_02_20_acp05,acp,acp05,2/20/2026,4,2026_02_20_acp_r04,multi_sacc,0,NA,dual,11,ts,opto_pulse,opto_trial,42,415; 470,1.8;4,10; 30,1;2,g;g,20,0,120,20,470,NA,415,0.1,3,4,0,20,10,20,spout_extended,NA
2026_02_20_acp06,acp,acp06,2/20/2026,5,2026_02_20_acp_r05,multi_sacc,0,NA,dual,5,nac_shelllat,opto_pulse,opto_trial,42,415; 470,1.8;4,10; 30,1;2,g;g,20,0,120,20,470,NA,415,0.1,3,4,0,20,10,20,spout_extended,NA
2026_02_20_acp06,acp,acp06,2/20/2026,5,2026_02_20_acp_r05,multi_sacc,0,NA,dual,6,nac_corr,opto_pulse,opto_trial,42,415; 470,1.8;4,10; 30,1;2,g;g,20,0,120,20,470,NA,415,0.1,3,4,0,20,10,20,spout_extended,NA
2026_02_20_acp06,acp,acp06,2/20/2026,5,2026_02_20_acp_r05,multi_sacc,0,NA,dual,10,nac,opto_pulse,opto_trial,42,415; 470,1.8;4,10; 30,1;2,g;g,20,0,120,20,470,NA,415,0.1,3,4,0,20,10,20,spout_extended,NA
2026_02_20_acp06,acp,acp06,2/20/2026,5,2026_02_20_acp_r05,multi_sacc,0,NA,dual,11,dms,opto_pulse,opto_trial,42,415; 470,1.8;4,10; 30,1;2,g;g,20,0,120,20,470,NA,415,0.1,3,4,0,20,10,20,spout_extended,NA
2026_02_20_acp06,acp,acp06,2/20/2026,5,2026_02_20_acp_r05,multi_sacc,0,NA,dual,4,dls,opto_pulse,opto_trial,42,415; 470,1.8;4,10; 30,1;2,g;g,20,0,120,20,470,NA,415,0.1,3,4,0,20,10,20,spout_extended,NA
2026_02_20_acp06,acp,acp06,2/20/2026,5,2026_02_20_acp_r05,multi_sacc,0,NA,dual,12,ts,opto_pulse,opto_trial,42,415; 470,1.8;4,10; 30,1;2,g;g,20,0,120,20,470,NA,415,0.1,3,4,0,20,10,20,spout_extended,NA
2026_02_20_acp08,acp,acp08,2/20/2026,7,2026_02_20_acp_r07,multi_sacc,0,NA,dual,10,nac_shelllat,opto_pulse,opto_trial,42,415; 470,1.8;4,10; 30,1;2,g;g,20,0,120,20,470,NA,415,0.1,3,4,0,20,10,20,spout_extended,NA
2026_02_20_acp08,acp,acp08,2/20/2026,7,2026_02_20_acp_r07,multi_sacc,0,NA,dual,11,nac_corr,opto_pulse,opto_trial,42,415; 470,1.8;4,10; 30,1;2,g;g,20,0,120,20,470,NA,415,0.1,3,4,0,20,10,20,spout_extended,NA
2026_02_20_acp08,acp,acp08,2/20/2026,7,2026_02_20_acp_r07,multi_sacc,0,NA,dual,5,nac,opto_pulse,opto_trial,42,415; 470,1.8;4,10; 30,1;2,g;g,20,0,120,20,470,NA,415,0.1,3,4,0,20,10,20,spout_extended,NA
2026_02_20_acp08,acp,acp08,2/20/2026,7,2026_02_20_acp_r07,multi_sacc,0,NA,dual,12,dms,opto_pulse,opto_trial,42,415; 470,1.8;4,10; 30,1;2,g;g,20,0,120,20,470,NA,415,0.1,3,4,0,20,10,20,spout_extended,NA
2026_02_20_acp08,acp,acp08,2/20/2026,7,2026_02_20_acp_r07,multi_sacc,0,NA,dual,6,dls,opto_pulse,opto_trial,42,415; 470,1.8;4,10; 30,1;2,g;g,20,0,120,20,470,NA,415,0.1,3,4,0,20,10,20,spout_extended,NA
2026_02_20_acp08,acp,acp08,2/20/2026,7,2026_02_20_acp_r07,multi_sacc,0,NA,dual,4,ts,opto_pulse,opto_trial,42,415; 470,1.8;4,10; 30,1;2,g;g,20,0,120,20,470,NA,415,0.1,3,4,0,20,10,20,spout_extended,NA
2026_02_20_acp11,acp,acp11,2/20/2026,9,2026_02_20_acp_r09,multi_sacc,0,NA,dual,4,nac_shelllat,opto_pulse,opto_trial,42,415; 470,1.8;4,10; 30,1;2,g;g,20,0,120,20,470,NA,415,0.1,3,4,0,20,10,20,spout_extended,NA
2026_02_20_acp11,acp,acp11,2/20/2026,9,2026_02_20_acp_r09,multi_sacc,0,NA,dual,12,nac_corr,opto_pulse,opto_trial,42,415; 470,1.8;4,10; 30,1;2,g;g,20,0,120,20,470,NA,415,0.1,3,4,0,20,10,20,spout_extended,NA
2026_02_20_acp11,acp,acp11,2/20/2026,9,2026_02_20_acp_r09,multi_sacc,0,NA,dual,5,nac,opto_pulse,opto_trial,42,415; 470,1.8;4,10; 30,1;2,g;g,20,0,120,20,470,NA,415,0.1,3,4,0,20,10,20,spout_extended,NA
2026_02_20_acp11,acp,acp11,2/20/2026,9,2026_02_20_acp_r09,multi_sacc,0,NA,dual,6,dms,opto_pulse,opto_trial,42,415; 470,1.8;4,10; 30,1;2,g;g,20,0,120,20,470,NA,415,0.1,3,4,0,20,10,20,spout_extended,NA
2026_02_20_acp11,acp,acp11,2/20/2026,9,2026_02_20_acp_r09,multi_sacc,0,NA,dual,11,dls,opto_pulse,opto_trial,42,415; 470,1.8;4,10; 30,1;2,g;g,20,0,120,20,470,NA,415,0.1,3,4,0,20,10,20,spout_extended,NA
2026_02_20_acp11,acp,acp11,2/20/2026,9,2026_02_20_acp_r09,multi_sacc,0,NA,dual,10,ts,opto_pulse,opto_trial,42,415; 470,1.8;4,10; 30,1;2,g;g,20,0,120,20,470,NA,415,0.1,3,4,0,20,10,20,spout_extended,NA
2026_02_20_acp13,acp,acp13,2/20/2026,10,2026_02_20_acp_r10,multi_sacc,0,NA,dual,11,nac_shelllat,opto_pulse,opto_trial,42,415; 470,1.8;4,10; 30,1;2,g;g,20,0,120,20,470,NA,415,0.1,3,4,0,20,10,20,spout_extended,NA
2026_02_20_acp13,acp,acp13,2/20/2026,10,2026_02_20_acp_r10,multi_sacc,0,NA,dual,4,nac_corr,opto_pulse,opto_trial,42,415; 470,1.8;4,10; 30,1;2,g;g,20,0,120,20,470,NA,415,0.1,3,4,0,20,10,20,spout_extended,NA
2026_02_20_acp13,acp,acp13,2/20/2026,10,2026_02_20_acp_r10,multi_sacc,0,NA,dual,10,nac,opto_pulse,opto_trial,42,415; 470,1.8;4,10; 30,1;2,g;g,20,0,120,20,470,NA,415,0.1,3,4,0,20,10,20,spout_extended,NA
2026_02_20_acp13,acp,acp13,2/20/2026,10,2026_02_20_acp_r10,multi_sacc,0,NA,dual,6,dms,opto_pulse,opto_trial,42,415; 470,1.8;4,10; 30,1;2,g;g,20,0,120,20,470,NA,415,0.1,3,4,0,20,10,20,spout_extended,NA
2026_02_20_acp13,acp,acp13,2/20/2026,10,2026_02_20_acp_r10,multi_sacc,0,NA,dual,12,dls,opto_pulse,opto_trial,42,415; 470,1.8;4,10; 30,1;2,g;g,20,0,120,20,470,NA,415,0.1,3,4,0,20,10,20,spout_extended,NA
2026_02_20_acp13,acp,acp13,2/20/2026,10,2026_02_20_acp_r10,multi_sacc,0,NA,dual,5,ts,opto_pulse,opto_trial,42,415; 470,1.8;4,10; 30,1;2,g;g,20,0,120,20,470,NA,415,0.1,3,4,0,20,10,20,spout_extended,NA
2026_02_20_acp14,acp,acp14,2/20/2026,11,2026_02_20_acp_r11,multi_sacc,0,NA,dual,12,nac_shelllat,opto_pulse,opto_trial,42,415; 470,1.8;4,10; 30,1;2,g;g,20,0,120,20,470,NA,415,0.1,3,4,0,20,10,20,spout_extended,NA
2026_02_20_acp14,acp,acp14,2/20/2026,11,2026_02_20_acp_r11,multi_sacc,0,NA,dual,6,nac_corr,opto_pulse,opto_trial,42,415; 470,1.8;4,10; 30,1;2,g;g,20,0,120,20,470,NA,415,0.1,3,4,0,20,10,20,spout_extended,NA
2026_02_20_acp14,acp,acp14,2/20/2026,11,2026_02_20_acp_r11,multi_sacc,0,NA,dual,11,nac,opto_pulse,opto_trial,42,415; 470,1.8;4,10; 30,1;2,g;g,20,0,120,20,470,NA,415,0.1,3,4,0,20,10,20,spout_extended,NA
2026_02_20_acp14,acp,acp14,2/20/2026,11,2026_02_20_acp_r11,multi_sacc,0,NA,dual,10,dms,opto_pulse,opto_trial,42,415; 470,1.8;4,10; 30,1;2,g;g,20,0,120,20,470,NA,415,0.1,3,4,0,20,10,20,spout_extended,NA
2026_02_20_acp14,acp,acp14,2/20/2026,11,2026_02_20_acp_r11,multi_sacc,0,NA,dual,4,dls,opto_pulse,opto_trial,42,415; 470,1.8;4,10; 30,1;2,g;g,20,0,120,20,470,NA,415,0.1,3,4,0,20,10,20,spout_extended,NA
2026_02_20_acp14,acp,acp14,2/20/2026,11,2026_02_20_acp_r11,multi_sacc,0,NA,dual,5,ts,opto_pulse,opto_trial,42,415; 470,1.8;4,10; 30,1;2,g;g,20,0,120,20,470,NA,415,0.1,3,4,0,20,10,20,spout_extended,NA
2026_02_20_acp15,acp,acp15,2/20/2026,12,2026_02_20_acp_r12,multi_sacc,0,NA,dual,6,nac_shelllat,opto_pulse,opto_trial,42,415; 470,1.8;4,10; 30,1;2,g;g,20,0,120,20,470,NA,415,0.1,3,4,0,20,10,20,spout_extended,NA
2026_02_20_acp15,acp,acp15,2/20/2026,12,2026_02_20_acp_r12,multi_sacc,0,NA,dual,5,nac_corr,opto_pulse,opto_trial,42,415; 470,1.8;4,10; 30,1;2,g;g,20,0,120,20,470,NA,415,0.1,3,4,0,20,10,20,spout_extended,NA
2026_02_20_acp15,acp,acp15,2/20/2026,12,2026_02_20_acp_r12,multi_sacc,0,NA,dual,10,nac,opto_pulse,opto_trial,42,415; 470,1.8;4,10; 30,1;2,g;g,20,0,120,20,470,NA,415,0.1,3,4,0,20,10,20,spout_extended,NA
2026_02_20_acp15,acp,acp15,2/20/2026,12,2026_02_20_acp_r12,multi_sacc,0,NA,dual,4,dms,opto_pulse,opto_trial,42,415; 470,1.8;4,10; 30,1;2,g;g,20,0,120,20,470,NA,415,0.1,3,4,0,20,10,20,spout_extended,NA
2026_02_20_acp15,acp,acp15,2/20/2026,12,2026_02_20_acp_r12,multi_sacc,0,NA,dual,12,dls,opto_pulse,opto_trial,42,415; 470,1.8;4,10; 30,1;2,g;g,20,0,120,20,470,NA,415,0.1,3,4,0,20,10,20,spout_extended,NA
2026_02_20_acp15,acp,acp15,2/20/2026,12,2026_02_20_acp_r12,multi_sacc,0,NA,dual,11,ts,opto_pulse,opto_trial,42,415; 470,1.8;4,10; 30,1;2,g;g,20,0,120,20,470,NA,415,0.1,3,4,0,20,10,20,spout_extended,NA
2026_02_23_acp01,acp,acp01,2/23/2026,1,2026_02_23_acp_r01,electric_tailshock_pwr02,0,NA,dual,10,nac_shelllat,opto_pulse,opto_trial,34,415; 470,1.8;4,10; 30,1;2,g;g,20,0,120,20,470,NA,415,0.1,3,4,0,20,10,20,trial_start,NA
2026_02_23_acp01,acp,acp01,2/23/2026,1,2026_02_23_acp_r01,electric_tailshock_pwr02,0,NA,dual,4,nac_corr,opto_pulse,opto_trial,34,415; 470,1.8;4,10; 30,1;2,g;g,20,0,120,20,470,NA,415,0.1,3,4,0,20,10,20,trial_start,NA
2026_02_23_acp01,acp,acp01,2/23/2026,1,2026_02_23_acp_r01,electric_tailshock_pwr02,0,NA,dual,12,nac,opto_pulse,opto_trial,34,415; 470,1.8;4,10; 30,1;2,g;g,20,0,120,20,470,NA,415,0.1,3,4,0,20,10,20,trial_start,NA
2026_02_23_acp01,acp,acp01,2/23/2026,1,2026_02_23_acp_r01,electric_tailshock_pwr02,0,NA,dual,6,dms,opto_pulse,opto_trial,34,415; 470,1.8;4,10; 30,1;2,g;g,20,0,120,20,470,NA,415,0.1,3,4,0,20,10,20,trial_start,NA
2026_02_23_acp01,acp,acp01,2/23/2026,1,2026_02_23_acp_r01,electric_tailshock_pwr02,0,NA,dual,11,dls,opto_pulse,opto_trial,34,415; 470,1.8;4,10; 30,1;2,g;g,20,0,120,20,470,NA,415,0.1,3,4,0,20,10,20,trial_start,NA
2026_02_23_acp01,acp,acp01,2/23/2026,1,2026_02_23_acp_r01,electric_tailshock_pwr02,0,NA,dual,5,ts,opto_pulse,opto_trial,34,415; 470,1.8;4,10; 30,1;2,g;g,20,0,120,20,470,NA,415,0.1,3,4,0,20,10,20,trial_start,NA
2026_02_23_acp02,acp,acp02,2/23/2026,2,2026_02_23_acp_r02,electric_tailshock_pwr02,0,NA,dual,5,nac_shelllat,opto_pulse,opto_trial,34,415; 470,1.8;4,10; 30,1;2,g;g,20,0,120,20,470,NA,415,0.1,3,4,0,20,10,20,trial_start,NA
2026_02_23_acp02,acp,acp02,2/23/2026,2,2026_02_23_acp_r02,electric_tailshock_pwr02,0,NA,dual,11,nac_corr,opto_pulse,opto_trial,34,415; 470,1.8;4,10; 30,1;2,g;g,20,0,120,20,470,NA,415,0.1,3,4,0,20,10,20,trial_start,NA
2026_02_23_acp02,acp,acp02,2/23/2026,2,2026_02_23_acp_r02,electric_tailshock_pwr02,0,NA,dual,6,nac,opto_pulse,opto_trial,34,415; 470,1.8;4,10; 30,1;2,g;g,20,0,120,20,470,NA,415,0.1,3,4,0,20,10,20,trial_start,NA
2026_02_23_acp02,acp,acp02,2/23/2026,2,2026_02_23_acp_r02,electric_tailshock_pwr02,0,NA,dual,12,dms,opto_pulse,opto_trial,34,415; 470,1.8;4,10; 30,1;2,g;g,20,0,120,20,470,NA,415,0.1,3,4,0,20,10,20,trial_start,NA
2026_02_23_acp02,acp,acp02,2/23/2026,2,2026_02_23_acp_r02,electric_tailshock_pwr02,0,NA,dual,4,dls,opto_pulse,opto_trial,34,415; 470,1.8;4,10; 30,1;2,g;g,20,0,120,20,470,NA,415,0.1,3,4,0,20,10,20,trial_start,NA
2026_02_23_acp02,acp,acp02,2/23/2026,2,2026_02_23_acp_r02,electric_tailshock_pwr02,0,NA,dual,10,ts,opto_pulse,opto_trial,34,415; 470,1.8;4,10; 30,1;2,g;g,20,0,120,20,470,NA,415,0.1,3,4,0,20,10,20,trial_start,NA
2026_02_23_acp04,acp,acp04,2/23/2026,3,2026_02_23_acp_r03,electric_tailshock_pwr02,0,NA,dual,12,nac_shelllat,opto_pulse,opto_trial,34,415; 470,1.8;4,10; 30,1;2,g;g,20,0,120,20,470,NA,415,0.1,3,4,0,20,10,20,trial_start,NA
2026_02_23_acp04,acp,acp04,2/23/2026,3,2026_02_23_acp_r03,electric_tailshock_pwr02,0,NA,dual,6,nac_corr,opto_pulse,opto_trial,34,415; 470,1.8;4,10; 30,1;2,g;g,20,0,120,20,470,NA,415,0.1,3,4,0,20,10,20,trial_start,NA
2026_02_23_acp04,acp,acp04,2/23/2026,3,2026_02_23_acp_r03,electric_tailshock_pwr02,0,NA,dual,4,nac,opto_pulse,opto_trial,34,415; 470,1.8;4,10; 30,1;2,g;g,20,0,120,20,470,NA,415,0.1,3,4,0,20,10,20,trial_start,NA
2026_02_23_acp04,acp,acp04,2/23/2026,3,2026_02_23_acp_r03,electric_tailshock_pwr02,0,NA,dual,5,dms,opto_pulse,opto_trial,34,415; 470,1.8;4,10; 30,1;2,g;g,20,0,120,20,470,NA,415,0.1,3,4,0,20,10,20,trial_start,NA
2026_02_23_acp04,acp,acp04,2/23/2026,3,2026_02_23_acp_r03,electric_tailshock_pwr02,0,NA,dual,10,dls,opto_pulse,opto_trial,34,415; 470,1.8;4,10; 30,1;2,g;g,20,0,120,20,470,NA,415,0.1,3,4,0,20,10,20,trial_start,NA
2026_02_23_acp04,acp,acp04,2/23/2026,3,2026_02_23_acp_r03,electric_tailshock_pwr02,0,NA,dual,11,ts,opto_pulse,opto_trial,34,415; 470,1.8;4,10; 30,1;2,g;g,20,0,120,20,470,NA,415,0.1,3,4,0,20,10,20,trial_start,NA
2026_02_23_acp05,acp,acp05,2/23/2026,4,2026_02_23_acp_r04,electric_tailshock_pwr02,0,NA,dual,4,nac_shelllat,opto_pulse,opto_trial,34,415; 470,1.8;4,10; 30,1;2,g;g,20,0,120,20,470,NA,415,0.1,3,4,0,20,10,20,trial_start,NA
2026_02_23_acp05,acp,acp05,2/23/2026,4,2026_02_23_acp_r04,electric_tailshock_pwr02,0,NA,dual,10,nac_corr,opto_pulse,opto_trial,34,415; 470,1.8;4,10; 30,1;2,g;g,20,0,120,20,470,NA,415,0.1,3,4,0,20,10,20,trial_start,NA
2026_02_23_acp05,acp,acp05,2/23/2026,4,2026_02_23_acp_r04,electric_tailshock_pwr02,0,NA,dual,5,nac,opto_pulse,opto_trial,34,415; 470,1.8;4,10; 30,1;2,g;g,20,0,120,20,470,NA,415,0.1,3,4,0,20,10,20,trial_start,NA
2026_02_23_acp05,acp,acp05,2/23/2026,4,2026_02_23_acp_r04,electric_tailshock_pwr02,0,NA,dual,11,dms,opto_pulse,opto_trial,34,415; 470,1.8;4,10; 30,1;2,g;g,20,0,120,20,470,NA,415,0.1,3,4,0,20,10,20,trial_start,NA
2026_02_23_acp05,acp,acp05,2/23/2026,4,2026_02_23_acp_r04,electric_tailshock_pwr02,0,NA,dual,6,dls,opto_pulse,opto_trial,34,415; 470,1.8;4,10; 30,1;2,g;g,20,0,120,20,470,NA,415,0.1,3,4,0,20,10,20,trial_start,NA
2026_02_23_acp05,acp,acp05,2/23/2026,4,2026_02_23_acp_r04,electric_tailshock_pwr02,0,NA,dual,12,ts,opto_pulse,opto_trial,34,415; 470,1.8;4,10; 30,1;2,g;g,20,0,120,20,470,NA,415,0.1,3,4,0,20,10,20,trial_start,NA
2026_02_23_acp06,acp,acp06,2/23/2026,5,2026_02_23_acp_r05,electric_tailshock_pwr02,0,NA,dual,11,nac_shelllat,opto_pulse,opto_trial,34,415; 470,1.8;4,10; 30,1;2,g;g,20,0,120,20,470,NA,415,0.1,3,4,0,20,10,20,trial_start,NA
2026_02_23_acp06,acp,acp06,2/23/2026,5,2026_02_23_acp_r05,electric_tailshock_pwr02,0,NA,dual,12,nac_corr,opto_pulse,opto_trial,34,415; 470,1.8;4,10; 30,1;2,g;g,20,0,120,20,470,NA,415,0.1,3,4,0,20,10,20,trial_start,NA
2026_02_23_acp06,acp,acp06,2/23/2026,5,2026_02_23_acp_r05,electric_tailshock_pwr02,0,NA,dual,6,nac,opto_pulse,opto_trial,34,415; 470,1.8;4,10; 30,1;2,g;g,20,0,120,20,470,NA,415,0.1,3,4,0,20,10,20,trial_start,NA
2026_02_23_acp06,acp,acp06,2/23/2026,5,2026_02_23_acp_r05,electric_tailshock_pwr02,0,NA,dual,10,dms,opto_pulse,opto_trial,34,415; 470,1.8;4,10; 30,1;2,g;g,20,0,120,20,470,NA,415,0.1,3,4,0,20,10,20,trial_start,NA
2026_02_23_acp06,acp,acp06,2/23/2026,5,2026_02_23_acp_r05,electric_tailshock_pwr02,0,NA,dual,5,dls,opto_pulse,opto_trial,34,415; 470,1.8;4,10; 30,1;2,g;g,20,0,120,20,470,NA,415,0.1,3,4,0,20,10,20,trial_start,NA
2026_02_23_acp06,acp,acp06,2/23/2026,5,2026_02_23_acp_r05,electric_tailshock_pwr02,0,NA,dual,4,ts,opto_pulse,opto_trial,34,415; 470,1.8;4,10; 30,1;2,g;g,20,0,120,20,470,NA,415,0.1,3,4,0,20,10,20,trial_start,NA
2026_02_23_acp08,acp,acp08,2/23/2026,7,2026_02_23_acp_r07,electric_tailshock_pwr02,0,NA,dual,6,nac_shelllat,opto_pulse,opto_trial,34,415; 470,1.8;4,10; 30,1;2,g;g,20,0,120,20,470,NA,415,0.1,3,4,0,20,10,20,trial_start,NA
2026_02_23_acp08,acp,acp08,2/23/2026,7,2026_02_23_acp_r07,electric_tailshock_pwr02,0,NA,dual,4,nac_corr,opto_pulse,opto_trial,34,415; 470,1.8;4,10; 30,1;2,g;g,20,0,120,20,470,NA,415,0.1,3,4,0,20,10,20,trial_start,NA
2026_02_23_acp08,acp,acp08,2/23/2026,7,2026_02_23_acp_r07,electric_tailshock_pwr02,0,NA,dual,11,nac,opto_pulse,opto_trial,34,415; 470,1.8;4,10; 30,1;2,g;g,20,0,120,20,470,NA,415,0.1,3,4,0,20,10,20,trial_start,NA
2026_02_23_acp08,acp,acp08,2/23/2026,7,2026_02_23_acp_r07,electric_tailshock_pwr02,0,NA,dual,5,dms,opto_pulse,opto_trial,34,415; 470,1.8;4,10; 30,1;2,g;g,20,0,120,20,470,NA,415,0.1,3,4,0,20,10,20,trial_start,NA
2026_02_23_acp08,acp,acp08,2/23/2026,7,2026_02_23_acp_r07,electric_tailshock_pwr02,0,NA,dual,12,dls,opto_pulse,opto_trial,34,415; 470,1.8;4,10; 30,1;2,g;g,20,0,120,20,470,NA,415,0.1,3,4,0,20,10,20,trial_start,NA
2026_02_23_acp08,acp,acp08,2/23/2026,7,2026_02_23_acp_r07,electric_tailshock_pwr02,0,NA,dual,10,ts,opto_pulse,opto_trial,34,415; 470,1.8;4,10; 30,1;2,g;g,20,0,120,20,470,NA,415,0.1,3,4,0,20,10,20,trial_start,NA
2026_02_23_acp11,acp,acp11,2/23/2026,9,2026_02_23_acp_r09,electric_tailshock_pwr02,0,NA,dual,10,nac_shelllat,opto_pulse,opto_trial,34,415; 470,1.8;4,10; 30,1;2,g;g,20,0,120,20,470,NA,415,0.1,3,4,0,20,10,20,trial_start,NA
2026_02_23_acp11,acp,acp11,2/23/2026,9,2026_02_23_acp_r09,electric_tailshock_pwr02,0,NA,dual,5,nac_corr,opto_pulse,opto_trial,34,415; 470,1.8;4,10; 30,1;2,g;g,20,0,120,20,470,NA,415,0.1,3,4,0,20,10,20,trial_start,NA
2026_02_23_acp11,acp,acp11,2/23/2026,9,2026_02_23_acp_r09,electric_tailshock_pwr02,0,NA,dual,12,nac,opto_pulse,opto_trial,34,415; 470,1.8;4,10; 30,1;2,g;g,20,0,120,20,470,NA,415,0.1,3,4,0,20,10,20,trial_start,NA
2026_02_23_acp11,acp,acp11,2/23/2026,9,2026_02_23_acp_r09,electric_tailshock_pwr02,0,NA,dual,11,dms,opto_pulse,opto_trial,34,415; 470,1.8;4,10; 30,1;2,g;g,20,0,120,20,470,NA,415,0.1,3,4,0,20,10,20,trial_start,NA
2026_02_23_acp11,acp,acp11,2/23/2026,9,2026_02_23_acp_r09,electric_tailshock_pwr02,0,NA,dual,4,dls,opto_pulse,opto_trial,34,415; 470,1.8;4,10; 30,1;2,g;g,20,0,120,20,470,NA,415,0.1,3,4,0,20,10,20,trial_start,NA
2026_02_23_acp11,acp,acp11,2/23/2026,9,2026_02_23_acp_r09,electric_tailshock_pwr02,0,NA,dual,6,ts,opto_pulse,opto_trial,34,415; 470,1.8;4,10; 30,1;2,g;g,20,0,120,20,470,NA,415,0.1,3,4,0,20,10,20,trial_start,NA
2026_02_23_acp13,acp,acp13,2/23/2026,10,2026_02_23_acp_r10,electric_tailshock_pwr02,0,NA,dual,12,nac_shelllat,opto_pulse,opto_trial,34,415; 470,1.8;4,10; 30,1;2,g;g,20,0,120,20,470,NA,415,0.1,3,4,0,20,10,20,trial_start,NA
2026_02_23_acp13,acp,acp13,2/23/2026,10,2026_02_23_acp_r10,electric_tailshock_pwr02,0,NA,dual,11,nac_corr,opto_pulse,opto_trial,34,415; 470,1.8;4,10; 30,1;2,g;g,20,0,120,20,470,NA,415,0.1,3,4,0,20,10,20,trial_start,NA
2026_02_23_acp13,acp,acp13,2/23/2026,10,2026_02_23_acp_r10,electric_tailshock_pwr02,0,NA,dual,4,nac,opto_pulse,opto_trial,34,415; 470,1.8;4,10; 30,1;2,g;g,20,0,120,20,470,NA,415,0.1,3,4,0,20,10,20,trial_start,NA
2026_02_23_acp13,acp,acp13,2/23/2026,10,2026_02_23_acp_r10,electric_tailshock_pwr02,0,NA,dual,6,dms,opto_pulse,opto_trial,34,415; 470,1.8;4,10; 30,1;2,g;g,20,0,120,20,470,NA,415,0.1,3,4,0,20,10,20,trial_start,NA
2026_02_23_acp13,acp,acp13,2/23/2026,10,2026_02_23_acp_r10,electric_tailshock_pwr02,0,NA,dual,10,dls,opto_pulse,opto_trial,34,415; 470,1.8;4,10; 30,1;2,g;g,20,0,120,20,470,NA,415,0.1,3,4,0,20,10,20,trial_start,NA
2026_02_23_acp13,acp,acp13,2/23/2026,10,2026_02_23_acp_r10,electric_tailshock_pwr02,0,NA,dual,5,ts,opto_pulse,opto_trial,34,415; 470,1.8;4,10; 30,1;2,g;g,20,0,120,20,470,NA,415,0.1,3,4,0,20,10,20,trial_start,NA
2026_02_23_acp14,acp,acp14,2/23/2026,11,2026_02_23_acp_r11,electric_tailshock_pwr02,0,NA,dual,5,nac_shelllat,opto_pulse,opto_trial,34,415; 470,1.8;4,10; 30,1;2,g;g,20,0,120,20,470,NA,415,0.1,3,4,0,20,10,20,trial_start,NA
2026_02_23_acp14,acp,acp14,2/23/2026,11,2026_02_23_acp_r11,electric_tailshock_pwr02,0,NA,dual,4,nac_corr,opto_pulse,opto_trial,34,415; 470,1.8;4,10; 30,1;2,g;g,20,0,120,20,470,NA,415,0.1,3,4,0,20,10,20,trial_start,NA
2026_02_23_acp14,acp,acp14,2/23/2026,11,2026_02_23_acp_r11,electric_tailshock_pwr02,0,NA,dual,6,nac,opto_pulse,opto_trial,34,415; 470,1.8;4,10; 30,1;2,g;g,20,0,120,20,470,NA,415,0.1,3,4,0,20,10,20,trial_start,NA
2026_02_23_acp14,acp,acp14,2/23/2026,11,2026_02_23_acp_r11,electric_tailshock_pwr02,0,NA,dual,12,dms,opto_pulse,opto_trial,34,415; 470,1.8;4,10; 30,1;2,g;g,20,0,120,20,470,NA,415,0.1,3,4,0,20,10,20,trial_start,NA
2026_02_23_acp14,acp,acp14,2/23/2026,11,2026_02_23_acp_r11,electric_tailshock_pwr02,0,NA,dual,11,dls,opto_pulse,opto_trial,34,415; 470,1.8;4,10; 30,1;2,g;g,20,0,120,20,470,NA,415,0.1,3,4,0,20,10,20,trial_start,NA
2026_02_23_acp14,acp,acp14,2/23/2026,11,2026_02_23_acp_r11,electric_tailshock_pwr02,0,NA,dual,10,ts,opto_pulse,opto_trial,34,415; 470,1.8;4,10; 30,1;2,g;g,20,0,120,20,470,NA,415,0.1,3,4,0,20,10,20,trial_start,NA
2026_02_23_acp15,acp,acp15,2/23/2026,12,2026_02_23_acp_r12,electric_tailshock_pwr02,0,NA,dual,11,nac_shelllat,opto_pulse,opto_trial,34,415; 470,1.8;4,10; 30,1;2,g;g,20,0,120,20,470,NA,415,0.1,3,4,0,20,10,20,trial_start,NA
2026_02_23_acp15,acp,acp15,2/23/2026,12,2026_02_23_acp_r12,electric_tailshock_pwr02,0,NA,dual,6,nac_corr,opto_pulse,opto_trial,34,415; 470,1.8;4,10; 30,1;2,g;g,20,0,120,20,470,NA,415,0.1,3,4,0,20,10,20,trial_start,NA
2026_02_23_acp15,acp,acp15,2/23/2026,12,2026_02_23_acp_r12,electric_tailshock_pwr02,0,NA,dual,10,nac,opto_pulse,opto_trial,34,415; 470,1.8;4,10; 30,1;2,g;g,20,0,120,20,470,NA,415,0.1,3,4,0,20,10,20,trial_start,NA
2026_02_23_acp15,acp,acp15,2/23/2026,12,2026_02_23_acp_r12,electric_tailshock_pwr02,0,NA,dual,4,dms,opto_pulse,opto_trial,34,415; 470,1.8;4,10; 30,1;2,g;g,20,0,120,20,470,NA,415,0.1,3,4,0,20,10,20,trial_start,NA
2026_02_23_acp15,acp,acp15,2/23/2026,12,2026_02_23_acp_r12,electric_tailshock_pwr02,0,NA,dual,5,dls,opto_pulse,opto_trial,34,415; 470,1.8;4,10; 30,1;2,g;g,20,0,120,20,470,NA,415,0.1,3,4,0,20,10,20,trial_start,NA
2026_02_23_acp15,acp,acp15,2/23/2026,12,2026_02_23_acp_r12,electric_tailshock_pwr02,0,NA,dual,12,ts,opto_pulse,opto_trial,34,415; 470,1.8;4,10; 30,1;2,g;g,20,0,120,20,470,NA,415,0.1,3,4,0,20,10,20,trial_start,NA
2026_02_24_acp01,acp,acp01,2/24/2026,1,2026_02_24_acp_r01,electric_tailshock_pwr02,0,NA,dual,4,nac_shelllat,opto_pulse,opto_trial,34,415; 470,1.8;4,10; 30,1;2,g;g,20,0,120,20,470,NA,415,0.1,3,4,0,20,10,20,trial_start,NA
2026_02_24_acp01,acp,acp01,2/24/2026,1,2026_02_24_acp_r01,electric_tailshock_pwr02,0,NA,dual,12,nac_corr,opto_pulse,opto_trial,34,415; 470,1.8;4,10; 30,1;2,g;g,20,0,120,20,470,NA,415,0.1,3,4,0,20,10,20,trial_start,NA
2026_02_24_acp01,acp,acp01,2/24/2026,1,2026_02_24_acp_r01,electric_tailshock_pwr02,0,NA,dual,5,nac,opto_pulse,opto_trial,34,415; 470,1.8;4,10; 30,1;2,g;g,20,0,120,20,470,NA,415,0.1,3,4,0,20,10,20,trial_start,NA
2026_02_24_acp01,acp,acp01,2/24/2026,1,2026_02_24_acp_r01,electric_tailshock_pwr02,0,NA,dual,10,dms,opto_pulse,opto_trial,34,415; 470,1.8;4,10; 30,1;2,g;g,20,0,120,20,470,NA,415,0.1,3,4,0,20,10,20,trial_start,NA
2026_02_24_acp01,acp,acp01,2/24/2026,1,2026_02_24_acp_r01,electric_tailshock_pwr02,0,NA,dual,6,dls,opto_pulse,opto_trial,34,415; 470,1.8;4,10; 30,1;2,g;g,20,0,120,20,470,NA,415,0.1,3,4,0,20,10,20,trial_start,NA
2026_02_24_acp01,acp,acp01,2/24/2026,1,2026_02_24_acp_r01,electric_tailshock_pwr02,0,NA,dual,11,ts,opto_pulse,opto_trial,34,415; 470,1.8;4,10; 30,1;2,g;g,20,0,120,20,470,NA,415,0.1,3,4,0,20,10,20,trial_start,NA
2026_02_24_acp02,acp,acp02,2/24/2026,2,2026_02_24_acp_r02,electric_tailshock_pwr02,0,NA,dual,6,nac_shelllat,opto_pulse,opto_trial,34,415; 470,1.8;4,10; 30,1;2,g;g,20,0,120,20,470,NA,415,0.1,3,4,0,20,10,20,trial_start,NA
2026_02_24_acp02,acp,acp02,2/24/2026,2,2026_02_24_acp_r02,electric_tailshock_pwr02,0,NA,dual,10,nac_corr,opto_pulse,opto_trial,34,415; 470,1.8;4,10; 30,1;2,g;g,20,0,120,20,470,NA,415,0.1,3,4,0,20,10,20,trial_start,NA
2026_02_24_acp02,acp,acp02,2/24/2026,2,2026_02_24_acp_r02,electric_tailshock_pwr02,0,NA,dual,11,nac,opto_pulse,opto_trial,34,415; 470,1.8;4,10; 30,1;2,g;g,20,0,120,20,470,NA,415,0.1,3,4,0,20,10,20,trial_start,NA
2026_02_24_acp02,acp,acp02,2/24/2026,2,2026_02_24_acp_r02,electric_tailshock_pwr02,0,NA,dual,12,dms,opto_pulse,opto_trial,34,415; 470,1.8;4,10; 30,1;2,g;g,20,0,120,20,470,NA,415,0.1,3,4,0,20,10,20,trial_start,NA
2026_02_24_acp02,acp,acp02,2/24/2026,2,2026_02_24_acp_r02,electric_tailshock_pwr02,0,NA,dual,5,dls,opto_pulse,opto_trial,34,415; 470,1.8;4,10; 30,1;2,g;g,20,0,120,20,470,NA,415,0.1,3,4,0,20,10,20,trial_start,NA
2026_02_24_acp02,acp,acp02,2/24/2026,2,2026_02_24_acp_r02,electric_tailshock_pwr02,0,NA,dual,4,ts,opto_pulse,opto_trial,34,415; 470,1.8;4,10; 30,1;2,g;g,20,0,120,20,470,NA,415,0.1,3,4,0,20,10,20,trial_start,NA
2026_02_24_acp04,acp,acp04,2/24/2026,3,2026_02_24_acp_r03,electric_tailshock_pwr02,0,NA,dual,12,nac_shelllat,opto_pulse,opto_trial,34,415; 470,1.8;4,10; 30,1;2,g;g,20,0,120,20,470,NA,415,0.1,3,4,0,20,10,20,trial_start,NA
2026_02_24_acp04,acp,acp04,2/24/2026,3,2026_02_24_acp_r03,electric_tailshock_pwr02,0,NA,dual,5,nac_corr,opto_pulse,opto_trial,34,415; 470,1.8;4,10; 30,1;2,g;g,20,0,120,20,470,NA,415,0.1,3,4,0,20,10,20,trial_start,NA
2026_02_24_acp04,acp,acp04,2/24/2026,3,2026_02_24_acp_r03,electric_tailshock_pwr02,0,NA,dual,11,nac,opto_pulse,opto_trial,34,415; 470,1.8;4,10; 30,1;2,g;g,20,0,120,20,470,NA,415,0.1,3,4,0,20,10,20,trial_start,NA
2026_02_24_acp04,acp,acp04,2/24/2026,3,2026_02_24_acp_r03,electric_tailshock_pwr02,0,NA,dual,4,dms,opto_pulse,opto_trial,34,415; 470,1.8;4,10; 30,1;2,g;g,20,0,120,20,470,NA,415,0.1,3,4,0,20,10,20,trial_start,NA
2026_02_24_acp04,acp,acp04,2/24/2026,3,2026_02_24_acp_r03,electric_tailshock_pwr02,0,NA,dual,10,dls,opto_pulse,opto_trial,34,415; 470,1.8;4,10; 30,1;2,g;g,20,0,120,20,470,NA,415,0.1,3,4,0,20,10,20,trial_start,NA
2026_02_24_acp04,acp,acp04,2/24/2026,3,2026_02_24_acp_r03,electric_tailshock_pwr02,0,NA,dual,6,ts,opto_pulse,opto_trial,34,415; 470,1.8;4,10; 30,1;2,g;g,20,0,120,20,470,NA,415,0.1,3,4,0,20,10,20,trial_start,NA
2026_02_24_acp05,acp,acp05,2/24/2026,4,2026_02_24_acp_r04,electric_tailshock_pwr02,0,NA,dual,10,nac_shelllat,opto_pulse,opto_trial,34,415; 470,1.8;4,10; 30,1;2,g;g,20,0,120,20,470,NA,415,0.1,3,4,0,20,10,20,trial_start,NA
2026_02_24_acp05,acp,acp05,2/24/2026,4,2026_02_24_acp_r04,electric_tailshock_pwr02,0,NA,dual,11,nac_corr,opto_pulse,opto_trial,34,415; 470,1.8;4,10; 30,1;2,g;g,20,0,120,20,470,NA,415,0.1,3,4,0,20,10,20,trial_start,NA
2026_02_24_acp05,acp,acp05,2/24/2026,4,2026_02_24_acp_r04,electric_tailshock_pwr02,0,NA,dual,4,nac,opto_pulse,opto_trial,34,415; 470,1.8;4,10; 30,1;2,g;g,20,0,120,20,470,NA,415,0.1,3,4,0,20,10,20,trial_start,NA
2026_02_24_acp05,acp,acp05,2/24/2026,4,2026_02_24_acp_r04,electric_tailshock_pwr02,0,NA,dual,5,dms,opto_pulse,opto_trial,34,415; 470,1.8;4,10; 30,1;2,g;g,20,0,120,20,470,NA,415,0.1,3,4,0,20,10,20,trial_start,NA
2026_02_24_acp05,acp,acp05,2/24/2026,4,2026_02_24_acp_r04,electric_tailshock_pwr02,0,NA,dual,12,dls,opto_pulse,opto_trial,34,415; 470,1.8;4,10; 30,1;2,g;g,20,0,120,20,470,NA,415,0.1,3,4,0,20,10,20,trial_start,NA
2026_02_24_acp05,acp,acp05,2/24/2026,4,2026_02_24_acp_r04,electric_tailshock_pwr02,0,NA,dual,6,ts,opto_pulse,opto_trial,34,415; 470,1.8;4,10; 30,1;2,g;g,20,0,120,20,470,NA,415,0.1,3,4,0,20,10,20,trial_start,NA
2026_02_24_acp06,acp,acp06,2/24/2026,5,2026_02_24_acp_r05,electric_tailshock_pwr02,0,NA,dual,5,nac_shelllat,opto_pulse,opto_trial,34,415; 470,1.8;4,10; 30,1;2,g;g,20,0,120,20,470,NA,415,0.1,3,4,0,20,10,20,trial_start,NA
2026_02_24_acp06,acp,acp06,2/24/2026,5,2026_02_24_acp_r05,electric_tailshock_pwr02,0,NA,dual,6,nac_corr,opto_pulse,opto_trial,34,415; 470,1.8;4,10; 30,1;2,g;g,20,0,120,20,470,NA,415,0.1,3,4,0,20,10,20,trial_start,NA
2026_02_24_acp06,acp,acp06,2/24/2026,5,2026_02_24_acp_r05,electric_tailshock_pwr02,0,NA,dual,12,nac,opto_pulse,opto_trial,34,415; 470,1.8;4,10; 30,1;2,g;g,20,0,120,20,470,NA,415,0.1,3,4,0,20,10,20,trial_start,NA
2026_02_24_acp06,acp,acp06,2/24/2026,5,2026_02_24_acp_r05,electric_tailshock_pwr02,0,NA,dual,10,dms,opto_pulse,opto_trial,34,415; 470,1.8;4,10; 30,1;2,g;g,20,0,120,20,470,NA,415,0.1,3,4,0,20,10,20,trial_start,NA
2026_02_24_acp06,acp,acp06,2/24/2026,5,2026_02_24_acp_r05,electric_tailshock_pwr02,0,NA,dual,11,dls,opto_pulse,opto_trial,34,415; 470,1.8;4,10; 30,1;2,g;g,20,0,120,20,470,NA,415,0.1,3,4,0,20,10,20,trial_start,NA
2026_02_24_acp06,acp,acp06,2/24/2026,5,2026_02_24_acp_r05,electric_tailshock_pwr02,0,NA,dual,4,ts,opto_pulse,opto_trial,34,415; 470,1.8;4,10; 30,1;2,g;g,20,0,120,20,470,NA,415,0.1,3,4,0,20,10,20,trial_start,NA
2026_02_24_acp08,acp,acp08,2/24/2026,7,2026_02_24_acp_r07,electric_tailshock_pwr02,0,NA,dual,11,nac_shelllat,opto_pulse,opto_trial,34,415; 470,1.8;4,10; 30,1;2,g;g,20,0,120,20,470,NA,415,0.1,3,4,0,20,10,20,trial_start,NA
2026_02_24_acp08,acp,acp08,2/24/2026,7,2026_02_24_acp_r07,electric_tailshock_pwr02,0,NA,dual,4,nac_corr,opto_pulse,opto_trial,34,415; 470,1.8;4,10; 30,1;2,g;g,20,0,120,20,470,NA,415,0.1,3,4,0,20,10,20,trial_start,NA
2026_02_24_acp08,acp,acp08,2/24/2026,7,2026_02_24_acp_r07,electric_tailshock_pwr02,0,NA,dual,10,nac,opto_pulse,opto_trial,34,415; 470,1.8;4,10; 30,1;2,g;g,20,0,120,20,470,NA,415,0.1,3,4,0,20,10,20,trial_start,NA
2026_02_24_acp08,acp,acp08,2/24/2026,7,2026_02_24_acp_r07,electric_tailshock_pwr02,0,NA,dual,6,dms,opto_pulse,opto_trial,34,415; 470,1.8;4,10; 30,1;2,g;g,20,0,120,20,470,NA,415,0.1,3,4,0,20,10,20,trial_start,NA
2026_02_24_acp08,acp,acp08,2/24/2026,7,2026_02_24_acp_r07,electric_tailshock_pwr02,0,NA,dual,12,dls,opto_pulse,opto_trial,34,415; 470,1.8;4,10; 30,1;2,g;g,20,0,120,20,470,NA,415,0.1,3,4,0,20,10,20,trial_start,NA
2026_02_24_acp08,acp,acp08,2/24/2026,7,2026_02_24_acp_r07,electric_tailshock_pwr02,0,NA,dual,5,ts,opto_pulse,opto_trial,34,415; 470,1.8;4,10; 30,1;2,g;g,20,0,120,20,470,NA,415,0.1,3,4,0,20,10,20,trial_start,NA
2026_02_24_acp11,acp,acp11,2/24/2026,9,2026_02_24_acp_r09,electric_tailshock_pwr02,0,NA,dual,4,nac_shelllat,opto_pulse,opto_trial,34,415; 470,1.8;4,10; 30,1;2,g;g,20,0,120,20,470,NA,415,0.1,3,4,0,20,10,20,trial_start,NA
2026_02_24_acp11,acp,acp11,2/24/2026,9,2026_02_24_acp_r09,electric_tailshock_pwr02,0,NA,dual,6,nac_corr,opto_pulse,opto_trial,34,415; 470,1.8;4,10; 30,1;2,g;g,20,0,120,20,470,NA,415,0.1,3,4,0,20,10,20,trial_start,NA
2026_02_24_acp11,acp,acp11,2/24/2026,9,2026_02_24_acp_r09,electric_tailshock_pwr02,0,NA,dual,5,nac,opto_pulse,opto_trial,34,415; 470,1.8;4,10; 30,1;2,g;g,20,0,120,20,470,NA,415,0.1,3,4,0,20,10,20,trial_start,NA
2026_02_24_acp11,acp,acp11,2/24/2026,9,2026_02_24_acp_r09,electric_tailshock_pwr02,0,NA,dual,11,dms,opto_pulse,opto_trial,34,415; 470,1.8;4,10; 30,1;2,g;g,20,0,120,20,470,NA,415,0.1,3,4,0,20,10,20,trial_start,NA
2026_02_24_acp11,acp,acp11,2/24/2026,9,2026_02_24_acp_r09,electric_tailshock_pwr02,0,NA,dual,10,dls,opto_pulse,opto_trial,34,415; 470,1.8;4,10; 30,1;2,g;g,20,0,120,20,470,NA,415,0.1,3,4,0,20,10,20,trial_start,NA
2026_02_24_acp11,acp,acp11,2/24/2026,9,2026_02_24_acp_r09,electric_tailshock_pwr02,0,NA,dual,12,ts,opto_pulse,opto_trial,34,415; 470,1.8;4,10; 30,1;2,g;g,20,0,120,20,470,NA,415,0.1,3,4,0,20,10,20,trial_start,NA
2026_02_24_acp13,acp,acp13,2/24/2026,10,2026_02_24_acp_r10,electric_tailshock_pwr02,0,NA,dual,12,nac_shelllat,opto_pulse,opto_trial,34,415; 470,1.8;4,10; 30,1;2,g;g,20,0,120,20,470,NA,415,0.1,3,4,0,20,10,20,trial_start,NA
2026_02_24_acp13,acp,acp13,2/24/2026,10,2026_02_24_acp_r10,electric_tailshock_pwr02,0,NA,dual,10,nac_corr,opto_pulse,opto_trial,34,415; 470,1.8;4,10; 30,1;2,g;g,20,0,120,20,470,NA,415,0.1,3,4,0,20,10,20,trial_start,NA
2026_02_24_acp13,acp,acp13,2/24/2026,10,2026_02_24_acp_r10,electric_tailshock_pwr02,0,NA,dual,6,nac,opto_pulse,opto_trial,34,415; 470,1.8;4,10; 30,1;2,g;g,20,0,120,20,470,NA,415,0.1,3,4,0,20,10,20,trial_start,NA
2026_02_24_acp13,acp,acp13,2/24/2026,10,2026_02_24_acp_r10,electric_tailshock_pwr02,0,NA,dual,5,dms,opto_pulse,opto_trial,34,415; 470,1.8;4,10; 30,1;2,g;g,20,0,120,20,470,NA,415,0.1,3,4,0,20,10,20,trial_start,NA
2026_02_24_acp13,acp,acp13,2/24/2026,10,2026_02_24_acp_r10,electric_tailshock_pwr02,0,NA,dual,11,dls,opto_pulse,opto_trial,34,415; 470,1.8;4,10; 30,1;2,g;g,20,0,120,20,470,NA,415,0.1,3,4,0,20,10,20,trial_start,NA
2026_02_24_acp13,acp,acp13,2/24/2026,10,2026_02_24_acp_r10,electric_tailshock_pwr02,0,NA,dual,4,ts,opto_pulse,opto_trial,34,415; 470,1.8;4,10; 30,1;2,g;g,20,0,120,20,470,NA,415,0.1,3,4,0,20,10,20,trial_start,NA
2026_02_24_acp14,acp,acp14,2/24/2026,11,2026_02_24_acp_r11,electric_tailshock_pwr02,0,NA,dual,6,nac_shelllat,opto_pulse,opto_trial,34,415; 470,1.8;4,10; 30,1;2,g;g,20,0,120,20,470,NA,415,0.1,3,4,0,20,10,20,trial_start,NA
2026_02_24_acp14,acp,acp14,2/24/2026,11,2026_02_24_acp_r11,electric_tailshock_pwr02,0,NA,dual,12,nac_corr,opto_pulse,opto_trial,34,415; 470,1.8;4,10; 30,1;2,g;g,20,0,120,20,470,NA,415,0.1,3,4,0,20,10,20,trial_start,NA
2026_02_24_acp14,acp,acp14,2/24/2026,11,2026_02_24_acp_r11,electric_tailshock_pwr02,0,NA,dual,4,nac,opto_pulse,opto_trial,34,415; 470,1.8;4,10; 30,1;2,g;g,20,0,120,20,470,NA,415,0.1,3,4,0,20,10,20,trial_start,NA
2026_02_24_acp14,acp,acp14,2/24/2026,11,2026_02_24_acp_r11,electric_tailshock_pwr02,0,NA,dual,11,dms,opto_pulse,opto_trial,34,415; 470,1.8;4,10; 30,1;2,g;g,20,0,120,20,470,NA,415,0.1,3,4,0,20,10,20,trial_start,NA
2026_02_24_acp14,acp,acp14,2/24/2026,11,2026_02_24_acp_r11,electric_tailshock_pwr02,0,NA,dual,5,dls,opto_pulse,opto_trial,34,415; 470,1.8;4,10; 30,1;2,g;g,20,0,120,20,470,NA,415,0.1,3,4,0,20,10,20,trial_start,NA
2026_02_24_acp14,acp,acp14,2/24/2026,11,2026_02_24_acp_r11,electric_tailshock_pwr02,0,NA,dual,10,ts,opto_pulse,opto_trial,34,415; 470,1.8;4,10; 30,1;2,g;g,20,0,120,20,470,NA,415,0.1,3,4,0,20,10,20,trial_start,NA
2026_02_24_acp15,acp,acp15,2/24/2026,12,2026_02_24_acp_r12,electric_tailshock_pwr02,0,NA,dual,10,nac_shelllat,opto_pulse,opto_trial,34,415; 470,1.8;4,10; 30,1;2,g;g,20,0,120,20,470,NA,415,0.1,3,4,0,20,10,20,trial_start,NA
2026_02_24_acp15,acp,acp15,2/24/2026,12,2026_02_24_acp_r12,electric_tailshock_pwr02,0,NA,dual,6,nac_corr,opto_pulse,opto_trial,34,415; 470,1.8;4,10; 30,1;2,g;g,20,0,120,20,470,NA,415,0.1,3,4,0,20,10,20,trial_start,NA
2026_02_24_acp15,acp,acp15,2/24/2026,12,2026_02_24_acp_r12,electric_tailshock_pwr02,0,NA,dual,5,nac,opto_pulse,opto_trial,34,415; 470,1.8;4,10; 30,1;2,g;g,20,0,120,20,470,NA,415,0.1,3,4,0,20,10,20,trial_start,NA
2026_02_24_acp15,acp,acp15,2/24/2026,12,2026_02_24_acp_r12,electric_tailshock_pwr02,0,NA,dual,12,dms,opto_pulse,opto_trial,34,415; 470,1.8;4,10; 30,1;2,g;g,20,0,120,20,470,NA,415,0.1,3,4,0,20,10,20,trial_start,NA
2026_02_24_acp15,acp,acp15,2/24/2026,12,2026_02_24_acp_r12,electric_tailshock_pwr02,0,NA,dual,4,dls,opto_pulse,opto_trial,34,415; 470,1.8;4,10; 30,1;2,g;g,20,0,120,20,470,NA,415,0.1,3,4,0,20,10,20,trial_start,NA
2026_02_24_acp15,acp,acp15,2/24/2026,12,2026_02_24_acp_r12,electric_tailshock_pwr02,0,NA,dual,11,ts,opto_pulse,opto_trial,34,415; 470,1.8;4,10; 30,1;2,g;g,20,0,120,20,470,NA,415,0.1,3,4,0,20,10,20,trial_start,NA
